gun,sehir,seq,temettu,leg1,leg2,leg3,leg4,leg5,leg6
01/01/2021,IZMIR,1,29.54,182153,182164,182165,182161,182154,182166
01/01/2021,KOCAELI,1,198.1,182159,182155,182162,182160,182156,182168
02/01/2021,ADANA,2,12669.99,182194,182172,182200,182193,182173,182198
02/01/2021,ISTANBUL,1,323.59,182195,182182,182192,182197,182196,182189
03/01/2021,ADANA,1,444.55,182181,182179,182191,182185,182187,182183
03/01/2021,IZMIR,1,33.93,182178,182184,182176,182174,182180,182175
04/01/2021,BURSA,1,118.21,182207,182213,182208,182210,182212,182211
04/01/2021,SANLIURFA,1,14228.23,182204,182216,182217,182214,182205,182218
05/01/2021,ADANA,1,2834.31,182229,182222,182228,182230,182219,182225
05/01/2021,KOCAELI,1,265.51,182226,182227,182231,182224,182221,182220
06/01/2021,BURSA,1,49358.92,182245,182247,182233,182244,182239,182248
06/01/2021,ISTANBUL,1,261.65,182234,182240,182238,182237,182246,182243
07/01/2021,IZMIR,1,233.41,182255,182250,182256,182260,182254,182249
07/01/2021,SANLIURFA,1,540.68,182263,182262,182259,182251,182253,182261
08/01/2021,IZMIR,1,356.7,182269,182271,182266,182270,182267,182268
08/01/2021,KOCAELI,1,3253.37,182274,182273,182264,182275,182272,182277
09/01/2021,ADANA,2,9830.26,182305,182304,182306,182301,182284,182307
09/01/2021,ISTANBUL,1,3032.56,182295,182280,182300,182298,182281,182293
10/01/2021,ADANA,1,51.28,182312,182287,182309,182310,182308,182288
10/01/2021,IZMIR,2,264.26,182296,182299,182289,182286,182282,182294
11/01/2021,BURSA,1,1050.64,182324,182321,182314,182323,182322,182320
11/01/2021,SANLIURFA,1,406586.28,182330,182316,182329,182327,182318,182326
12/01/2021,ADANA,1,99401.26,182331,182338,182335,182339,182332,182340
12/01/2021,KOCAELI,1,1255.54,182342,182344,182343,182333,182337,182341
13/01/2021,BURSA,1,497.93,182354,182347,182350,182355,182348,182359
13/01/2021,ISTANBUL,1,384.08,182356,182358,182345,182353,182352,182360
14/01/2021,IZMIR,1,3108.74,182370,182361,182369,182367,182366,182368
14/01/2021,SANLIURFA,1,74155.66,182371,182365,182374,182375,182364,182372
15/01/2021,IZMIR,1,132.55,182386,182377,182389,182388,182378,182381
15/01/2021,KOCAELI,1,493.52,182380,182384,182383,182385,182382,182387
16/01/2021,ADANA,1,4416.92,182415,182417,182413,182411,182390,182416
16/01/2021,ISTANBUL,1,27215.78,182412,182406,182410,182403,182400,182414
17/01/2021,ADANA,1,2624.58,182407,182393,182408,182402,182392,182404
17/01/2021,IZMIR,1,3423.01,182395,182399,182405,182398,182397,182394
18/01/2021,SANLIURFA,1,3933.02,182422,182426,182420,182430,182427,182425
19/01/2021,ADANA,1,513.07,182439,182441,182437,182443,182440,182438
20/01/2021,ISTANBUL,1,187.43,182455,182451,182457,182454,182452,182460
21/01/2021,IZMIR,1,778.87,182472,182470,182469,182471,182467,182468
21/01/2021,SANLIURFA,1,572160.55,182474,182466,182475,182473,182464,182476
22/01/2021,IZMIR,1,850.03,182479,182492,182491,182487,182478,182490
22/01/2021,KOCAELI,1,71.14,182486,182481,182485,182482,182483,182480
23/01/2021,ADANA,1,3479.87,182524,182501,182523,182516,182502,182521
23/01/2021,ISTANBUL,1,122.83,182511,182496,182525,182507,182495,182510
24/01/2021,ADANA,1,126.58,182522,182497,182515,182520,182514,182519
24/01/2021,IZMIR,2,9176.17,182509,182517,182512,182513,182506,182493
25/01/2021,BURSA,1,489.9,182530,182526,182528,182529,182527,182532
25/01/2021,SANLIURFA,1,6385.66,182538,182537,182531,182536,182534,182533
26/01/2021,ADANA,1,13812.84,182544,182540,182547,182545,182539,182546
26/01/2021,KOCAELI,1,4466.5,182550,182549,182541,182542,182543,182551
27/01/2021,BURSA,1,39008.63,182560,182561,182562,182564,182559,182552
27/01/2021,ISTANBUL,2,2534.79,182565,182555,182566,182558,182554,182563
28/01/2021,IZMIR,1,2577.29,182571,182575,182574,182573,182572,182576
28/01/2021,SANLIURFA,1,58923.75,182570,182581,182578,182580,182568,182579
29/01/2021,IZMIR,1,275.87,182589,182586,182583,182590,182584,182582
29/01/2021,KOCAELI,1,154.69,182587,182594,182588,182585,182591,182595
30/01/2021,ADANA,2,553.63,182610,182596,182605,182608,182613,182611
30/01/2021,ISTANBUL,1,4442.84,182603,182619,182618,182604,182616,182607
31/01/2021,ADANA,1,3368.37,182627,182601,182626,182622,182600,182625
31/01/2021,IZMIR,2,5285.71,182624,182620,182623,182602,182598,182614
01/02/2021,BURSA,1,453.44,182661,182663,182649,182654,182650,182659
01/02/2021,SANLIURFA,1,136417.83,182653,182662,182651,182656,182657,182658
02/02/2021,ADANA,1,16375.15,182679,182668,182677,182675,182667,182683
02/02/2021,KOCAELI,1,3670.56,182671,182666,182673,182670,182669,182665
03/02/2021,BURSA,1,269.94,182689,182691,182688,182690,182685,182693
03/02/2021,ISTANBUL,1,853.21,182686,182699,182698,182694,182687,182696
04/02/2021,IZMIR,1,481.08,182707,182706,182710,182708,182711,182709
04/02/2021,SANLIURFA,1,108966.13,182705,182716,182715,182714,182704,182717
05/02/2021,IZMIR,1,7495.35,182720,182719,182718,182723,182729,182726
05/02/2021,KOCAELI,1,16055.04,182725,182727,182722,182721,182728,182724
06/02/2021,ADANA,2,10348.89,182733,182756,182750,182752,182732,182751
06/02/2021,ISTANBUL,1,1529.68,182742,182730,182743,182746,182731,182739
07/02/2021,ADANA,1,750.65,182759,182761,182757,182760,182755,182758
07/02/2021,IZMIR,1,323.19,182740,182744,182737,182735,182736,182748
08/02/2021,BURSA,1,2402.51,182774,182773,182772,182770,182771,182775
08/02/2021,SANLIURFA,1,14862.01,182764,182767,182763,182766,182765,182768
09/02/2021,ADANA,1,989.62,182786,182776,182783,182781,182777,182782
10/02/2021,BURSA,1,610.54,182803,182800,182794,182804,182797,182790
10/02/2021,ISTANBUL,2,2177.84,182799,182793,182795,182796,182791,182802
11/02/2021,IZMIR,1,109.13,182811,182809,182812,182810,182807,182808
11/02/2021,SANLIURFA,1,5470.87,182815,182813,182817,182816,182806,182814
12/02/2021,IZMIR,1,3485.41,182825,182828,182826,182830,182822,182823
12/02/2021,KOCAELI,1,84.26,182820,182831,182832,182824,182829,182821
13/02/2021,ADANA,1,40525.68,182850,182846,182854,182857,182847,182859
13/02/2021,ISTANBUL,1,162.73,182866,182868,182870,182863,182865,182869
14/02/2021,ADANA,1,38632.16,182844,182852,182860,182853,182845,182858
14/02/2021,IZMIR,2,1279.56,182867,182861,182851,182855,182864,182841
15/02/2021,BURSA,1,1784.38,182891,182886,182888,182885,182882,182893
15/02/2021,SANLIURFA,1,8725.53,182880,182890,182881,182889,182884,182887
16/02/2021,ADANA,1,95.25,182902,182904,182895,182899,182900,182906
17/02/2021,BURSA,1,648.37,182922,182909,182921,182917,182919,182908
17/02/2021,ISTANBUL,1,87.8,182915,182913,182911,182916,182910,182912
18/02/2021,IZMIR,1,931.87,182928,182929,182933,182932,182926,182930
18/02/2021,SANLIURFA,1,2689.64,182925,182936,182935,182937,182924,182934
19/02/2021,IZMIR,1,41.54,182944,182945,182943,182942,182941,182940
19/02/2021,KOCAELI,1,150.77,182950,182947,182949,182946,182948,182951
20/02/2021,ADANA,2,112.57,182995,182991,182994,182993,182966,182992
20/02/2021,ISTANBUL,1,2065.11,182985,182969,182980,182976,182984,182968
21/02/2021,ADANA,1,775.83,182982,182988,182978,182986,182977,182981
21/02/2021,IZMIR,1,2027.46,182979,182972,182971,182983,182974,182973
22/02/2021,BURSA,1,1501.73,182996,183004,182997,183005,183003,183002
22/02/2021,SANLIURFA,1,31228.2,183000,183008,183007,183010,182998,183006
23/02/2021,ADANA,1,381.0,183025,183014,183024,183017,183015,183020
23/02/2021,KOCAELI,1,21581.91,183012,183023,183016,183019,183013,183027
24/02/2021,BURSA,1,6928.54,183037,183032,183034,183035,183036,183040
24/02/2021,ISTANBUL,1,9453.06,183030,183033,183039,183042,183041,183028
25/02/2021,IZMIR,1,2933.14,183067,183061,183065,183066,183062,183069
25/02/2021,SANLIURFA,1,143.31,183072,183063,183073,183071,183064,183074
26/02/2021,IZMIR,1,388.99,183097,183095,183103,183096,183100,183105
26/02/2021,KOCAELI,1,95.8,183094,183101,183098,183102,183093,183104
27/02/2021,ADANA,1,11371.04,183155,183142,183153,183158,183157,183144
27/02/2021,ISTANBUL,2,605.85,183159,183152,183147,183156,183162,183145
28/02/2021,ADANA,1,8371.12,183167,183165,183164,183169,183163,183168
28/02/2021,IZMIR,2,955.74,183141,183171,183160,183154,183148,183170
01/03/2021,BURSA,1,65.49,183210,183209,183195,183208,183196,183206
01/03/2021,SANLIURFA,1,10962.03,183198,183203,183197,183204,183200,183202
02/03/2021,ADANA,1,29964.92,183219,183221,183211,183217,183222,183220
02/03/2021,KOCAELI,1,355.94,183216,183224,183223,183215,183213,183225
03/03/2021,BURSA,1,538.66,183239,183228,183236,183238,183237,183229
03/03/2021,ISTANBUL,1,748.63,183226,183233,183231,183232,183234,183240
04/03/2021,IZMIR,1,56.96,183280,183274,183271,183272,183276,183281
04/03/2021,SANLIURFA,1,65898.27,183268,183277,183278,183279,183269,183275
05/03/2021,IZMIR,1,214.57,183332,183333,183322,183321,183334,183329
05/03/2021,KOCAELI,1,126.24,183326,183337,183328,183324,183325,183336
06/03/2021,ADANA,2,1595.66,183391,183393,183399,183361,183398,183400
06/03/2021,ISTANBUL,1,778.07,183377,183376,183383,183375,183379,183382
07/03/2021,ADANA,2,91522.58,183395,183365,183397,183390,183392,183364
07/03/2021,IZMIR,1,1379.57,183387,183385,183362,183378,183381,183384
08/03/2021,BURSA,1,12001.3,183434,183435,183422,183427,183428,183436
08/03/2021,SANLIURFA,1,40428.23,183429,183425,183433,183431,183424,183430
09/03/2021,ADANA,1,688.18,183445,183449,183448,183444,183446,183443
09/03/2021,KOCAELI,1,7884.86,183440,183437,183441,183442,183450,183438
10/03/2021,BURSA,1,133.67,183451,183457,183462,183458,183452,183459
10/03/2021,ISTANBUL,1,209.01,183454,183461,183465,183455,183453,183464
11/03/2021,IZMIR,1,3379.36,183472,183469,183474,183473,183471,183475
11/03/2021,SANLIURFA,1,6758.06,183479,183478,183480,183476,183466,183477
12/03/2021,IZMIR,1,554.94,183496,183506,183493,183504,183503,183509
12/03/2021,KOCAELI,1,7312.73,183500,183489,183502,183497,183498,183488
13/03/2021,ADANA,2,202.72,183540,183570,183566,183564,183541,183567
13/03/2021,ISTANBUL,1,1318.39,183558,183537,183551,183554,183536,183563
14/03/2021,ADANA,1,214.43,183571,183569,183538,183557,183555,183559
14/03/2021,IZMIR,2,10001.12,183565,183545,183546,183550,183553,183544
15/03/2021,BURSA,1,768.16,183608,183610,183609,183606,183605,183611
15/03/2021,SANLIURFA,1,14149.36,183607,183599,183603,183602,183600,183604
16/03/2021,ADANA,2,72140.89,183618,183614,183620,183623,183622,183616
16/03/2021,KOCAELI,1,1276.66,183628,183627,183621,183624,183613,183626
17/03/2021,BURSA,1,370.7,183643,183642,183629,183640,183630,183641
17/03/2021,ISTANBUL,1,2230.79,183632,183639,183634,183638,183633,183637
18/03/2021,IZMIR,2,1287.41,183656,183649,183654,183653,183647,183658
18/03/2021,SANLIURFA,1,14124.86,183661,183650,183662,183663,183652,183660
19/03/2021,IZMIR,1,1342.32,183694,183683,183689,183687,183684,183695
19/03/2021,KOCAELI,1,903.58,183692,183693,183686,183688,183691,183690
20/03/2021,ADANA,1,1931.83,183761,183757,183760,183754,183759,183762
20/03/2021,ISTANBUL,1,2882.01,183740,183741,183744,183737,183738,183739
21/03/2021,ADANA,1,278.21,183752,183751,183747,183748,183729,183749
21/03/2021,IZMIR,2,1700.31,183732,183743,183753,183731,183736,183750
22/03/2021,BURSA,1,1296.48,183801,183800,183810,183802,183798,183809
22/03/2021,SANLIURFA,1,399.35,183805,183803,183807,183808,183797,183806
23/03/2021,ADANA,1,2013.17,183823,183824,183827,183825,183814,183822
23/03/2021,KOCAELI,1,31.79,183819,183811,183821,183820,183812,183817
24/03/2021,BURSA,1,483.5,183834,183828,183832,183839,183833,183837
24/03/2021,ISTANBUL,1,477.26,183831,183841,183840,183842,183830,183835
25/03/2021,IZMIR,1,84149.04,183863,183865,183866,183857,183855,183864
25/03/2021,SANLIURFA,1,115530.59,183852,183858,183856,183860,183853,183862
26/03/2021,IZMIR,1,20.54,183875,183882,183880,183877,183876,183874
26/03/2021,KOCAELI,1,1575.17,183881,183883,183884,183879,183878,183885
27/03/2021,ADANA,2,48835.92,183917,183942,183933,183934,183918,183936
27/03/2021,ISTANBUL,2,601.88,183928,183913,183926,183924,183912,183930
28/03/2021,ADANA,1,281.43,183909,183943,183941,183935,183939,183944
28/03/2021,IZMIR,2,36.44,183920,183931,183921,183929,183914,183922
29/03/2021,BURSA,1,1082.77,183998,183987,183994,183993,183999,183986
29/03/2021,SANLIURFA,1,43126.17,183995,183991,183997,183990,183988,183992
30/03/2021,ADANA,2,8182.32,184013,184009,184010,184001,184014,184011
30/03/2021,KOCAELI,1,6873.14,184002,184004,184006,184007,184005,184003
31/03/2021,BURSA,1,972802.42,184024,184026,184025,184022,184023,184027
31/03/2021,ISTANBUL,1,180178.2,184020,184016,184021,184017,184015,184028
01/04/2021,IZMIR,1,672.95,184040,184043,184045,184044,184039,184049
01/04/2021,SANLIURFA,1,125.26,184048,184038,184046,184050,184036,184051
02/04/2021,IZMIR,2,1126.05,184081,184071,184084,184072,184070,184079
02/04/2021,KOCAELI,1,2241.33,184076,184067,184077,184073,184080,184082
03/04/2021,ADANA,2,435391.77,184112,184115,184094,184113,184095,184111
03/04/2021,ISTANBUL,1,224.93,184101,184098,184099,184097,184100,184096
04/04/2021,ADANA,1,226.6,184105,184106,184103,184104,184108,184109
04/04/2021,IZMIR,2,79.41,184117,184120,184121,184116,184091,184119
05/04/2021,BURSA,2,394.19,184154,184145,184158,184157,184144,184159
05/04/2021,SANLIURFA,1,9038.79,184152,184146,184156,184153,184147,184155
06/04/2021,ADANA,2,29538.72,184163,184166,184170,184164,184172,184160
06/04/2021,KOCAELI,1,1236.11,184165,184169,184171,184173,184167,184174
07/04/2021,BURSA,1,28.27,184187,184176,184188,184185,184186,184189
07/04/2021,ISTANBUL,1,1052.45,184178,184180,184181,184179,184177,184183
08/04/2021,IZMIR,2,23637.09,184215,184219,184221,184210,184223,184220
08/04/2021,SANLIURFA,2,350009.6,184230,184208,184227,184231,184207,184229
09/04/2021,IZMIR,1,1048.99,184254,184261,184251,184256,184259,184262
09/04/2021,KOCAELI,1,271.87,184255,184250,184263,184253,184264,184249
10/04/2021,ADANA,2,80.44,184286,184317,184315,184321,184287,184323
10/04/2021,ISTANBUL,1,1701.31,184299,184283,184307,184300,184302,184284
11/04/2021,ADANA,2,1046.03,184324,184290,184322,184316,184291,184325
11/04/2021,IZMIR,2,1158.61,184289,184306,184309,184295,184312,184288
12/04/2021,BURSA,2,32398.91,184361,184359,184367,184356,184352,184368
12/04/2021,SANLIURFA,2,427092.43,184360,184354,184363,184365,184353,184362
13/04/2021,ADANA,2,1108.8,184371,184389,184388,184382,184372,184387
13/04/2021,ANKARA,1,947.04,184370,184381,184378,184375,184380,184369
14/04/2021,ELAZIG,1,134456.83,184390,184407,184408,184404,184406,184405
14/04/2021,ISTANBUL,2,3439.17,184400,184396,184399,184395,184393,184403
15/04/2021,ANKARA,1,315.87,184419,184421,184422,184423,184428,184426
15/04/2021,IZMIR,1,11612.27,184420,184416,184427,184418,184417,184430
16/04/2021,BURSA,2,19134.97,184458,184459,184465,184450,184468,184463
16/04/2021,ISTANBUL,2,2636.99,184456,184448,184455,184453,184451,184454
17/04/2021,ANKARA,1,91.36,184487,184478,184483,184480,184485,184479
17/04/2021,IZMIR,2,19907.93,184481,184502,184486,184476,184496,184497
18/04/2021,ADANA,1,98840.33,184489,184493,184492,184490,184491,184495
18/04/2021,ISTANBUL,2,2927.06,184475,184504,184498,184500,184473,184505
19/04/2021,BURSA,2,946.0,184515,184507,184514,184511,184510,184512
19/04/2021,SANLIURFA,1,35654.96,184516,184518,184522,184519,184517,184520
20/04/2021,ADANA,2,2772.86,184539,184526,184538,184535,184537,184527
20/04/2021,ANKARA,1,1857.11,184530,184529,184524,184528,184533,184532
21/04/2021,ELAZIG,1,92501.17,184544,184548,184547,184542,184545,184549
21/04/2021,ISTANBUL,2,20691.62,184550,184540,184554,184552,184551,184541
22/04/2021,ANKARA,1,636.17,184577,184576,184578,184575,184573,184572
22/04/2021,IZMIR,2,28708.84,184579,184582,184583,184580,184570,184581
23/04/2021,BURSA,2,628.46,184615,184617,184616,184613,184619,184603
23/04/2021,ISTANBUL,1,59.16,184607,184606,184605,184611,184612,184608
24/04/2021,ANKARA,1,197.0,184635,184633,184631,184637,184634,184632
24/04/2021,IZMIR,2,4739.71,184653,184626,184642,184651,184625,184645
25/04/2021,ADANA,1,1520.42,184623,184649,184646,184650,184644,184652
25/04/2021,ISTANBUL,2,15663.62,184630,184639,184629,184628,184620,184640
26/04/2021,BURSA,2,466.96,184672,184673,184667,184671,184662,184670
26/04/2021,SANLIURFA,2,184578.29,184675,184664,184679,184674,184666,184676
27/04/2021,ADANA,1,7092.35,184694,184692,184695,184693,184691,184681
27/04/2021,ANKARA,1,489.79,184687,184682,184686,184683,184685,184688
28/04/2021,ELAZIG,1,21800.39,184710,184706,184711,184712,184699,184709
28/04/2021,ISTANBUL,2,1699.24,184714,184707,184700,184708,184701,184702
29/04/2021,ANKARA,2,967.35,184741,184738,184733,184740,184742,184732
29/04/2021,IZMIR,2,101610.32,184746,184735,184755,184747,184736,184748
30/04/2021,BURSA,2,762.34,184788,184772,184789,184785,184778,184771
30/04/2021,ISTANBUL,2,19673.18,184776,184769,184775,184782,184786,184770
01/05/2021,ANKARA,1,8078.1,184809,184814,184816,184808,184807,184805
01/05/2021,IZMIR,2,3018.36,184804,184824,184821,184820,184802,184827
02/05/2021,ADANA,2,110.08,184831,184830,184800,184826,184799,184828
02/05/2021,ISTANBUL,2,46659.18,184818,184810,184812,184813,184815,184817
03/05/2021,BURSA,2,4479.34,184846,184850,184848,184857,184843,184858
03/05/2021,SANLIURFA,2,1137.12,184840,184853,184855,184851,184842,184849
04/05/2021,ADANA,1,28890.31,184873,184870,184872,184871,184859,184869
04/05/2021,ANKARA,1,2089.16,184864,184861,184866,184862,184865,184868
05/05/2021,ELAZIG,1,1808.2,184885,184880,184878,184877,184875,184891
05/05/2021,ISTANBUL,2,115.72,184883,184887,184884,184890,184879,184881
06/05/2021,ANKARA,1,202.56,184903,184900,184904,184902,184896,184899
06/05/2021,IZMIR,2,15571.57,184898,184905,184906,184895,184893,184909
07/05/2021,BURSA,2,675.15,184940,184945,184939,184936,184926,184941
07/05/2021,ISTANBUL,1,435.11,184932,184934,184929,184930,184928,184935
08/05/2021,ANKARA,2,2064.04,184958,184963,184961,184957,184959,184951
08/05/2021,IZMIR,1,1061.84,184953,184971,184974,184968,184969,184973
09/05/2021,ADANA,1,1178.77,184997,184984,184992,184994,184998,184983
09/05/2021,ISTANBUL,2,71.67,184990,184986,185000,184987,184989,184985
10/05/2021,BURSA,2,20048.02,185027,185011,185021,185024,185025,185026
10/05/2021,SANLIURFA,2,978857.93,185023,185012,185019,185013,185020,185022
11/05/2021,ADANA,2,34.63,185043,185028,185039,185041,185029,185040
11/05/2021,ANKARA,1,48178.66,185044,185031,185036,185035,185032,185033
12/05/2021,ELAZIG,1,53.29,185050,185051,185060,185058,185048,185059
12/05/2021,ISTANBUL,2,146.28,185049,185052,185054,185053,185045,185056
13/05/2021,ANKARA,2,59.88,185065,185062,185066,185068,185067,185061
14/05/2021,BURSA,2,2552.05,185095,185076,185099,185093,185091,185075
14/05/2021,ISTANBUL,2,102.23,185092,185089,185086,185081,185071,185087
15/05/2021,ANKARA,2,85360.84,185090,185085,185088,185082,185073,185101
15/05/2021,IZMIR,2,1635.29,185078,185105,185103,185104,185077,185108
16/05/2021,ADANA,1,748.66,185112,185120,185118,185124,185117,185122
16/05/2021,ISTANBUL,2,1851.25,185123,185116,185113,185119,185115,185111
17/05/2021,BURSA,2,3644.97,185135,185132,185131,185130,185128,185134
17/05/2021,SANLIURFA,1,19577.68,185138,185142,185141,185137,185125,185136
18/05/2021,ADANA,2,6425.29,185161,185148,185157,185160,185159,185147
18/05/2021,ANKARA,2,1550.73,185150,185151,185155,185149,185144,185153
19/05/2021,ELAZIG,1,310.73,185169,185176,185178,185167,185164,185174
19/05/2021,ISTANBUL,2,211288.37,185163,185175,185166,185173,185177,185162
20/05/2021,ANKARA,1,18528.57,185185,185189,185187,185184,185183,185182
20/05/2021,IZMIR,2,8381.54,185193,185181,185195,185196,185179,185194
21/05/2021,BURSA,2,749488.29,185208,185199,185212,185206,185213,185211
21/05/2021,ISTANBUL,2,2505.19,185197,185210,185204,185201,185209,185215
22/05/2021,ANKARA,2,1320.23,185223,185226,185224,185222,185216,185225
22/05/2021,IZMIR,2,1394.34,185234,185218,185230,185233,185229,185220
23/05/2021,ADANA,1,355.84,185247,185245,185236,185246,185248,185250
23/05/2021,ISTANBUL,1,433.47,185240,185238,185243,185241,185237,185239
24/05/2021,BURSA,2,25.7,185264,185256,185259,185252,185265,185261
24/05/2021,SANLIURFA,2,9782.06,185253,185270,185268,185266,185254,185267
25/05/2021,ADANA,2,260.6,185283,185272,185284,185282,185273,185285
25/05/2021,ANKARA,1,595.98,185280,185277,185276,185279,185275,185288
26/05/2021,ELAZIG,2,15299.28,185307,185308,185296,185309,185295,185305
26/05/2021,ISTANBUL,2,1132.06,185291,185299,185303,185297,185292,185310
27/05/2021,ANKARA,2,2499.42,185319,185311,185314,185313,185312,185324
27/05/2021,IZMIR,1,674305.66,185323,185326,185320,185322,185321,185327
28/05/2021,BURSA,1,1345.35,185344,185360,185359,185355,185356,185358
28/05/2021,ISTANBUL,1,164.36,185349,185348,185352,185346,185345,185350
29/05/2021,ANKARA,2,53.08,185366,185362,185370,185369,185367,185376
29/05/2021,IZMIR,1,32859.31,185373,185363,185371,185372,185375,185378
30/05/2021,ADANA,1,23858.28,185395,185381,185391,185392,185382,185394
30/05/2021,ISTANBUL,2,743.98,185380,185385,185388,185387,185379,185389
31/05/2021,BURSA,1,334.48,185402,185410,185411,185398,185400,185399
31/05/2021,SANLIURFA,1,70365.71,185403,185408,185406,185396,185409,185407
01/06/2021,ADANA,2,156.08,185428,185425,185424,185427,185412,185426
01/06/2021,ANKARA,1,2110.21,185419,185416,185417,185420,185415,185422
02/06/2021,ELAZIG,2,24584.64,185444,185442,185446,185441,185431,185445
02/06/2021,ISTANBUL,2,8054.43,185439,185437,185435,185438,185429,185436
03/06/2021,ANKARA,1,284.15,185473,185467,185469,185468,185470,185471
03/06/2021,IZMIR,2,1726.43,185478,185479,185475,185474,185463,185480
04/06/2021,BURSA,2,863000.05,185492,185484,185495,185489,185483,185499
04/06/2021,ISTANBUL,2,1805.39,185491,185498,185497,185487,185481,185494
05/06/2021,ANKARA,2,28943.56,185508,185513,185511,185512,185515,185507
05/06/2021,IZMIR,1,1875.97,185520,185522,185519,185521,185509,185523
06/06/2021,ADANA,1,407.93,185532,185538,185539,185537,185536,185542
06/06/2021,ISTANBUL,2,387.64,185546,185534,185543,185545,185544,185541
07/06/2021,BURSA,2,1280.7,185549,185555,185558,185556,185550,185559
07/06/2021,SANLIURFA,2,5916.0,185567,185565,185553,185563,185554,185564
08/06/2021,ADANA,1,897.45,185579,185578,185582,185580,185583,185581
08/06/2021,ANKARA,1,13123.79,185570,185577,185574,185571,185575,185576
09/06/2021,ELAZIG,1,95682.53,185589,185593,185590,185586,185585,185587
09/06/2021,ISTANBUL,1,341.12,185595,185592,185596,185598,185599,185594
10/06/2021,ANKARA,2,10390.7,185619,185616,185618,185614,185609,185620
10/06/2021,IZMIR,2,667.98,185622,185625,185621,185623,185613,185624
11/06/2021,BURSA,1,11994.56,185654,185655,185656,185652,185653,185658
11/06/2021,ISTANBUL,2,12697.33,185659,185643,185648,185647,185649,185644
12/06/2021,ADANA,1,6892.82,185689,185680,185687,185682,185684,185686
12/06/2021,ISTANBUL,1,2716.92,185678,185690,185677,185683,185679,185676
13/06/2021,ANKARA,2,2645.57,185698,185692,185697,185701,185699,185702
13/06/2021,IZMIR,2,709.33,185704,185707,185695,185705,185706,185708
14/06/2021,BURSA,2,5470.89,185714,185717,185720,185718,185721,185719
14/06/2021,SANLIURFA,2,70348.47,185725,185724,185727,185711,185726,185712
15/06/2021,ADANA,1,17614.3,185744,185743,185742,185740,185730,185741
15/06/2021,ANKARA,2,165.38,185729,185736,185738,185733,185734,185728
16/06/2021,ELAZIG,1,125095.41,185749,185751,185746,185752,185747,185748
16/06/2021,ISTANBUL,1,5104.34,185754,185756,185755,185757,185759,185760
17/06/2021,ANKARA,1,624.04,185764,185767,185770,185766,185765,185769
17/06/2021,IZMIR,1,6757.14,185774,185762,185773,185775,185768,185761
18/06/2021,BURSA,1,481958.37,185811,185808,185809,185810,185799,185805
18/06/2021,ISTANBUL,1,308.37,185792,185796,185797,185793,185795,185794
19/06/2021,ADANA,2,390.14,185836,185834,185824,185837,185838,185825
19/06/2021,ISTANBUL,2,12292.04,185821,185829,185831,185828,185827,185833
20/06/2021,ANKARA,2,1434.26,185848,185839,185849,185847,185840,185852
20/06/2021,IZMIR,2,4761.92,185855,185853,185857,185856,185844,185858
21/06/2021,BURSA,2,5362.49,185890,185892,185886,185888,185894,185887
21/06/2021,SANLIURFA,2,14820.21,185898,185884,185896,185900,185883,185897
22/06/2021,ADANA,1,4251.98,185916,185915,185914,185910,185902,185913
22/06/2021,ANKARA,1,6736.27,185906,185911,185905,185908,185909,185904
23/06/2021,ELAZIG,2,953.68,185931,185919,185933,185930,185932,185920
23/06/2021,ISTANBUL,2,5166.82,185923,185929,185925,185924,185922,185918
24/06/2021,ANKARA,2,131.96,185935,185948,185945,185941,185938,185946
24/06/2021,IZMIR,1,419.78,185950,185947,185944,185942,185940,185943
25/06/2021,BURSA,2,540394.1,185965,185969,185953,185967,185951,185968
25/06/2021,ISTANBUL,1,2826.61,185956,185955,185957,185960,185962,185959
26/06/2021,ADANA,1,1406.47,186001,185999,186000,185996,185998,185997
26/06/2021,ISTANBUL,2,1336.14,185990,185988,185994,185991,185992,185989
27/06/2021,ANKARA,2,1025.11,186011,186005,186009,186010,186012,186004
27/06/2021,IZMIR,1,17778.92,186018,186015,186007,186014,186017,186006
28/06/2021,BURSA,1,3428.96,186030,186032,186026,186029,186028,186033
28/06/2021,SANLIURFA,1,4840.05,186023,186025,186022,186020,186021,186034
29/06/2021,ADANA,1,3119.98,186038,186036,186041,186043,186045,186049
29/06/2021,ANKARA,1,14506.21,186044,186048,186037,186042,186047,186040
30/06/2021,ELAZIG,1,9724.82,186061,186058,186064,186055,186065,186060
30/06/2021,ISTANBUL,2,32663.44,186068,186051,186056,186067,186052,186057
01/07/2021,ANKARA,2,6252.21,186078,186070,186075,186076,186073,186069
01/07/2021,KOCAELI,1,1981.19,186083,186081,186084,186079,186085,186082
02/07/2021,BURSA,2,407.54,186103,186101,186087,186102,186086,186100
02/07/2021,ISTANBUL,1,459.05,186096,186095,186090,186094,186092,186093
03/07/2021,ANKARA,2,8672.29,186130,186129,186121,186134,186128,186136
03/07/2021,IZMIR,2,11852.6,186127,186126,186124,186133,186131,186137
04/07/2021,ISTANBUL,2,2083.62,186154,186140,186146,186139,186152,186153
04/07/2021,IZMIR,2,733.33,186155,186142,186151,186145,186143,186156
05/07/2021,BURSA,2,18711.56,186165,186166,186164,186157,186167,186168
05/07/2021,ELAZIG,1,192195.77,186161,186173,186170,186160,186171,186169
06/07/2021,ANKARA,2,16931.2,186182,186175,186188,186186,186187,186174
06/07/2021,KOCAELI,1,616.4,186184,186189,186177,186178,186190,186191
07/07/2021,ELAZIG,1,578.03,186194,186199,186192,186196,186197,186195
07/07/2021,ISTANBUL,1,2736.08,186206,186204,186203,186205,186207,186208
08/07/2021,ANKARA,1,47841.61,186223,186221,186219,186224,186218,186220
08/07/2021,KOCAELI,1,926.57,186209,186222,186212,186213,186210,186216
09/07/2021,BURSA,2,2218.82,186238,186242,186236,186240,186225,186239
09/07/2021,ISTANBUL,1,9002.38,186235,186229,186230,186233,186231,186234
10/07/2021,ANKARA,2,405.86,186254,186243,186255,186247,186253,186244
10/07/2021,IZMIR,1,197.04,186256,186258,186246,186257,186245,186259
11/07/2021,ISTANBUL,1,170.78,186268,186266,186271,186267,186272,186270
11/07/2021,IZMIR,2,175178.58,186274,186276,186269,186275,186263,186277
12/07/2021,BURSA,2,15406.81,186289,186282,186288,186287,186283,186286
12/07/2021,ELAZIG,1,1963.74,186294,186292,186279,186290,186291,186278
13/07/2021,ANKARA,1,8755.87,186301,186307,186308,186302,186306,186300
13/07/2021,KOCAELI,1,4273.86,186304,186296,186303,186299,186295,186310
14/07/2021,ELAZIG,1,26259.11,186313,186325,186321,186323,186314,186324
14/07/2021,ISTANBUL,2,19095.41,186316,186327,186317,186312,186318,186320
15/07/2021,ANKARA,2,24845.76,186340,186342,186338,186339,186328,186334
15/07/2021,KOCAELI,1,386.66,186332,186331,186330,186335,186341,186343
16/07/2021,BURSA,2,13063.21,186361,186348,186358,186359,186362,186347
16/07/2021,ISTANBUL,2,971.26,186346,186351,186355,186353,186363,186344
17/07/2021,ANKARA,2,1393.8,186369,186371,186368,186372,186365,186374
17/07/2021,IZMIR,2,6194.32,186379,186381,186380,186377,186367,186378
18/07/2021,ISTANBUL,2,6509.2,186383,186393,186389,186397,186391,186399
18/07/2021,IZMIR,2,255.74,186385,186400,186398,186392,186390,186384
19/07/2021,BURSA,1,3335.98,186416,186407,186405,186409,186406,186415
19/07/2021,ELAZIG,1,5708.73,186413,186401,186410,186403,186412,186411
20/07/2021,ANKARA,1,34556.21,186417,186418,186424,186421,186422,186423
21/07/2021,ELAZIG,1,753.15,186440,186444,186436,186438,186425,186442
21/07/2021,ISTANBUL,1,704.87,186448,186451,186453,186447,186449,186452
22/07/2021,ANKARA,1,268.54,186427,186430,186434,186431,186428,186435
22/07/2021,KOCAELI,1,474.5,186439,186441,186443,186437,186433,186445
23/07/2021,BURSA,2,1823.74,186454,186462,186460,186461,186459,186463
23/07/2021,ISTANBUL,2,1243.19,186471,186456,186472,186467,186468,186457
24/07/2021,ANKARA,2,434.8,186484,186480,186483,186481,186486,186473
24/07/2021,IZMIR,2,3517.98,186477,186476,186488,186487,186490,186475
25/07/2021,ISTANBUL,2,2439.98,186492,186503,186505,186501,186502,186491
25/07/2021,IZMIR,2,850.07,186497,186499,186493,186507,186498,186509
26/07/2021,BURSA,1,6724.91,186519,186520,186522,186521,186524,186523
26/07/2021,ELAZIG,1,40010.35,186518,186511,186515,186514,186516,186510
27/07/2021,ANKARA,1,482.86,186530,186528,186533,186531,186527,186536
27/07/2021,KOCAELI,1,122698.3,186540,186537,186538,186535,186525,186539
28/07/2021,ELAZIG,1,42.95,186547,186548,186549,186546,186545,186550
28/07/2021,ISTANBUL,1,214.06,186551,186554,186543,186555,186544,186552
29/07/2021,ANKARA,1,68196.6,186570,186569,186572,186565,186571,186566
29/07/2021,KOCAELI,2,263.88,186562,186556,186559,186561,186560,186557
30/07/2021,BURSA,2,1428.98,186589,186586,186578,186588,186577,186591
30/07/2021,ISTANBUL,2,67.49,186584,186582,186580,186583,186574,186585
31/07/2021,ANKARA,2,972.2,186602,186608,186610,186605,186609,186607
31/07/2021,IZMIR,1,3676.53,186604,186614,186617,186613,186603,186616
01/08/2021,ISTANBUL,2,1157.12,186618,186622,186623,186629,186625,186628
01/08/2021,IZMIR,2,1250.56,186631,186635,186633,186634,186627,186624
02/08/2021,BURSA,2,20091.9,186646,186651,186645,186650,186648,186649
02/08/2021,ELAZIG,1,6791.12,186642,186641,186636,186644,186640,186643
03/08/2021,ANKARA,1,1080.0,186659,186657,186652,186658,186656,186654
03/08/2021,KOCAELI,1,427.6,186655,186661,186664,186662,186663,186665
04/08/2021,ELAZIG,1,344.67,186676,186670,186671,186681,186669,186678
04/08/2021,ISTANBUL,2,1593.37,186675,186682,186674,186677,186666,186672
05/08/2021,ANKARA,2,943.34,186689,186685,186696,186693,186695,186683
05/08/2021,KOCAELI,1,215212.47,186691,186698,186686,186694,186688,186699
06/08/2021,BURSA,2,51438.45,186716,186715,186714,186713,186700,186717
06/08/2021,ISTANBUL,2,332.57,186712,186702,186711,186708,186703,186707
07/08/2021,ANKARA,2,5773.77,186729,186720,186731,186726,186727,186725
07/08/2021,IZMIR,2,1570.55,186722,186737,186733,186734,186721,186736
08/08/2021,ISTANBUL,1,6877.38,186744,186745,186746,186743,186742,186747
08/08/2021,IZMIR,1,332060.03,186751,186752,186753,186739,186749,186750
09/08/2021,BURSA,2,20630.84,186761,186765,186763,186762,186764,186754
09/08/2021,ELAZIG,1,22816.47,186756,186770,186768,186769,186757,186767
10/08/2021,ANKARA,2,394.98,186786,186772,186782,186781,186771,186785
10/08/2021,KOCAELI,1,1121.3,186778,186774,186773,186784,186779,186783
11/08/2021,ELAZIG,1,1773.58,186794,186796,186790,186793,186797,186795
11/08/2021,ISTANBUL,2,210.7,186801,186788,186800,186799,186803,186789
12/08/2021,ANKARA,1,3346.69,186809,186814,186810,186813,186812,186816
12/08/2021,KOCAELI,1,1302.99,186817,186818,186804,186807,186805,186819
13/08/2021,BURSA,2,55.06,186828,186834,186841,186843,186829,186840
13/08/2021,ISTANBUL,1,1312.88,186831,186839,186830,186835,186836,186837
14/08/2021,ANKARA,2,5172.96,186854,186862,186858,186859,186864,186853
14/08/2021,IZMIR,2,7078.9,186855,186870,186869,186865,186857,186866
15/08/2021,ISTANBUL,2,175.88,186888,186878,186882,186885,186887,186879
15/08/2021,IZMIR,1,1757.4,186889,186894,186893,186892,186881,186891
16/08/2021,BURSA,2,1198.19,186906,186904,186903,186902,186896,186911
16/08/2021,ELAZIG,1,30061.0,186910,186909,186897,186907,186899,186908
17/08/2021,ANKARA,1,11760.74,186921,186919,186917,186924,186920,186928
17/08/2021,KOCAELI,1,21358.92,186927,186922,186913,186916,186915,186914
18/08/2021,ELAZIG,1,237397.6,186933,186931,186935,186934,186929,186936
18/08/2021,ISTANBUL,1,2034.51,186938,186942,186941,186939,186940,186943
19/08/2021,ANKARA,1,4382.16,186948,186949,186951,186950,186947,186952
19/08/2021,KOCAELI,1,8678.04,186946,186958,186959,186956,186945,186957
20/08/2021,BURSA,2,5903.38,186962,186972,186973,186970,186977,186976
20/08/2021,ISTANBUL,2,421.0,186961,186967,186965,186969,186960,186975
21/08/2021,ANKARA,2,296.87,186987,186985,186984,186986,186978,186989
21/08/2021,IZMIR,2,11381.68,186991,186981,186994,186995,186992,186980
22/08/2021,ISTANBUL,2,1173.08,187010,187014,187016,187009,187007,187012
22/08/2021,IZMIR,2,35620.48,187018,187013,187020,187004,187019,187021
23/08/2021,BURSA,2,14226.09,187042,187040,187035,187044,187031,187046
23/08/2021,ELAZIG,1,63526.44,187039,187034,187037,187038,187041,187033
24/08/2021,ANKARA,2,1540.18,187060,187049,187052,187051,187048,187062
24/08/2021,KOCAELI,1,215.92,187064,187059,187054,187055,187065,187063
25/08/2021,ELAZIG,1,1179.01,187080,187081,187078,187079,187066,187077
25/08/2021,ISTANBUL,2,636.96,187070,187068,187073,187074,187069,187076
26/08/2021,ANKARA,2,640.61,187091,187084,187089,187086,187088,187090
26/08/2021,KOCAELI,1,5027.77,187098,187082,187099,187095,187083,187097
27/08/2021,BURSA,1,12003.96,187115,187102,187108,187113,187105,187116
27/08/2021,ISTANBUL,2,2993.04,187111,187101,187104,187109,187114,187100
28/08/2021,ANKARA,2,37544.19,187140,187141,187144,187142,187135,187146
28/08/2021,IZMIR,2,119.13,187151,187145,187148,187150,187138,187152
29/08/2021,ISTANBUL,2,664.82,187153,187162,187157,187161,187158,187160
29/08/2021,IZMIR,2,6755.94,187168,187167,187165,187170,187166,187169
30/08/2021,BURSA,2,9114.59,187183,187171,187185,187186,187187,187172
30/08/2021,ELAZIG,1,6902.85,187177,187174,187179,187181,187184,187173
31/08/2021,ANKARA,2,34511.63,187195,187189,187196,187190,187193,187198
31/08/2021,KOCAELI,1,39693.63,187201,187200,187204,187194,187199,187205
01/09/2021,DIYARBAKIR,2,3028.38,187221,187218,187207,187217,187219,187206
01/09/2021,ISTANBUL,1,2332.86,187212,187215,187209,187213,187210,187211
02/09/2021,ANKARA,2,1941.08,187225,187229,187233,187235,187231,187223
02/09/2021,IZMIR,2,1469.06,187228,187242,187237,187236,187227,187240
03/09/2021,BURSA,1,1204.21,187253,187251,187249,187250,187256,187259
03/09/2021,IZMIR,1,633.12,187245,187248,187254,187258,187246,187252
04/09/2021,ANKARA,2,1461.48,187263,187267,187268,187270,187269,187265
04/09/2021,ISTANBUL,1,446.54,187272,187273,187275,187274,187276,187271
05/09/2021,ADANA,2,10105.81,187293,187294,187291,187290,187295,187292
05/09/2021,ISTANBUL,2,1162.04,187289,187285,187287,187283,187286,187281
06/09/2021,BURSA,2,170508.48,187315,187313,187311,187312,187297,187309
06/09/2021,ELAZIG,2,4761.23,187303,187308,187302,187305,187300,187307
07/09/2021,ANKARA,2,107.15,187316,187321,187319,187322,187317,187324
07/09/2021,KOCAELI,1,632.42,187325,187330,187329,187331,187327,187332
08/09/2021,DIYARBAKIR,1,6220.45,187343,187341,187337,187335,187344,187342
08/09/2021,ISTANBUL,2,359.21,187346,187333,187348,187340,187345,187349
09/09/2021,ANKARA,1,6254.01,187352,187355,187356,187353,187357,187361
09/09/2021,IZMIR,1,1169.34,187351,187365,187364,187366,187350,187363
10/09/2021,BURSA,2,1864.94,187382,187367,187371,187384,187380,187383
10/09/2021,ISTANBUL,2,121.03,187377,187369,187375,187374,187376,187378
11/09/2021,ANKARA,1,7806.35,187393,187388,187395,187391,187389,187392
11/09/2021,IZMIR,2,3219.78,187399,187387,187398,187397,187385,187401
12/09/2021,ADANA,2,8641.04,187426,187425,187421,187422,187406,187423
12/09/2021,ELAZIG,1,4060.08,187419,187417,187420,187418,187428,187416
12/09/2021,ISTANBUL,2,4169.39,187404,187412,187414,187409,187415,187410
13/09/2021,BURSA,2,7886.56,187440,187444,187442,187439,187432,187445
13/09/2021,ELAZIG,1,11079.98,187438,187437,187436,187430,187434,187435
14/09/2021,ANKARA,2,1578.29,187452,187449,187453,187451,187456,187448
14/09/2021,KOCAELI,2,3195.98,187463,187462,187460,187457,187446,187461
15/09/2021,DIYARBAKIR,2,78845.66,187465,187480,187478,187482,187466,187481
15/09/2021,ISTANBUL,2,893.27,187473,187469,187475,187474,187471,187468
16/09/2021,ANKARA,1,804.31,187491,187489,187494,187492,187490,187486
16/09/2021,IZMIR,1,27273.02,187485,187499,187496,187483,187498,187493
17/09/2021,BURSA,2,2695.34,187513,187507,187511,187506,187501,187515
17/09/2021,ISTANBUL,1,14245.12,187514,187509,187510,187512,187502,187508
18/09/2021,ANKARA,2,1071.89,187532,187522,187534,187528,187530,187535
18/09/2021,IZMIR,2,1700.42,187536,187524,187537,187529,187538,187531
19/09/2021,ADANA,2,48959.2,187565,187566,187547,187567,187564,187568
19/09/2021,ELAZIG,1,8067.02,187551,187552,187553,187550,187554,187557
19/09/2021,ISTANBUL,1,7129.51,187549,187560,187559,187556,187555,187561
20/09/2021,BURSA,2,118332.47,187586,187579,187569,187577,187585,187576
20/09/2021,ELAZIG,1,3004.34,187583,187580,187573,187582,187572,187581
21/09/2021,ANKARA,2,893.57,187593,187590,187597,187598,187587,187594
21/09/2021,KOCAELI,1,1639.69,187592,187602,187595,187601,187599,187603
22/09/2021,DIYARBAKIR,2,255359.64,187608,187621,187616,187620,187606,187617
22/09/2021,ISTANBUL,2,938.52,187610,187615,187614,187611,187604,187613
23/09/2021,ANKARA,2,90.82,187633,187628,187624,187629,187631,187623
23/09/2021,IZMIR,2,17044.68,187635,187625,187636,187637,187638,187639
24/09/2021,BURSA,1,1189.04,187651,187655,187652,187654,187653,187650
24/09/2021,ISTANBUL,1,46903.44,187648,187645,187642,187644,187643,187656
25/09/2021,ANKARA,2,492.71,187671,187667,187666,187665,187664,187657
25/09/2021,IZMIR,2,1136.6,187662,187660,187673,187663,187661,187674
26/09/2021,ADANA,2,245.48,187696,187699,187695,187677,187693,187697
26/09/2021,ELAZIG,1,2290.15,187692,187691,187680,187689,187683,187686
26/09/2021,ISTANBUL,1,1061.76,187688,187679,187682,187685,187690,187684
27/09/2021,BURSA,2,4192.2,187721,187720,187716,187719,187708,187718
27/09/2021,ELAZIG,1,965.35,187714,187713,187712,187715,187710,187717
28/09/2021,ANKARA,1,22130.67,187733,187732,187730,187728,187729,187736
28/09/2021,KOCAELI,2,828.58,187737,187741,187735,187738,187726,187739
29/09/2021,DIYARBAKIR,1,1974.68,187755,187757,187752,187758,187747,187753
29/09/2021,ISTANBUL,2,30564.52,187751,187745,187749,187746,187756,187742
30/09/2021,ANKARA,1,340.1,187770,187771,187772,187765,187762,187764
30/09/2021,IZMIR,2,501.58,187774,187776,187769,187760,187763,187773
01/10/2021,BURSA,2,6041.86,187792,187796,187781,187790,187795,187780
01/10/2021,ISTANBUL,2,92.98,187777,187789,187793,187787,187785,187779
02/10/2021,ANKARA,1,164.55,187802,187807,187805,187803,187809,187806
02/10/2021,IZMIR,2,309.49,187812,187811,187810,187814,187798,187801
03/10/2021,ADANA,2,689.36,187837,187815,187831,187838,187817,187833
03/10/2021,ELAZIG,1,4649.26,187821,187822,187824,187820,187823,187827
03/10/2021,ISTANBUL,1,642.3,187834,187825,187829,187819,187832,187818
04/10/2021,BURSA,2,6061.6,187856,187852,187849,187850,187841,187855
04/10/2021,KOCAELI,1,981.17,187843,187846,187847,187842,187844,187851
05/10/2021,ADANA,2,2186.75,187872,187873,187870,187871,187860,187869
05/10/2021,DIYARBAKIR,1,33624.57,187867,187866,187862,187857,187863,187865
06/10/2021,ELAZIG,1,33174.98,187877,187880,187879,187875,187878,187876
06/10/2021,ISTANBUL,1,2157.59,187883,187881,187884,187887,187882,187886
07/10/2021,ANKARA,2,234.53,187894,187899,187893,187898,187889,187897
07/10/2021,IZMIR,1,1084.11,187900,187902,187905,187901,187892,187904
08/10/2021,BURSA,2,28365.51,187923,187909,187922,187921,187908,187924
08/10/2021,ISTANBUL,2,649.41,187915,187907,187914,187911,187916,187906
09/10/2021,ANKARA,2,578.47,187947,187945,187943,187948,187936,187941
09/10/2021,IZMIR,2,10801.08,187953,187938,187951,187934,187939,187957
10/10/2021,ADANA,2,119351.64,187983,187963,187978,187982,187979,187980
10/10/2021,ELAZIG,1,4762.85,187966,187965,187967,187964,187969,187975
10/10/2021,ISTANBUL,2,11145.48,187961,187974,187971,187970,187968,187973
11/10/2021,BURSA,2,77.17,187995,187999,187996,187998,187985,187989
11/10/2021,KOCAELI,1,2164.12,188000,187992,187988,187993,187991,187997
12/10/2021,ADANA,2,2873.29,188016,188017,188005,188015,188014,188006
12/10/2021,DIYARBAKIR,2,154546.83,188010,188011,188001,188008,188012,188002
13/10/2021,ELAZIG,1,3343.16,188030,188029,188021,188033,188032,188020
13/10/2021,ISTANBUL,1,1347.63,188031,188026,188023,188024,188035,188036
14/10/2021,ANKARA,2,2707.68,188046,188049,188039,188044,188043,188037
14/10/2021,IZMIR,2,2731.0,188055,188042,188050,188054,188053,188041
15/10/2021,BURSA,2,3530.94,188072,188057,188066,188069,188056,188067
15/10/2021,ISTANBUL,1,645.73,188058,188062,188059,188061,188064,188065
16/10/2021,ANKARA,2,2889.85,188088,188091,188092,188087,188081,188093
16/10/2021,IZMIR,2,738.8,188094,188084,188086,188097,188083,188096
17/10/2021,ADANA,2,1670.51,188119,188117,188121,188120,188100,188122
17/10/2021,DIYARBAKIR,1,9985.95,188111,188110,188106,188115,188108,188113
17/10/2021,ISTANBUL,1,1037.89,188107,188102,188112,188104,188109,188114
18/10/2021,BURSA,2,1738.98,188144,188127,188138,188130,188140,188125
18/10/2021,KOCAELI,2,93.89,188141,188133,188135,188128,188123,188139
19/10/2021,ADANA,2,9217.24,188154,188152,188155,188156,188146,188153
19/10/2021,DIYARBAKIR,2,308.21,188158,188161,188162,188148,188159,188157
20/10/2021,ELAZIG,1,10337.56,188168,188174,188170,188172,188163,188169
20/10/2021,ISTANBUL,2,359.4,188175,188180,188165,188179,188178,188173
21/10/2021,ANKARA,1,3453.27,188194,188190,188186,188193,188191,188192
21/10/2021,IZMIR,2,100332.43,188189,188197,188196,188183,188185,188195
22/10/2021,BURSA,2,1749.22,188215,188212,188213,188214,188199,188209
22/10/2021,ISTANBUL,2,1344.3,188204,188200,188207,188202,188203,188210
23/10/2021,ANKARA,1,585.6,188223,188226,188225,188222,188224,188221
23/10/2021,IZMIR,2,9262.04,188233,188232,188228,188220,188216,188234
24/10/2021,ADANA,2,13150.48,188257,188254,188247,188255,188236,188249
24/10/2021,DIYARBAKIR,1,241.18,188246,188243,188244,188240,188242,188245
24/10/2021,ISTANBUL,2,40822.74,188253,188256,188239,188241,188237,188259
25/10/2021,BURSA,2,14229.58,188278,188277,188276,188271,188272,188275
25/10/2021,KOCAELI,2,161473.03,188269,188266,188270,188268,188262,188273
26/10/2021,ADANA,2,278.06,188294,188295,188297,188293,188282,188296
26/10/2021,DIYARBAKIR,2,1522.5,188287,188286,188288,188290,188279,188289
27/10/2021,ELAZIG,1,2638.69,188307,188306,188302,188301,188304,188303
27/10/2021,ISTANBUL,2,102.02,188309,188312,188311,188313,188299,188314
28/10/2021,ANKARA,2,1231.99,188325,188316,188322,188320,188323,188321
28/10/2021,IZMIR,2,436.78,188331,188318,188333,188329,188317,188330
29/10/2021,BURSA,2,3374.3,188349,188352,188351,188345,188335,188350
29/10/2021,ISTANBUL,2,16063.58,188340,188344,188346,188342,188338,188347
30/10/2021,ANKARA,2,13884.76,188362,188363,188360,188365,188364,188353
30/10/2021,IZMIR,2,1147.75,188366,188357,188367,188368,188358,188356
31/10/2021,ADANA,2,21943.52,188393,188383,188384,188387,188373,188385
31/10/2021,DIYARBAKIR,1,2923.23,188390,188394,188392,188386,188391,188388
31/10/2021,ISTANBUL,1,1011.32,188379,188381,188376,188380,188375,188378
01/11/2021,BURSA,2,313.83,188397,188409,188408,188410,188395,188412
01/11/2021,KOCAELI,1,17501.22,188403,188400,188398,188401,188405,188406
02/11/2021,ADANA,2,31168.41,188429,188415,188432,188430,188427,188414
03/11/2021,ELAZIG,1,339.44,188438,188442,188440,188439,188433,188441
03/11/2021,ISTANBUL,2,7135.12,188449,188445,188447,188446,188435,188444
04/11/2021,ANKARA,2,119834.81,188454,188460,188455,188450,188459,188458
04/11/2021,IZMIR,1,753.91,188466,188464,188465,188452,188463,188462
05/11/2021,BURSA,2,27977.59,188490,188479,188492,188489,188480,188494
06/11/2021,ANKARA,2,216.19,188517,188507,188516,188512,188515,188506
06/11/2021,IZMIR,2,2106.19,188521,188520,188510,188511,188503,188513
07/11/2021,ADANA,2,852.09,188542,188546,188543,188541,188523,188544
07/11/2021,DIYARBAKIR,1,9995.13,188529,188531,188532,188533,188534,188536
07/11/2021,ISTANBUL,1,1605.66,188530,188538,188525,188526,188527,188528
08/11/2021,BURSA,2,32276.06,188570,188558,188567,188568,188571,188566
08/11/2021,KOCAELI,2,3759.19,188561,188574,188560,188559,188555,188573
09/11/2021,ADANA,2,7030.32,188593,188587,188590,188592,188591,188578
09/11/2021,DIYARBAKIR,2,1858.21,188586,188575,188584,188582,188576,188585
09/11/2021,ISTANBUL,2,1697.85,188484,188476,188487,188485,188483,188477
10/11/2021,ELAZIG,1,3780.42,188596,188600,188603,188601,188598,188599
10/11/2021,ISTANBUL,2,5425.92,188610,188609,188607,188604,188594,188605
11/11/2021,ANKARA,2,7810.61,188622,188623,188620,188616,188611,188619
11/11/2021,IZMIR,2,16329.55,188613,188621,188628,188625,188615,188626
12/11/2021,BURSA,2,460.99,188644,188645,188643,188642,188630,188640
12/11/2021,ISTANBUL,1,1409.31,188636,188634,188639,188635,188637,188632
13/11/2021,ANKARA,2,15389.9,188647,188656,188652,188657,188648,188653
13/11/2021,IZMIR,2,51117.35,188665,188663,188661,188659,188650,188660
14/11/2021,ADANA,2,153.78,188686,188689,188688,188685,188666,188687
14/11/2021,DIYARBAKIR,1,782.71,188676,188675,188673,188677,188678,188690
14/11/2021,ISTANBUL,1,6504.52,188669,188679,188670,188672,188674,188682
15/11/2021,BURSA,1,433.76,188694,188697,188696,188695,188701,188698
15/11/2021,SANLIURFA,1,14140.17,188691,188700,188702,188704,188693,188703
16/11/2021,ADANA,1,9870.73,188712,188717,188707,188715,188710,188719
16/11/2021,DIYARBAKIR,1,16567.6,188705,188716,188709,188714,188711,188718
17/11/2021,BURSA,1,2872.52,188721,188731,188733,188729,188720,188732
17/11/2021,ISTANBUL,1,608.25,188724,188722,188726,188728,188727,188723
18/11/2021,IZMIR,1,1007.91,188742,188746,188737,188738,188739,188736
18/11/2021,SANLIURFA,1,22885.43,188745,188734,188741,188744,188743,188735
19/11/2021,IZMIR,1,291.6,188757,188771,188770,188769,188758,188762
19/11/2021,KOCAELI,2,13486.74,188766,188772,188767,188756,188764,188761
20/11/2021,ADANA,2,282342.23,188797,188792,188794,188795,188784,188796
20/11/2021,ISTANBUL,1,23312.06,188782,188787,188788,188789,188781,188790
21/11/2021,ADANA,1,116.58,188817,188816,188799,188813,188815,188814
21/11/2021,DIYARBAKIR,1,5854.58,188807,188810,188812,188809,188808,188811
21/11/2021,IZMIR,1,403.45,188803,188798,188802,188805,188806,188804
22/11/2021,BURSA,1,46289.1,188836,188834,188838,188835,188837,188833
22/11/2021,SANLIURFA,1,1271.7,188829,188826,188830,188832,188831,188825
23/11/2021,ADANA,1,42.73,188849,188840,188854,188846,188839,188848
23/11/2021,DIYARBAKIR,2,79869.14,188844,188850,188853,188845,188843,188847
24/11/2021,BURSA,1,612.99,188867,188856,188865,188861,188857,188871
24/11/2021,ISTANBUL,2,745.99,188859,188866,188863,188870,188858,188864
25/11/2021,IZMIR,1,1727.86,188878,188884,188874,188883,188876,188885
25/11/2021,SANLIURFA,1,449.82,188880,188872,188879,188882,188873,188877
26/11/2021,IZMIR,1,231.38,188897,188900,188899,188889,188890,188894
26/11/2021,KOCAELI,2,658.48,188891,188896,188892,188893,188887,188898
27/11/2021,ADANA,1,16534.64,188916,188902,188913,188915,188901,188914
27/11/2021,ISTANBUL,2,1342.05,188904,188909,188908,188907,188905,188910
28/11/2021,ADANA,1,5229.09,188938,188931,188917,188928,188936,188934
28/11/2021,DIYARBAKIR,1,7601.56,188929,188923,188926,188932,188933,188930
28/11/2021,IZMIR,2,15450.28,188939,188927,188920,188921,188937,188925
29/11/2021,BURSA,1,95559.4,188949,188944,188947,188951,188945,188946
29/11/2021,SANLIURFA,1,1060.67,188943,188948,188954,188950,188941,188953
30/11/2021,ADANA,1,1349.32,188968,188961,188964,188969,188955,188970
01/12/2021,BURSA,1,1613.25,188979,188978,188972,188977,188971,188976
01/12/2021,ISTANBUL,1,2160.94,188981,188974,188983,188984,188973,188985
02/12/2021,IZMIR,1,291.1,188989,188991,188992,188990,188994,188988
02/12/2021,SANLIURFA,1,52701.02,188987,188996,188995,188997,188986,188999
03/12/2021,IZMIR,1,27265.37,189014,189012,189008,189002,189013,189015
03/12/2021,KOCAELI,2,2214.34,189010,189000,189007,189011,189005,189009
04/12/2021,ADANA,1,23459.36,189030,189029,189028,189027,189026,189032
04/12/2021,ISTANBUL,1,4284.54,189022,189024,189021,189020,189019,189023
05/12/2021,DIYARBAKIR,1,326.55,188963,188966,188958,188960,188965,188962
05/12/2021,IZMIR,1,5308.2,189044,189036,189045,189037,189048,189040
06/12/2021,BURSA,1,5973.4,189057,189050,189051,189059,189052,189049
06/12/2021,SANLIURFA,1,439087.37,189056,189055,189054,189061,189053,189058
07/12/2021,ADANA,1,1093.96,189062,189073,189069,189076,189067,189063
07/12/2021,DIYARBAKIR,1,3104.14,189066,189071,189072,189074,189065,189077
08/12/2021,BURSA,1,17732.48,189085,189080,189087,189083,189082,189084
08/12/2021,ISTANBUL,1,15753.66,189090,189078,189089,189091,189079,189092
09/12/2021,IZMIR,1,5987.2,189100,189097,189102,189099,189101,189096
09/12/2021,SANLIURFA,1,11722.75,189105,189093,189103,189104,189095,189106
10/12/2021,IZMIR,1,2076.89,189120,189110,189116,189121,189122,189118
10/12/2021,KOCAELI,2,450.78,189119,189108,189114,189117,189109,189115
11/12/2021,ADANA,2,296.32,189132,189136,189135,189123,189134,189137
11/12/2021,ISTANBUL,1,292.93,189126,189131,189127,189128,189125,189129
12/12/2021,ADANA,1,12303.34,189139,189150,189154,189151,189140,189153
12/12/2021,IZMIR,2,3418.8,189141,189146,189149,189143,189147,189152
13/12/2021,BURSA,1,1937.88,189169,189162,189163,189160,189155,189161
13/12/2021,SANLIURFA,1,5408.85,189165,189168,189159,189167,189157,189166
14/12/2021,ADANA,1,675.29,189183,189185,189181,189182,189172,189184
14/12/2021,DIYARBAKIR,1,9342.71,189175,189178,189179,189176,189174,189180
15/12/2021,BURSA,1,371.33,189200,189191,189195,189187,189190,189199
15/12/2021,ISTANBUL,1,387.79,189193,189194,189198,189192,189189,189196
16/12/2021,IZMIR,1,1456.88,189212,189213,189209,189206,189211,189203
16/12/2021,SANLIURFA,1,4994.79,189205,189207,189210,189204,189201,189208
17/12/2021,IZMIR,1,168.6,189220,189217,189223,189228,189218,189219
17/12/2021,KOCAELI,2,3917.93,189214,189226,189227,189221,189222,189230
18/12/2021,ADANA,2,176.18,189244,189245,189243,189240,189233,189246
18/12/2021,ISTANBUL,1,115.82,189238,189239,189232,189236,189235,189237
19/12/2021,ADANA,1,22313.98,189258,189250,189261,189260,189262,189249
19/12/2021,IZMIR,2,2969.11,189255,189251,189253,189248,189257,189252
20/12/2021,BURSA,1,49695.46,189270,189271,189268,189269,189272,189263
20/12/2021,SANLIURFA,1,5169.71,189267,189273,189276,189274,189265,189277
21/12/2021,ADANA,1,701.28,189287,189291,189289,189290,189288,189286
21/12/2021,DIYARBAKIR,1,26253.7,189284,189279,189282,189280,189283,189278
22/12/2021,BURSA,1,5764.25,189304,189301,189303,189302,189297,189298
22/12/2021,ISTANBUL,1,2812.48,189300,189292,189295,189299,189293,189296
23/12/2021,IZMIR,1,1099.63,189305,189312,189317,189308,189306,189309
23/12/2021,SANLIURFA,1,7170.63,189316,189311,189314,189315,189310,189313
24/12/2021,IZMIR,1,84.76,189331,189333,189328,189321,189332,189320
24/12/2021,KOCAELI,2,13536.8,189327,189319,189324,189325,189323,189330
25/12/2021,ADANA,2,17394.73,189337,189350,189346,189344,189338,189348
25/12/2021,ISTANBUL,1,2325.42,189339,189334,189340,189342,189335,189341
26/12/2021,ADANA,1,1538.59,189351,189360,189358,189356,189352,189361
26/12/2021,IZMIR,1,12570.56,189363,189362,189359,189355,189353,189364
27/12/2021,BURSA,1,131.0,189372,189366,189375,189371,189365,189373
27/12/2021,SANLIURFA,1,5763.33,189374,189367,189376,189377,189369,189379
28/12/2021,ADANA,1,9146.08,189381,189386,189389,189384,189380,189392
28/12/2021,DIYARBAKIR,1,16581.39,189385,189396,189387,189391,189393,189394
29/12/2021,BURSA,1,21849.21,189398,189400,189410,189401,189397,189405
29/12/2021,ISTANBUL,1,8400.14,189407,189406,189409,189402,189404,189408
30/12/2021,IZMIR,1,7078.96,189428,189427,189417,189418,189419,189420
30/12/2021,SANLIURFA,1,15016.17,189423,189421,189414,189426,189425,189424
31/12/2021,IZMIR,1,677.85,189436,189444,189442,189443,189432,189445
31/12/2021,KOCAELI,2,3756.7,189429,189437,189441,189433,189430,189438
01/01/2022,ADANA,2,6344.43,189457,189450,189453,189452,189448,189455
01/01/2022,ISTANBUL,1,2549.79,189447,189460,189462,189458,189461,189459
02/01/2022,ADANA,1,329.73,189474,189478,189475,189476,189472,189477
02/01/2022,IZMIR,2,22.51,189466,189471,189464,189473,189470,189468
03/01/2022,BURSA,1,466.43,189480,189488,189483,189486,189479,189487
03/01/2022,SANLIURFA,1,512.01,189492,189493,189490,189482,189489,189494
04/01/2022,ADANA,1,3621.15,189502,189506,189496,189509,189500,189508
04/01/2022,KOCAELI,1,81.48,189499,189507,189504,189498,189497,189505
05/01/2022,BURSA,1,1069.56,189522,189512,189524,189521,189513,189525
05/01/2022,ISTANBUL,1,1099.95,189516,189510,189518,189517,189511,189519
06/01/2022,IZMIR,1,8527.9,189534,189530,189536,189532,189533,189535
06/01/2022,SANLIURFA,2,71928.69,189531,189541,189537,189539,189528,189538
07/01/2022,IZMIR,1,267.55,189544,189554,189553,189556,189551,189545
07/01/2022,KOCAELI,1,294.15,189552,189542,189555,189547,189550,189543
08/01/2022,ADANA,1,116958.27,189568,189559,189571,189560,189565,189572
08/01/2022,ISTANBUL,1,146.03,189566,189557,189567,189569,189562,189558
09/01/2022,ADANA,1,910.41,189581,189574,189579,189583,189573,189580
09/01/2022,IZMIR,1,512.98,189585,189588,189576,189584,189577,189587
10/01/2022,BURSA,1,698.33,189592,189601,189595,189593,189598,189596
10/01/2022,SANLIURFA,1,13459.88,189599,189590,189602,189597,189600,189603
11/01/2022,ADANA,1,4535.79,189614,189611,189610,189613,189612,189605
11/01/2022,KOCAELI,1,108520.8,189615,189607,189617,189609,189616,189618
12/01/2022,BURSA,1,1167.88,189630,189632,189631,189629,189619,189633
12/01/2022,ISTANBUL,1,45938.25,189624,189628,189626,189622,189623,189625
13/01/2022,IZMIR,1,170.69,189635,189647,189641,189640,189634,189642
13/01/2022,SANLIURFA,2,2853.33,189645,189636,189649,189648,189637,189644
14/01/2022,IZMIR,1,1569.04,189662,189663,189660,189657,189653,189659
14/01/2022,KOCAELI,1,3110.26,189661,189650,189655,189656,189658,189651
15/01/2022,ADANA,2,8954.67,189679,189677,189676,189675,189674,189678
15/01/2022,ISTANBUL,1,7045.73,189666,189672,189667,189669,189671,189668
16/01/2022,ADANA,1,343.58,189689,189681,189690,189686,189687,189680
16/01/2022,IZMIR,2,127.33,189694,189682,189693,189691,189688,189695
17/01/2022,BURSA,1,264.98,189700,189704,189711,189698,189707,189702
17/01/2022,SANLIURFA,1,1622.1,189709,189705,189701,189703,189696,189708
18/01/2022,ADANA,1,2070.39,189713,189724,189726,189725,189722,189712
18/01/2022,KOCAELI,1,1225.54,189718,189721,189717,189716,189719,189720
19/01/2022,ANTALYA,1,383.04,189737,189740,189739,189728,189734,189735
19/01/2022,ISTANBUL,1,848.19,189732,189738,189729,189733,189730,189741
20/01/2022,IZMIR,1,387.47,189748,189747,189746,189749,189745,189751
20/01/2022,SANLIURFA,2,6030.08,189754,189743,189756,189755,189752,189744
21/01/2022,ANTALYA,1,131.31,189766,189769,189768,189764,189765,189767
21/01/2022,IZMIR,1,398.49,189762,189757,189759,189761,189758,189760
22/01/2022,ADANA,2,2267.76,189785,189773,189783,189780,189784,189772
22/01/2022,ISTANBUL,1,199.91,189777,189778,189779,189774,189770,189776
23/01/2022,ADANA,1,7321.66,189810,189797,189812,189807,189796,189811
23/01/2022,IZMIR,2,216.55,189800,189808,189813,189804,189802,189805
24/01/2022,SANLIURFA,2,1021.48,189821,189819,189825,189828,189818,189824
25/01/2022,ADANA,1,24719.03,189845,189846,189842,189843,189834,189847
25/01/2022,KOCAELI,1,5334.44,189838,189844,189837,189840,189836,189835
26/01/2022,ANTALYA,1,50.6,189855,189856,189854,189852,189853,189849
26/01/2022,ISTANBUL,1,6923.58,189859,189850,189861,189858,189862,189851
27/01/2022,BURSA,2,17086.96,189829,189816,189832,189831,189815,189830
27/01/2022,IZMIR,1,1884.77,189869,189867,189868,189870,189866,189865
27/01/2022,SANLIURFA,1,1026360.18,189871,189876,189873,189875,189863,189874
28/01/2022,ANTALYA,1,81.39,189878,189881,189887,189879,189877,189888
28/01/2022,IZMIR,1,196.25,189885,189886,189882,189883,189884,189889
29/01/2022,ADANA,2,6130.33,189909,189905,189908,189898,189903,189906
29/01/2022,ISTANBUL,1,195.16,189912,189900,189913,189910,189902,189914
30/01/2022,ADANA,1,38938.98,189929,189928,189926,189925,189924,189927
30/01/2022,IZMIR,2,152.05,189936,189922,189932,189931,189934,189923
31/01/2022,BURSA,2,862.81,189944,189942,189943,189940,189953,189952
31/01/2022,SANLIURFA,1,986.76,189937,189948,189951,189946,189938,189949
01/02/2022,ADANA,1,149.34,189969,189963,189967,189961,189957,189965
01/02/2022,KOCAELI,2,410.02,189960,189966,189962,189964,189955,189968
02/02/2022,ANTALYA,1,34.83,189976,189983,189973,189975,189974,189977
02/02/2022,ISTANBUL,1,3089.9,189985,189971,189981,189978,189970,189982
03/02/2022,IZMIR,1,316.23,189995,189992,189991,189997,189993,189989
03/02/2022,SANLIURFA,2,24831.46,189998,189987,189999,189994,189988,190001
04/02/2022,ANTALYA,1,350.42,190007,190011,190004,190005,190009,190003
04/02/2022,IZMIR,1,17717.8,190012,190006,190014,190008,190010,190013
05/02/2022,ADANA,2,152.35,190026,190031,190028,190025,190017,190027
05/02/2022,ISTANBUL,1,367.01,190022,190015,190019,190021,190016,190020
06/02/2022,ADANA,1,292.09,190046,190033,190045,190043,190042,190032
06/02/2022,IZMIR,1,178.58,190041,190038,190034,190039,190036,190040
07/02/2022,BURSA,2,1150.39,190057,190063,190060,190064,190048,190061
07/02/2022,SANLIURFA,2,17890.03,190054,190050,190053,190056,190051,190052
08/02/2022,ADANA,1,1629.83,190077,190078,190065,190075,190079,190066
08/02/2022,KOCAELI,1,1269.76,190071,190072,190074,190067,190070,190068
09/02/2022,ANTALYA,1,4436.55,190093,190090,190082,190088,190083,190094
09/02/2022,ISTANBUL,1,219.03,190080,190085,190086,190091,190087,190089
10/02/2022,IZMIR,1,3851.99,190107,190109,190108,190103,190106,190098
10/02/2022,SANLIURFA,1,947.26,190100,190099,190101,190104,190097,190102
11/02/2022,ANTALYA,1,1202.42,190131,190130,190125,190126,190119,190129
11/02/2022,IZMIR,1,121.96,190120,190122,190121,190128,190123,190124
12/02/2022,ADANA,1,6681.34,190152,190148,190146,190150,190142,190141
12/02/2022,ISTANBUL,1,92666.78,190155,190154,190151,190145,190147,190153
13/02/2022,ADANA,1,1346.28,190165,190177,190170,190171,190163,190175
13/02/2022,DIYARBAKIR,1,1879.57,190176,190174,190172,190169,190168,190182
13/02/2022,IZMIR,2,159.24,190180,190185,190181,190178,190184,190167
14/02/2022,BURSA,2,12188.81,190206,190202,190204,190201,190195,190210
14/02/2022,SANLIURFA,2,3798.44,190197,190211,190205,190212,190199,190208
15/02/2022,ADANA,1,143.4,190213,190225,190219,190218,190222,190226
15/02/2022,KOCAELI,1,315.39,190221,190224,190216,190217,190214,190220
16/02/2022,ANTALYA,1,2818.92,190227,190236,190239,190238,190228,190232
16/02/2022,ISTANBUL,1,163.83,190234,190235,190233,190237,190230,190240
17/02/2022,IZMIR,1,2216.16,190244,190251,190248,190254,190247,190245
17/02/2022,SANLIURFA,2,4352.33,190243,190255,190256,190257,190242,190250
18/02/2022,ANTALYA,1,171.49,190266,190258,190268,190265,190259,190264
18/02/2022,IZMIR,1,311.65,190269,190261,190263,190271,190260,190267
19/02/2022,ADANA,2,8170.94,190286,190272,190279,190289,190282,190280
19/02/2022,ISTANBUL,1,773.99,190285,190287,190288,190281,190275,190283
20/02/2022,ADANA,1,2926.35,190296,190294,190297,190293,190295,190300
20/02/2022,DIYARBAKIR,1,22565.18,190304,190308,190298,190302,190307,190305
20/02/2022,IZMIR,2,4926.37,190310,190291,190309,190311,190292,190290
21/02/2022,BURSA,2,1007.74,190328,190325,190318,190320,190313,190321
21/02/2022,SANLIURFA,2,2385.34,190327,190315,190329,190324,190316,190326
22/02/2022,ADANA,1,362.2,190346,190333,190345,190342,190334,190344
22/02/2022,KOCAELI,2,15988.79,190341,190340,190337,190339,190332,190338
23/02/2022,ANTALYA,1,378.92,190355,190348,190352,190354,190353,190356
23/02/2022,ISTANBUL,2,5452.55,190349,190361,190363,190362,190350,190360
24/02/2022,IZMIR,1,268.03,190375,190374,190378,190376,190377,190379
24/02/2022,SANLIURFA,1,3806.72,190373,190381,190382,190387,190388,190372
25/02/2022,ANTALYA,1,1130.03,190447,190444,190442,190445,190440,190448
25/02/2022,IZMIR,1,246.93,190450,190446,190441,190443,190438,190449
26/02/2022,ADANA,2,518.83,190488,190477,190489,190487,190484,190478
26/02/2022,ISTANBUL,2,2772.75,190482,190476,190480,190481,190485,190475
27/02/2022,ADANA,1,2562.95,190497,190502,190496,190493,190504,190500
27/02/2022,DIYARBAKIR,1,15756.94,190511,190509,190503,190499,190510,190508
27/02/2022,IZMIR,2,2683.93,190494,190512,190505,190506,190495,190513
28/02/2022,BURSA,2,325.64,190540,190541,190537,190539,190527,190538
28/02/2022,SANLIURFA,2,28364.8,190528,190533,190535,190532,190530,190534
01/03/2022,ADANA,1,11876.77,190557,190558,190546,190556,190560,190554
01/03/2022,KOCAELI,2,3136.52,190544,190550,190551,190548,190552,190559
03/03/2022,ANTALYA,1,197.78,190567,190562,190566,190572,190561,190568
03/03/2022,IZMIR,1,577.37,190582,190587,190583,190581,190586,190584
03/03/2022,SANLIURFA,2,31957.09,190594,190578,190593,190591,190577,190592
04/03/2022,ANTALYA,1,104.92,190608,190610,190611,190606,190604,190613
04/03/2022,IZMIR,1,565.52,190617,190615,190609,190616,190605,190612
05/03/2022,ADANA,2,174.89,190636,190635,190633,190630,190622,190632
05/03/2022,ISTANBUL,1,53290.38,190627,190628,190624,190629,190623,190625
06/03/2022,ADANA,2,3719.7,190674,190673,190667,190671,190658,190668
06/03/2022,DIYARBAKIR,1,13265.39,190672,190662,190679,190663,190666,190680
06/03/2022,IZMIR,2,100.61,190670,190659,190664,190661,190660,190678
07/03/2022,BURSA,2,227.09,190708,190707,190709,190706,190694,190712
07/03/2022,SANLIURFA,2,157886.38,190700,190696,190704,190703,190698,190702
08/03/2022,ADANA,2,112.82,190727,190715,190724,190726,190730,190716
08/03/2022,KOCAELI,2,4127.5,190721,190719,190717,190722,190713,190729
09/03/2022,ANTALYA,1,3757.18,190736,190737,190740,190738,190733,190739
09/03/2022,ISTANBUL,1,11058.4,190743,190746,190731,190741,190744,190745
10/03/2022,IZMIR,1,125.85,190765,190768,190763,190764,190770,190778
10/03/2022,SANLIURFA,1,4883.09,190776,190777,190774,190772,190761,190775
11/03/2022,ANTALYA,1,442.2,190815,190828,190825,190824,190816,190837
11/03/2022,IZMIR,1,3788.98,190833,190832,190830,190827,190819,190835
12/03/2022,ADANA,2,4050.93,190882,190892,190889,190886,190894,190887
13/03/2022,ADANA,1,2194.58,190933,190935,190931,190932,190934,190937
13/03/2022,DIYARBAKIR,1,13531.52,190925,190939,190922,190927,190923,190936
13/03/2022,IZMIR,2,10464.73,190919,190940,190926,190930,190924,190920
14/03/2022,BURSA,1,11203.87,190957,190956,190958,190953,190955,190954
14/03/2022,ISTANBUL,1,287.13,190893,190884,190896,190885,190880,190897
14/03/2022,SANLIURFA,2,1399.81,190950,190945,190943,190947,190944,190948
15/03/2022,ADANA,1,9896.08,190973,190960,190972,190971,190968,190959
15/03/2022,KOCAELI,1,1485.27,190967,190974,190970,190964,190975,190961
16/03/2022,ANTALYA,1,48.43,190981,190978,190980,190979,190976,190982
16/03/2022,ISTANBUL,1,113.62,190987,190986,190984,190988,190985,190989
17/03/2022,IZMIR,2,17804.15,191020,191024,191016,191018,191021,191017
17/03/2022,SANLIURFA,2,480.25,191013,191026,191023,191028,191012,191029
18/03/2022,ANTALYA,1,41.7,191065,191064,191067,191068,191063,191058
18/03/2022,IZMIR,1,11361.4,191071,191059,191062,191070,191060,191061
19/03/2022,ADANA,1,6218.18,191116,191120,191114,191115,191121,191118
19/03/2022,ISTANBUL,1,1503.77,191113,191112,191107,191110,191108,191111
20/03/2022,ADANA,1,1838.02,191191,191194,191188,191186,191189,191192
20/03/2022,DIYARBAKIR,1,495.67,191179,191177,191178,191176,191181,191183
20/03/2022,IZMIR,1,210.39,191185,191184,191182,191193,191190,191195
21/03/2022,BURSA,2,6260.07,191251,191239,191242,191234,191240,191249
21/03/2022,SANLIURFA,1,12762.69,191244,191245,191248,191241,191236,191250
22/03/2022,ADANA,1,373.83,191259,191268,191266,191264,191254,191262
22/03/2022,KOCAELI,2,1229.49,191261,191256,191265,191260,191252,191267
23/03/2022,ANTALYA,1,10571.94,191270,191276,191275,191283,191269,191284
23/03/2022,ISTANBUL,1,124.81,191271,191280,191277,191282,191278,191281
24/03/2022,IZMIR,1,11481.1,191311,191326,191314,191307,191330,191324
24/03/2022,SANLIURFA,1,3179.54,191306,191323,191321,191319,191305,191317
25/03/2022,ANTALYA,1,4543.81,191366,191380,191371,191372,191365,191374
25/03/2022,IZMIR,1,57.48,191376,191381,191379,191373,191370,191378
26/03/2022,ADANA,2,3045.38,191417,191428,191426,191430,191427,191415
26/03/2022,ISTANBUL,1,1151.65,191413,191418,191422,191419,191414,191423
27/03/2022,ADANA,1,109.47,191471,191473,191465,191468,191466,191472
27/03/2022,DIYARBAKIR,1,712.02,191463,191470,191462,191464,191469,191467
27/03/2022,IZMIR,2,159.7,191476,191481,191474,191458,191477,191478
28/03/2022,BURSA,1,935.31,191504,191510,191502,191500,191498,191511
28/03/2022,SANLIURFA,1,1163.85,191506,191509,191505,191499,191501,191503
29/03/2022,ADANA,1,277.13,191525,191527,191523,191528,191520,191526
29/03/2022,KOCAELI,2,51.68,191517,191521,191514,191518,191512,191519
30/03/2022,ANTALYA,1,104.06,191536,191533,191532,191538,191534,191540
30/03/2022,ISTANBUL,1,4765.27,191543,191530,191541,191535,191542,191529
31/03/2022,IZMIR,2,813.17,191551,191554,191549,191550,191547,191560
31/03/2022,SANLIURFA,1,791.58,191555,191556,191557,191544,191553,191558
01/04/2022,ANTALYA,1,659.63,191581,191576,191579,191578,191580,191582
01/04/2022,IZMIR,2,14481.61,191574,191584,191577,191575,191573,191585
02/04/2022,ADANA,2,267976.46,191612,191608,191598,191610,191597,191613
02/04/2022,ISTANBUL,1,482.32,191601,191600,191605,191604,191606,191602
03/04/2022,ADANA,1,6961.87,191627,191623,191621,191622,191628,191630
03/04/2022,DIYARBAKIR,1,200.64,191619,191620,191618,191617,191616,191625
03/04/2022,IZMIR,1,395.55,191634,191624,191631,191626,191633,191635
04/04/2022,BURSA,2,499.9,191643,191649,191647,191646,191639,191645
04/04/2022,SANLIURFA,1,14454.38,191650,191653,191651,191654,191640,191652
05/04/2022,ADANA,2,2818.81,191672,191674,191671,191673,191663,191676
05/04/2022,KOCAELI,2,160.95,191661,191666,191670,191664,191665,191669
07/04/2022,IZMIR,2,412.11,191705,191706,191700,191707,191710,191708
07/04/2022,SANLIURFA,2,70228.08,191704,191715,191716,191712,191702,191717
08/04/2022,ANTALYA,1,422.41,191758,191751,191754,191762,191748,191757
08/04/2022,IZMIR,1,14.85,191750,191756,191753,191755,191752,191759
09/04/2022,ADANA,2,2972.81,191792,191782,191795,191785,191794,191796
09/04/2022,ISTANBUL,2,125.67,191779,191791,191787,191788,191789,191780
11/04/2022,BURSA,2,7054.09,191851,191852,191845,191850,191836,191849
11/04/2022,SANLIURFA,2,586208.48,191838,191842,191846,191843,191840,191839
12/04/2022,ADANA,2,8366.88,191872,191857,191867,191871,191856,191869
12/04/2022,KOCAELI,2,2062.65,191863,191864,191860,191861,191855,191865
13/04/2022,ELAZIG,2,290264.08,191876,191891,191885,191889,191878,191888
13/04/2022,ISTANBUL,2,293.06,191874,191880,191883,191879,191873,191887
14/04/2022,ANKARA,2,192.48,191915,191903,191917,191913,191916,191920
14/04/2022,IZMIR,1,2363.43,191910,191905,191921,191918,191909,191906
15/04/2022,BURSA,2,47787.99,191972,191974,191981,191976,191970,191982
15/04/2022,ISTANBUL,2,284.76,191980,191973,191977,191969,191968,191975
16/04/2022,ANKARA,1,2537.78,192022,192028,192024,192026,192027,192021
16/04/2022,IZMIR,2,12948.85,192019,192034,192033,192031,192017,192020
17/04/2022,ADANA,2,16822.65,192063,192071,192061,192050,192062,192065
17/04/2022,DIYARBAKIR,1,13520.24,192064,192070,192068,192066,192073,192072
17/04/2022,ISTANBUL,2,233.27,192060,192055,192057,192058,192053,192074
18/04/2022,BURSA,2,6863.05,192090,192091,192086,192085,192080,192088
18/04/2022,SANLIURFA,2,749.73,192081,192087,192092,192095,192083,192096
19/04/2022,ADANA,2,493.2,192125,192114,192127,192128,192113,192130
19/04/2022,KOCAELI,1,1216.89,192119,192121,192118,192117,192120,192123
20/04/2022,ELAZIG,1,761.67,192134,192138,192139,192141,192137,192144
20/04/2022,ISTANBUL,2,4757.15,192135,192131,192146,192142,192140,192132
21/04/2022,ANKARA,2,634.22,192175,192165,192174,192181,192179,192164
21/04/2022,IZMIR,2,748.62,192187,192185,192182,192184,192173,192186
22/04/2022,BURSA,2,223555.0,192245,192246,192247,192244,192232,192248
22/04/2022,ISTANBUL,2,274.02,192240,192241,192237,192236,192239,192229
23/04/2022,ANKARA,1,121605.54,192285,192286,192290,192291,192287,192284
23/04/2022,IZMIR,2,7576.09,192283,192295,192294,192296,192281,192297
24/04/2022,ADANA,2,3070.04,192349,192337,192347,192350,192348,192338
24/04/2022,DIYARBAKIR,1,29543.04,192341,192345,192339,192342,192340,192343
24/04/2022,ISTANBUL,2,708.24,192355,192358,192354,192353,192333,192356
25/04/2022,BURSA,2,4373.95,192365,192360,192367,192363,192368,192366
25/04/2022,SANLIURFA,1,1998200.24,192370,192375,192362,192371,192372,192373
26/04/2022,ADANA,2,9748.95,192392,192376,192390,192386,192388,192389
26/04/2022,KOCAELI,1,953.01,192383,192384,192378,192379,192380,192385
27/04/2022,ELAZIG,2,18430.12,192396,192404,192403,192401,192398,192402
27/04/2022,ISTANBUL,2,205.57,192410,192409,192411,192405,192395,192407
28/04/2022,ANKARA,2,9889.81,192452,192434,192447,192446,192450,192433
28/04/2022,IZMIR,2,32010.7,192451,192441,192435,192442,192444,192449
29/04/2022,BURSA,2,1029.11,192489,192478,192491,192488,192492,192477
29/04/2022,ISTANBUL,2,109731.57,192485,192479,192481,192480,192476,192483
30/04/2022,ANKARA,2,20620.76,192518,192516,192510,192515,192519,192517
30/04/2022,IZMIR,2,2459.27,192513,192529,192527,192523,192525,192512
01/05/2022,ADANA,2,4521.16,192567,192550,192569,192568,192551,192572
01/05/2022,DIYARBAKIR,1,18469.81,192553,192559,192555,192554,192557,192565
01/05/2022,ISTANBUL,2,714.33,192561,192564,192556,192560,192548,192562
02/05/2022,BURSA,2,1234.3,192590,192592,192594,192597,192591,192595
03/05/2022,ANKARA,2,203.71,192615,192620,192618,192611,192600,192626
03/05/2022,KOCAELI,2,643.11,192601,192625,192629,192628,192619,192630
04/05/2022,ELAZIG,1,4990.62,192616,192609,192610,192612,192608,192621
04/05/2022,ISTANBUL,2,221.24,192631,192636,192635,192637,192603,192633
05/05/2022,ANKARA,2,372.18,192640,192647,192646,192648,192639,192651
05/05/2022,IZMIR,2,7959.66,192652,192642,192644,192643,192655,192653
06/05/2022,BURSA,1,1281.1,192672,192671,192661,192659,192658,192670
06/05/2022,ISTANBUL,2,1287.21,192669,192667,192662,192668,192660,192666
07/05/2022,ANKARA,2,281.26,192677,192682,192679,192674,192680,192683
07/05/2022,IZMIR,1,6689.46,192684,192688,192687,192685,192689,192691
08/05/2022,ADANA,2,24482.41,192711,192710,192713,192712,192694,192716
08/05/2022,DIYARBAKIR,1,37476.42,192705,192708,192700,192707,192706,192715
08/05/2022,ISTANBUL,2,15411.69,192697,192696,192704,192698,192699,192692
09/05/2022,BURSA,2,433.62,192751,192734,192752,192754,192749,192753
10/05/2022,ANKARA,1,189.27,192758,192769,192761,192765,192770,192757
10/05/2022,KOCAELI,2,11331.98,192762,192763,192767,192755,192760,192771
11/05/2022,ELAZIG,1,8867.54,192780,192782,192777,192779,192773,192778
11/05/2022,ISTANBUL,2,1361.54,192786,192785,192787,192783,192776,192788
12/05/2022,ANKARA,2,316.59,192804,192790,192802,192810,192808,192791
12/05/2022,IZMIR,2,4761.9,192799,192803,192795,192809,192806,192798
13/05/2022,BURSA,2,57.7,192836,192825,192838,192837,192835,192824
13/05/2022,ISTANBUL,2,8037.12,192823,192833,192830,192828,192829,192822
14/05/2022,ANKARA,2,140507.99,192851,192846,192843,192848,192847,192849
14/05/2022,IZMIR,2,14821.82,192854,192859,192857,192856,192844,192860
15/05/2022,ADANA,2,17791.46,192906,192902,192901,192903,192884,192905
15/05/2022,DIYARBAKIR,1,132975.49,192889,192898,192895,192892,192896,192891
15/05/2022,ISTANBUL,2,496.98,192893,192900,192888,192897,192894,192890
16/05/2022,BURSA,2,15284.8,192921,192918,192911,192920,192919,192922
16/05/2022,SANLIURFA,1,56576.42,192915,192917,192916,192912,192908,192913
17/05/2022,ANKARA,2,729.25,192933,192936,192934,192926,192932,192931
17/05/2022,KOCAELI,2,22690.78,192941,192943,192937,192938,192928,192942
18/05/2022,ELAZIG,1,27613.96,192949,192947,192953,192951,192946,192950
18/05/2022,ISTANBUL,2,223.45,192959,192944,192960,192958,192945,192954
19/05/2022,ANKARA,1,889.25,192968,192971,192969,192966,192967,192964
19/05/2022,IZMIR,2,6211.79,192972,192976,192978,192974,192963,192977
20/05/2022,BURSA,2,669.43,192994,192979,192996,192995,192980,192992
20/05/2022,ISTANBUL,2,1123090.23,192982,192993,192987,192984,192990,192988
21/05/2022,ANKARA,2,203321.15,193007,192997,193005,193002,193008,192998
21/05/2022,IZMIR,2,439.89,193000,193014,193011,193012,193013,192999
22/05/2022,ADANA,2,108.31,193039,193033,193036,193038,193035,193037
22/05/2022,DIYARBAKIR,1,347.26,193027,193023,193031,193025,193032,193029
22/05/2022,ISTANBUL,2,546.69,193020,193028,193021,193015,193024,193026
23/05/2022,BURSA,2,5970.75,193049,193047,193050,193046,193043,193051
23/05/2022,SANLIURFA,2,5092.03,193041,193052,193057,193053,193042,193054
24/05/2022,ANKARA,2,293.65,193075,193073,193067,193074,193069,193072
24/05/2022,KOCAELI,2,596.44,193058,193064,193068,193062,193066,193059
25/05/2022,ELAZIG,1,119.1,193091,193076,193089,193086,193077,193092
25/05/2022,ISTANBUL,2,515.94,193090,193082,193088,193085,193093,193078
26/05/2022,ANKARA,2,16069.34,193105,193118,193119,193115,193111,193104
26/05/2022,IZMIR,2,5293.16,193116,193108,193120,193114,193107,193121
27/05/2022,BURSA,1,1403.62,193164,193165,193159,193160,193154,193162
27/05/2022,ISTANBUL,1,165.08,193155,193156,193153,193151,193150,193161
28/05/2022,ANKARA,2,255.15,193197,193185,193189,193195,193193,193186
28/05/2022,IZMIR,1,85784.2,193188,193196,193192,193199,193198,193201
29/05/2022,ADANA,2,18085.7,193243,193230,193240,193238,193242,193229
29/05/2022,DIYARBAKIR,1,15270.8,193241,193245,193237,193239,193247,193248
29/05/2022,ISTANBUL,2,2411.63,193233,193226,193244,193249,193227,193235
30/05/2022,BURSA,1,13239.18,193266,193268,193269,193267,193264,193270
30/05/2022,SANLIURFA,2,6809.48,193277,193261,193273,193272,193263,193275
31/05/2022,ANKARA,2,1300.87,193287,193286,193288,193284,193279,193289
31/05/2022,KOCAELI,2,8221.56,193293,193296,193281,193290,193295,193291
01/06/2022,ELAZIG,1,1053.3,193304,193303,193299,193301,193305,193302
01/06/2022,ISTANBUL,2,37760.13,193298,193313,193310,193311,193308,193297
02/06/2022,ANKARA,2,7189.54,193329,193314,193327,193323,193326,193330
02/06/2022,IZMIR,1,58665.23,193325,193319,193318,193320,193316,193328
03/06/2022,BURSA,2,219.45,193370,193353,193367,193364,193354,193371
03/06/2022,ISTANBUL,2,56.05,193359,193358,193360,193355,193352,193374
04/06/2022,ANKARA,2,36082.39,193405,193412,193413,193417,193418,193419
04/06/2022,IZMIR,2,3064.08,193423,193421,193424,193410,193407,193427
05/06/2022,ADANA,2,103370.08,193482,193480,193475,193458,193476,193477
05/06/2022,DIYARBAKIR,1,6233.1,193487,193488,193485,193484,193483,193486
05/06/2022,ISTANBUL,2,528.02,193469,193461,193466,193472,193467,193465
06/06/2022,BURSA,2,4417.28,193505,193513,193516,193510,193511,193512
06/06/2022,SANLIURFA,2,4095.69,193520,193508,193522,193521,193507,193519
07/06/2022,ANKARA,2,3499.14,193535,193530,193538,193533,193532,193540
07/06/2022,KOCAELI,2,634.34,193528,193534,193527,193526,193523,193539
08/06/2022,ELAZIG,1,864.85,193541,193544,193547,193543,193548,193546
08/06/2022,ISTANBUL,1,823.32,193553,193550,193551,193552,193556,193555
09/06/2022,ANKARA,2,15024.18,193576,193581,193584,193583,193575,193592
09/06/2022,IZMIR,2,7437.9,193593,193590,193580,193586,193578,193589
10/06/2022,BURSA,2,60592.61,193641,193636,193634,193619,193633,193637
10/06/2022,ISTANBUL,2,264.25,193628,193629,193627,193626,193623,193625
11/06/2022,ANKARA,2,97136.22,193666,193677,193674,193672,193665,193675
11/06/2022,IZMIR,2,4629.93,193680,193681,193679,193678,193667,193683
13/06/2022,BURSA,2,541.17,193765,193779,193777,193768,193767,193771
13/06/2022,SANLIURFA,1,276447.29,193772,193763,193773,193770,193778,193780
14/06/2022,ANKARA,2,168.16,193787,193781,193791,193793,193782,193789
14/06/2022,KOCAELI,2,9563.72,193797,193799,193801,193795,193783,193800
15/06/2022,ELAZIG,2,340668.66,193807,193808,193810,193809,193804,193806
15/06/2022,ISTANBUL,1,7446.03,193814,193816,193815,193818,193817,193819
16/06/2022,ANKARA,2,1315.47,193841,193850,193845,193843,193853,193846
16/06/2022,IZMIR,2,907.9,193844,193855,193839,193829,193842,193835
17/06/2022,BURSA,1,11062.03,193884,193890,193889,193885,193880,193888
17/06/2022,ISTANBUL,2,1925.23,193878,193876,193875,193877,193881,193883
18/06/2022,ANKARA,2,1233.76,193930,193951,193948,193944,193943,193928
18/06/2022,IZMIR,2,1509.61,193946,193952,193949,193958,193931,193953
19/06/2022,ADANA,2,695.54,194065,194034,194066,194063,194035,194068
19/06/2022,DIYARBAKIR,1,384543.52,194048,194043,194044,194047,194050,194052
19/06/2022,ISTANBUL,2,604.62,194053,194049,194057,194045,194056,194022
20/06/2022,BURSA,2,58639.28,194075,194091,194082,194079,194073,194083
20/06/2022,SANLIURFA,2,10440.65,194078,194086,194088,194085,194077,194090
21/06/2022,ANKARA,2,37219.69,194097,194108,194101,194105,194095,194096
21/06/2022,KOCAELI,2,13782.55,194099,194102,194106,194107,194092,194109
22/06/2022,ELAZIG,1,211980.42,194116,194112,194119,194118,194113,194115
22/06/2022,ISTANBUL,2,1269.04,194110,194127,194123,194126,194124,194125
23/06/2022,ANKARA,2,4106.47,194142,194146,194150,194145,194144,194156
23/06/2022,IZMIR,1,1100.05,194159,194158,194155,194154,194152,194157
24/06/2022,BURSA,2,3472.25,194192,194193,194190,194191,194179,194194
24/06/2022,ISTANBUL,2,3430.92,194176,194187,194185,194183,194181,194182
25/06/2022,ANKARA,1,8598.82,194223,194215,194216,194218,194219,194221
25/06/2022,IZMIR,1,41324.11,194222,194226,194225,194234,194211,194228
26/06/2022,ADANA,1,1610.13,194249,194256,194254,194251,194253,194248
26/06/2022,ISTANBUL,2,382601.82,194255,194247,194245,194252,194259,194250
27/06/2022,BURSA,1,555.71,194266,194269,194264,194267,194262,194272
27/06/2022,SANLIURFA,1,2295.05,194274,194268,194271,194270,194260,194275
28/06/2022,ANKARA,2,6591.72,194281,194285,194282,194283,194278,194293
28/06/2022,KOCAELI,2,627.01,194287,194291,194290,194288,194289,194292
29/06/2022,ELAZIG,1,353.02,194299,194304,194302,194303,194295,194301
29/06/2022,ISTANBUL,2,85398.54,194296,194306,194310,194307,194297,194309
30/06/2022,ANKARA,2,55554.25,194329,194322,194331,194328,194330,194321
30/06/2022,IZMIR,2,787.19,194323,194340,194339,194337,194324,194338
01/07/2022,BURSA,2,79761.8,194366,194356,194369,194370,194372,194355
01/07/2022,ISTANBUL,1,4380.27,194363,194360,194362,194365,194358,194359
02/07/2022,ANKARA,2,8159.32,194385,194383,194381,194384,194373,194382
02/07/2022,IZMIR,2,4313.58,194379,194396,194378,194392,194387,194377
02/07/2022,SANLIURFA,1,105.35,194393,194394,194389,194388,194391,194397
03/07/2022,DIYARBAKIR,1,3717.49,194441,194443,194442,194445,194439,194444
03/07/2022,ISTANBUL,2,5028.11,194435,194440,194432,194436,194421,194438
03/07/2022,IZMIR,2,170941.91,194422,194419,194427,194431,194425,194423
04/07/2022,BURSA,2,511.85,194475,194470,194474,194458,194473,194469
04/07/2022,ELAZIG,2,176218.49,194466,194460,194464,194468,194467,194461
05/07/2022,ANKARA,2,253623.12,194482,194485,194483,194487,194490,194476
05/07/2022,KOCAELI,2,610.07,194492,194495,194494,194489,194480,194488
06/07/2022,ELAZIG,1,345.96,194498,194504,194499,194500,194497,194501
06/07/2022,ISTANBUL,2,53897.95,194508,194512,194507,194509,194503,194506
07/07/2022,ANKARA,2,1027.33,194529,194519,194524,194521,194522,194528
07/07/2022,KOCAELI,1,21600.66,194523,194527,194513,194518,194530,194520
08/07/2022,BURSA,2,708.63,194560,194575,194573,194576,194559,194574
08/07/2022,ISTANBUL,2,278.14,194565,194564,194567,194569,194561,194568
09/07/2022,ANKARA,2,3721.94,194584,194581,194580,194583,194577,194585
10/07/2022,DIYARBAKIR,1,1682.5,194624,194626,194632,194620,194622,194629
10/07/2022,ISTANBUL,1,7276.21,194627,194623,194625,194633,194628,194630
10/07/2022,IZMIR,1,4785.31,194611,194614,194616,194618,194631,194602
11/07/2022,BURSA,1,311.92,194601,194610,194612,194613,194595,194619
11/07/2022,ELAZIG,1,4444.72,194597,194603,194609,194604,194598,194608
12/07/2022,ANKARA,2,2853.96,194640,194639,194638,194641,194635,194642
12/07/2022,KOCAELI,1,6489.66,194637,194644,194646,194650,194649,194636
13/07/2022,ELAZIG,2,10659.62,194658,194654,194660,194662,194661,194655
13/07/2022,ISTANBUL,2,34759.33,194666,194669,194664,194667,194663,194668
14/07/2022,ANKARA,2,599.37,194676,194683,194673,194678,194674,194680
14/07/2022,KOCAELI,1,10439.43,194672,194684,194679,194675,194682,194685
15/07/2022,BURSA,2,4550.66,194703,194690,194700,194701,194704,194689
15/07/2022,ISTANBUL,2,12298.8,194695,194688,194692,194693,194696,194686
16/07/2022,ANKARA,2,2929.27,194728,194733,194727,194730,194731,194722
16/07/2022,IZMIR,2,19676.05,194745,194735,194746,194725,194739,194747
16/07/2022,SANLIURFA,1,575.68,194742,194740,194737,194741,194738,194744
17/07/2022,DIYARBAKIR,1,9346.14,194787,194781,194784,194783,194786,194785
17/07/2022,ISTANBUL,2,436.0,194766,194778,194777,194775,194774,194788
17/07/2022,IZMIR,1,19691.21,194771,194768,194770,194772,194773,194776
18/07/2022,BURSA,1,3069.61,194801,194805,194798,194803,194804,194800
18/07/2022,ELAZIG,1,42533.29,194792,194789,194794,194791,194790,194796
19/07/2022,ANKARA,2,1902.54,194813,194822,194821,194817,194807,194824
19/07/2022,KOCAELI,1,2468.04,194825,194808,194819,194818,194811,194809
20/07/2022,ELAZIG,1,4405.58,194832,194831,194828,194833,194826,194830
20/07/2022,ISTANBUL,1,277.73,194840,194837,194839,194835,194836,194841
21/07/2022,ANKARA,2,153.0,194862,194871,194872,194868,194859,194866
21/07/2022,KOCAELI,1,1584.22,194875,194874,194863,194867,194857,194869
22/07/2022,BURSA,2,4620.71,194923,194908,194925,194926,194909,194924
22/07/2022,ISTANBUL,2,5121.25,194910,194918,194916,194915,194912,194917
23/07/2022,ANKARA,1,180.74,194940,194942,194939,194943,194946,194941
23/07/2022,IZMIR,2,2092.62,194957,194951,194949,194948,194937,194954
24/07/2022,DIYARBAKIR,1,24283.57,194999,194998,194997,194995,195000,195002
24/07/2022,ISTANBUL,2,35054.47,194987,194979,194989,194993,194990,194994
24/07/2022,IZMIR,2,129.78,194991,195001,194984,194988,194982,194996
25/07/2022,BURSA,2,590.22,195030,195041,195031,195038,195043,195040
25/07/2022,ELAZIG,2,26001.64,195034,195029,195033,195037,195039,195027
26/07/2022,ANKARA,2,27561.63,195051,195052,195057,195055,195046,195059
26/07/2022,KOCAELI,2,1479.0,195060,195062,195058,195061,195047,195063
27/07/2022,ELAZIG,1,2857.45,195066,195067,195069,195068,195065,195072
27/07/2022,ISTANBUL,2,404.94,195079,195075,195071,195073,195074,195078
28/07/2022,ANKARA,2,1099.05,195103,195096,195102,195100,195097,195101
28/07/2022,KOCAELI,1,10256.46,195113,195099,195112,195110,195108,195098
29/07/2022,BURSA,2,14165.62,195177,195165,195175,195179,195166,195182
29/07/2022,ISTANBUL,2,2086.36,195180,195171,195169,195176,195163,195170
30/07/2022,ANKARA,2,220.54,195248,195249,195250,195251,195247,195240
30/07/2022,IZMIR,2,282.1,195257,195258,195256,195255,195254,195242
31/07/2022,DIYARBAKIR,1,61550.81,195341,195342,195335,195339,195337,195343
31/07/2022,ISTANBUL,2,81305.04,195322,195328,195345,195334,195329,195340
31/07/2022,IZMIR,2,1061.88,195326,195324,195327,195330,195333,195344
01/08/2022,BURSA,2,1429.18,195378,195383,195379,195381,195382,195384
01/08/2022,ELAZIG,1,28767.16,195386,195387,195389,195390,195375,195391
02/08/2022,ANKARA,2,19946.43,195408,195405,195407,195401,195394,195404
02/08/2022,KOCAELI,1,4040.01,195398,195399,195397,195400,195393,195402
03/08/2022,ELAZIG,2,396.23,195417,195413,195416,195418,195412,195419
03/08/2022,ISTANBUL,2,12376.96,195410,195421,195424,195420,195423,195422
04/08/2022,ANKARA,2,1827.7,195428,195432,195442,195441,195435,195430
04/08/2022,KOCAELI,1,1360.58,195436,195439,195440,195434,195431,195443
05/08/2022,BURSA,2,14073.82,195451,195471,195464,195466,195468,195472
05/08/2022,ISTANBUL,2,344.99,195462,195447,195459,195455,195457,195448
06/08/2022,ANKARA,1,2195.01,195480,195475,195479,195476,195481,195487
06/08/2022,IZMIR,1,1479.16,195474,195486,195483,195484,195485,195488
07/08/2022,DIYARBAKIR,1,15603.86,195509,195512,195507,195508,195510,195511
07/08/2022,ISTANBUL,1,1561.76,195503,195500,195499,195504,195502,195505
07/08/2022,IZMIR,2,626.5,195492,195497,195495,195506,195501,195493
08/08/2022,BURSA,2,8076.85,195529,195516,195527,195526,195520,195517
08/08/2022,ELAZIG,2,1652.25,195524,195523,195521,195519,195514,195518
09/08/2022,ANKARA,2,5738.5,195539,195532,195538,195537,195531,195544
09/08/2022,KOCAELI,1,258.61,195533,195540,195542,195543,195545,195546
10/08/2022,ELAZIG,1,5250.76,195547,195564,195555,195563,195554,195560
10/08/2022,ISTANBUL,2,106230.12,195559,195549,195557,195553,195551,195550
11/08/2022,ANKARA,2,169622.58,195598,195596,195599,195601,195602,195603
11/08/2022,KOCAELI,2,2749.35,195593,195588,195592,195595,195587,195604
12/08/2022,BURSA,2,7084.22,195628,195623,195630,195626,195632,195621
12/08/2022,ISTANBUL,2,72.54,195627,195634,195625,195633,195637,195620
13/08/2022,ANKARA,1,6922.14,195681,195680,195676,195674,195678,195679
13/08/2022,IZMIR,2,5031.61,195682,195673,195687,195686,195675,195671
14/08/2022,DIYARBAKIR,1,956.7,195737,195736,195734,195735,195739,195738
14/08/2022,ISTANBUL,2,2570.08,195715,195730,195728,195729,195731,195733
14/08/2022,IZMIR,2,1646.71,195732,195719,195720,195723,195717,195726
15/08/2022,BURSA,2,6361.03,195761,195765,195763,195762,195756,195760
15/08/2022,ELAZIG,1,14761.57,195770,195768,195766,195769,195758,195771
16/08/2022,ANKARA,2,572.14,195786,195784,195782,195785,195773,195781
16/08/2022,KOCAELI,1,2035.14,195778,195775,195788,195777,195779,195774
17/08/2022,ELAZIG,1,3548.14,195800,195790,195797,195799,195793,195795
17/08/2022,ISTANBUL,2,32651.96,195803,195792,195801,195796,195794,195804
18/08/2022,ANKARA,2,182.52,195833,195840,195839,195835,195834,195842
18/08/2022,KOCAELI,1,38799.36,195827,195843,195845,195847,195836,195848
19/08/2022,BURSA,2,32789.06,195906,195890,195900,195904,195888,195903
19/08/2022,ISTANBUL,2,1339.53,195897,195896,195894,195898,195892,195899
20/08/2022,ANKARA,1,3087.03,195934,195946,195935,195938,195944,195937
20/08/2022,IZMIR,2,16396.65,195950,195952,195939,195943,195930,195947
21/08/2022,DIYARBAKIR,1,78059.35,196015,196021,196019,196022,196018,196023
21/08/2022,ISTANBUL,2,426.66,196005,196003,196006,196002,196001,195993
21/08/2022,IZMIR,2,111418.9,196012,196014,196016,196013,195991,196020
22/08/2022,BURSA,2,454.15,196041,196040,196034,196038,196025,196033
22/08/2022,ELAZIG,2,6513.39,196029,196028,196037,196031,196026,196035
23/08/2022,ANKARA,2,2096.99,196052,196045,196051,196050,196053,196044
23/08/2022,KOCAELI,1,1509.1,196058,196054,196060,196043,196047,196059
24/08/2022,ELAZIG,1,7733.27,196072,196074,196061,196076,196077,196078
24/08/2022,ISTANBUL,2,60647.88,196067,196064,196068,196071,196075,196063
25/08/2022,ANKARA,2,1486.9,196099,196121,196119,196123,196100,196122
25/08/2022,KOCAELI,2,2796.01,196118,196101,196115,196112,196113,196102
26/08/2022,BURSA,2,3030.25,196158,196160,196156,196159,196154,196161
26/08/2022,ISTANBUL,2,2052.5,196148,196144,196146,196150,196149,196145
27/08/2022,ANKARA,2,1152.94,196208,196201,196206,196203,196197,196204
27/08/2022,IZMIR,2,845.62,196212,196214,196209,196213,196198,196217
28/08/2022,DIYARBAKIR,1,2471.03,196280,196284,196281,196282,196278,196283
28/08/2022,ISTANBUL,2,178.8,196264,196271,196268,196267,196273,196276
28/08/2022,IZMIR,2,1855.81,196277,196265,196272,196275,196279,196285
29/08/2022,BURSA,2,4014.33,196310,196296,196297,196300,196309,196306
29/08/2022,ELAZIG,1,628.36,196303,196301,196302,196304,196305,196307
30/08/2022,ANKARA,1,41027.2,196317,196319,196323,196325,196320,196324
30/08/2022,KOCAELI,1,2690.77,196322,196314,196311,196315,196313,196326
31/08/2022,ELAZIG,2,10592.54,196333,196335,196332,196334,196330,196336
31/08/2022,ISTANBUL,1,13487.07,196339,196344,196340,196345,196342,196338
01/09/2022,ANKARA,2,8645.92,196376,196387,196383,196386,196377,196381
01/09/2022,IZMIR,2,3900.21,196391,196392,196388,196389,196378,196393
02/09/2022,BURSA,2,10087.58,196405,196410,196409,196399,196395,196408
02/09/2022,IZMIR,2,652.31,196406,196400,196401,196404,196396,196411
03/09/2022,ANKARA,2,73610.08,196431,196438,196444,196448,196442,196436
03/09/2022,ISTANBUL,2,371.56,196433,196434,196443,196440,196445,196449
04/09/2022,ADANA,2,1294.44,196491,196488,196493,196487,196477,196489
04/09/2022,ISTANBUL,2,1087.08,196486,196484,196481,196483,196480,196474
05/09/2022,BURSA,2,10899.2,196524,196511,196522,196523,196513,196526
05/09/2022,ELAZIG,1,16255.95,196515,196509,196518,196517,196514,196519
06/09/2022,ANKARA,2,3407.1,196529,196535,196530,196534,196528,196531
06/09/2022,KOCAELI,1,31919.85,196541,196536,196540,196542,196538,196543
07/09/2022,DIYARBAKIR,2,363756.67,196551,196553,196549,196546,196559,196565
07/09/2022,ISTANBUL,2,472.98,196558,196556,196554,196560,196544,196563
08/09/2022,ANKARA,2,1264.17,196584,196580,196586,196582,196581,196578
08/09/2022,IZMIR,2,564.18,196592,196591,196593,196589,196577,196590
09/09/2022,BURSA,2,2124.02,196618,196617,196612,196611,196601,196615
09/09/2022,ISTANBUL,2,720.82,196613,196604,196609,196605,196603,196616
10/09/2022,ANKARA,2,1284.66,196638,196645,196642,196644,196643,196646
10/09/2022,IZMIR,2,2680.2,196652,196640,196650,196651,196639,196654
11/09/2022,ADANA,2,895.1,196684,196686,196667,196687,196685,196665
11/09/2022,ELAZIG,1,4994.64,196677,196673,196678,196674,196675,196676
11/09/2022,ISTANBUL,2,4244.83,196670,196680,196668,196672,196669,196679
12/09/2022,BURSA,2,18544.69,196705,196702,196703,196693,196690,196699
12/09/2022,ELAZIG,1,9395.44,196700,196696,196695,196698,196688,196694
13/09/2022,ANKARA,2,1494.84,196711,196706,196715,196710,196716,196707
13/09/2022,KOCAELI,2,13046.62,196720,196721,196718,196717,196719,196709
14/09/2022,DIYARBAKIR,2,9175.26,196735,196727,196738,196739,196726,196741
14/09/2022,ISTANBUL,2,35975.79,196736,196732,196733,196729,196725,196730
15/09/2022,ANKARA,2,22483.86,196748,196745,196755,196754,196750,196747
15/09/2022,IZMIR,2,12818.34,196756,196758,196761,196760,196757,196759
16/09/2022,BURSA,2,2483.51,196802,196800,196804,196801,196788,196803
16/09/2022,ISTANBUL,1,33388.99,196796,196793,196792,196794,196795,196797
17/09/2022,ANKARA,2,9881.05,196836,196834,196833,196830,196825,196832
17/09/2022,IZMIR,2,27699.54,196838,196828,196839,196841,196827,196840
18/09/2022,ADANA,2,962.88,196863,196860,196849,196866,196859,196868
18/09/2022,ELAZIG,1,577.22,196856,196857,196855,196852,196854,196853
18/09/2022,ISTANBUL,2,268.84,196869,196870,196858,196865,196871,196861
19/09/2022,BURSA,2,32548.2,196893,196895,196891,196894,196876,196890
19/09/2022,ELAZIG,2,1164.63,196877,196880,196882,196885,196884,196878
20/09/2022,ANKARA,2,14454.81,196896,196900,196901,196904,196903,196899
20/09/2022,KOCAELI,1,200185.38,196909,196908,196905,196907,196910,196912
22/09/2022,ANKARA,2,312.58,196937,196932,196941,196938,196936,196931
22/09/2022,IZMIR,2,1510.92,196945,196943,196946,196944,196934,196948
23/09/2022,BURSA,2,93316.45,196988,196989,196987,196978,196975,196986
23/09/2022,ISTANBUL,2,889.57,196985,196965,196976,196982,196974,196980
24/09/2022,ANKARA,2,257.68,196999,196998,196997,196995,197000,196996
24/09/2022,IZMIR,2,7852.35,197010,197009,197007,197008,196993,197006
25/09/2022,ADANA,2,4918.06,197066,197060,197062,197064,197045,197063
25/09/2022,ELAZIG,1,154061.23,197053,197051,197048,197050,197049,197054
25/09/2022,ISTANBUL,2,9252.52,197059,197057,197056,197052,197043,197055
26/09/2022,BURSA,1,380.83,197076,197074,197070,197075,197071,197069
26/09/2022,ELAZIG,1,1258.25,197077,197072,197073,197081,197068,197079
27/09/2022,ANKARA,1,2182.3,197090,197093,197089,197087,197091,197088
27/09/2022,KOCAELI,2,66212.77,197096,197099,197098,197094,197083,197100
29/09/2022,ANKARA,2,427.53,197122,197127,197125,197126,197128,197124
29/09/2022,IZMIR,2,937.96,197131,197134,197132,197136,197121,197133
30/09/2022,BURSA,2,311002.21,197152,197150,197149,197153,197139,197154
30/09/2022,ISTANBUL,2,1294.32,197143,197138,197147,197145,197144,197137
01/10/2022,ANKARA,2,15226.46,197168,197162,197165,197161,197167,197163
01/10/2022,IZMIR,2,20922.25,197173,197159,197164,197169,197170,197172
02/10/2022,ADANA,2,1116.32,197195,197196,197192,197191,197178,197190
02/10/2022,ELAZIG,1,1676.14,197181,197185,197182,197179,197187,197183
02/10/2022,ISTANBUL,2,16209.36,197194,197188,197193,197180,197175,197184
03/10/2022,BURSA,2,630.69,197215,197211,197200,197209,197210,197212
03/10/2022,KOCAELI,1,58377.43,197201,197208,197205,197206,197204,197202
04/10/2022,ADANA,2,1624.57,197223,197229,197224,197234,197216,197232
04/10/2022,DIYARBAKIR,2,38109.37,197226,197219,197230,197228,197221,197233
05/10/2022,ELAZIG,1,11658.26,197242,197244,197245,197240,197238,197246
05/10/2022,ISTANBUL,2,319.27,197236,197247,197248,197251,197241,197252
06/10/2022,ANKARA,2,88.41,197260,197259,197258,197257,197254,197263
06/10/2022,IZMIR,2,10478.26,197270,197269,197266,197265,197255,197267
07/10/2022,BURSA,2,3383.88,197297,197294,197289,197296,197283,197298
07/10/2022,ISTANBUL,2,424.84,197287,197293,197291,197288,197286,197280
08/10/2022,ANKARA,1,291.75,197311,197313,197307,197312,197310,197314
08/10/2022,IZMIR,2,7551.16,197320,197317,197319,197316,197318,197305
09/10/2022,ADANA,2,1620.01,197355,197333,197349,197350,197335,197354
09/10/2022,ELAZIG,1,2687.31,197337,197339,197338,197343,197342,197336
09/10/2022,ISTANBUL,2,612.2,197345,197347,197344,197341,197340,197346
10/10/2022,BURSA,2,10844.35,197373,197375,197372,197376,197356,197370
10/10/2022,KOCAELI,2,3960.27,197369,197371,197360,197362,197358,197363
11/10/2022,ADANA,2,1432.86,197389,197380,197392,197385,197387,197381
11/10/2022,DIYARBAKIR,1,11837.1,197393,197394,197386,197378,197395,197391
12/10/2022,ELAZIG,2,7641.88,197413,197396,197410,197408,197398,197409
12/10/2022,ISTANBUL,1,53540.03,197418,197419,197415,197417,197420,197421
13/10/2022,ANKARA,2,14894.42,197450,197442,197445,197446,197431,197444
13/10/2022,IZMIR,2,5699.38,197454,197456,197451,197448,197455,197432
14/10/2022,BURSA,2,5304.56,197472,197478,197467,197480,197483,197465
14/10/2022,ISTANBUL,2,657.57,197468,197477,197471,197473,197474,197470
15/10/2022,ANKARA,2,735.65,197495,197490,197493,197496,197492,197491
15/10/2022,IZMIR,2,4514.17,197489,197499,197502,197501,197486,197500
16/10/2022,ADANA,2,566.56,197553,197554,197551,197556,197534,197557
16/10/2022,ELAZIG,1,32.72,197540,197543,197537,197542,197538,197544
16/10/2022,ISTANBUL,2,1633.86,197541,197549,197547,197546,197536,197550
17/10/2022,BURSA,2,3896.81,197580,197583,197571,197579,197581,197585
17/10/2022,KOCAELI,2,3539.4,197577,197578,197576,197574,197575,197572
18/10/2022,ADANA,2,18230.16,197603,197591,197601,197600,197597,197602
18/10/2022,DIYARBAKIR,1,715.63,197592,197596,197598,197595,197594,197588
19/10/2022,ELAZIG,1,2033.45,197615,197614,197612,197613,197606,197610
19/10/2022,ISTANBUL,2,26875.68,197619,197618,197617,197622,197607,197616
20/10/2022,ANKARA,2,2353.18,197630,197634,197635,197629,197632,197631
20/10/2022,IZMIR,2,1844.87,197639,197637,197633,197640,197626,197642
21/10/2022,BURSA,2,18824.38,197665,197664,197662,197663,197666,197660
21/10/2022,ISTANBUL,2,93.17,197655,197649,197652,197657,197653,197658
22/10/2022,ANKARA,2,867.9,197684,197679,197674,197678,197681,197667
22/10/2022,IZMIR,2,67325.64,197677,197675,197685,197672,197669,197676
23/10/2022,ADANA,2,15077.25,197713,197716,197714,197709,197689,197710
23/10/2022,ELAZIG,1,28341.55,197698,197697,197693,197695,197694,197696
23/10/2022,ISTANBUL,2,18215.64,197702,197687,197699,197701,197706,197686
24/10/2022,BURSA,2,154995.4,197749,197755,197750,197754,197738,197753
24/10/2022,KOCAELI,2,974.94,197739,197745,197744,197743,197740,197742
25/10/2022,ADANA,2,3457.27,197774,197775,197769,197768,197771,197761
25/10/2022,DIYARBAKIR,2,365248.46,197765,197763,197756,197764,197758,197766
26/10/2022,ELAZIG,1,2627.39,197789,197792,197791,197793,197787,197788
26/10/2022,ISTANBUL,2,188.56,197801,197794,197795,197797,197776,197798
27/10/2022,ANKARA,2,220.77,197831,197836,197833,197837,197832,197820
27/10/2022,IZMIR,2,74691.55,197847,197826,197839,197825,197843,197823
28/10/2022,BURSA,2,275.56,197878,197862,197869,197867,197863,197874
28/10/2022,ISTANBUL,2,2019.25,197872,197875,197873,197879,197864,197880
29/10/2022,ANKARA,2,2614.68,197903,197898,197896,197902,197899,197883
29/10/2022,IZMIR,2,1714.94,197909,197892,197904,197900,197885,197905
30/10/2022,ADANA,2,73.62,197964,197947,197960,197958,197948,197956
30/10/2022,ELAZIG,1,940.51,197950,197949,197952,197953,197951,197954
30/10/2022,ISTANBUL,2,231.23,197968,197966,197967,197965,197945,197959
31/10/2022,BURSA,2,1081.13,197982,197985,197980,197981,197969,197979
31/10/2022,KOCAELI,1,137102.55,197973,197975,197978,197976,197972,197971
01/11/2022,ADANA,2,3729.31,198000,197986,197997,198004,198001,197987
01/11/2022,DIYARBAKIR,2,27895.07,197990,198002,197993,197998,197995,197991
02/11/2022,ELAZIG,1,13622.05,198014,198011,198010,198013,198006,198009
02/11/2022,ISTANBUL,2,95.86,198021,198017,198018,198019,198007,198016
03/11/2022,ANKARA,2,1566.67,198051,198050,198052,198055,198044,198049
03/11/2022,IZMIR,2,8616.42,198059,198058,198060,198061,198046,198057
04/11/2022,BURSA,2,6000.96,198089,198080,198092,198091,198081,198098
04/11/2022,ISTANBUL,2,2444.74,198090,198096,198094,198097,198083,198093
05/11/2022,ANKARA,2,92.2,198115,198117,198116,198113,198120,198121
05/11/2022,IZMIR,2,4120.36,198119,198122,198112,198114,198109,198123
06/11/2022,ADANA,2,1499.62,198163,198145,198165,198162,198146,198166
06/11/2022,ELAZIG,1,1614.46,198148,198152,198153,198149,198147,198150
06/11/2022,ISTANBUL,2,14216.88,198158,198143,198154,198151,198144,198155
07/11/2022,BURSA,2,3096.15,198188,198193,198191,198189,198177,198190
07/11/2022,KOCAELI,2,4115.43,198179,198184,198186,198181,198185,198187
08/11/2022,ADANA,2,2228.46,198212,198208,198206,198211,198209,198199
08/11/2022,DIYARBAKIR,1,10258.96,198203,198204,198205,198201,198195,198202
09/11/2022,ELAZIG,1,1940.27,198215,198218,198214,198219,198220,198217
09/11/2022,ISTANBUL,1,6399.64,198222,198228,198224,198221,198227,198226
10/11/2022,ANKARA,2,721.11,198243,198239,198241,198240,198229,198237
10/11/2022,IZMIR,2,27135.93,198248,198234,198251,198245,198235,198249
11/11/2022,BURSA,2,22942.19,198282,198269,198280,198279,198285,198268
11/11/2022,ISTANBUL,2,1610.07,198270,198275,198277,198273,198276,198272
12/11/2022,ANKARA,2,1091.5,198297,198292,198294,198298,198287,198295
12/11/2022,IZMIR,2,1792.26,198303,198305,198289,198301,198302,198300
13/11/2022,ADANA,2,229.48,198337,198335,198332,198334,198316,198336
13/11/2022,ELAZIG,1,4738.57,198317,198320,198322,198318,198321,198323
13/11/2022,ISTANBUL,1,654.45,198329,198330,198328,198325,198324,198327
14/11/2022,BURSA,2,121618.45,198346,198355,198345,198349,198340,198353
14/11/2022,SANLIURFA,2,10840.54,198342,198352,198351,198356,198343,198350
15/11/2022,ADANA,1,1677.67,198361,198364,198362,198365,198363,198368
15/11/2022,DIYARBAKIR,2,6801.73,198366,198371,198359,198369,198358,198372
16/11/2022,ANTALYA,1,509.75,198373,198387,198383,198386,198374,198378
16/11/2022,ISTANBUL,1,3480.33,198385,198375,198384,198380,198381,198376
17/11/2022,IZMIR,1,2597.22,198395,198401,198392,198402,198390,198397
17/11/2022,SANLIURFA,1,15033.11,198394,198396,198393,198399,198389,198400
18/11/2022,ANTALYA,1,82.48,198430,198427,198428,198426,198416,198429
18/11/2022,IZMIR,1,458.52,198421,198432,198434,198433,198422,198435
19/11/2022,ADANA,2,2082.14,198445,198439,198444,198447,198452,198438
19/11/2022,ISTANBUL,1,43170.61,198441,198446,198448,198451,198437,198442
20/11/2022,ADANA,1,656.87,198465,198463,198458,198462,198453,198459
20/11/2022,IZMIR,2,1758.4,198460,198464,198467,198455,198468,198466
21/11/2022,BURSA,2,22885.18,198490,198493,198483,198480,198491,198485
21/11/2022,SANLIURFA,1,441.74,198494,198478,198489,198484,198482,198486
22/11/2022,ADANA,1,661.71,198501,198495,198505,198506,198508,198503
22/11/2022,DIYARBAKIR,1,21979.51,198499,198500,198507,198502,198498,198504
23/11/2022,ANTALYA,1,437.94,198526,198520,198512,198518,198519,198513
23/11/2022,ISTANBUL,1,68005.13,198523,198516,198528,198525,198517,198527
24/11/2022,IZMIR,1,311.35,198549,198535,198545,198551,198542,198534
24/11/2022,SANLIURFA,2,17871.05,198558,198538,198544,198540,198548,198537
25/11/2022,ANTALYA,1,5491.92,198592,198594,198593,198595,198584,198597
25/11/2022,IZMIR,1,2072.95,198591,198596,198589,198600,198587,198599
26/11/2022,ADANA,2,223.7,198628,198622,198626,198621,198614,198623
26/11/2022,ISTANBUL,2,288.73,198613,198618,198617,198620,198612,198624
27/11/2022,ADANA,1,168.54,198633,198639,198637,198644,198640,198634
27/11/2022,IZMIR,2,14364.34,198641,198648,198645,198638,198635,198647
28/11/2022,BURSA,2,92.49,198672,198674,198675,198673,198659,198670
28/11/2022,SANLIURFA,2,911.25,198668,198662,198667,198663,198664,198660
29/11/2022,ADANA,1,1066.29,198691,198694,198693,198695,198681,198692
29/11/2022,DIYARBAKIR,1,2250.83,198690,198689,198688,198686,198687,198684
30/11/2022,ANTALYA,1,40365.67,198710,198701,198708,198707,198706,198711
30/11/2022,ISTANBUL,2,2882.08,198709,198697,198704,198705,198698,198702
02/12/2022,ANTALYA,1,10364.25,198760,198762,198754,198758,198757,198764
02/12/2022,IZMIR,1,418.1,198759,198753,198756,198761,198752,198763
03/12/2022,ADANA,1,1358.95,198789,198794,198791,198792,198793,198796
03/12/2022,ISTANBUL,1,55117.66,198785,198784,198786,198782,198787,198788
04/12/2022,ADANA,1,3250.47,198818,198816,198812,198815,198820,198811
04/12/2022,IZMIR,2,191.82,198823,198822,198826,198819,198813,198824
05/12/2022,BURSA,2,4568.53,198848,198851,198849,198850,198836,198845
05/12/2022,SANLIURFA,1,4920.28,198843,198841,198844,198834,198839,198842
06/12/2022,ADANA,1,3487.14,198858,198860,198853,198856,198857,198852
06/12/2022,DIYARBAKIR,1,14162.65,198866,198863,198865,198864,198855,198862
07/12/2022,ANTALYA,1,2979.34,198889,198891,198890,198883,198878,198884
07/12/2022,ISTANBUL,2,137732.49,198876,198885,198886,198888,198877,198887
08/12/2022,IZMIR,1,1163.05,198902,198894,198896,198897,198900,198895
08/12/2022,SANLIURFA,1,30240.21,198899,198892,198901,198903,198893,198904
09/12/2022,ANTALYA,1,2230.21,198920,198919,198916,198911,198917,198913
09/12/2022,IZMIR,1,16354.18,198912,198915,198918,198921,198914,198922
10/12/2022,ADANA,2,2203.93,198924,198935,198929,198937,198923,198936
10/12/2022,ISTANBUL,1,10323.12,198934,198928,198926,198927,198925,198930
11/12/2022,ADANA,1,12047.25,198962,198969,198972,198963,198971,198976
11/12/2022,IZMIR,2,67.26,198970,198973,198978,198959,198967,198968
12/12/2022,BURSA,2,2191.47,199023,199012,199027,199021,199011,199025
12/12/2022,SANLIURFA,1,2122.4,199015,199010,199019,199018,199009,199017
13/12/2022,ADANA,1,2143.92,199044,199046,199035,199047,199045,199048
13/12/2022,DIYARBAKIR,1,30829.13,199038,199039,199040,199043,199036,199041
14/12/2022,ANTALYA,1,23375.01,199054,199055,199059,199053,199051,199058
14/12/2022,ISTANBUL,1,1518.44,199064,199050,199061,199063,199057,199049
15/12/2022,IZMIR,1,1957.52,199068,199074,199067,199070,199069,199072
15/12/2022,SANLIURFA,1,36085.89,199077,199073,199076,199075,199065,199071
16/12/2022,ANTALYA,1,30141.48,199093,199098,199096,199099,199092,199101
16/12/2022,IZMIR,1,4498.87,199094,199102,199104,199105,199100,199095
17/12/2022,ADANA,1,81.87,199116,199111,199112,199118,199121,199119
17/12/2022,ISTANBUL,1,14941.93,199117,199107,199115,199110,199106,199109
18/12/2022,ADANA,1,106.59,199133,199122,199135,199137,199132,199123
18/12/2022,IZMIR,2,18105.67,199131,199127,199126,199128,199125,199134
19/12/2022,BURSA,2,18362.86,199154,199153,199156,199155,199143,199149
19/12/2022,SANLIURFA,2,2479.65,199145,199139,199144,199146,199140,199151
20/12/2022,ADANA,1,421.17,199164,199168,199165,199169,199167,199166
20/12/2022,DIYARBAKIR,1,20098.35,199162,199161,199159,199157,199163,199160
21/12/2022,ANTALYA,1,13969.29,199181,199188,199189,199191,199180,199192
21/12/2022,ISTANBUL,1,9282.11,199187,199178,199185,199186,199184,199179
22/12/2022,IZMIR,1,595.18,199197,199196,199204,199202,199195,199207
22/12/2022,SANLIURFA,1,16553.55,199206,199194,199205,199198,199201,199193
23/12/2022,ANTALYA,1,381.18,199247,199245,199222,199242,199224,199246
23/12/2022,IZMIR,1,135.89,199238,199239,199243,199241,199237,199240
24/12/2022,ADANA,2,1282.02,199273,199269,199267,199260,199272,199271
24/12/2022,ISTANBUL,2,12549.55,199263,199257,199261,199265,199258,199264
25/12/2022,ADANA,1,4876.97,199274,199289,199288,199287,199275,199292
25/12/2022,IZMIR,2,2753.08,199294,199280,199283,199293,199295,199281
26/12/2022,BURSA,2,110094.1,199308,199313,199321,199315,199310,199322
26/12/2022,SANLIURFA,1,200107.6,199312,199316,199307,199314,199318,199306
27/12/2022,ADANA,1,265.09,199328,199330,199332,199331,199325,199329
27/12/2022,DIYARBAKIR,1,11594.82,199334,199336,199338,199326,199333,199335
28/12/2022,ANTALYA,1,19962.25,199342,199348,199353,199351,199344,199354
28/12/2022,ISTANBUL,1,5006.31,199345,199349,199347,199346,199339,199352
29/12/2022,IZMIR,1,1646.4,199367,199363,199359,199360,199368,199358
29/12/2022,SANLIURFA,1,177470.01,199362,199365,199369,199364,199356,199371
30/12/2022,ANTALYA,1,55253.09,199383,199389,199391,199390,199375,199388
30/12/2022,IZMIR,2,606.16,199381,199377,199386,199384,199378,199382
31/12/2022,ADANA,2,47621.47,199403,199395,199404,199408,199405,199394
31/12/2022,ISTANBUL,1,611.1,199397,199398,199393,199396,199399,199400
01/01/2023,ADANA,1,3823.47,199410,199422,199424,199427,199423,199409
01/01/2023,IZMIR,1,128.54,199412,199419,199425,199418,199429,199417
02/01/2023,BURSA,2,16646.19,199443,199445,199441,199442,199432,199446
02/01/2023,SANLIURFA,1,3282.8,199437,199430,199434,199435,199438,199440
03/01/2023,ADANA,1,28251.59,199462,199463,199456,199459,199451,199457
03/01/2023,ANTALYA,2,475.83,199460,199461,199450,199452,199447,199458
04/01/2023,ISTANBUL,1,1354.63,199476,199477,199479,199475,199474,199478
04/01/2023,SANLIURFA,2,68455.06,199472,199470,199468,199471,199464,199469
05/01/2023,IZMIR,1,557.38,199487,199494,199488,199485,199482,199490
05/01/2023,KOCAELI,2,1545.54,199486,199489,199492,199484,199491,199480
06/01/2023,ANTALYA,1,71.77,199506,199499,199509,199503,199500,199508
06/01/2023,IZMIR,1,343.38,199507,199505,199504,199498,199501,199496
07/01/2023,ADANA,2,2933.58,199511,199521,199526,199519,199524,199510
07/01/2023,ISTANBUL,2,4083.38,199513,199517,199515,199520,199512,199518
08/01/2023,ADANA,2,5351.79,199538,199530,199542,199540,199536,199528
08/01/2023,IZMIR,2,2695.92,199543,199544,199535,199533,199537,199531
09/01/2023,BURSA,2,287.64,199556,199557,199552,199551,199546,199555
09/01/2023,SANLIURFA,2,113272.97,199562,199548,199561,199560,199549,199559
10/01/2023,ADANA,1,5122.98,199577,199565,199576,199575,199574,199564
10/01/2023,ANTALYA,2,895.67,199569,199571,199579,199572,199567,199578
11/01/2023,ISTANBUL,1,3093.54,199594,199591,199587,199589,199593,199592
11/01/2023,SANLIURFA,1,233230.33,199583,199580,199590,199584,199581,199586
12/01/2023,IZMIR,1,7745.7,199607,199604,199602,199599,199606,199609
12/01/2023,KOCAELI,2,4555.53,199600,199595,199603,199601,199596,199610
13/01/2023,ANTALYA,1,1902.03,199632,199626,199633,199631,199634,199636
13/01/2023,IZMIR,1,2570.94,199638,199628,199640,199635,199629,199637
14/01/2023,ADANA,2,1271.16,199685,199682,199681,199670,199679,199683
14/01/2023,ISTANBUL,1,1384.41,199678,199675,199680,199673,199676,199674
15/01/2023,ADANA,1,1106.73,199751,199754,199750,199753,199748,199739
15/01/2023,IZMIR,2,8992.86,199752,199740,199745,199747,199742,199746
16/01/2023,BURSA,2,1194.2,199759,199767,199764,199766,199757,199772
16/01/2023,SANLIURFA,1,481092.1,199756,199770,199771,199763,199762,199765
17/01/2023,ADANA,1,5353.79,199785,199783,199781,199778,199787,199780
17/01/2023,ANTALYA,1,2392.25,199784,199782,199777,199776,199786,199779
19/01/2023,IZMIR,1,176.15,199819,199817,199808,199820,199811,199812
19/01/2023,KOCAELI,2,1694.11,199816,199823,199822,199806,199815,199818
20/01/2023,ANTALYA,1,129285.54,199854,199851,199855,199853,199844,199857
20/01/2023,IZMIR,1,79.72,199852,199848,199846,199850,199849,199847
21/01/2023,ADANA,2,65362.17,199869,199873,199868,199874,199858,199871
21/01/2023,ISTANBUL,1,2796.55,199867,199864,199866,199862,199865,199861
22/01/2023,ADANA,1,501.42,199884,199896,199893,199898,199883,199897
22/01/2023,IZMIR,2,380.52,199890,199886,199894,199889,199899,199885
23/01/2023,BURSA,2,50805.74,199933,199921,199925,199923,199931,199927
23/01/2023,SANLIURFA,1,510537.22,199930,199929,199928,199918,199932,199934
24/01/2023,ADANA,1,2526.33,199954,199945,199955,199953,199956,199952
24/01/2023,ANTALYA,1,34004.12,199947,199951,199959,199957,199948,199958
25/01/2023,ISTANBUL,2,3890.54,199969,199967,199966,199965,199972,199962
25/01/2023,SANLIURFA,1,368260.63,199961,199973,199976,199971,199968,199974
26/01/2023,IZMIR,1,1628.67,199988,199979,199984,199990,199980,199992
26/01/2023,KOCAELI,2,1223.19,199985,199978,199987,199981,199986,199977
27/01/2023,IZMIR,1,7294.49,200004,200000,200001,200002,200003,200007
28/01/2023,ADANA,2,329.92,200045,200058,200056,200051,200053,200044
28/01/2023,ISTANBUL,1,6155.98,200052,200054,200047,200050,200046,200048
29/01/2023,ADANA,1,2195.08,200079,200070,200080,200084,200071,200082
29/01/2023,IZMIR,2,15597.57,200078,200072,200076,200074,200073,200086
30/01/2023,BURSA,2,10526.6,200125,200135,200136,200137,200127,200133
30/01/2023,SANLIURFA,1,1254.3,200128,200130,200126,200132,200123,200131
31/01/2023,ADANA,1,562.17,200141,200152,200149,200151,200142,200150
31/01/2023,ANTALYA,1,5707.77,200140,200153,200146,200145,200139,200147
01/02/2023,ISTANBUL,1,1034.13,200159,200166,200157,200156,200158,200160
01/02/2023,SANLIURFA,1,32680.13,200161,200170,200164,200167,200154,200169
02/02/2023,IZMIR,1,224.01,200176,200179,200183,200173,200174,200175
02/02/2023,KOCAELI,2,84.3,200184,200182,200181,200185,200171,200178
03/02/2023,ANTALYA,1,3126.42,200194,200189,200192,200198,200195,200197
03/02/2023,IZMIR,1,6226.28,200193,200186,200196,200190,200187,200188
04/02/2023,ADANA,2,4030.29,200212,200200,200213,200211,200210,200199
04/02/2023,ISTANBUL,2,2226.93,200201,200206,200209,200207,200202,200205
05/02/2023,ADANA,1,6087.87,200233,200230,200231,200227,200219,200229
05/02/2023,IZMIR,2,4287.32,200226,200232,200228,200225,200222,200234
18/02/2023,ADANA,1,3407.55,200407,200412,200411,200408,200410,200405
18/02/2023,ISTANBUL,1,74.31,200418,200403,200406,200416,200417,200402
19/02/2023,ADANA,1,2004.88,200438,200437,200427,200436,200439,200426
19/02/2023,IZMIR,2,1604.79,200433,200429,200434,200430,200431,200440
20/02/2023,BURSA,2,18742.41,200480,200470,200477,200482,200471,200483
20/02/2023,SANLIURFA,1,899549.11,200479,200476,200474,200475,200481,200478
21/02/2023,ADANA,1,468.9,200490,200494,200498,200489,200493,200496
21/02/2023,ANTALYA,1,15845.61,200485,200492,200487,200488,200497,200495
22/02/2023,ISTANBUL,1,2173.97,200513,200509,200502,200514,200511,200512
22/02/2023,SANLIURFA,1,8724.43,200500,200508,200507,200504,200506,200505
23/02/2023,IZMIR,1,4688.27,200522,200515,200526,200523,200516,200525
23/02/2023,KOCAELI,1,7265.34,200527,200530,200520,200528,200521,200529
24/02/2023,ANTALYA,2,21605.19,200563,200555,200562,200564,200569,200566
24/02/2023,IZMIR,1,321.45,200561,200567,200570,200559,200560,200571
25/02/2023,ADANA,2,11523.9,200613,200612,200611,200610,200599,200609
25/02/2023,ISTANBUL,2,3539.92,200605,200598,200606,200604,200607,200596
26/02/2023,ADANA,1,19430.8,200638,200639,200636,200642,200624,200641
26/02/2023,IZMIR,2,808.61,200643,200648,200644,200645,200629,200640
27/02/2023,BURSA,2,2340.05,200676,200680,200679,200678,200663,200677
27/02/2023,SANLIURFA,1,679503.04,200669,200675,200673,200666,200671,200670
28/02/2023,ADANA,2,2100.7,200700,200703,200701,200699,200690,200698
28/02/2023,ANTALYA,1,890.87,200697,200694,200688,200695,200692,200696
01/03/2023,ISTANBUL,1,4484.79,200718,200716,200713,200714,200708,200715
01/03/2023,SANLIURFA,1,6954.95,200705,200711,200709,200712,200710,200706
02/03/2023,IZMIR,1,31927.56,200729,200736,200724,200727,200732,200731
02/03/2023,KOCAELI,2,1719.21,200735,200733,200726,200730,200720,200739
03/03/2023,ANTALYA,1,503.33,200742,200751,200752,200754,200753,200755
03/03/2023,IZMIR,1,553.77,200757,200758,200760,200761,200759,200750
04/03/2023,ADANA,2,124599.6,200783,200766,200780,200781,200782,200786
04/03/2023,DIYARBAKIR,1,1839.85,200779,200777,200778,200774,200776,200775
04/03/2023,ISTANBUL,1,59.47,200762,200772,200771,200768,200773,200770
05/03/2023,ADANA,2,2708.17,200791,200801,200804,200800,200803,200790
05/03/2023,IZMIR,2,72.03,200798,200796,200792,200788,200797,200794
06/03/2023,BURSA,2,9456.84,200817,200816,200813,200811,200807,200814
06/03/2023,SANLIURFA,2,36630.74,200808,200821,200820,200822,200809,200819
07/03/2023,ADANA,2,89.5,200840,200837,200838,200836,200839,200824
07/03/2023,ANTALYA,1,4020.15,200831,200842,200828,200829,200830,200841
08/03/2023,ISTANBUL,1,10384.25,200847,200853,200851,200845,200846,200854
08/03/2023,SANLIURFA,1,2177.07,200843,200852,200856,200850,200857,200855
09/03/2023,IZMIR,1,484.54,200866,200862,200864,200868,200873,200875
09/03/2023,KOCAELI,2,207277.0,200869,200874,200867,200861,200858,200865
10/03/2023,ANTALYA,2,2043.48,200878,200890,200887,200891,200877,200892
10/03/2023,IZMIR,2,1514.25,200881,200889,200884,200885,200879,200886
11/03/2023,ADANA,2,1434.78,200913,200917,200914,200912,200898,200916
11/03/2023,DIYARBAKIR,1,2825.68,200903,200909,200900,200905,200899,200908
11/03/2023,ISTANBUL,1,176.31,200906,200896,200911,200907,200902,200895
12/03/2023,ADANA,1,522122.79,200924,200930,200926,200925,200921,200929
12/03/2023,IZMIR,2,505.7,200932,200934,200919,200928,200922,200935
13/03/2023,BURSA,1,1404.51,200962,200965,200958,200953,200964,200963
13/03/2023,SANLIURFA,1,59888.71,200961,200952,200955,200956,200954,200959
14/03/2023,ADANA,1,1219.62,200971,200968,200975,200981,200977,200982
14/03/2023,ANTALYA,2,1239.45,200974,200980,200967,200969,200978,200966
15/03/2023,ISTANBUL,1,3874.68,200986,200991,200985,200990,200987,200988
16/03/2023,IZMIR,1,6111.76,201016,201019,201017,201013,200998,201018
16/03/2023,KOCAELI,1,29507.96,201008,201011,201006,201010,201015,201012
17/03/2023,ANTALYA,1,1791.22,201040,201039,201042,201037,201033,201043
17/03/2023,IZMIR,1,786.75,201031,201041,201038,201046,201032,201044
18/03/2023,ADANA,2,9447.03,201072,201073,201069,201071,201070,201074
18/03/2023,DIYARBAKIR,1,393.91,201065,201067,201064,201066,201063,201068
18/03/2023,ISTANBUL,1,580.26,201062,201058,201061,201060,201056,201057
19/03/2023,ADANA,1,3837.14,201087,201079,201091,201086,201092,201078
19/03/2023,IZMIR,2,903.84,201081,201082,201085,201084,201077,201088
20/03/2023,BURSA,2,32669.23,201110,201096,201106,201101,201103,201095
20/03/2023,SANLIURFA,1,287919.12,201100,201102,201098,201105,201094,201104
21/03/2023,ADANA,2,3541.7,201123,201125,201127,201112,201122,201128
21/03/2023,ANTALYA,2,10121.13,201113,201121,201115,201116,201114,201119
22/03/2023,ISTANBUL,2,1476.31,201137,201133,201144,201145,201140,201132
22/03/2023,SANLIURFA,1,90145.08,201135,201129,201134,201136,201138,201143
23/03/2023,IZMIR,1,3223.53,201162,201166,201161,201158,201157,201164
23/03/2023,KOCAELI,2,5151.84,201156,201152,201146,201151,201149,201163
24/03/2023,ANTALYA,1,335.07,201200,201208,201188,201199,201206,201212
24/03/2023,IZMIR,1,1698.99,201207,201211,201205,201203,201210,201209
25/03/2023,ADANA,2,152.3,201269,201248,201267,201265,201249,201268
25/03/2023,DIYARBAKIR,1,4352.41,201261,201259,201258,201264,201262,201257
25/03/2023,ISTANBUL,2,1539.78,201246,201253,201252,201255,201245,201256
26/03/2023,ADANA,1,318.09,201306,201309,201302,201299,201298,201305
26/03/2023,IZMIR,2,58997.14,201300,201307,201293,201296,201301,201310
27/03/2023,BURSA,1,9659.0,201343,201350,201348,201340,201336,201347
27/03/2023,SANLIURFA,1,4266.78,201334,201345,201344,201338,201346,201349
28/03/2023,ADANA,1,6832.33,201364,201363,201357,201361,201360,201362
28/03/2023,ANTALYA,1,2410.01,201356,201354,201352,201358,201353,201355
29/03/2023,ISTANBUL,1,1378.34,201375,201373,201370,201369,201366,201372
29/03/2023,SANLIURFA,1,7229.56,201380,201376,201377,201378,201368,201374
30/03/2023,IZMIR,2,8454.43,201393,201398,201381,201389,201383,201396
30/03/2023,KOCAELI,1,101143.77,201390,201399,201397,201388,201387,201400
31/03/2023,ANTALYA,2,184.13,201447,201434,201444,201445,201446,201443
31/03/2023,IZMIR,2,944.13,201440,201451,201452,201450,201439,201453
01/04/2023,ADANA,2,17222.39,201505,201510,201507,201509,201490,201506
01/04/2023,DIYARBAKIR,1,823.66,201500,201503,201498,201501,201499,201502
01/04/2023,ISTANBUL,1,460.35,201496,201493,201488,201492,201497,201494
02/04/2023,ADANA,1,4187.35,201541,201540,201539,201544,201536,201545
02/04/2023,IZMIR,1,4532.13,201538,201547,201534,201533,201532,201546
03/04/2023,BURSA,2,2085.85,201551,201557,201554,201550,201552,201562
03/04/2023,SANLIURFA,1,16218.64,201563,201559,201558,201560,201553,201556
04/04/2023,ADANA,2,2435.52,201576,201567,201577,201578,201581,201580
04/04/2023,ANTALYA,2,1600.92,201573,201571,201570,201568,201569,201574
05/04/2023,ISTANBUL,1,1789.07,201588,201591,201587,201585,201586,201589
05/04/2023,SANLIURFA,2,9256.3,201592,201594,201595,201597,201584,201596
06/04/2023,IZMIR,2,187.19,201602,201613,201612,201606,201601,201614
06/04/2023,KOCAELI,2,637.03,201605,201599,201609,201603,201610,201598
07/04/2023,ANTALYA,1,711.75,201655,201647,201650,201659,201652,201658
07/04/2023,IZMIR,1,347.64,201651,201645,201654,201653,201648,201657
08/04/2023,ADANA,2,3062.78,201695,201677,201692,201697,201698,201693
08/04/2023,DIYARBAKIR,1,8287.48,201687,201683,201689,201686,201691,201688
08/04/2023,ISTANBUL,1,884.06,201681,201675,201680,201682,201685,201676
09/04/2023,ADANA,2,1015.98,201726,201744,201750,201747,201724,201749
09/04/2023,IZMIR,2,5975.99,201742,201743,201730,201740,201722,201739
10/04/2023,SANLIURFA,2,27618.63,201769,201763,201771,201770,201768,201764
11/04/2023,ADANA,2,32565.44,201791,201792,201793,201782,201790,201796
11/04/2023,KOCAELI,2,28186.96,201785,201779,201787,201794,201797,201788
12/04/2023,ELAZIG,1,2541.16,201814,201813,201802,201811,201810,201803
12/04/2023,ISTANBUL,2,2833.44,201799,201807,201804,201805,201800,201816
13/04/2023,ANKARA,2,30230.19,201829,201817,201838,201825,201827,201836
13/04/2023,IZMIR,2,662.37,201819,201828,201832,201824,201820,201835
14/04/2023,BURSA,2,1942.11,201881,201884,201882,201880,201868,201883
14/04/2023,ISTANBUL,2,647.73,201876,201875,201877,201871,201874,201873
15/04/2023,ANKARA,2,780.87,201920,201901,201922,201914,201910,201887
15/04/2023,DIYARBAKIR,1,853.35,201916,201911,201918,201906,201915,201904
15/04/2023,IZMIR,1,981.54,201893,201895,201925,201908,201924,201923
16/04/2023,ADANA,2,4100.33,201944,201943,201941,201947,201933,201946
16/04/2023,ISTANBUL,2,4576.7,201931,201939,201934,201936,201929,201940
17/04/2023,BURSA,2,7992.01,201950,201965,201964,201955,201952,201960
17/04/2023,SANLIURFA,1,524140.05,201949,201961,201963,201958,201948,201956
18/04/2023,ADANA,2,1824.98,201979,201969,201981,201983,201970,201989
18/04/2023,KOCAELI,2,5957.7,201972,201971,201976,201977,201967,201975
19/04/2023,ELAZIG,1,3869.01,201995,201996,201994,201993,201997,201998
19/04/2023,ISTANBUL,2,1486.74,202000,201990,202001,202004,202002,201991
20/04/2023,ANKARA,1,415.08,202017,202010,202015,202009,202012,202008
20/04/2023,IZMIR,1,57574.06,202014,202021,202018,202020,202006,202019
21/04/2023,ISTANBUL,2,805.14,202028,202029,202031,202025,202026,202024
22/04/2023,ANKARA,2,7872.9,202055,202054,202044,202048,202053,202047
22/04/2023,DIYARBAKIR,1,1264.44,202058,202060,202061,202057,202056,202059
22/04/2023,IZMIR,2,6227.82,202072,202070,202071,202069,202074,202039
23/04/2023,ADANA,2,6868.05,202035,202063,202066,202067,202064,202034
23/04/2023,ISTANBUL,2,1310.15,202041,202051,202042,202043,202049,202046
24/04/2023,BURSA,2,845.5,202087,202085,202091,202076,202086,202092
24/04/2023,SANLIURFA,1,3014.55,202084,202079,202081,202088,202082,202078
25/04/2023,ADANA,2,3297.24,202106,202107,202104,202108,202110,202096
25/04/2023,KOCAELI,2,400.47,202099,202100,202098,202097,202093,202101
26/04/2023,ELAZIG,1,2761.01,202114,202116,202115,202122,202113,202120
26/04/2023,ISTANBUL,2,1077.61,202121,202125,202117,202127,202119,202111
27/04/2023,ANKARA,2,7799.51,202129,202142,202139,202136,202141,202130
27/04/2023,IZMIR,2,644.11,202146,202131,202145,202134,202147,202133
28/04/2023,BURSA,2,235.93,202152,202163,202165,202162,202151,202166
28/04/2023,ISTANBUL,2,9691.64,202159,202157,202154,202155,202149,202153
29/04/2023,ANKARA,2,2073.3,202177,202171,202173,202172,202174,202170
29/04/2023,DIYARBAKIR,1,19639.69,202180,202181,202182,202184,202183,202179
29/04/2023,IZMIR,2,3190.39,202186,202188,202167,202189,202185,202168
30/04/2023,ADANA,2,2593.08,202211,202195,202204,202205,202196,202207
30/04/2023,ISTANBUL,2,15864.12,202202,202201,202199,202200,202208,202192
01/05/2023,BURSA,2,4453.24,202229,202240,202243,202239,202230,202244
01/05/2023,SANLIURFA,2,18255.36,202232,202246,202245,202247,202233,202235
02/05/2023,ANKARA,2,6374.79,202269,202280,202278,202273,202264,202276
02/05/2023,KOCAELI,2,2684.82,202277,202267,202275,202266,202271,202281
03/05/2023,ELAZIG,1,10774.61,202289,202288,202284,202286,202287,202291
03/05/2023,ISTANBUL,2,1106.78,202282,202293,202298,202297,202283,202294
04/05/2023,ANKARA,2,2206.86,202312,202305,202308,202307,202304,202299
04/05/2023,IZMIR,2,2474.73,202306,202314,202316,202303,202301,202315
05/05/2023,BURSA,2,31687.08,202338,202340,202342,202335,202336,202339
05/05/2023,ISTANBUL,2,3032.84,202333,202325,202326,202328,202332,202330
06/05/2023,ANKARA,2,80544.48,202349,202352,202344,202354,202350,202356
06/05/2023,DIYARBAKIR,1,2712.64,202365,202367,202368,202366,202363,202364
06/05/2023,IZMIR,2,42903.0,202361,202359,202355,202345,202351,202362
07/05/2023,ADANA,2,1326.27,202382,202384,202385,202381,202372,202386
07/05/2023,ISTANBUL,2,2931.51,202374,202369,202375,202373,202376,202370
08/05/2023,BURSA,2,626.99,202389,202404,202402,202399,202390,202400
08/05/2023,SANLIURFA,1,8140.96,202388,202395,202394,202397,202393,202392
09/05/2023,ANKARA,2,34978.53,202421,202414,202419,202413,202415,202411
09/05/2023,KOCAELI,1,1420.43,202409,202412,202410,202405,202406,202420
10/05/2023,ELAZIG,1,1410.16,202437,202438,202435,202423,202436,202433
10/05/2023,ISTANBUL,2,1738.94,202428,202427,202431,202434,202424,202432
11/05/2023,ANKARA,2,262.08,202445,202440,202446,202447,202451,202439
11/05/2023,IZMIR,2,9678.12,202453,202441,202455,202454,202457,202443
12/05/2023,BURSA,2,9600.87,202474,202462,202478,202475,202463,202477
12/05/2023,ISTANBUL,2,509.34,202467,202473,202468,202466,202459,202469
13/05/2023,ANKARA,2,18935.31,202487,202484,202485,202479,202488,202499
13/05/2023,DIYARBAKIR,1,25881.75,202495,202493,202491,202492,202494,202490
13/05/2023,IZMIR,2,313.34,202497,202483,202498,202496,202481,202503
15/05/2023,BURSA,2,1088.79,202507,202513,202512,202509,202531,202519
15/05/2023,ISTANBUL,2,23521.82,202523,202528,202515,202520,202527,202516
15/05/2023,SANLIURFA,2,143921.51,202504,202530,202525,202518,202505,202521
16/05/2023,ADANA,2,139.15,202554,202558,202552,202555,202553,202557
16/05/2023,ANKARA,2,1556.8,202546,202540,202534,202541,202547,202551
16/05/2023,KOCAELI,2,21876.26,202548,202549,202550,202539,202533,202559
17/05/2023,ELAZIG,1,277528.28,202575,202568,202565,202572,202570,202566
17/05/2023,ISTANBUL,2,665705.52,202577,202567,202574,202571,202563,202576
18/05/2023,ANKARA,1,488.8,202578,202586,202581,202580,202579,202583
18/05/2023,IZMIR,1,55474.29,202590,202593,202592,202587,202588,202591
19/05/2023,BURSA,2,1120.22,202600,202613,202611,202609,202614,202599
19/05/2023,ISTANBUL,2,310.24,202602,202598,202603,202601,202605,202597
20/05/2023,ANKARA,2,2028.05,202627,202621,202626,202623,202616,202640
20/05/2023,DIYARBAKIR,1,47347.88,202630,202635,202629,202634,202628,202633
20/05/2023,IZMIR,2,957.73,202619,202636,202631,202639,202617,202638
21/05/2023,ADANA,1,484.47,202655,202657,202651,202652,202650,202654
21/05/2023,ISTANBUL,2,2419.89,202644,202646,202641,202649,202648,202643
22/05/2023,BURSA,2,1715.01,202676,202659,202675,202674,202658,202666
22/05/2023,SANLIURFA,2,98517.98,202672,202663,202669,202673,202662,202671
23/05/2023,ANKARA,2,23661.68,202682,202693,202685,202692,202691,202694
23/05/2023,KOCAELI,2,3745.89,202695,202690,202684,202678,202683,202677
24/05/2023,ELAZIG,1,8591.76,202704,202706,202702,202705,202700,202703
24/05/2023,ISTANBUL,2,8248.0,202713,202708,202712,202709,202697,202711
25/05/2023,ANKARA,1,40987.76,202723,202718,202720,202722,202717,202716
25/05/2023,IZMIR,2,1970.8,202728,202715,202727,202725,202730,202714
26/05/2023,BURSA,2,94871.07,202749,202743,202746,202731,202748,202744
26/05/2023,ISTANBUL,2,52997.13,202741,202734,202736,202735,202737,202739
27/05/2023,ANKARA,2,13563.62,202751,202763,202766,202767,202750,202768
27/05/2023,DIYARBAKIR,1,10393.51,202781,202778,202777,202780,202776,202774
27/05/2023,IZMIR,2,112962.88,202769,202779,202775,202771,202770,202773
29/05/2023,BURSA,2,903.04,202820,202834,202827,202818,202824,202823
29/05/2023,ISTANBUL,2,20867.82,202835,202832,202839,202821,202840,202817
29/05/2023,SANLIURFA,1,1698710.6,202826,202833,202831,202836,202815,202838
30/05/2023,ADANA,2,845.13,202868,202848,202864,202865,202847,202869
30/05/2023,ANKARA,2,18872.2,202858,202860,202859,202842,202849,202855
30/05/2023,KOCAELI,2,72097.63,202843,202854,202853,202856,202845,202863
31/05/2023,ELAZIG,1,8259.05,202889,202873,202896,202895,202874,202894
31/05/2023,ISTANBUL,2,4836.57,202886,202892,202890,202885,202871,202893
01/06/2023,ANKARA,2,5584.04,202928,202924,202920,202927,202903,202925
01/06/2023,IZMIR,2,258.69,202932,202914,202907,202922,202926,202917
02/06/2023,BURSA,2,623.42,202981,202959,202985,202984,202976,202958
02/06/2023,ISTANBUL,2,2320.23,202973,202972,202980,202975,202961,202978
03/06/2023,ANKARA,2,2448.75,203008,202995,203002,203004,203010,202994
03/06/2023,DIYARBAKIR,1,2892.1,203012,203014,203017,203018,203011,203016
03/06/2023,IZMIR,2,8215.23,203022,203023,203007,202996,203020,203025
04/06/2023,ADANA,2,1868.3,203065,203069,203064,203070,203063,203068
04/06/2023,ISTANBUL,2,14341.18,203060,203047,203057,203062,203059,203054
05/06/2023,BURSA,2,1349.26,203113,203112,203100,203101,203096,203111
05/06/2023,SANLIURFA,1,32922.04,203107,203110,203106,203108,203098,203105
06/06/2023,ANKARA,2,6632.45,203120,203129,203119,203127,203124,203122
06/06/2023,KOCAELI,1,55538.41,203115,203121,203130,203118,203125,203131
07/06/2023,ELAZIG,1,480.82,203150,203147,203146,203143,203132,203152
07/06/2023,ISTANBUL,2,31405.97,203157,203156,203149,203154,203158,203151
08/06/2023,ANKARA,2,1732.98,203186,203180,203191,203187,203190,203185
08/06/2023,IZMIR,2,21589.81,203193,203183,203195,203194,203192,203198
09/06/2023,BURSA,2,24697.81,203215,203212,203204,203208,203206,203211
09/06/2023,ISTANBUL,2,900.12,203217,203205,203209,203210,203200,203216
10/06/2023,ANKARA,1,50081.23,203223,203228,203227,203224,203222,203221
10/06/2023,DIYARBAKIR,1,13846.12,203234,203239,203235,203236,203238,203233
10/06/2023,IZMIR,2,501.42,203237,203219,203230,203231,203220,203241
11/06/2023,ADANA,2,2338.37,203256,203251,203254,203255,203259,203258
11/06/2023,ISTANBUL,2,14034.28,203245,203246,203248,203244,203250,203247
12/06/2023,BURSA,2,3495.11,203277,203260,203278,203272,203275,203262
12/06/2023,SANLIURFA,2,87580.32,203270,203263,203268,203267,203273,203264
13/06/2023,ANKARA,2,1617.35,203292,203284,203293,203288,203290,203282
13/06/2023,KOCAELI,2,100554.75,203296,203281,203294,203291,203279,203289
14/06/2023,ELAZIG,1,8025.23,203310,203314,203299,203313,203309,203311
14/06/2023,ISTANBUL,1,3071.06,203302,203308,203303,203307,203305,203304
15/06/2023,ANKARA,2,50345.16,203323,203327,203328,203321,203317,203326
15/06/2023,IZMIR,2,10385.37,203330,203331,203334,203329,203333,203320
16/06/2023,BURSA,2,11442.32,203347,203353,203348,203349,203350,203351
16/06/2023,ISTANBUL,2,216984.63,203337,203342,203339,203343,203338,203344
17/06/2023,ANKARA,2,8103.67,203354,203372,203363,203362,203364,203355
17/06/2023,DIYARBAKIR,1,19794.05,203370,203368,203365,203366,203369,203367
17/06/2023,IZMIR,2,1729.02,203374,203358,203379,203378,203359,203375
18/06/2023,ADANA,2,34333.84,203399,203384,203397,203395,203385,203398
18/06/2023,ISTANBUL,2,1097.44,203392,203381,203391,203388,203389,203380
19/06/2023,BURSA,2,2061.01,203411,203403,203413,203414,203415,203402
19/06/2023,SANLIURFA,1,53653.81,203407,203400,203409,203406,203401,203412
20/06/2023,ANKARA,2,40003.86,203419,203430,203433,203431,203429,203417
20/06/2023,KOCAELI,2,17651.2,203422,203436,203423,203426,203421,203432
21/06/2023,ELAZIG,1,6013.32,203444,203443,203445,203437,203442,203446
21/06/2023,ISTANBUL,1,6887.39,203452,203450,203447,203448,203451,203439
22/06/2023,ANKARA,2,3598.56,203466,203472,203469,203467,203464,203478
22/06/2023,IZMIR,2,11557.3,203473,203480,203475,203474,203462,203477
23/06/2023,BURSA,2,13306.34,203482,203488,203495,203491,203493,203498
23/06/2023,IZMIR,2,12610.06,203490,203500,203494,203492,203489,203499
24/06/2023,ANKARA,2,39049.06,203518,203509,203520,203514,203516,203505
24/06/2023,DIYARBAKIR,1,24424.54,203524,203521,203522,203515,203517,203523
24/06/2023,ISTANBUL,2,2550.18,203512,203506,203504,203510,203507,203502
25/06/2023,ADANA,1,191.41,203541,203539,203536,203537,203538,203540
25/06/2023,ISTANBUL,2,24318.81,203532,203528,203527,203531,203534,203530
26/06/2023,BURSA,2,1378.26,203554,203556,203555,203557,203551,203558
26/06/2023,SANLIURFA,1,151482.13,203547,203549,203545,203548,203542,203546
27/06/2023,ANKARA,2,108041.67,203570,203572,203571,203573,203565,203575
27/06/2023,KOCAELI,1,1006.77,203569,203560,203559,203561,203562,203574
28/06/2023,ISTANBUL,2,7903.62,203579,203576,203584,203582,203578,203583
29/06/2023,ANKARA,2,1269.57,203596,203597,203599,203598,203586,203601
29/06/2023,IZMIR,2,5133.57,203589,203616,203620,203604,203590,203602
30/06/2023,BURSA,2,25174.34,203614,203593,203618,203608,203605,203594
30/06/2023,ISTANBUL,1,32795.44,203623,203619,203615,203622,203624,203621
01/07/2023,ANKARA,2,8481.77,203640,203634,203637,203633,203627,203635
01/07/2023,DIYARBAKIR,1,19794.91,203645,203647,203650,203646,203644,203649
01/07/2023,IZMIR,2,313.5,203651,203641,203630,203648,203632,203629
02/07/2023,ADANA,2,187.6,203666,203668,203667,203669,203656,203665
02/07/2023,ISTANBUL,2,12223.27,203663,203661,203657,203659,203662,203652
03/07/2023,BURSA,2,3416.09,203671,203683,203685,203682,203672,203686
03/07/2023,ELAZIG,1,19742.83,203677,203673,203676,203680,203674,203679
04/07/2023,ANKARA,1,13609.68,203700,203704,203702,203703,203695,203698
04/07/2023,KOCAELI,2,13174.22,203699,203705,203690,203693,203692,203689
05/07/2023,ELAZIG,1,1965.68,203710,203717,203716,203712,203707,203720
05/07/2023,ISTANBUL,2,4267.88,203724,203709,203719,203714,203713,203723
06/07/2023,ANKARA,1,36669.41,203735,203740,203727,203739,203733,203737
06/07/2023,KOCAELI,1,6917.68,203726,203736,203729,203734,203730,203728
07/07/2023,BURSA,2,6066.29,203755,203744,203757,203753,203758,203756
07/07/2023,ISTANBUL,2,1286.85,203742,203748,203752,203750,203743,203747
08/07/2023,ANKARA,2,326.17,203761,203770,203771,203768,203772,203760
08/07/2023,DIYARBAKIR,1,1073.08,203782,203784,203783,203787,203786,203785
08/07/2023,IZMIR,2,793.5,203778,203764,203777,203776,203765,203780
09/07/2023,ISTANBUL,2,588.38,203798,203793,203795,203792,203796,203800
09/07/2023,IZMIR,2,8173.68,203802,203806,203805,203797,203803,203794
10/07/2023,BURSA,2,18000.06,203810,203824,203818,203813,203817,203816
10/07/2023,ELAZIG,2,36618.45,203814,203822,203821,203823,203808,203820
11/07/2023,ANKARA,2,20862.44,203839,203837,203834,203835,203825,203840
11/07/2023,KOCAELI,2,9270.26,203828,203841,203831,203833,203827,203843
12/07/2023,ELAZIG,2,804.4,203846,203852,203850,203853,203858,203848
12/07/2023,ISTANBUL,2,10241.94,203862,203859,203855,203860,203845,203856
13/07/2023,ANKARA,2,39455.11,203874,203875,203878,203872,203876,203863
13/07/2023,KOCAELI,1,2738.0,203871,203870,203865,203868,203867,203866
14/07/2023,BURSA,2,35892.24,203896,203883,203897,203889,203887,203884
14/07/2023,ISTANBUL,2,111838.31,203886,203892,203891,203888,203880,203890
15/07/2023,ANKARA,2,29673.82,203904,203899,203903,203906,203907,203909
15/07/2023,DIYARBAKIR,1,14595.24,203910,203913,203914,203912,203915,203911
15/07/2023,IZMIR,2,7902.34,203917,203918,203920,203919,203901,203922
16/07/2023,ISTANBUL,2,30099.91,203934,203931,203930,203928,203929,203923
16/07/2023,IZMIR,2,3347.35,203938,203940,203939,203936,203937,203927
17/07/2023,BURSA,2,187821.0,203958,203954,203946,203957,203956,203955
17/07/2023,ELAZIG,1,750.63,203944,203949,203952,203947,203948,203943
18/07/2023,ANKARA,2,1504.45,203977,203970,203974,203972,203971,203969
18/07/2023,KOCAELI,2,54969.01,203976,203961,203978,203968,203963,203964
19/07/2023,ELAZIG,1,868.66,203988,203990,203979,203986,203981,203993
19/07/2023,ISTANBUL,2,10719.64,203987,203982,203985,203989,203997,203996
20/07/2023,ANKARA,2,1986.69,204017,204004,204012,204010,204014,204011
20/07/2023,KOCAELI,1,690.0,204007,204018,204016,204003,204006,204002
21/07/2023,BURSA,2,195.48,204021,204034,204036,204035,204019,204037
21/07/2023,ISTANBUL,2,20118.2,204026,204023,204027,204030,204024,204031
22/07/2023,ANKARA,2,12184.74,204048,204044,204050,204043,204047,204049
22/07/2023,DIYARBAKIR,1,3362.15,204060,204059,204055,204054,204056,204057
22/07/2023,IZMIR,2,13126.83,204041,204052,204063,204053,204061,204039
23/07/2023,ISTANBUL,2,914.56,204072,204076,204073,204078,204074,204066
23/07/2023,IZMIR,2,32052.26,204075,204081,204071,204077,204064,204080
24/07/2023,BURSA,2,1794.72,204099,204093,204096,204098,204085,204094
24/07/2023,ELAZIG,2,103286.18,204091,204083,204086,204089,204092,204084
25/07/2023,ANKARA,2,8010.54,204110,204109,204112,204117,204100,204115
25/07/2023,KOCAELI,2,2592.34,204103,204106,204107,204113,204104,204118
26/07/2023,ELAZIG,1,2038.36,204135,204134,204133,204119,204136,204126
26/07/2023,ISTANBUL,2,1366.69,204132,204127,204124,204125,204130,204129
27/07/2023,ANKARA,1,15700.0,204150,204153,204151,204149,204152,204147
27/07/2023,KOCAELI,2,1384.24,204157,204139,204143,204146,204140,204138
28/07/2023,BURSA,2,3188.06,204162,204173,204172,204174,204160,204176
28/07/2023,ISTANBUL,2,771.86,204165,204169,204167,204163,204158,204166
29/07/2023,ANKARA,2,2130.65,204185,204179,204186,204188,204177,204184
29/07/2023,DIYARBAKIR,1,3069.63,204194,204196,204198,204195,204193,204197
29/07/2023,IZMIR,2,10758.19,204199,204200,204201,204190,204180,204202
30/07/2023,ISTANBUL,2,783.71,204217,204209,204216,204214,204210,204204
30/07/2023,IZMIR,2,3223.6,204218,204215,204219,204220,204207,204221
31/07/2023,BURSA,2,1094.48,204235,204234,204238,204236,204225,204233
31/07/2023,ELAZIG,1,389.71,204229,204223,204232,204227,204231,204222
01/08/2023,ANKARA,1,1007.13,204241,204250,204247,204243,204246,204242
01/08/2023,KOCAELI,2,8694.62,204251,204253,204249,204239,204252,204255
02/08/2023,ELAZIG,2,233423.49,204266,204279,204281,204282,204267,204280
02/08/2023,ISTANBUL,2,1724.23,204272,204268,204274,204270,204275,204269
03/08/2023,ANKARA,2,3053.08,204289,204284,204285,204293,204287,204283
03/08/2023,KOCAELI,1,12494.63,204298,204286,204297,204299,204296,204295
04/08/2023,BURSA,2,44811.93,204316,204319,204310,204315,204301,204317
04/08/2023,ISTANBUL,2,11803.61,204308,204302,204309,204314,204312,204303
05/08/2023,ANKARA,2,14711.09,204332,204325,204331,204328,204329,204326
05/08/2023,DIYARBAKIR,1,183856.11,204337,204339,204340,204342,204338,204341
05/08/2023,IZMIR,2,8788.37,204334,204336,204343,204335,204323,204344
06/08/2023,ISTANBUL,2,7825.71,204353,204355,204350,204356,204351,204358
06/08/2023,IZMIR,1,234018.11,204362,204360,204347,204354,204352,204357
07/08/2023,BURSA,2,7156.71,204380,204369,204382,204377,204376,204370
07/08/2023,ELAZIG,2,231056.79,204366,204375,204373,204374,204368,204381
08/08/2023,ANKARA,2,517138.74,204395,204385,204397,204396,204399,204386
08/08/2023,KOCAELI,1,6667.31,204389,204387,204390,204388,204392,204400
09/08/2023,ELAZIG,2,1139030.32,204405,204418,204409,204416,204403,204411
09/08/2023,ISTANBUL,2,19017.85,204415,204402,204410,204413,204406,204401
10/08/2023,ANKARA,2,136.71,204431,204433,204429,204435,204430,204436
10/08/2023,KOCAELI,1,1619.39,204427,204426,204425,204428,204421,204437
11/08/2023,BURSA,2,1162.58,204454,204439,204452,204450,204455,204440
11/08/2023,ISTANBUL,1,74.89,204441,204442,204445,204444,204448,204443
12/08/2023,ANKARA,2,511.39,204462,204461,204460,204468,204466,204463
12/08/2023,DIYARBAKIR,1,1673.69,204471,204470,204472,204476,204469,204473
12/08/2023,IZMIR,2,16961.52,204477,204458,204456,204475,204457,204474
13/08/2023,ISTANBUL,2,193.41,204496,204482,204497,204490,204493,204481
13/08/2023,IZMIR,2,776.11,204484,204492,204495,204491,204494,204485
14/08/2023,BURSA,2,792.51,204511,204514,204510,204512,204509,204499
14/08/2023,ELAZIG,1,5924.31,204503,204505,204507,204504,204502,204506
15/08/2023,ANKARA,2,8334.29,204533,204532,204531,204529,204516,204528
15/08/2023,KOCAELI,2,601.49,204525,204518,204524,204521,204526,204517
16/08/2023,ELAZIG,1,334.27,204537,204535,204540,204542,204536,204541
16/08/2023,ISTANBUL,2,1252.66,204549,204544,204547,204550,204551,204546
17/08/2023,ANKARA,2,31517.85,204559,204569,204565,204568,204560,204570
17/08/2023,KOCAELI,2,35651.53,204552,204567,204561,204566,204554,204555
18/08/2023,BURSA,2,74.41,204588,204581,204584,204576,204573,204589
18/08/2023,ISTANBUL,2,4935.27,204583,204579,204586,204582,204571,204587
19/08/2023,ANKARA,2,79014.98,204593,204602,204604,204595,204597,204599
19/08/2023,DIYARBAKIR,1,26134.05,204611,204614,204610,204609,204613,204612
19/08/2023,IZMIR,2,180388.82,204607,204592,204596,204598,204600,204590
20/08/2023,ISTANBUL,1,8303.29,204622,204632,204630,204624,204628,204631
20/08/2023,IZMIR,2,66437.1,204618,204619,204625,204626,204616,204629
21/08/2023,BURSA,2,564.15,204640,204642,204638,204639,204648,204649
21/08/2023,ELAZIG,2,62129.67,204646,204635,204645,204641,204647,204636
22/08/2023,ANKARA,2,13895.44,204668,204654,204665,204663,204664,204653
22/08/2023,KOCAELI,2,706.03,204656,204669,204660,204657,204651,204658
23/08/2023,ELAZIG,2,3388.41,204673,204688,204684,204680,204675,204686
23/08/2023,ISTANBUL,2,84341.32,204670,204679,204685,204681,204672,204683
24/08/2023,ANKARA,2,300.52,204690,204696,204698,204695,204694,204689
24/08/2023,KOCAELI,2,6185.01,204707,204691,204703,204705,204702,204692
25/08/2023,BURSA,2,2061.39,204717,204710,204713,204718,204715,204722
25/08/2023,ISTANBUL,2,1452.24,204709,204721,204724,204714,204708,204726
26/08/2023,ANKARA,2,49598.24,204737,204727,204738,204742,204734,204728
26/08/2023,DIYARBAKIR,1,13824.61,204744,204739,204743,204745,204736,204741
26/08/2023,IZMIR,2,683.38,204732,204751,204747,204750,204729,204749
27/08/2023,ISTANBUL,2,2801.73,204763,204753,204758,204757,204761,204752
27/08/2023,IZMIR,2,26196.18,204754,204756,204765,204766,204755,204768
28/08/2023,BURSA,2,19565.39,204785,204771,204783,204780,204781,204770
28/08/2023,ELAZIG,1,995.99,204779,204775,204776,204774,204772,204778
29/08/2023,ANKARA,2,1741.03,204802,204787,204795,204793,204801,204804
29/08/2023,KOCAELI,1,2044.1,204792,204799,204800,204791,204794,204798
30/08/2023,ELAZIG,1,16221.13,204812,204806,204819,204809,204805,204817
30/08/2023,ISTANBUL,2,23648.03,204808,204813,204816,204815,204810,204821
31/08/2023,ANKARA,2,2400.46,204823,204831,204835,204836,204822,204833
31/08/2023,IZMIR,2,299.94,204828,204829,204827,204839,204832,204826
01/09/2023,BURSA,2,670.94,204840,204854,204856,204853,204855,204848
01/09/2023,IZMIR,1,214.67,204843,204842,204846,204847,204845,204850
02/09/2023,ANKARA,2,974.42,204857,204865,204862,204866,204858,204875
02/09/2023,ISTANBUL,2,8762.03,204861,204864,204869,204867,204872,204874
03/09/2023,ADANA,2,153520.54,204892,204893,204889,204890,204877,204891
03/09/2023,ISTANBUL,2,99256.33,204887,204882,204884,204885,204881,204879
04/09/2023,BURSA,2,2489.22,204913,204896,204909,204910,204897,204911
04/09/2023,ELAZIG,2,17268.23,204903,204899,204905,204906,204901,204900
05/09/2023,ANKARA,2,3238.82,204932,204917,204927,204926,204924,204916
05/09/2023,KOCAELI,2,1909.08,204931,204928,204921,204914,204920,204929
06/09/2023,ELAZIG,1,21896.56,204942,204941,204943,204939,204934,204938
06/09/2023,ISTANBUL,2,209.59,204947,204936,204948,204945,204935,204950
07/09/2023,ANKARA,1,532.26,204962,204954,204956,204961,204965,204958
07/09/2023,IZMIR,2,28073.28,204955,204959,204966,204951,204967,204964
08/09/2023,BURSA,2,92013.52,204985,204983,204981,204984,204969,204980
08/09/2023,ISTANBUL,2,1915.76,204979,204971,204975,204978,204974,204970
09/09/2023,ANKARA,2,468.84,204995,204994,204997,204991,204998,204986
09/09/2023,DIYARBAKIR,1,19480.96,205007,205002,205006,205004,205005,205001
09/09/2023,IZMIR,2,1663.64,205009,204989,204999,205003,205000,204990
10/09/2023,ADANA,2,1914.68,205026,205024,205012,205020,205019,205022
10/09/2023,ISTANBUL,2,281355.33,205027,205023,205021,205018,205016,205028
11/09/2023,BURSA,2,540.69,205046,205033,205041,205040,205031,205043
11/09/2023,ELAZIG,1,11465.48,205030,205039,205036,205037,205034,205038
12/09/2023,ANKARA,2,14109.84,205059,205048,205065,205053,205062,205047
12/09/2023,KOCAELI,2,1426.41,205064,205063,205061,205052,205049,205058
13/09/2023,ELAZIG,1,8669.12,205081,205069,205076,205070,205080,205068
13/09/2023,ISTANBUL,2,17778.7,205066,205079,205077,205071,205067,205073
14/09/2023,ANKARA,2,126015.67,205089,205092,205093,205091,205083,205095
14/09/2023,IZMIR,2,5917.23,205096,205101,205099,205090,205086,205100
15/09/2023,BURSA,1,9071.85,205114,205113,205115,205112,205116,205117
15/09/2023,ISTANBUL,2,95194.82,205106,205105,205107,205102,205108,205110
16/09/2023,ANKARA,2,1937.94,205125,205128,205127,205126,205129,205120
16/09/2023,DIYARBAKIR,1,43312.88,205141,205139,205137,205135,205136,205138
16/09/2023,IZMIR,2,3654.91,205143,205134,205142,205131,205123,205140
17/09/2023,ADANA,2,16134.9,205159,205162,205161,205157,205144,205160
17/09/2023,ISTANBUL,2,1789.57,205147,205155,205153,205151,205149,205148
18/09/2023,BURSA,2,829.8,205180,205166,205179,205176,205165,205175
18/09/2023,ELAZIG,1,8865.08,205168,205164,205173,205170,205169,205171
19/09/2023,ANKARA,2,171.24,205195,205197,205196,205185,205182,205191
19/09/2023,KOCAELI,1,3500.15,205189,205188,205183,205186,205192,205187
20/09/2023,ELAZIG,1,41390.71,205201,205199,205200,205203,205206,205198
20/09/2023,ISTANBUL,1,1959.7,205213,205211,205212,205209,205208,205202
21/09/2023,ANKARA,2,649.54,205220,205217,205224,205222,205219,205218
21/09/2023,IZMIR,2,5400.0,205216,205229,205227,205230,205214,205232
22/09/2023,BURSA,2,99304.26,205252,205249,205250,205246,205245,205244
22/09/2023,ISTANBUL,2,4945.32,205239,205238,205240,205237,205243,205235
23/09/2023,ANKARA,2,117.22,205262,205259,205260,205261,205258,205253
23/09/2023,DIYARBAKIR,1,20877.54,205265,205266,205270,205271,205269,205267
23/09/2023,IZMIR,2,9095.41,205256,205276,205274,205268,205257,205272
24/09/2023,ADANA,2,1192.4,205292,205278,205291,205295,205289,205279
24/09/2023,ISTANBUL,2,20803.29,205286,205288,205284,205280,205282,205283
25/09/2023,BURSA,2,10049.91,205297,205311,205302,205300,205308,205305
25/09/2023,ELAZIG,1,1940.26,205306,205301,205298,205309,205303,205307
26/09/2023,ANKARA,2,1301.5,205326,205331,205320,205329,205322,205318
26/09/2023,KOCAELI,2,1280.32,205316,205330,205314,205319,205323,205313
27/09/2023,ELAZIG,1,1775.24,205343,205332,205341,205340,205338,205337
27/09/2023,ISTANBUL,2,1085.76,205335,205347,205349,205345,205336,205344
28/09/2023,ANKARA,2,80238.35,205357,205354,205360,205361,205352,205364
28/09/2023,IZMIR,2,4697.79,205369,205365,205366,205356,205350,205367
29/09/2023,BURSA,1,1022.08,205386,205382,205379,205380,205383,205385
29/09/2023,ISTANBUL,2,20681.11,205370,205376,205377,205375,205372,205378
30/09/2023,ANKARA,2,8251.45,205398,205396,205399,205397,205395,205388
30/09/2023,DIYARBAKIR,1,386.44,205401,205404,205400,205402,205403,205405
30/09/2023,IZMIR,2,106561.58,205407,205389,205411,205406,205409,205412
01/10/2023,ADANA,2,2803.54,205416,205431,205428,205427,205417,205429
01/10/2023,ISTANBUL,2,19530.38,205422,205424,205421,205418,205425,205419
02/10/2023,BURSA,2,13318.08,205435,205447,205445,205444,205449,205436
02/10/2023,ELAZIG,1,14220.23,205438,205434,205439,205440,205443,205433
03/10/2023,ADANA,2,3082.31,205455,205467,205468,205469,205454,205465
03/10/2023,KOCAELI,2,16508.87,205451,205459,205457,205461,205462,205458
04/10/2023,ELAZIG,1,3527.68,205473,205485,205480,205489,205474,205483
04/10/2023,ISTANBUL,2,7525.94,205471,205481,205479,205486,205488,205482
05/10/2023,ANKARA,2,1120.81,205496,205497,205494,205495,205490,205500
05/10/2023,IZMIR,2,3672.36,205506,205501,205504,205503,205502,205492
06/10/2023,BURSA,2,2277.42,205511,205523,205516,205525,205513,205510
06/10/2023,ISTANBUL,2,521.3,205522,205509,205517,205514,205508,205519
07/10/2023,ANKARA,2,85.43,205533,205537,205534,205538,205535,205539
07/10/2023,DIYARBAKIR,1,16744.72,205542,205544,205540,205541,205543,205545
07/10/2023,IZMIR,2,2191.32,205547,205551,205546,205548,205529,205549
08/10/2023,ADANA,2,1482.63,205570,205556,205563,205564,205554,205565
08/10/2023,ISTANBUL,2,4723.94,205566,205561,205559,205557,205558,205553
09/10/2023,BURSA,2,541.67,205573,205583,205584,205580,205587,205585
09/10/2023,ELAZIG,1,60494.99,205577,205582,205578,205586,205571,205579
10/10/2023,ADANA,2,13896.21,205593,205605,205604,205603,205607,205594
10/10/2023,KOCAELI,2,7676.76,205596,205608,205599,205597,205590,205600
11/10/2023,ELAZIG,1,8018.24,205615,205623,205617,205619,205611,205622
11/10/2023,ISTANBUL,2,158.52,205618,205609,205626,205616,205625,205621
12/10/2023,ANKARA,2,18349.1,205632,205637,205633,205636,205627,205641
12/10/2023,IZMIR,2,6470.7,205640,205642,205639,205638,205630,205644
13/10/2023,BURSA,2,46139.2,205657,205650,205652,205655,205645,205663
13/10/2023,ISTANBUL,2,872.72,205654,205648,205653,205658,205659,205661
14/10/2023,ANKARA,2,269.59,205673,205670,205675,205678,205672,205664
14/10/2023,DIYARBAKIR,1,29038.9,205685,205681,205680,205682,205686,205684
14/10/2023,IZMIR,2,20020.69,205676,205666,205687,205683,205668,205679
15/10/2023,ADANA,2,13922.21,205689,205702,205701,205704,205690,205707
15/10/2023,ISTANBUL,2,10717.19,205698,205694,205697,205699,205696,205700
16/10/2023,BURSA,2,16103.39,205723,205711,205715,205713,205716,205710
16/10/2023,ELAZIG,1,6587.13,205721,205725,205720,205708,205719,205722
17/10/2023,ADANA,2,26089.24,205737,205741,205729,205740,205738,205742
17/10/2023,KOCAELI,2,111534.43,205727,205735,205734,205736,205726,205732
18/10/2023,ELAZIG,1,40004.97,205762,205761,205758,205757,205746,205760
18/10/2023,ISTANBUL,2,12914.91,205751,205752,205756,205755,205749,205750
19/10/2023,ANKARA,2,2315.63,205774,205773,205775,205776,205768,205770
19/10/2023,IZMIR,2,9053.36,205778,205763,205777,205779,205771,205780
20/10/2023,BURSA,2,630.71,205796,205799,205795,205797,205784,205792
20/10/2023,ISTANBUL,2,67863.44,205789,205793,205785,205790,205781,205788
21/10/2023,ANKARA,2,1104.84,205812,205807,205814,205808,205813,205800
21/10/2023,DIYARBAKIR,1,89793.31,205823,205824,205821,205822,205826,205827
21/10/2023,IZMIR,2,1597.0,205825,205819,205805,205815,205803,205820
22/10/2023,ADANA,2,20963.09,205831,205843,205842,205840,205830,205846
22/10/2023,ISTANBUL,2,2919.07,205829,205837,205833,205834,205828,205838
23/10/2023,BURSA,1,1878.35,205847,205852,205859,205850,205855,205861
23/10/2023,ELAZIG,1,6707.87,205854,205849,205860,205851,205853,205857
24/10/2023,ADANA,2,1915089.77,205866,205878,205880,205877,205875,205865
24/10/2023,KOCAELI,2,434.88,205873,205872,205871,205869,205870,205864
25/10/2023,ELAZIG,1,1477.02,205895,205882,205887,205896,205883,205885
25/10/2023,ISTANBUL,1,3941.15,205897,205888,205893,205886,205890,205884
26/10/2023,ANKARA,2,262.16,205905,205904,205907,205903,205899,205906
26/10/2023,IZMIR,2,1016543.14,205914,205916,205913,205908,205912,205900
27/10/2023,BURSA,2,10279.37,205917,205936,205923,205926,205918,205934
27/10/2023,ISTANBUL,2,30263.2,205929,205927,205930,205932,205920,205935
28/10/2023,ANKARA,2,1099.32,205945,205950,205947,205948,205949,205938
28/10/2023,DIYARBAKIR,1,25910.92,205954,205958,205951,205952,205953,205955
28/10/2023,IZMIR,2,549.91,205939,205959,205943,205942,205940,205960
29/10/2023,ADANA,2,2851.1,205977,205980,205974,205976,205963,205975
29/10/2023,ISTANBUL,2,14026.07,205973,205969,205972,205966,205965,205970
30/10/2023,BURSA,2,162323.24,205994,205995,205992,205984,205996,205997
30/10/2023,ELAZIG,1,60340.62,205990,205982,205988,205986,205985,205989
31/10/2023,ADANA,2,857.15,206016,206001,206014,206011,206002,206013
31/10/2023,KOCAELI,2,11897.86,206007,206003,206005,206008,205998,206006
01/11/2023,ELAZIG,1,7530.6,206017,206021,206024,206026,206023,206022
01/11/2023,ISTANBUL,2,3354.93,206033,206031,206025,206029,206019,206034
02/11/2023,ANKARA,2,1681.93,206042,206044,206045,206041,206035,206043
02/11/2023,IZMIR,2,666125.94,206050,206049,206048,206039,206037,206051
03/11/2023,BURSA,2,28145.75,206057,206069,206063,206071,206068,206056
03/11/2023,ISTANBUL,2,24514.68,206064,206062,206061,206066,206055,206060
04/11/2023,ANKARA,2,1705.03,206091,206090,206093,206088,206089,206096
04/11/2023,DIYARBAKIR,1,3665.52,206100,206101,206098,206104,206103,206102
04/11/2023,IZMIR,2,40365.24,206082,206095,206094,206083,206086,206097
05/11/2023,ADANA,2,6343.95,206105,206115,206122,206119,206106,206120
05/11/2023,ISTANBUL,2,1564.03,206112,206108,206109,206111,206116,206110
06/11/2023,BURSA,2,1609.52,206131,206124,206134,206129,206130,206128
06/11/2023,ELAZIG,1,342.33,206126,206139,206137,206140,206135,206138
07/11/2023,ADANA,2,57475.43,206156,206153,206155,206157,206159,206145
07/11/2023,KOCAELI,2,4389.84,206147,206149,206150,206151,206142,206152
08/11/2023,ELAZIG,1,2442.9,206176,206173,206162,206171,206175,206172
08/11/2023,ISTANBUL,2,1298.97,206165,206169,206167,206164,206166,206170
09/11/2023,ANKARA,2,1540.34,206189,206190,206187,206182,206185,206184
09/11/2023,IZMIR,2,55548.36,206192,206195,206186,206180,206191,206194
10/11/2023,BURSA,2,15087.79,206223,206211,206222,206218,206212,206224
10/11/2023,ISTANBUL,2,646.11,206217,206221,206215,206216,206220,206209
11/11/2023,ANKARA,2,57.34,206242,206229,206239,206240,206244,206245
11/11/2023,DIYARBAKIR,1,29074.76,206249,206247,206252,206248,206251,206246
11/11/2023,IZMIR,2,35062.07,206237,206228,206235,206236,206234,206233
12/11/2023,ADANA,2,47605.74,206269,206267,206270,206268,206254,206271
12/11/2023,ISTANBUL,2,169.59,206261,206262,206258,206260,206259,206263
13/11/2023,BURSA,2,877.89,206287,206273,206285,206286,206274,206289
13/11/2023,SANLIURFA,1,873.21,206280,206275,206279,206282,206276,206278
14/11/2023,ADANA,1,16923.25,206294,206292,206295,206293,206290,206296
14/11/2023,ANTALYA,1,2622.33,206298,206301,206302,206299,206300,206297
15/11/2023,ISTANBUL,2,496.12,206320,206306,206317,206312,206319,206307
15/11/2023,SANLIURFA,1,22586.87,206310,206315,206318,206305,206313,206311
16/11/2023,IZMIR,1,881.27,206335,206325,206336,206337,206334,206323
16/11/2023,KOCAELI,2,48344.41,206332,206330,206329,206331,206328,206327
17/11/2023,ANTALYA,1,6155.2,206348,206340,206350,206344,206347,206352
17/11/2023,IZMIR,1,941.92,206351,206343,206349,206342,206338,206346
18/11/2023,ADANA,2,1605.76,206375,206371,206370,206374,206356,206372
18/11/2023,DIYARBAKIR,1,1427.72,206366,206368,206364,206367,206359,206362
18/11/2023,ISTANBUL,1,1076.75,206365,206361,206353,206360,206357,206358
19/11/2023,ADANA,1,1668.06,206377,206389,206388,206384,206376,206386
19/11/2023,IZMIR,2,4981.25,206379,206383,206387,206380,206381,206378
20/11/2023,BURSA,2,202526.99,206407,206395,206405,206400,206396,206409
20/11/2023,SANLIURFA,1,1315596.58,206406,206392,206398,206403,206393,206399
21/11/2023,ADANA,1,1718.45,206425,206410,206421,206424,206423,206411
21/11/2023,ANTALYA,1,248.75,206412,206414,206419,206415,206413,206416
22/11/2023,ISTANBUL,2,175.65,206433,206434,206429,206432,206436,206428
22/11/2023,SANLIURFA,1,1020.05,206437,206426,206441,206438,206439,206440
23/11/2023,IZMIR,1,244.18,206449,206446,206453,206458,206459,206445
23/11/2023,KOCAELI,2,5148.11,206452,206448,206454,206447,206444,206451
24/11/2023,ANTALYA,1,170.84,206464,206469,206467,206471,206472,206468
24/11/2023,IZMIR,1,23910.93,206462,206460,206465,206461,206463,206466
25/11/2023,ADANA,2,18213.55,206495,206491,206493,206490,206475,206494
25/11/2023,DIYARBAKIR,1,9764.33,206481,206482,206480,206479,206477,206478
25/11/2023,ISTANBUL,1,12374.07,206474,206486,206487,206484,206473,206488
26/11/2023,ADANA,1,3089.68,206498,206506,206504,206503,206496,206508
26/11/2023,IZMIR,2,444.93,206499,206509,206501,206512,206510,206505
27/11/2023,BURSA,2,667.43,206531,206521,206528,206527,206513,206526
27/11/2023,SANLIURFA,2,3793.28,206520,206516,206522,206525,206518,206524
28/11/2023,ADANA,1,122.32,206533,206546,206544,206542,206532,206545
28/11/2023,ANTALYA,1,1536.49,206539,206538,206535,206537,206541,206534
29/11/2023,ISTANBUL,1,8759.53,206556,206550,206553,206555,206551,206549
29/11/2023,SANLIURFA,1,2246.63,206547,206560,206559,206561,206548,206557
30/11/2023,IZMIR,2,2521.76,206576,206574,206579,206568,206578,206581
30/11/2023,KOCAELI,2,7259.41,206580,206563,206572,206567,206577,206564
01/12/2023,ANTALYA,2,6279.96,206595,206597,206592,206583,206594,206591
01/12/2023,IZMIR,1,1833.97,206590,206593,206585,206588,206584,206586
02/12/2023,ADANA,2,2767.45,206601,206616,206609,206611,206600,206610
02/12/2023,DIYARBAKIR,1,6939.74,206619,206618,206614,206617,206615,206620
02/12/2023,ISTANBUL,1,8292.52,206607,206604,206605,206606,206598,206603
03/12/2023,ADANA,1,12120.91,206632,206623,206631,206633,206627,206624
03/12/2023,IZMIR,2,4608.01,206626,206637,206634,206625,206622,206635
04/12/2023,BURSA,2,4344.47,206641,206649,206654,206650,206640,206655
04/12/2023,SANLIURFA,1,39718.28,206651,206645,206643,206639,206648,206646
05/12/2023,ADANA,1,27229.11,206665,206668,206662,206663,206667,206670
05/12/2023,ANTALYA,2,707.41,206666,206669,206659,206660,206656,206664
06/12/2023,ISTANBUL,1,7825.19,206682,206674,206684,206678,206673,206686
06/12/2023,SANLIURFA,1,18386.62,206685,206677,206681,206671,206680,206679
07/12/2023,IZMIR,1,167.43,206691,206694,206697,206693,206692,206690
07/12/2023,KOCAELI,2,36921.21,206699,206687,206698,206702,206688,206700
08/12/2023,ANTALYA,2,2247.28,206709,206708,206706,206710,206712,206713
08/12/2023,IZMIR,1,3024.52,206707,206717,206714,206716,206711,206705
09/12/2023,ADANA,2,2067.08,206719,206730,206738,206735,206737,206718
09/12/2023,DIYARBAKIR,1,291.66,206726,206723,206720,206721,206725,206724
09/12/2023,ISTANBUL,1,2058.92,206728,206729,206727,206736,206722,206731
10/12/2023,ADANA,1,10028.52,206753,206755,206752,206756,206740,206750
10/12/2023,IZMIR,2,27606.7,206754,206744,206749,206742,206746,206745
11/12/2023,BURSA,2,2539.67,206773,206760,206771,206770,206772,206759
11/12/2023,SANLIURFA,1,25079.29,206762,206758,206766,206761,206757,206765
12/12/2023,ADANA,1,230.96,206779,206774,206784,206782,206775,206783
12/12/2023,ANTALYA,1,9809.01,206786,206777,206781,206787,206788,206776
13/12/2023,ISTANBUL,2,1398.3,206796,206800,206794,206799,206793,206806
13/12/2023,SANLIURFA,1,643848.44,206790,206797,206802,206804,206789,206801
14/12/2023,IZMIR,1,1757.66,206809,206820,206815,206817,206810,206821
14/12/2023,KOCAELI,2,9033.69,206819,206813,206811,206818,206807,206814
15/12/2023,ANTALYA,1,8663.6,206830,206834,206833,206835,206827,206836
15/12/2023,IZMIR,1,56.35,206826,206824,206825,206828,206823,206829
16/12/2023,ADANA,2,473.23,206859,206853,206857,206854,206855,206839
16/12/2023,ISTANBUL,1,1342.22,206837,206844,206843,206842,206838,206852
17/12/2023,ADANA,1,79111.66,206872,206874,206873,206860,206871,206877
17/12/2023,IZMIR,2,3196.93,206870,206865,206866,206863,206868,206875
18/12/2023,BURSA,2,1685.27,206892,206881,206894,206890,206880,206893
18/12/2023,SANLIURFA,1,51546.63,206886,206879,206882,206889,206884,206878
19/12/2023,ADANA,1,18090.73,206909,206903,206906,206907,206904,206905
19/12/2023,ANTALYA,2,82447.98,206899,206900,206902,206895,206901,206908
19/12/2023,DIYARBAKIR,1,2527.88,206846,206850,206849,206848,206851,206845
20/12/2023,ISTANBUL,1,4476.37,206923,206925,206919,206924,206912,206922
20/12/2023,SANLIURFA,1,9050.92,206915,206918,206920,206910,206916,206914
21/12/2023,IZMIR,1,4326.26,206943,206928,206941,206933,206929,206940
21/12/2023,KOCAELI,2,157496.23,206932,206930,206935,206937,206934,206926
22/12/2023,ANTALYA,1,417.18,206944,206953,206948,206946,206951,206947
22/12/2023,IZMIR,1,25503.4,206954,206950,206956,206955,206957,206952
23/12/2023,ADANA,2,3060.34,206981,206979,206970,206971,206972,206977
23/12/2023,DIYARBAKIR,1,11764.04,206968,206963,206964,206966,206965,206967
23/12/2023,ISTANBUL,2,178.1,206960,206976,206975,206980,206958,206973
24/12/2023,ADANA,1,770.51,206982,206991,206986,206993,206989,206983
24/12/2023,IZMIR,2,5929.88,206996,206985,206987,206992,206994,206984
25/12/2023,BURSA,2,3361.41,207014,207012,207003,206999,207002,207009
25/12/2023,SANLIURFA,1,1612.98,207006,207000,207007,207011,207001,207008
26/12/2023,ADANA,1,119408.34,207017,207028,207026,207024,207018,207029
26/12/2023,ANTALYA,1,820.82,207020,207021,207023,207019,207016,207022
27/12/2023,ISTANBUL,1,1437.67,207034,207037,207038,207035,207040,207044
27/12/2023,SANLIURFA,1,1461.83,207032,207042,207036,207046,207045,207043
28/12/2023,IZMIR,1,6342.14,207059,207050,207056,207053,207061,207049
28/12/2023,KOCAELI,2,3526.56,207055,207048,207057,207054,207051,207060
29/12/2023,ANTALYA,2,26972.64,207068,207073,207071,207077,207062,207070
29/12/2023,IZMIR,1,3484.17,207069,207065,207066,207067,207072,207074
30/12/2023,ADANA,2,1820.58,207098,207096,207101,207097,207080,207099
30/12/2023,ISTANBUL,1,1083.63,207094,207090,207085,207083,207078,207092
31/12/2023,ADANA,1,83441.44,207106,207109,207108,207110,207111,207102
31/12/2023,DIYARBAKIR,1,366037.33,207084,207087,207093,207089,207082,207086
31/12/2023,IZMIR,2,28858.1,207115,207117,207113,207116,207105,207114
01/01/2024,BURSA,2,4101.94,207126,207125,207124,207119,207123,207127
02/01/2024,ADANA,1,1073.95,207140,207139,207137,207136,207134,207141
02/01/2024,ANTALYA,1,3044.09,207132,207129,207135,207130,207128,207138
03/01/2024,ISTANBUL,1,931.34,207147,207146,207143,207145,207148,207142
04/01/2024,IZMIR,1,217.18,207164,207152,207162,207166,207163,207151
04/01/2024,KOCAELI,2,1043.4,207153,207149,207158,207155,207150,207156
05/01/2024,ANTALYA,2,23457.46,207177,207173,207179,207172,207175,207181
05/01/2024,IZMIR,1,24353.68,207178,207180,207176,207174,207171,207169
06/01/2024,ADANA,2,449.66,207183,207193,207190,207195,207188,207182
06/01/2024,ISTANBUL,1,26686.86,207197,207191,207184,207186,207196,207187
07/01/2024,ADANA,1,14435.02,207210,207205,207207,207213,207214,207212
07/01/2024,IZMIR,1,2196.94,207201,207211,207209,207206,207204,207202
08/01/2024,BURSA,2,12399.26,207231,207216,207227,207224,207215,207232
08/01/2024,SANLIURFA,1,13114.8,207230,207217,207223,207228,207218,207226
09/01/2024,ADANA,1,93603.34,207241,207235,207244,207246,207239,207236
09/01/2024,ANTALYA,2,19600.9,207243,207240,207248,207233,207242,207247
10/01/2024,ISTANBUL,2,766.6,207253,207265,207258,207256,207263,207251
10/01/2024,SANLIURFA,1,3243555.9,207255,207249,207264,207262,207254,207260
11/01/2024,IZMIR,1,1361.86,207280,207269,207281,207278,207274,207279
11/01/2024,KOCAELI,2,628.08,207277,207268,207270,207273,207275,207272
12/01/2024,ANTALYA,1,328740.06,207294,207295,207290,207287,207288,207292
12/01/2024,IZMIR,1,120188.0,207293,207283,207284,207291,207289,207282
13/01/2024,ADANA,2,16523.36,207310,207298,207311,207306,207312,207299
13/01/2024,ISTANBUL,1,5935.24,207296,207302,207301,207300,207305,207303
14/01/2024,ADANA,1,19954.72,207323,207322,207319,207318,207313,207321
14/01/2024,IZMIR,2,373.6,207328,207326,207320,207325,207329,207315
15/01/2024,BURSA,2,335.82,207344,207347,207340,207343,207331,207345
15/01/2024,SANLIURFA,2,2229362.25,207334,207342,207339,207341,207332,207337
16/01/2024,ADANA,1,1741.32,207363,207348,207359,207362,207360,207349
16/01/2024,ANTALYA,2,678.64,207358,207350,207354,207357,207352,207355
17/01/2024,ISTANBUL,1,83281.52,207376,207377,207367,207375,207366,207378
17/01/2024,SANLIURFA,1,3145.51,207372,207368,207364,207371,207370,207369
18/01/2024,IZMIR,1,901.06,207391,207381,207383,207392,207393,207384
18/01/2024,KOCAELI,2,1479.84,207386,207390,207389,207387,207379,207382
19/01/2024,ANTALYA,2,62924.76,207424,207429,207408,207427,207406,207425
19/01/2024,IZMIR,1,231.24,207422,207418,207419,207423,207426,207420
20/01/2024,ADANA,2,44023.06,207452,207455,207453,207450,207448,207456
20/01/2024,ISTANBUL,2,922.52,207451,207447,207449,207445,207442,207444
21/01/2024,ADANA,1,8633.52,207469,207472,207468,207470,207473,207460
21/01/2024,IZMIR,2,89470.8,207475,207461,207477,207471,207479,207462
22/01/2024,BURSA,2,14027.28,207498,207483,207496,207497,207484,207495
22/01/2024,SANLIURFA,2,280533.15,207482,207491,207488,207485,207494,207493
23/01/2024,ADANA,1,4468.48,207510,207507,207509,207506,207508,207512
23/01/2024,ANTALYA,1,150.18,207511,207503,207504,207505,207500,207502
24/01/2024,ISTANBUL,1,1119.58,207526,207518,207520,207516,207525,207523
24/01/2024,SANLIURFA,1,50040.03,207515,207524,207517,207521,207513,207519
25/01/2024,IZMIR,1,4790.5,207537,207530,207540,207542,207541,207529
25/01/2024,KOCAELI,2,65690.04,207527,207535,207532,207533,207528,207538
26/01/2024,ANTALYA,1,635.46,207562,207548,207563,207566,207547,207567
26/01/2024,IZMIR,1,55059.48,207558,207556,207557,207560,207561,207559
27/01/2024,ADANA,2,3604.95,207582,207569,207578,207579,207584,207568
27/01/2024,ISTANBUL,1,2697.58,207577,207575,207571,207572,207576,207574
28/01/2024,ADANA,1,666.4,207600,207587,207598,207597,207588,207601
28/01/2024,IZMIR,2,162.46,207592,207586,207594,207591,207599,207585
29/01/2024,BURSA,2,1048.48,207604,207609,207612,207606,207617,207619
29/01/2024,SANLIURFA,2,28031.56,207615,207603,207614,207607,207611,207613
30/01/2024,ADANA,1,15441.48,207633,207623,207632,207631,207634,207622
30/01/2024,ANTALYA,1,74115.74,207620,207629,207628,207624,207626,207627
31/01/2024,ISTANBUL,2,8117.96,207637,207650,207641,207648,207639,207645
31/01/2024,SANLIURFA,1,8254974.75,207651,207644,207646,207635,207642,207647
01/02/2024,IZMIR,1,244828.12,207661,207666,207663,207665,207662,207664
01/02/2024,KOCAELI,2,60709.08,207660,207659,207654,207658,207657,207652
02/02/2024,ANTALYA,1,5065.94,207677,207669,207682,207671,207670,207680
02/02/2024,IZMIR,1,32347.92,207667,207676,207673,207672,207668,207679
03/02/2024,ADANA,2,7552.7,207695,207688,207691,207700,207693,207702
03/02/2024,ISTANBUL,1,6716.68,207690,207699,207694,207692,207696,207686
04/02/2024,ADANA,1,1074.2,207711,207703,207710,207709,207708,207712
04/02/2024,IZMIR,1,5042.1,207717,207714,207716,207706,207705,207713
05/02/2024,BURSA,2,41506.92,207736,207745,207751,207750,207737,207754
05/02/2024,SANLIURFA,2,66785.7,207748,207742,207746,207738,207744,207740
06/02/2024,ADANA,1,4277.12,207761,207772,207773,207770,207763,207774
06/02/2024,ANTALYA,1,310.24,207769,207759,207768,207766,207760,207767
07/02/2024,ISTANBUL,1,1490.06,207776,207782,207781,207779,207775,207784
07/02/2024,SANLIURFA,1,8662.26,207780,207785,207789,207777,207783,207787
08/02/2024,IZMIR,1,3116.94,207790,207802,207799,207807,207791,207805
08/02/2024,KOCAELI,1,1414.82,207801,207800,207803,207806,207797,207793
09/02/2024,ANTALYA,1,545.1,207824,207832,207825,207833,207819,207826
09/02/2024,IZMIR,1,1972.78,207830,207822,207834,207831,207828,207827
10/02/2024,ADANA,2,7734.24,207853,207841,207856,207854,207842,207857
10/02/2024,ISTANBUL,1,27142.88,207846,207847,207843,207845,207849,207850
11/02/2024,ADANA,1,1778.18,207865,207868,207867,207869,207863,207871
11/02/2024,IZMIR,2,11829.24,207862,207872,207864,207861,207866,207870
12/02/2024,BURSA,2,26079.1,207879,207890,207880,207878,207873,207888
12/02/2024,SANLIURFA,2,20559.33,207882,207889,207883,207887,207875,207886
13/02/2024,ADANA,1,8404.36,207903,207891,207900,207904,207893,207902
13/02/2024,ANTALYA,1,7299.38,207899,207905,207898,207895,207897,207896
14/02/2024,ISTANBUL,1,4319.88,207908,207916,207913,207921,207909,207920
14/02/2024,SANLIURFA,1,4719.87,207914,207907,207912,207917,207910,207906
15/02/2024,IZMIR,1,355.3,207935,207937,207936,207932,207934,207928
15/02/2024,KOCAELI,2,10975.12,207933,207930,207927,207925,207931,207923
16/02/2024,ANTALYA,1,2682.98,207951,207939,207950,207944,207948,207949
16/02/2024,IZMIR,1,688.76,207940,207942,207945,207947,207941,207943
17/02/2024,ADANA,2,419449.12,207966,207960,207967,207959,207965,207968
17/02/2024,ISTANBUL,1,507.52,207958,207962,207955,207957,207954,207961
18/02/2024,ADANA,1,775.96,207980,207970,207974,207977,207978,207979
18/02/2024,IZMIR,2,18541.12,207981,207972,207973,207985,207971,207984
19/02/2024,BURSA,2,131956.68,207999,207988,208000,208002,207989,208001
19/02/2024,SANLIURFA,1,11259.93,207996,207993,207995,207991,207987,207992
20/02/2024,ADANA,1,34969.94,208024,208020,208022,208021,208023,208025
20/02/2024,ANTALYA,1,1426.54,208016,208012,208019,208017,208018,208015
21/02/2024,ISTANBUL,1,5116.62,208033,208034,208029,208036,208031,208038
21/02/2024,SANLIURFA,2,4950.99,208026,208037,208039,208028,208041,208035
22/02/2024,IZMIR,1,735.39,208043,208055,208057,208059,208044,208058
22/02/2024,KOCAELI,2,219235.36,208053,208049,208051,208054,208062,208048
23/02/2024,ANTALYA,1,2118.16,208077,208082,208083,208081,208070,208084
23/02/2024,IZMIR,1,5277.1,208075,208072,208080,208073,208071,208076
24/02/2024,ADANA,2,261.18,208092,208087,208094,208090,208088,208099
24/02/2024,ISTANBUL,1,58903.06,208086,208100,208095,208093,208085,208096
25/02/2024,ADANA,1,1776.66,208103,208111,208114,208112,208102,208115
25/02/2024,IZMIR,2,506700.08,208117,208113,208107,208106,208108,208116
26/02/2024,BURSA,2,25779.24,208130,208120,208132,208129,208122,208133
26/02/2024,SANLIURFA,1,132905.4,208118,208125,208127,208128,208119,208126
27/02/2024,ADANA,1,7116.4,208140,208137,208141,208136,208138,208139
27/02/2024,ANTALYA,2,1844.32,208146,208147,208148,208143,208144,208134
28/02/2024,ISTANBUL,2,7597.94,208152,208164,208165,208161,208153,208166
28/02/2024,SANLIURFA,2,80688.94,208150,208159,208155,208154,208158,208157
29/02/2024,IZMIR,1,82360.76,208183,208170,208178,208181,208169,208185
29/02/2024,KOCAELI,2,21123.74,208173,208167,208175,208177,208176,208180
01/03/2024,ANTALYA,2,347.4,208203,208196,208199,208201,208200,208202
01/03/2024,IZMIR,1,14899.42,208207,208208,208204,208193,208205,208210
02/03/2024,ADANA,2,68625.8,208212,208223,208220,208218,208219,208211
02/03/2024,ISTANBUL,2,513.4,208233,208237,208232,208213,208230,208236
03/03/2024,ADANA,1,2178.08,208244,208251,208247,208249,208245,208250
03/03/2024,IZMIR,2,2585.34,208238,208252,208246,208241,208248,208243
04/03/2024,BURSA,2,87118.7,208269,208254,208264,208262,208259,208253
04/03/2024,SANLIURFA,2,74398.92,208270,208265,208267,208268,208255,208263
05/03/2024,ADANA,2,33677.92,208281,208286,208285,208272,208284,208288
05/03/2024,ANTALYA,1,8693.64,208279,208273,208282,208278,208276,208277
06/03/2024,ISTANBUL,1,49496.1,208295,208298,208300,208297,208290,208299
06/03/2024,SANLIURFA,1,129278.36,208294,208289,208296,208293,208292,208291
07/03/2024,IZMIR,1,531.48,208310,208313,208315,208314,208309,208312
07/03/2024,KOCAELI,2,8587.08,208306,208301,208305,208308,208303,208311
08/03/2024,ANTALYA,1,11899.46,208331,208347,208350,208332,208352,208345
08/03/2024,IZMIR,1,2439.06,208353,208341,208349,208346,208342,208344
09/03/2024,ADANA,2,535502.5,208366,208367,208365,208369,208355,208371
09/03/2024,ISTANBUL,2,363.6,208359,208362,208363,208358,208356,208364
10/03/2024,ADANA,2,11865.7,208382,208392,208397,208390,208395,208381
10/03/2024,IZMIR,2,3547.82,208389,208387,208384,208393,208379,208386
11/03/2024,BURSA,2,357.2,208436,208439,208433,208435,208423,208438
11/03/2024,SANLIURFA,2,141098.43,208432,208430,208427,208429,208424,208428
12/03/2024,ADANA,2,2789.88,208447,208452,208460,208457,208458,208463
12/03/2024,ANTALYA,1,4902.08,208459,208462,208450,208453,208451,208455
13/03/2024,ISTANBUL,1,23637.58,208465,208468,208464,208466,208473,208467
13/03/2024,SANLIURFA,1,16665.4,208472,208475,208477,208470,208471,208476
14/03/2024,IZMIR,1,4981.3,208495,208493,208484,208482,208492,208496
14/03/2024,KOCAELI,2,156160.4,208498,208489,208488,208490,208478,208494
15/03/2024,ANTALYA,2,472.26,208549,208553,208547,208554,208534,208551
15/03/2024,IZMIR,2,11174.72,208536,208550,208543,208545,208541,208537
16/03/2024,ADANA,2,289291.96,208566,208568,208560,208571,208557,208570
16/03/2024,ISTANBUL,1,17500.58,208567,208555,208562,208564,208556,208565
17/03/2024,ADANA,2,3316.3,208602,208604,208601,208603,208590,208606
17/03/2024,IZMIR,2,3989.68,208610,208611,208608,208612,208592,208614
18/03/2024,BURSA,2,534570.9,208619,208630,208625,208621,208615,208628
18/03/2024,SANLIURFA,1,9434.79,208629,208622,208624,208620,208626,208627
19/03/2024,ADANA,1,18801.56,208637,208632,208636,208640,208638,208639
19/03/2024,ANTALYA,2,3804.14,208633,208642,208645,208643,208635,208644
20/03/2024,ISTANBUL,1,2173.06,208654,208653,208656,208658,208657,208659
20/03/2024,SANLIURFA,1,114653.34,208661,208663,208652,208650,208655,208660
21/03/2024,IZMIR,2,795.56,208682,208685,208683,208674,208666,208686
21/03/2024,KOCAELI,2,21303.16,208672,208681,208678,208673,208675,208687
22/03/2024,ANTALYA,1,8676.56,208703,208706,208710,208707,208702,208709
22/03/2024,IZMIR,2,344021.44,208700,208696,208715,208708,208713,208695
23/03/2024,ADANA,2,11111.98,208726,208729,208725,208727,208717,208731
23/03/2024,ISTANBUL,1,4967.76,208724,208723,208718,208720,208722,208719
24/03/2024,ADANA,1,102302.88,208742,208744,208745,208741,208743,208746
24/03/2024,IZMIR,1,1760.52,208735,208737,208739,208738,208733,208734
25/03/2024,BURSA,2,157451.98,208754,208753,208760,208747,208752,208758
25/03/2024,SANLIURFA,2,47630.16,208756,208764,208761,208762,208750,208759
26/03/2024,ADANA,1,2412.44,208777,208780,208772,208779,208778,208776
26/03/2024,ANTALYA,2,4418.0,208767,208766,208769,208775,208774,208770
27/03/2024,ISTANBUL,2,34252.12,208786,208787,208791,208792,208788,208784
27/03/2024,SANLIURFA,1,1740215.46,208796,208794,208793,208795,208783,208797
28/03/2024,IZMIR,1,302.08,208800,208815,208801,208798,208813,208806
28/03/2024,KOCAELI,1,54226.46,208808,208809,208802,208811,208810,208803
29/03/2024,ADANA,2,122729.44,208837,208836,208840,208833,208819,208838
29/03/2024,ANTALYA,2,116.02,208817,208829,208828,208827,208823,208831
29/03/2024,IZMIR,1,4397.78,208820,208839,208822,208824,208821,208826
30/03/2024,ADANA,2,3249.62,208846,208858,208861,208862,208860,208847
30/03/2024,ISTANBUL,1,12179.8,208850,208842,208849,208855,208848,208841
30/03/2024,IZMIR,2,6720.42,208863,208844,208856,208864,208867,208843
01/04/2024,BURSA,2,226002.52,208878,208875,208873,208870,208868,208883
01/04/2024,SANLIURFA,1,2342.67,208876,208884,208879,208872,208877,208882
02/04/2024,ADANA,2,3149.12,208890,208898,208899,208900,208886,208901
02/04/2024,ANTALYA,1,243.84,208893,208887,208894,208897,208888,208891
03/04/2024,ISTANBUL,2,960.76,208914,208902,208911,208910,208916,208903
03/04/2024,SANLIURFA,1,85397.69,208909,208905,208904,208908,208906,208907
04/04/2024,IZMIR,1,1669.92,208919,208927,208932,208929,208920,208934
04/04/2024,KOCAELI,2,4507.94,208928,208930,208921,208924,208922,208933
05/04/2024,ANTALYA,2,1402.7,208958,208936,208954,208955,208956,208935
05/04/2024,IZMIR,2,882485.04,208942,208939,208944,208937,208941,208938
06/04/2024,ADANA,2,27294.22,208969,208974,208971,208972,208961,208973
06/04/2024,ISTANBUL,1,442.84,208962,208964,208967,208963,208966,208965
07/04/2024,ADANA,2,6696.94,208985,208989,208988,208993,208991,208996
07/04/2024,IZMIR,1,68710.42,208997,208995,208998,208982,208990,208986
08/04/2024,BURSA,2,6863.12,209009,209005,209011,209010,209008,209014
08/04/2024,SANLIURFA,1,471.74,209019,209013,209004,209016,209018,209012
09/04/2024,ADANA,2,43828.66,209020,209033,209032,209035,209022,209036
09/04/2024,ANTALYA,1,543.82,209031,209027,209024,209025,209026,209029
10/04/2024,ISTANBUL,1,50473.66,209048,209051,209046,209050,209047,209049
11/04/2024,IZMIR,2,24948.64,209080,209070,209066,209057,209060,209071
11/04/2024,KOCAELI,2,2126.38,209056,209061,209064,209062,209054,209059
12/04/2024,ANTALYA,1,4045.82,209053,209082,209079,209084,209052,209081
12/04/2024,IZMIR,1,794.8,209074,209075,209078,209073,209077,209076
13/04/2024,ADANA,2,888.88,209088,209100,209103,209102,209099,209090
13/04/2024,ISTANBUL,2,653.58,209086,209091,209093,209094,209087,209095
14/04/2024,ADANA,2,6724.7,209105,209114,209118,209110,209104,209119
14/04/2024,IZMIR,2,1164.84,209109,209106,209111,209121,209107,209115
15/04/2024,BURSA,2,207889.4,209123,209138,209129,209131,209124,209132
15/04/2024,SANLIURFA,2,1657.05,209133,209125,209136,209140,209126,209134
16/04/2024,ADANA,2,13739.8,209145,209159,209161,209156,209146,209162
16/04/2024,KOCAELI,2,15931.92,209142,209149,209155,209150,209151,209154
17/04/2024,ELAZIG,1,67626.18,209167,209173,209168,209170,209169,209166
17/04/2024,ISTANBUL,2,11453.48,209164,209175,209176,209174,209163,209180
18/04/2024,ANKARA,2,27021.72,209186,209189,209191,209188,209192,209184
18/04/2024,ANTALYA,2,9566.64,209195,209182,209200,209197,209194,209183
19/04/2024,ISTANBUL,2,3477.24,209205,209206,209210,209208,209204,209213
20/04/2024,ANKARA,2,14140.76,209225,209227,209230,209228,209223,209224
20/04/2024,ANTALYA,2,2842.78,209232,209236,209237,209234,209220,209238
20/04/2024,DBAKIR,1,11118.87,209244,209239,209241,209242,209240,209243
21/04/2024,ADANA,2,63966.78,209258,209259,209253,209263,209248,209264
21/04/2024,ISTANBUL,2,2638.2,209262,209245,209250,209252,209254,209246
22/04/2024,BURSA,2,8418.1,209276,209273,209277,209269,209266,209281
22/04/2024,SANLIURFA,2,31981.35,209267,209282,209275,209280,209270,209278
23/04/2024,ADANA,2,104945.7,209293,209306,209304,209303,209294,209308
23/04/2024,KOCAELI,2,25359.22,209290,209296,209295,209300,209297,209301
24/04/2024,ELAZIG,1,1569.32,209317,209315,209313,209316,209310,209314
24/04/2024,ISTANBUL,2,3770.0,209322,209312,209323,209320,209324,209311
25/04/2024,ANKARA,2,1369.38,209326,209339,209330,209333,209341,209325
25/04/2024,ANTALYA,2,17151.88,209334,209329,209345,209343,209327,209340
26/04/2024,BURSA,2,21270.88,209360,209350,209364,209369,209356,209349
26/04/2024,ISTANBUL,2,1559.6,209365,209368,209366,209361,209362,209347
27/04/2024,ANKARA,2,1266.8,209384,209394,209390,209385,209388,209383
27/04/2024,ANTALYA,2,3894.5,209403,209381,209404,209400,209402,209382
27/04/2024,DBAKIR,1,754.11,209387,209392,209393,209391,209389,209386
28/04/2024,ADANA,2,1482.58,209417,209406,209421,209420,209419,209405
28/04/2024,ISTANBUL,2,5579.94,209413,209407,209411,209410,209408,209415
29/04/2024,BURSA,2,972.56,209428,209430,209432,209427,209424,209433
29/04/2024,SANLIURFA,1,11360.12,209438,209426,209435,209437,209436,209425
30/04/2024,ADANA,2,1042.26,209451,209455,209453,209450,209439,209452
30/04/2024,KOCAELI,2,318659.62,209445,209443,209448,209441,209447,209456
01/05/2024,ELAZIG,2,5752.35,209471,209457,209470,209472,209468,209458
01/05/2024,ISTANBUL,1,5976.96,209460,209459,209462,209463,209461,209475
02/05/2024,ANKARA,2,4195.84,209487,209480,209494,209485,209482,209481
02/05/2024,ANTALYA,2,2245.36,209495,209478,209489,209491,209483,209476
03/05/2024,BURSA,2,1416.16,209508,209497,209507,209506,209496,209512
03/05/2024,ISTANBUL,1,2982.86,209503,209510,209504,209500,209501,209499
04/05/2024,ANKARA,2,4383.14,209522,209521,209514,209517,209525,209520
04/05/2024,ANTALYA,1,33520.16,209535,209528,209523,209515,209518,209527
04/05/2024,DBAKIR,1,13886.22,209530,209533,209534,209531,209532,209529
05/05/2024,ADANA,2,35217.5,209553,209555,209549,209550,209539,209551
05/05/2024,ISTANBUL,2,903.02,209547,209544,209543,209546,209536,209552
06/05/2024,BURSA,2,1934.16,209557,209574,209571,209573,209556,209568
06/05/2024,SANLIURFA,2,224677.08,209560,209565,209567,209562,209559,209566
07/05/2024,ANKARA,2,5138.14,209582,209589,209583,209581,209575,209590
07/05/2024,KOCAELI,2,9332.62,209592,209578,209584,209585,209579,209577
08/05/2024,ELAZIG,1,887.98,209598,209601,209608,209609,209607,209605
08/05/2024,ISTANBUL,2,8985.26,209593,209596,209606,209600,209594,209597
09/05/2024,ANKARA,2,614562.7,209621,209615,209626,209620,209619,209614
09/05/2024,ANTALYA,2,117323.04,209632,209612,209630,209628,209611,209629
10/05/2024,BURSA,2,79290.14,209666,209664,209647,209659,209662,209663
10/05/2024,ISTANBUL,2,1775.58,209657,209651,209653,209656,209654,209658
11/05/2024,ANKARA,2,21085.0,209678,209677,209671,209680,209683,209673
11/05/2024,ANTALYA,2,2253.46,209669,209686,209684,209672,209676,209679
11/05/2024,DBAKIR,1,2401.95,209690,209687,209688,209682,209691,209689
12/05/2024,ADANA,2,195114.24,209709,209711,209707,209708,209692,209710
12/05/2024,ISTANBUL,2,259982.54,209699,209701,209704,209700,209698,209696
13/05/2024,BURSA,2,57829.32,209728,209726,209722,209725,209714,209723
13/05/2024,SANLIURFA,1,20355.88,209721,209712,209719,209718,209713,209720
14/05/2024,ANKARA,2,10879.8,209734,209732,209737,209736,209739,209731
14/05/2024,KOCAELI,2,16137.42,209748,209743,209747,209745,209746,209741
15/05/2024,ELAZIG,1,3169.69,209753,209754,209750,209756,209751,209752
15/05/2024,ISTANBUL,1,40305.66,209757,209760,209764,209762,209763,209755
16/05/2024,ANKARA,2,17194.1,209783,209765,209782,209784,209772,209766
16/05/2024,ANTALYA,2,663.14,209789,209768,209775,209770,209788,209767
17/05/2024,BURSA,2,99346.38,209803,209792,209806,209799,209793,209807
17/05/2024,ISTANBUL,2,425.88,209790,209802,209798,209796,209800,209797
18/05/2024,ANKARA,2,141941.76,209816,209812,209814,209815,209819,209809
18/05/2024,ANTALYA,1,14619.68,209833,209828,209831,209829,209830,209813
18/05/2024,DBAKIR,1,38826.69,209825,209821,209822,209824,209827,209826
19/05/2024,ADANA,2,19560.26,209846,209843,209849,209847,209845,209848
19/05/2024,ISTANBUL,2,12849.86,209844,209839,209851,209850,209838,209840
20/05/2024,BURSA,2,13847.86,209870,209868,209866,209861,209854,209871
20/05/2024,SANLIURFA,2,1776.27,209860,209857,209865,209859,209862,209856
21/05/2024,ANKARA,2,265404.42,209875,209885,209881,209886,209883,209879
21/05/2024,KOCAELI,2,6726.06,209882,209888,209877,209876,209872,209887
22/05/2024,ELAZIG,1,2150.47,209894,209896,209890,209898,209897,209895
22/05/2024,ISTANBUL,2,22987.3,209905,209900,209903,209899,209892,209904
23/05/2024,ANKARA,2,16054.36,209912,209911,209910,209913,209916,209908
23/05/2024,ANTALYA,2,2019.9,209921,209907,209923,209915,209919,209906
24/05/2024,BURSA,2,67336.58,209950,209948,209949,209941,209947,209951
24/05/2024,ISTANBUL,2,1204.06,209944,209956,209954,209952,209942,209958
25/05/2024,ANKARA,2,33736.18,209967,209970,209961,209978,209960,209965
25/05/2024,ANTALYA,1,1556.92,209979,209972,209964,209969,209975,209963
25/05/2024,DBAKIR,1,112896.84,209971,209976,209974,209980,209973,209981
26/05/2024,ADANA,2,6758.06,210001,210005,210000,210002,210006,210007
26/05/2024,ISTANBUL,2,28522.58,209990,209994,209992,209995,209991,209993
27/05/2024,BURSA,2,414028.48,210025,210021,210023,210020,210008,210022
27/05/2024,SANLIURFA,2,487597.5,210016,210012,210017,210018,210010,210015
28/05/2024,ANKARA,2,1929.74,210037,210034,210036,210035,210041,210039
28/05/2024,KOCAELI,2,610.86,210040,210027,210032,210042,210043,210026
29/05/2024,ELAZIG,2,11048.08,210049,210047,210053,210050,210046,210054
29/05/2024,ISTANBUL,2,9033.52,210061,210060,210057,210059,210045,210058
30/05/2024,ANKARA,2,11657.84,210068,210063,210070,210072,210067,210062
30/05/2024,ANTALYA,2,2318.96,210080,210074,210078,210076,210065,210079
31/05/2024,BURSA,2,3306.5,210109,210113,210111,210097,210105,210114
31/05/2024,ISTANBUL,2,51397.02,210099,210103,210102,210100,210108,210106
01/06/2024,ANKARA,2,24169.35,210147,210126,210144,210143,210146,210124
01/06/2024,ANTALYA,1,3873.97,210131,210129,210141,210128,210127,210145
01/06/2024,DBAKIR,1,106090.28,210137,210138,210136,210132,210134,210135
02/06/2024,ADANA,2,8616.52,210152,210163,210161,210162,210165,210151
02/06/2024,ISTANBUL,2,3508.52,210149,210158,210153,210159,210155,210148
03/06/2024,BURSA,2,7287.8,210184,210180,210172,210182,210179,210177
03/06/2024,SANLIURFA,2,30942.18,210178,210168,210170,210176,210166,210171
04/06/2024,ANKARA,2,10958.7,210199,210198,210196,210201,210188,210200
04/06/2024,KOCAELI,1,496.25,210191,210185,210189,210192,210186,210194
05/06/2024,ELAZIG,1,99333.3,210213,210215,210214,210212,210202,210216
05/06/2024,ISTANBUL,2,4820.6,210205,210209,210210,210207,210204,210219
06/06/2024,ANKARA,2,28849.22,210232,210224,210233,210229,210234,210236
06/06/2024,ANTALYA,2,11124.32,210237,210220,210235,210239,210238,210221
07/06/2024,BURSA,2,6828.6,210246,210260,210257,210259,210255,210244
07/06/2024,ISTANBUL,2,9051.52,210250,210242,210247,210252,210253,210251
08/06/2024,ANKARA,2,518.17,210269,210264,210267,210268,210273,210272
08/06/2024,ANTALYA,2,21557.87,210285,210286,210282,210265,210283,210280
08/06/2024,DBAKIR,1,19444.4,210275,210279,210278,210274,210276,210277
09/06/2024,ADANA,2,9116.2,210304,210298,210300,210302,210290,210303
09/06/2024,ISTANBUL,2,5234.35,210287,210294,210292,210288,210293,210291
10/06/2024,BURSA,2,126278.75,210315,210314,210319,210320,210308,210317
10/06/2024,SANLIURFA,1,17690.6,210306,210312,210311,210309,210305,210313
11/06/2024,ANKARA,2,519.45,210339,210341,210333,210340,210334,210335
11/06/2024,KOCAELI,2,4979.57,210327,210328,210329,210326,210336,210331
12/06/2024,ELAZIG,1,75104.22,210356,210359,210353,210351,210344,210357
13/06/2024,ANKARA,2,22919.92,210360,210365,210366,210369,210370,210368
13/06/2024,ANTALYA,2,2179.9,210378,210374,210376,210375,210362,210377
14/06/2024,BURSA,2,35436.05,210395,210384,210393,210390,210397,210387
14/06/2024,ISTANBUL,2,18981.6,210389,210380,210386,210385,210379,210391
15/06/2024,ANKARA,2,39211.37,210398,210413,210420,210409,210410,210399
15/06/2024,ANTALYA,1,3727.22,210401,210406,210404,210402,210403,210408
15/06/2024,DBAKIR,1,229098.68,210416,210414,210412,210418,210419,210421
16/06/2024,ISTANBUL,2,5615.9,210427,210423,210428,210430,210425,210422
17/06/2024,BURSA,2,3925.2,210432,210466,210462,210467,210433,210468
17/06/2024,SANLIURFA,2,5895.16,210455,210439,210454,210456,210440,210458
18/06/2024,ANKARA,2,294.25,210436,210450,210446,210444,210448,210438
18/06/2024,KOCAELI,2,157016.55,210453,210452,210445,210435,210442,210461
19/06/2024,ELAZIG,1,24859.28,210472,210486,210477,210485,210484,210471
19/06/2024,ISTANBUL,2,4842.25,210483,210478,210480,210482,210469,210476
20/06/2024,ANKARA,2,14300.07,210495,210496,210498,210499,210504,210489
20/06/2024,ANTALYA,1,3082.37,210500,210503,210501,210502,210497,210492
21/06/2024,BURSA,2,384663.62,210519,210516,210515,210514,210518,210517
21/06/2024,ISTANBUL,2,108316.1,210527,210523,210521,210526,210529,210528
22/06/2024,ANKARA,2,9098.45,210530,210548,210544,210549,210531,210546
22/06/2024,ANTALYA,1,763.22,210541,210550,210543,210551,210545,210553
22/06/2024,DBAKIR,1,17248.56,210534,210537,210538,210535,210533,210536
23/06/2024,ADANA,2,17439.0,210571,210566,210555,210568,210565,210570
23/06/2024,ISTANBUL,2,9081.75,210556,210561,210560,210564,210557,210562
24/06/2024,BURSA,2,4613.32,210584,210574,210587,210589,210575,210590
24/06/2024,SANLIURFA,2,136783.74,210580,210583,210581,210572,210579,210586
25/06/2024,ANKARA,2,1812.02,210603,210607,210604,210595,210606,210605
25/06/2024,KOCAELI,2,34345.27,210608,210593,210609,210597,210596,210591
26/06/2024,BURSA,2,263747.45,210612,210624,210628,210630,210614,210629
26/06/2024,ISTANBUL,2,6188.95,210626,210618,210617,210625,210610,210620
27/06/2024,ANKARA,2,17438.8,210648,210635,210645,210644,210634,210649
27/06/2024,ANTALYA,2,3368.7,210633,210642,210641,210638,210640,210632
28/06/2024,ELAZIG,1,514992.62,210660,210665,210666,210662,210663,210664
28/06/2024,ISTANBUL,2,31043.4,210655,210654,210658,210653,210661,210652
29/06/2024,ANKARA,2,61471.07,210684,210688,210674,210681,210689,210686
29/06/2024,ANTALYA,1,1084.15,210677,210673,210675,210667,210669,210670
29/06/2024,DBAKIR,1,5998.82,210680,210685,210682,210679,210676,210683
30/06/2024,ADANA,1,6942.85,210703,210704,210705,210702,210701,210699
30/06/2024,ISTANBUL,2,6023.87,210695,210692,210691,210694,210700,210693
01/07/2024,BURSA,2,2949.67,210719,210721,210717,210715,210718,210723
01/07/2024,ELAZIG,2,251620.12,210714,210708,210711,210710,210706,210712
02/07/2024,ANKARA,2,1218.32,210727,210728,210733,210737,210738,210742
02/07/2024,KOCAELI,2,1385.0,210730,210743,210736,210739,210732,210744
03/07/2024,ELAZIG,1,7190.62,210748,210754,210757,210750,210755,210747
03/07/2024,ISTANBUL,2,149166.62,210762,210746,210758,210761,210760,210756
04/07/2024,ANKARA,2,447.25,210778,210764,210779,210777,210775,210763
04/07/2024,KOCAELI,1,42868.3,210773,210781,210769,210768,210766,210771
05/07/2024,BURSA,2,5641.0,210804,210786,210800,210802,210787,210799
05/07/2024,ISTANBUL,2,23497.02,210790,210797,210792,210794,210789,210795
06/07/2024,ANKARA,2,4073.72,210813,210805,210815,210810,210816,210811
06/07/2024,DBAKIR,1,649.58,210823,210825,210828,210822,210827,210829
06/07/2024,IZMIR,2,55689.62,210824,210817,210819,210820,210807,210826
07/07/2024,ISTANBUL,2,8539.52,210830,210844,210834,210840,210843,210842
07/07/2024,IZMIR,1,92414.65,210839,210841,210832,210846,210836,210845
08/07/2024,BURSA,1,1365.57,210847,210860,210859,210857,210852,210861
08/07/2024,ELAZIG,1,3849.42,210855,210850,210854,210853,210851,210849
09/07/2024,ANKARA,2,2702.77,210876,210874,210872,210878,210873,210871
09/07/2024,KOCAELI,2,16329.02,210862,210879,210866,210865,210864,210877
10/07/2024,ELAZIG,2,10458.94,210895,210887,210881,210888,210882,210893
10/07/2024,ISTANBUL,2,40658.37,210891,210897,210894,210884,210896,210898
11/07/2024,ANKARA,2,1273.45,210919,210926,210925,210923,210918,210922
11/07/2024,KOCAELI,2,32358.72,210924,210905,210931,210913,210916,210904
12/07/2024,BURSA,2,33867.87,210947,210963,210961,210955,210946,210960
12/07/2024,ISTANBUL,2,25766.9,210958,210944,210959,210956,210954,210945
13/07/2024,ANKARA,2,2630.35,210981,210985,210989,210992,210991,210979
13/07/2024,DBAKIR,1,8163.48,210999,210996,211001,210998,211000,211002
13/07/2024,IZMIR,2,7405.45,210997,210995,210976,210993,210990,210977
14/07/2024,ISTANBUL,1,2071.8,211015,211017,211021,211019,211022,211023
14/07/2024,IZMIR,2,28333.72,211020,211027,211018,211026,211028,211025
15/07/2024,BURSA,2,2603.52,211052,211044,211057,211049,211050,211062
15/07/2024,ELAZIG,2,14116.78,211058,211047,211053,211054,211048,211061
16/07/2024,ANKARA,2,97673.02,211073,211079,211070,211077,211064,211080
16/07/2024,KOCAELI,2,9740.85,211068,211065,211075,211069,211071,211066
17/07/2024,ELAZIG,2,2694206.72,211092,211083,211095,211090,211098,211082
17/07/2024,ISTANBUL,1,1940.1,211088,211089,211097,211087,211094,211085
18/07/2024,ANKARA,2,7672.12,211116,211105,211120,211115,211121,211104
18/07/2024,KOCAELI,1,2166.75,211109,211112,211113,211110,211103,211119
19/07/2024,BURSA,2,22198.65,211165,211150,211160,211162,211163,211148
19/07/2024,ISTANBUL,2,17319.82,211159,211146,211157,211152,211158,211147
20/07/2024,ANKARA,2,609.27,211184,211196,211194,211198,211182,211197
20/07/2024,DBAKIR,1,43579.4,211188,211190,211185,211189,211187,211186
20/07/2024,IZMIR,2,3031.32,211200,211193,211191,211195,211181,211204
21/07/2024,ISTANBUL,2,10180.8,211223,211219,211217,211218,211215,211209
21/07/2024,IZMIR,2,11335.37,211213,211225,211226,211224,211211,211214
22/07/2024,BURSA,2,36016.22,211232,211235,211231,211242,211228,211244
22/07/2024,ELAZIG,1,11413.64,211230,211239,211241,211237,211238,211229
23/07/2024,ANKARA,2,528.3,211248,211257,211259,211253,211260,211249
23/07/2024,KOCAELI,2,8895.75,211256,211262,211247,211254,211246,211251
24/07/2024,ELAZIG,2,5183.98,211272,211275,211266,211273,211268,211271
24/07/2024,ISTANBUL,2,679.72,211282,211278,211277,211279,211276,211284
25/07/2024,ANKARA,2,88219.27,211320,211322,211319,211324,211317,211321
25/07/2024,KOCAELI,2,21423.65,211315,211308,211311,211310,211316,211309
26/07/2024,BURSA,2,3875.22,211332,211347,211346,211345,211334,211344
26/07/2024,ISTANBUL,2,4661.6,211336,211331,211337,211342,211343,211330
27/07/2024,ANKARA,2,7179.52,211373,211377,211362,211367,211374,211358
27/07/2024,DBAKIR,1,9378.38,211370,211368,211375,211365,211372,211366
27/07/2024,IZMIR,2,6884.15,211379,211355,211360,211357,211364,211356
28/07/2024,ISTANBUL,2,36772.72,211382,211398,211389,211396,211394,211383
28/07/2024,IZMIR,2,13348.47,211400,211384,211392,211395,211393,211399
29/07/2024,BURSA,2,38177.77,211414,211419,211410,211416,211420,211413
29/07/2024,ELAZIG,2,3910211.7,211407,211412,211406,211408,211404,211411
30/07/2024,ANKARA,2,440.3,211437,211431,211424,211433,211435,211430
30/07/2024,KOCAELI,1,6931.7,211427,211421,211434,211428,211425,211436
31/07/2024,ELAZIG,2,5713.44,211439,211446,211445,211443,211440,211447
31/07/2024,ISTANBUL,2,724.45,211451,211455,211452,211456,211450,211454
01/08/2024,ANKARA,2,1556.02,211476,211484,211474,211483,211468,211481
01/08/2024,KOCAELI,2,10237.0,211478,211467,211479,211471,211475,211466
02/08/2024,BURSA,2,3075.97,211485,211496,211497,211500,211486,211502
02/08/2024,ISTANBUL,1,6419.25,211494,211488,211492,211491,211493,211495
03/08/2024,ANKARA,2,395.0,211520,211507,211523,211518,211522,211505
03/08/2024,DBAKIR,1,317853.74,211529,211527,211532,211524,211526,211530
03/08/2024,IZMIR,2,11625.85,211509,211514,211528,211515,211508,211534
04/08/2024,ISTANBUL,2,2179.15,211543,211549,211556,211555,211550,211553
04/08/2024,IZMIR,2,1712.2,211547,211548,211546,211559,211557,211560
05/08/2024,BURSA,2,34840.4,211574,211570,211577,211584,211576,211569
05/08/2024,ELAZIG,1,256.36,211572,211580,211582,211578,211583,211579
06/08/2024,ANKARA,2,915.2,211599,211598,211601,211603,211588,211597
06/08/2024,KOCAELI,2,1697.95,211591,211593,211594,211590,211585,211592
07/08/2024,ISTANBUL,1,3208.35,211618,211623,211622,211621,211611,211610
08/08/2024,ANKARA,2,12358.07,211661,211645,211657,211658,211665,211644
08/08/2024,KOCAELI,1,15617.32,211641,211653,211656,211659,211654,211642
09/08/2024,BURSA,2,21293.77,211703,211705,211704,211700,211702,211706
09/08/2024,ISTANBUL,2,564.35,211699,211692,211696,211693,211698,211691
10/08/2024,ANKARA,2,1850.32,211733,211740,211739,211719,211732,211734
10/08/2024,DBAKIR,1,5578.72,211730,211725,211724,211729,211728,211727
10/08/2024,IZMIR,2,22764.1,211744,211738,211742,211741,211722,211736
11/08/2024,ISTANBUL,2,11834.05,211779,211775,211777,211782,211783,211784
11/08/2024,IZMIR,1,10237.75,211780,211788,211793,211789,211787,211791
12/08/2024,BURSA,2,146055.07,211824,211816,211826,211822,211827,211815
12/08/2024,ELAZIG,2,3490.32,211831,211818,211823,211825,211817,211821
13/08/2024,ANKARA,2,969.12,211847,211837,211850,211848,211845,211836
13/08/2024,KOCAELI,2,8420.32,211833,211842,211840,211843,211834,211839
14/08/2024,ELAZIG,2,1039.32,211867,211859,211860,211857,211855,211865
14/08/2024,ISTANBUL,2,185.15,211861,211852,211866,211862,211868,211869
15/08/2024,ANKARA,2,655.07,211889,211888,211886,211876,211890,211874
15/08/2024,KOCAELI,2,30259.55,211884,211881,211885,211882,211878,211872
16/08/2024,BURSA,2,12208.3,211908,211893,211906,211909,211904,211892
16/08/2024,ISTANBUL,2,22341.4,211902,211896,211898,211900,211903,211897
17/08/2024,ANKARA,2,36799.95,211926,211923,211920,211929,211928,211922
17/08/2024,DBAKIR,1,3498.68,211936,211930,211931,211932,211934,211933
17/08/2024,IZMIR,2,32555.55,211938,211941,211927,211939,211913,211935
18/08/2024,ISTANBUL,2,1143.15,211954,211943,211949,211950,211951,211942
18/08/2024,IZMIR,2,837.05,211944,211959,211952,211955,211945,211958
19/08/2024,BURSA,2,20965.02,211962,211969,211968,211965,211963,211970
19/08/2024,ELAZIG,1,82170.3,211975,211972,211973,211974,211971,211960
20/08/2024,ANKARA,2,2687.8,211978,211992,211991,211988,211986,211979
20/08/2024,KOCAELI,1,6449.15,211983,211977,211981,211984,211985,211976
21/08/2024,ELAZIG,1,24011.22,211994,211999,211996,211993,211995,211998
21/08/2024,ISTANBUL,2,9071.87,212008,212000,212004,212005,212007,212006
22/08/2024,ANKARA,2,2647.55,212015,212024,212020,212016,212010,212026
22/08/2024,KOCAELI,2,11394.07,212023,212013,212021,212027,212019,212011
23/08/2024,BURSA,2,6253.42,212030,212041,212046,212047,212029,212045
23/08/2024,ISTANBUL,2,3694.65,212035,212031,212043,212034,212044,212032
24/08/2024,ANKARA,2,3138.72,212064,212072,212061,212077,212059,212058
24/08/2024,DBAKIR,1,8025.56,212076,212071,212075,212070,212073,212074
24/08/2024,IZMIR,2,130110.92,212056,212060,212067,212057,212055,212053
25/08/2024,ISTANBUL,2,751.07,212093,212079,212096,212090,212088,212091
25/08/2024,IZMIR,2,746.47,212097,212095,212085,212092,212082,212098
26/08/2024,BURSA,2,1387.15,212116,212106,212104,212099,212105,212108
26/08/2024,ELAZIG,2,159499.74,212113,212102,212115,212110,212114,212103
27/08/2024,ANKARA,2,22723.82,212132,212121,212134,212130,212135,212119
27/08/2024,KOCAELI,2,2338.97,212123,212127,212124,212122,212117,212128
28/08/2024,ELAZIG,1,3096.98,212142,212137,212141,212148,212136,212147
28/08/2024,ISTANBUL,2,156039.67,212150,212153,212143,212151,212140,212152
29/08/2024,ANKARA,2,513.95,212155,212173,212161,212164,212159,212154
29/08/2024,KOCAELI,2,2535.15,212158,212169,212167,212165,212168,212156
30/08/2024,BURSA,2,29161.42,212190,212185,212182,212179,212189,212191
30/08/2024,ISTANBUL,2,3065.07,212187,212174,212183,212176,212175,212180
31/08/2024,ANKARA,2,14668.12,212194,212214,212208,212212,212205,212193
31/08/2024,DBAKIR,1,20834.32,212209,212202,212204,212201,212210,212206
31/08/2024,IZMIR,2,21102.07,212216,212217,212200,212215,212195,212207
01/09/2024,ADANA,2,458.32,212230,212232,212229,212220,212235,212234
01/09/2024,ISTANBUL,2,2432.45,212218,212225,212223,212222,212227,212228
02/09/2024,BURSA,2,29042.67,212249,212250,212248,212246,212252,212239
02/09/2024,ELAZIG,1,8297.82,212236,212242,212245,212240,212241,212244
03/09/2024,ANKARA,2,1972.42,212256,212261,212268,212258,212263,212255
03/09/2024,KOCAELI,2,4750.05,212269,212270,212267,212259,212254,212271
04/09/2024,ELAZIG,1,17617.5,212276,212272,212277,212280,212284,212282
04/09/2024,ISTANBUL,2,53086.52,212288,212274,212283,212285,212278,212275
05/09/2024,ANKARA,2,6490.8,212303,212290,212300,212302,212304,212289
05/09/2024,IZMIR,2,12338.77,212292,212305,212296,212301,212294,212308
06/09/2024,BURSA,2,3960.6,212320,212323,212326,212310,212324,212325
06/09/2024,IZMIR,2,1304119.0,212319,212313,212315,212311,212318,212316
07/09/2024,ANKARA,2,941.15,212330,212334,212332,212335,212329,212337
07/09/2024,ISTANBUL,2,32870.15,212333,212340,212342,212341,212343,212339
08/09/2024,ADANA,2,77143.4,212365,212363,212364,212359,212348,212362
08/09/2024,ISTANBUL,2,1270.12,212354,212358,212355,212356,212352,212346
09/09/2024,BURSA,2,260864.25,212381,212367,212382,212383,212366,212384
09/09/2024,ELAZIG,2,57797.22,212377,212370,212376,212373,212374,212369
10/09/2024,ANKARA,2,181223.97,212388,212392,212394,212389,212387,212400
10/09/2024,KOCAELI,2,218479.47,212395,212403,212399,212385,212401,212397
11/09/2024,ELAZIG,1,5547.6,212411,212414,212410,212404,212412,212409
11/09/2024,ISTANBUL,2,63387.6,212416,212406,212415,212419,212407,212420
12/09/2024,ANKARA,2,152199.27,212428,212423,212430,212434,212432,212435
12/09/2024,IZMIR,2,8212.5,212427,212426,212437,212438,212421,212425
13/09/2024,BURSA,1,32006.1,212441,212456,212454,212452,212455,212450
13/09/2024,ISTANBUL,2,401.97,212440,212451,212447,212444,212443,212439
14/09/2024,ANKARA,1,1412.25,212468,212467,212463,212462,212464,212465
14/09/2024,DBAKIR,1,112490.54,212473,212474,212477,212471,212476,212472
14/09/2024,IZMIR,2,11574.32,212475,212460,212466,212470,212459,212480
15/09/2024,ADANA,2,5528.77,212500,212484,212498,212499,212496,212485
15/09/2024,ISTANBUL,2,168539.22,212490,212489,212487,212488,212492,212493
16/09/2024,BURSA,2,361.82,212501,212514,212511,212512,212515,212517
16/09/2024,ELAZIG,1,2020.14,212508,212503,212505,212510,212509,212507
17/09/2024,ANKARA,2,3959.32,212522,212534,212530,212531,212528,212521
17/09/2024,KOCAELI,2,44445.87,212535,212533,212524,212536,212518,212523
18/09/2024,ELAZIG,1,6900.3,212544,212539,212542,212543,212540,212545
18/09/2024,ISTANBUL,2,18977.72,212550,212548,212538,212551,212547,212552
19/09/2024,ANKARA,2,5047.52,212557,212569,212567,212566,212562,212556
19/09/2024,IZMIR,2,1411.52,212558,212554,212568,212565,212560,212559
20/09/2024,BURSA,2,1171025.95,212574,212582,212578,212576,212590,212587
20/09/2024,ISTANBUL,2,240.75,212588,212583,212584,212585,212581,212573
21/09/2024,ANKARA,2,5918.42,212611,212604,212607,212600,212597,212591
21/09/2024,DBAKIR,1,14390.28,212608,212605,212609,212602,212601,212612
21/09/2024,IZMIR,2,5390034.75,212603,212613,212610,212599,212593,212606
22/09/2024,ADANA,2,365147.22,212618,212625,212627,212621,212617,212629
22/09/2024,ISTANBUL,2,3998.1,212632,212635,212633,212628,212631,212623
23/09/2024,BURSA,2,32001.77,212650,212649,212640,212652,212648,212653
23/09/2024,ELAZIG,1,778.2,212643,212646,212644,212642,212641,212637
24/09/2024,ANKARA,2,44084.42,212669,212657,212668,212672,212670,212656
24/09/2024,KOCAELI,2,43067.27,212661,212659,212662,212654,212660,212663
25/09/2024,ELAZIG,1,16537.84,212680,212677,212679,212678,212681,212676
25/09/2024,ISTANBUL,2,1528.25,212688,212675,212685,212687,212690,212691
26/09/2024,ANKARA,2,27040.97,212709,212692,212704,212700,212707,212701
26/09/2024,IZMIR,2,5366.02,212706,212699,212697,212703,212694,212710
27/09/2024,BURSA,2,8865.35,212724,212728,212725,212721,212720,212727
27/09/2024,ISTANBUL,2,12467.15,212719,212714,212717,212713,212716,212712
28/09/2024,ANKARA,2,180217.02,212743,212737,212740,212738,212741,212729
28/09/2024,DBAKIR,1,8163.0,212747,212748,212751,212753,212752,212749
28/09/2024,IZMIR,2,16787.27,212750,212735,212734,212754,212733,212742
29/09/2024,ADANA,2,8471.3,212769,212768,212770,212771,212755,212766
29/09/2024,ISTANBUL,2,22175.4,212763,212762,212761,212757,212759,212760
30/09/2024,BURSA,2,738.87,212783,212784,212782,212785,212789,212787
30/09/2024,ELAZIG,1,271.06,212778,212776,212779,212775,212777,212774
01/10/2024,ADANA,2,127845.65,212803,212794,212800,212802,212805,212793
01/10/2024,KOCAELI,1,20087.6,212798,212791,212795,212797,212796,212790
02/10/2024,ELAZIG,2,2823.02,212810,212813,212821,212816,212812,212819
02/10/2024,ISTANBUL,2,37531.37,212817,212808,212822,212823,212824,212820
03/10/2024,ANKARA,2,160743.02,212838,212836,212834,212833,212832,212840
03/10/2024,IZMIR,2,166136.25,212841,212835,212844,212842,212827,212845
04/10/2024,BURSA,2,115862.25,212854,212846,212852,212853,212856,212859
04/10/2024,ISTANBUL,2,1618.9,212849,212864,212863,212860,212862,212848
05/10/2024,ANKARA,2,3876.0,212885,212883,212886,212872,212868,212873
05/10/2024,DBAKIR,1,32805.48,212875,212877,212881,212879,212876,212874
05/10/2024,IZMIR,2,55688.2,212871,212889,212867,212884,212865,212888
06/10/2024,ADANA,2,5283.7,212897,212893,212895,212906,212894,212892
06/10/2024,ISTANBUL,2,311754.62,212903,212896,212910,212905,212909,212891
07/10/2024,BURSA,2,3062301.07,212922,212923,212911,212926,212927,212928
07/10/2024,ELAZIG,1,1857.98,212919,212917,212915,212921,212916,212914
08/10/2024,ADANA,2,17294.9,212944,212933,212948,212945,212932,212943
08/10/2024,KOCAELI,2,90192.02,212930,212937,212938,212940,212939,212931
09/10/2024,ELAZIG,2,3034.94,212954,212960,212956,212958,212959,212953
09/10/2024,ISTANBUL,2,1693.72,212952,212965,212964,212968,212966,212951
10/10/2024,ANKARA,2,12563.5,212978,212979,212974,212976,212977,212971
10/10/2024,IZMIR,2,258460.05,212985,212984,212982,212986,212972,212983
11/10/2024,BURSA,2,484048.42,212993,212991,212994,212998,212992,212996
11/10/2024,ISTANBUL,2,525322.37,213000,212990,213002,213003,212988,213006
12/10/2024,ANKARA,2,163340.8,213023,213019,213021,213018,213016,213007
12/10/2024,DBAKIR,1,31355.2,213032,213031,213026,213027,213029,213030
12/10/2024,IZMIR,2,25251.32,213013,213015,213024,213012,213010,213014
13/10/2024,ADANA,2,26726.2,213052,213037,213050,213044,213047,213038
13/10/2024,ISTANBUL,2,91903.3,213033,213043,213039,213041,213040,213034
14/10/2024,BURSA,1,8329.17,213063,213066,213067,213064,213068,213062
14/10/2024,ELAZIG,1,175920.7,213061,213058,213055,213060,213059,213054
15/10/2024,ADANA,2,103504.57,213084,213073,213088,213085,213082,213072
15/10/2024,KOCAELI,2,2030.97,213080,213081,213077,213076,213071,213079
16/10/2024,ELAZIG,1,16166.0,213089,213093,213091,213092,213096,213095
16/10/2024,ISTANBUL,2,263945.52,213103,213105,213100,213104,213097,213102
17/10/2024,ANKARA,2,632073.75,213124,213107,213123,213120,213118,213106
17/10/2024,IZMIR,2,20349.05,213122,213110,213113,213117,213119,213111
18/10/2024,BURSA,2,652700.82,213149,213148,213143,213145,213128,213147
18/10/2024,ISTANBUL,2,741.37,213133,213130,213134,213132,213126,213129
18/10/2024,SANLIURFA,1,66897.68,213142,213138,213137,213139,213141,213140
19/10/2024,ANKARA,2,333539.82,213171,213151,213165,213168,213156,213157
19/10/2024,DBAKIR,1,23658.36,213169,213164,213177,213167,213166,213161
19/10/2024,IZMIR,2,26769.97,213170,213153,213174,213158,213155,213152
20/10/2024,ADANA,2,12177.32,213193,213180,213197,213186,213178,213196
20/10/2024,ISTANBUL,2,1818.02,213187,213181,213191,213183,213185,213195
21/10/2024,BURSA,2,120267.45,213215,213201,213213,213209,213210,213200
21/10/2024,ELAZIG,1,2221.26,213207,213204,213198,213203,213205,213208
22/10/2024,ADANA,2,12362.17,213230,213228,213234,213232,213229,213231
22/10/2024,KOCAELI,2,1289191.2,213217,213226,213227,213225,213218,213223
23/10/2024,ELAZIG,1,24155.92,213235,213241,213243,213239,213242,213236
23/10/2024,ISTANBUL,2,48655.57,213247,213245,213249,213250,213246,213244
24/10/2024,ANKARA,2,10087.5,213262,213258,213260,213264,213266,213255
24/10/2024,IZMIR,2,655407.37,213253,213265,213268,213263,213251,213257
25/10/2024,BURSA,2,167546.1,213279,213284,213281,213277,213271,213282
25/10/2024,ISTANBUL,2,15267.12,213280,213288,213276,213275,213273,213278
25/10/2024,SANLIURFA,1,7360.6,213291,213290,213292,213293,213289,213287
26/10/2024,ANKARA,2,20300.82,213307,213310,213305,213300,213304,213302
26/10/2024,DBAKIR,1,7646.32,213311,213315,213314,213316,213312,213308
26/10/2024,IZMIR,2,42380.02,213318,213313,213298,213297,213295,213317
27/10/2024,ADANA,2,32422.27,213336,213331,213327,213324,213333,213328
27/10/2024,ISTANBUL,2,47506.32,213321,213337,213332,213326,213329,213338
28/10/2024,BURSA,2,64104.5,213340,213355,213354,213351,213352,213350
28/10/2024,ELAZIG,1,8856.32,213344,213345,213346,213343,213349,213348
29/10/2024,ADANA,2,20909.87,213375,213369,213360,213372,213374,213359
29/10/2024,KOCAELI,2,5108.92,213364,213357,213368,213366,213367,213363
30/10/2024,ELAZIG,2,42789.98,213389,213380,213385,213383,213382,213379
30/10/2024,ISTANBUL,2,5091.82,213392,213384,213391,213393,213394,213387
31/10/2024,ANKARA,2,6905.2,213407,213396,213402,213403,213406,213401
31/10/2024,IZMIR,2,24352.97,213412,213404,213398,213410,213414,213411
01/11/2024,BURSA,2,28190.0,213424,213425,213421,213423,213420,213439
01/11/2024,ISTANBUL,2,9401.9,213429,213418,213435,213431,213433,213419
01/11/2024,SANLIURFA,1,815493.96,213437,213430,213427,213436,213432,213434
02/11/2024,ANKARA,2,457.17,213441,213448,213451,213457,213459,213440
02/11/2024,DBAKIR,1,80785.54,213452,213453,213460,213461,213458,213456
02/11/2024,IZMIR,2,214429.47,213446,213444,213447,213450,213445,213443
03/11/2024,ADANA,2,870528.37,213480,213477,213479,213478,213468,213483
03/11/2024,ISTANBUL,2,6989.92,213484,213476,213466,213473,213470,213474
04/11/2024,BURSA,2,367571.15,213500,213487,213502,213499,213501,213488
04/11/2024,ELAZIG,1,22693.06,213496,213493,213490,213491,213492,213495
05/11/2024,ADANA,2,21087.0,213519,213508,213520,213522,213516,213506
05/11/2024,KOCAELI,2,1257.55,213523,213505,213509,213510,213511,213504
06/11/2024,ELAZIG,1,39667.08,213529,213530,213532,213528,213526,213531
06/11/2024,ISTANBUL,2,11385.67,213535,213539,213538,213525,213536,213540
07/11/2024,ANKARA,2,2065.42,213547,213559,213555,213546,213542,213552
07/11/2024,IZMIR,2,189869.35,213556,213558,213545,213550,213544,213548
08/11/2024,BURSA,2,16848.97,213578,213584,213582,213569,213564,213571
08/11/2024,ISTANBUL,2,39971.72,213566,213567,213581,213562,213570,213568
08/11/2024,SANLIURFA,1,84726.44,213573,213576,213575,213577,213580,213579
09/11/2024,ANKARA,2,537473.32,213595,213588,213604,213597,213601,213587
09/11/2024,DBAKIR,1,246411.86,213606,213608,213609,213603,213600,213607
09/11/2024,IZMIR,2,6543.65,213594,213592,213585,213593,213590,213586
10/11/2024,ADANA,2,56882.15,213613,213624,213627,213622,213620,213628
10/11/2024,ISTANBUL,2,19032.75,213617,213614,213621,213616,213619,213610
11/11/2024,BURSA,2,14257.3,213642,213632,213645,213640,213639,213643
11/11/2024,ELAZIG,1,1615.84,213635,213637,213636,213638,213630,213634
12/11/2024,ADANA,2,4552.52,213660,213658,213650,213663,213661,213648
12/11/2024,KOCAELI,2,15270.85,213654,213646,213655,213652,213651,213657
13/11/2024,ELAZIG,1,12395.66,213675,213668,213673,213669,213671,213670
13/11/2024,ISTANBUL,2,61716.25,213677,213680,213672,213679,213681,213678
14/11/2024,ANKARA,2,3973.3,213695,213694,213691,213697,213688,213685
14/11/2024,IZMIR,2,7693.95,213692,213701,213687,213689,213683,213699
15/11/2024,BURSA,2,16003.42,213718,213722,213713,213708,213706,213728
15/11/2024,ISTANBUL,2,17751.97,213702,213716,213719,213717,213703,213714
15/11/2024,SANLIURFA,1,50297.78,213707,213711,213715,213721,213724,213709
16/11/2024,ANKARA,2,6717.92,213750,213730,213743,213747,213729,213753
16/11/2024,DBAKIR,1,30281.46,213739,213746,213737,213742,213740,213744
16/11/2024,IZMIR,2,248208.1,213754,213735,213734,213751,213731,213748
17/11/2024,ADANA,2,5139777.55,213765,213767,213770,213762,213755,213763
17/11/2024,ISTANBUL,2,185843.57,213771,213772,213759,213764,213766,213773
18/11/2024,BURSA,2,105297.72,213785,213788,213783,213790,213774,213791
18/11/2024,SANLIURFA,2,11537.84,213777,213787,213789,213784,213786,213776
19/11/2024,ADANA,1,106711.22,213808,213798,213811,213807,213799,213812
19/11/2024,ANTALYA,1,40349.82,213800,213806,213802,213805,213804,213801
20/11/2024,ISTANBUL,1,41074.05,213824,213826,213818,213820,213822,213819
20/11/2024,SANLIURFA,2,142136.88,213828,213827,213829,213830,213817,213823
21/11/2024,IZMIR,1,10578.2,213841,213833,213838,213837,213832,213836
21/11/2024,KOCAELI,2,3679.0,213835,213842,213843,213844,213845,213834
22/11/2024,ANTALYA,1,195758.9,213863,213858,213857,213861,213862,213848
22/11/2024,IZMIR,1,229077.45,213852,213865,213855,213860,213853,213864
23/11/2024,ADANA,2,77513.8,213867,213889,213884,213891,213873,213880
23/11/2024,DBAKIR,1,485937.12,213878,213883,213881,213886,213872,213875
23/11/2024,ISTANBUL,2,11805.55,213879,213869,213885,213870,213887,213868
24/11/2024,ADANA,1,7482.1,213893,213900,213902,213898,213901,213892
24/11/2024,IZMIR,2,3001.07,213894,213903,213899,213906,213895,213904
25/11/2024,BURSA,2,10238.4,213924,213911,213922,213919,213921,213912
25/11/2024,SANLIURFA,1,16898.7,213909,213913,213915,213917,213910,213914
26/11/2024,ADANA,2,6809.5,213927,213935,213938,213931,213932,213928
26/11/2024,ANTALYA,1,176858.15,213943,213925,213939,213942,213926,213941
27/11/2024,ISTANBUL,1,576.9,213954,213952,213951,213949,213948,213950
27/11/2024,SANLIURFA,2,4744.12,213959,213944,213958,213953,213945,213956
28/11/2024,IZMIR,1,5711.9,213975,213972,213974,213973,213969,213967
28/11/2024,KOCAELI,2,33773.02,213964,213971,213968,213965,213961,213966
29/11/2024,ANTALYA,2,63611.8,213985,213977,213983,213990,213976,213981
29/11/2024,IZMIR,1,6312.35,213980,213978,213979,213984,213987,213982
30/11/2024,ADANA,2,1065.12,213996,213999,214005,214004,214009,214001
30/11/2024,DBAKIR,1,44033.46,214000,214007,213998,214013,214010,214011
30/11/2024,ISTANBUL,1,839.72,213992,214014,213997,214002,213991,213995
01/12/2024,ADANA,1,4824.97,214026,214016,214023,214027,214015,214024
01/12/2024,IZMIR,2,31103.25,214022,214028,214030,214018,214031,214025
02/12/2024,BURSA,2,38544.9,214047,214036,214049,214046,214035,214048
02/12/2024,SANLIURFA,2,10667.96,214044,214034,214043,214041,214038,214032
03/12/2024,ADANA,1,12861.45,214057,214055,214052,214056,214058,214054
03/12/2024,ANTALYA,1,1919.1,214063,214064,214059,214062,214061,214050
04/12/2024,ISTANBUL,1,44970.5,214066,214070,214081,214080,214072,214065
04/12/2024,SANLIURFA,2,64826.38,214077,214068,214071,214074,214067,214076
05/12/2024,IZMIR,1,41283.12,214091,214095,214083,214084,214097,214088
05/12/2024,KOCAELI,1,23215.32,214086,214096,214094,214092,214090,214089
06/12/2024,ANTALYA,2,101424.35,214113,214109,214108,214111,214099,214114
06/12/2024,IZMIR,1,1355.3,214107,214103,214105,214102,214101,214104
07/12/2024,ADANA,2,119263.1,214138,214119,214128,214136,214124,214118
07/12/2024,ISTANBUL,2,6555.55,214137,214139,214132,214120,214116,214127
08/12/2024,ADANA,2,224581.65,214149,214142,214145,214146,214151,214143
08/12/2024,DBAKIR,1,4932.42,214122,214129,214126,214121,214130,214125
08/12/2024,IZMIR,2,6643.9,214153,214155,214152,214158,214141,214156
09/12/2024,BURSA,2,50493.02,214171,214174,214169,214167,214161,214172
09/12/2024,SANLIURFA,1,368765.0,214168,214170,214165,214159,214163,214166
10/12/2024,ADANA,1,828571.62,214176,214189,214188,214186,214175,214187
10/12/2024,ANTALYA,2,4747.1,214184,214181,214185,214182,214179,214180
11/12/2024,ISTANBUL,1,22930.77,214208,214192,214206,214204,214191,214207
11/12/2024,SANLIURFA,2,1340913.04,214203,214199,214200,214198,214193,214197
12/12/2024,IZMIR,1,9019.47,214212,214224,214220,214222,214211,214223
12/12/2024,KOCAELI,2,1238.4,214216,214209,214219,214213,214214,214210
13/12/2024,ANTALYA,2,90880.97,214239,214236,214230,214238,214225,214240
13/12/2024,IZMIR,1,7316.5,214227,214229,214228,214237,214231,214234
14/12/2024,ADANA,2,2572.5,214258,214244,214261,214259,214243,214262
14/12/2024,DBAKIR,1,2740.38,214253,214248,214252,214246,214256,214249
14/12/2024,ISTANBUL,1,2421.95,214245,214255,214251,214247,214257,214254
15/12/2024,ADANA,2,31780.02,214265,214280,214279,214275,214266,214278
15/12/2024,IZMIR,2,28352.87,214277,214267,214270,214269,214282,214268
16/12/2024,BURSA,2,11079.0,214298,214285,214296,214292,214297,214286
16/12/2024,SANLIURFA,1,428137.26,214288,214283,214289,214290,214284,214287
17/12/2024,ADANA,1,5850015.32,214312,214299,214313,214310,214300,214314
17/12/2024,ANTALYA,2,11664.87,214302,214306,214305,214304,214301,214309
18/12/2024,ISTANBUL,1,5027.92,214319,214328,214330,214323,214325,214332
18/12/2024,SANLIURFA,2,14250.42,214315,214322,214327,214331,214317,214324
19/12/2024,IZMIR,1,11345.9,214339,214334,214335,214336,214337,214333
19/12/2024,KOCAELI,1,4864.9,214341,214347,214340,214345,214343,214338
20/12/2024,ANTALYA,2,50031.12,214361,214363,214356,214360,214349,214362
20/12/2024,IZMIR,1,12572.55,214359,214352,214354,214353,214351,214357
21/12/2024,ADANA,2,381.65,214376,214383,214378,214385,214373,214367
21/12/2024,ISTANBUL,2,9954.07,214368,214371,214372,214370,214365,214369
22/12/2024,ADANA,1,1231.25,214403,214400,214401,214402,214397,214389
22/12/2024,DBAKIR,1,1414.64,214387,214384,214379,214388,214381,214382
22/12/2024,IZMIR,1,47389.32,214396,214394,214399,214392,214404,214393
23/12/2024,BURSA,2,1622.17,214412,214406,214421,214419,214415,214405
23/12/2024,SANLIURFA,1,30930.2,214417,214414,214408,214416,214418,214407
24/12/2024,ADANA,1,74450.47,214433,214424,214437,214434,214425,214435
24/12/2024,ANTALYA,2,3514.27,214422,214426,214430,214429,214427,214432
25/12/2024,ISTANBUL,1,47230.07,214453,214452,214446,214447,214439,214451
25/12/2024,SANLIURFA,1,25174.9,214444,214448,214443,214442,214441,214449
26/12/2024,IZMIR,1,14898.6,214454,214468,214466,214465,214464,214455
26/12/2024,KOCAELI,1,4154.0,214457,214462,214460,214458,214463,214461
27/12/2024,ANTALYA,2,3078.9,214470,214471,214475,214477,214472,214482
27/12/2024,IZMIR,1,1112.2,214479,214480,214474,214481,214483,214478
28/12/2024,ADANA,1,3500.17,214498,214506,214501,214495,214500,214505
28/12/2024,DBAKIR,1,922.8,214491,214496,214499,214504,214486,214489
28/12/2024,ISTANBUL,1,17589.67,214487,214485,214492,214494,214490,214484
29/12/2024,ADANA,1,6891.67,214513,214507,214514,214515,214517,214508
29/12/2024,IZMIR,1,1155.05,214520,214512,214510,214509,214518,214511
30/12/2024,BURSA,2,2620.8,214529,214534,214536,214531,214521,214533
30/12/2024,SANLIURFA,1,28999.6,214530,214525,214527,214524,214528,214523
31/12/2024,ADANA,1,435.7,214546,214550,214551,214548,214549,214545
31/12/2024,ANTALYA,1,19729.42,214543,214541,214540,214537,214539,214544
01/01/2025,ISTANBUL,1,63685.56,214562,214559,214554,214557,214555,214567
01/01/2025,SANLIURFA,1,9569.37,214556,214552,214565,214563,214558,214564
02/01/2025,ANTALYA,1,4724.58,214574,214582,214573,214578,214570,214576
02/01/2025,IZMIR,1,926.43,214581,214568,214575,214580,214577,214579
03/01/2025,BURSA,1,22448.52,214604,214593,214603,214602,214600,214592
03/01/2025,IZMIR,1,3563.55,214594,214597,214595,214601,214596,214599
04/01/2025,ADANA,2,21010.5,214619,214620,214618,214616,214622,214607
04/01/2025,ISTANBUL,2,17604.78,214615,214614,214611,214613,214606,214612
05/01/2025,ADANA,1,1592.37,214629,214635,214623,214631,214632,214634
05/01/2025,IZMIR,1,4640.85,214633,214626,214637,214636,214638,214625
06/01/2025,BURSA,1,110342.88,214649,214640,214650,214648,214639,214651
06/01/2025,SANLIURFA,2,14696681.4,214655,214645,214653,214656,214644,214657
07/01/2025,ADANA,1,300.24,214659,214667,214668,214670,214669,214658
07/01/2025,ANTALYA,1,62229.93,214660,214664,214663,214666,214661,214662
08/01/2025,ISTANBUL,2,2831.52,214673,214688,214686,214680,214674,214687
08/01/2025,SANLIURFA,2,8088.9,214683,214682,214684,214678,214676,214681
09/01/2025,ANTALYA,1,3007.56,214693,214701,214692,214694,214691,214699
09/01/2025,IZMIR,1,895.41,214702,214700,214703,214698,214697,214696
10/01/2025,ANTALYA,1,8854.41,214712,214714,214717,214713,214705,214715
10/01/2025,IZMIR,1,4869.72,214706,214711,214716,214709,214707,214710
11/01/2025,ADANA,2,277554.21,214730,214721,214729,214732,214735,214720
11/01/2025,ISTANBUL,2,7964.85,214726,214719,214722,214727,214728,214724
12/01/2025,ADANA,1,6034.53,214746,214738,214747,214744,214739,214743
12/01/2025,IZMIR,1,1208.52,214737,214749,214742,214740,214736,214748
13/01/2025,BURSA,1,1352.79,214758,214765,214764,214755,214750,214766
13/01/2025,SANLIURFA,2,1781.25,214759,214762,214763,214752,214757,214761
14/01/2025,ADANA,1,12157.05,214784,214785,214786,214788,214789,214774
14/01/2025,ANTALYA,2,17511.18,214777,214781,214782,214780,214776,214787
15/01/2025,ISTANBUL,1,174.96,214796,214791,214798,214797,214790,214800
15/01/2025,SANLIURFA,2,36993.57,214805,214792,214801,214803,214793,214802
16/01/2025,ANTALYA,1,6212.43,214817,214819,214816,214808,214811,214813
16/01/2025,IZMIR,1,12351.51,214807,214814,214820,214812,214806,214818
17/01/2025,BURSA,1,7992.12,214833,214822,214830,214831,214832,214821
17/01/2025,IZMIR,1,1068.69,214824,214827,214828,214829,214823,214826
18/01/2025,ADANA,2,9584.52,214871,214877,214873,214875,214870,214879
18/01/2025,ISTANBUL,2,1847.07,214868,214884,214883,214880,214882,214876
19/01/2025,ADANA,1,660.12,214891,214887,214892,214896,214893,214886
19/01/2025,IZMIR,2,393517.59,214899,214888,214898,214900,214902,214889
20/01/2025,BURSA,1,38085.12,214918,214917,214907,214916,214906,214919
21/01/2025,ADANA,1,39581.4,214929,214924,214928,214932,214926,214923
21/01/2025,ANTALYA,1,40655.49,214920,214933,214925,214927,214921,214931
22/01/2025,ISTANBUL,1,31789.62,214961,214962,214963,214958,214950,214959
22/01/2025,SANLIURFA,1,348674.95,214955,214960,214952,214956,214954,214957
23/01/2025,ANTALYA,1,10572.27,214974,214966,214970,214973,214968,214975
23/01/2025,IZMIR,1,6784.17,214977,214965,214978,214976,214972,214964
24/01/2025,ANTALYA,1,7739.13,214979,214986,214988,214991,214980,214990
24/01/2025,IZMIR,1,6981.93,214987,214989,214985,214983,214982,214992
25/01/2025,ADANA,2,321.57,215008,215007,215006,214998,215004,214995
25/01/2025,ISTANBUL,2,313.86,215009,215010,215011,215000,214994,215005
26/01/2025,ADANA,1,75434.22,215021,215023,215016,215025,215014,215024
26/01/2025,IZMIR,2,844.86,215027,215013,215019,215026,215022,215028
27/01/2025,BURSA,2,7392.33,215046,215043,215033,215042,215045,215044
27/01/2025,SANLIURFA,2,3858.75,215031,215035,215037,215030,215040,215039
28/01/2025,ADANA,2,711.99,215058,215059,215051,215061,215064,215060
28/01/2025,ANTALYA,2,16739.7,215049,215053,215056,215055,215047,215057
29/01/2025,ISTANBUL,2,3975.3,215068,215081,215078,215082,215080,215069
29/01/2025,SANLIURFA,2,557.17,215072,215073,215075,215077,215066,215074
30/01/2025,ANTALYA,1,30513.24,215095,215091,215092,215087,215090,215097
30/01/2025,IZMIR,1,6459.51,215093,215096,215094,215088,215085,215089
31/01/2025,BURSA,1,29722.5,215106,215105,215109,215103,215098,215111
31/01/2025,IZMIR,1,6443.91,215108,215101,215107,215102,215104,215100
01/02/2025,ADANA,2,167.13,215122,215123,215126,215121,215125,215113
01/02/2025,ISTANBUL,1,1967.49,215114,215117,215118,215115,215119,215120
02/02/2025,ADANA,1,2085.54,215135,215138,215140,215137,215136,215139
02/02/2025,IZMIR,2,2433.12,215133,215129,215132,215142,215141,215128
03/02/2025,BURSA,1,32140.8,215149,215148,215147,215150,215151,215146
03/02/2025,SANLIURFA,2,27454.52,215157,215143,215153,215156,215145,215155
04/02/2025,ADANA,1,26909.58,215168,215161,215170,215166,215169,215160
04/02/2025,ANTALYA,1,1219.14,215164,215165,215163,215162,215159,215172
05/02/2025,ISTANBUL,2,2524.98,215186,215187,215184,215189,215190,215188
05/02/2025,SANLIURFA,2,10507.2,215179,215181,215178,215183,215176,215180
06/02/2025,ANTALYA,1,879.21,215198,215191,215196,215194,215192,215195
06/02/2025,IZMIR,1,1375.83,215202,215201,215197,215203,215200,215199
07/02/2025,ANTALYA,2,13060.59,215206,215215,215213,215218,215207,215219
07/02/2025,IZMIR,1,887.37,215205,215214,215216,215209,215204,215211
08/02/2025,ADANA,2,7698.12,215222,215226,215230,215233,215223,215228
08/02/2025,ISTANBUL,1,31666.38,215229,215220,215231,215227,215221,215235
09/02/2025,ADANA,1,9914.22,215242,215236,215245,215247,215237,215244
09/02/2025,IZMIR,1,1603.44,215240,215248,215249,215250,215251,215239
10/02/2025,BURSA,1,68712.54,215264,215265,215256,215266,215255,215267
10/02/2025,SANLIURFA,1,52462.95,215257,215260,215259,215252,215258,215262
11/02/2025,ADANA,2,1151.43,215268,215282,215277,215279,215269,215281
11/02/2025,ANTALYA,1,17045.22,215271,215273,215276,215272,215274,215283
12/02/2025,ISTANBUL,1,659.25,215297,215299,215287,215298,215292,215295
12/02/2025,SANLIURFA,2,417348.7,215289,215293,215290,215294,215285,215296
13/02/2025,ANTALYA,1,63819.6,215305,215313,215300,215304,215306,215312
13/02/2025,IZMIR,1,306630.48,215307,215302,215309,215314,215303,215310
14/02/2025,BURSA,1,414.12,215315,215325,215323,215319,215316,215320
14/02/2025,IZMIR,1,479.19,215327,215317,215324,215326,215321,215322
15/02/2025,ADANA,2,170920.89,215341,215331,215343,215344,215340,215345
15/02/2025,ISTANBUL,2,30786.93,215334,215328,215336,215338,215330,215339
16/02/2025,ADANA,1,16796.97,215356,215348,215358,215354,215347,215355
16/02/2025,IZMIR,2,1755.03,215357,215360,215351,215350,215353,215362
17/02/2025,BURSA,1,63116.94,215375,215369,215380,215377,215379,215367
17/02/2025,SANLIURFA,2,3288.87,215371,215366,215374,215373,215372,215364
18/02/2025,ADANA,1,1788.87,215396,215391,215393,215392,215384,215394
18/02/2025,ANTALYA,1,3498.42,215389,215388,215390,215385,215381,215386
19/02/2025,ISTANBUL,1,34458.42,215401,215402,215404,215410,215397,215408
19/02/2025,SANLIURFA,1,1144784.92,215400,215411,215403,215406,215409,215405
20/02/2025,ANTALYA,1,3468.15,215419,215412,215417,215413,215425,215424
20/02/2025,IZMIR,1,664.59,215415,215422,215423,215418,215420,215416
21/02/2025,ANTALYA,1,104986.92,215434,215438,215436,215433,215432,215428
21/02/2025,IZMIR,1,95544.75,215437,215440,215441,215435,215430,215439
22/02/2025,ADANA,2,387.03,215446,215448,215449,215452,215447,215445
22/02/2025,ISTANBUL,2,12400.77,215461,215458,215454,215456,215444,215460
23/02/2025,ADANA,1,333.36,215473,215471,215469,215468,215472,215467
23/02/2025,IZMIR,1,997.41,215466,215470,215465,215463,215474,215475
24/02/2025,BURSA,1,792.21,215480,215483,215482,215484,215479,215492
24/02/2025,SANLIURFA,2,224396.6,215476,215491,215489,215490,215477,215487
25/02/2025,ADANA,1,1692.45,215508,215497,215504,215506,215495,215507
25/02/2025,ANTALYA,1,4044.9,215500,215499,215502,215498,215493,215503
26/02/2025,ISTANBUL,1,2965.83,215518,215509,215514,215520,215510,215516
26/02/2025,SANLIURFA,1,7657156.7,215522,215521,215512,215523,215519,215524
27/02/2025,ANTALYA,1,87556.17,215538,215526,215531,215530,215534,215525
27/02/2025,IZMIR,1,11457.51,215535,215528,215532,215537,215529,215527
28/02/2025,BURSA,1,831.45,215546,215545,215544,215543,215541,215549
28/02/2025,IZMIR,1,33560.73,215547,215550,215551,215548,215542,215552
01/03/2025,ADANA,2,17036.67,215568,215566,215569,215567,215565,215570
01/03/2025,ISTANBUL,1,756.66,215554,215563,215558,215560,215562,215561
02/03/2025,ADANA,1,3257.79,215586,215577,215576,215583,215581,215587
02/03/2025,IZMIR,1,206.55,215584,215572,215574,215579,215578,215575
03/03/2025,BURSA,1,1671.15,215602,215598,215599,215600,215588,215601
03/03/2025,SANLIURFA,1,22174.82,215596,215592,215593,215595,215591,215594
04/03/2025,ADANA,2,5962.62,215613,215617,215612,215615,215606,215616
04/03/2025,ANTALYA,1,51536.49,215603,215607,215610,215609,215604,215608
05/03/2025,ISTANBUL,1,35388.21,215625,215629,215624,215627,215622,215631
05/03/2025,SANLIURFA,1,142317.87,215623,215632,215619,215630,215633,215628
06/03/2025,ANTALYA,1,456.36,215656,215641,215654,215655,215657,215640
06/03/2025,IZMIR,1,14471.91,215653,215660,215661,215650,215658,215662
07/03/2025,ANTALYA,1,2483.76,215669,215673,215671,215675,215676,215674
07/03/2025,IZMIR,1,17620.02,215670,215665,215666,215672,215664,215668
08/03/2025,ADANA,2,93419.07,215690,215691,215688,215689,215693,215694
08/03/2025,ISTANBUL,2,3348.06,215684,215683,215686,215681,215678,215685
09/03/2025,ADANA,2,31877.7,215696,215702,215700,215699,215701,215695
09/03/2025,IZMIR,1,29407.5,215706,215710,215712,215711,215704,215708
10/03/2025,BURSA,1,330.66,215724,215726,215714,215718,215717,215722
10/03/2025,SANLIURFA,1,7114558.87,215727,215721,215728,215725,215716,215719
11/03/2025,ADANA,2,95968.89,215745,215741,215742,215732,215740,215739
11/03/2025,ANTALYA,1,5520.12,215738,215729,215734,215737,215730,215735
12/03/2025,ISTANBUL,1,54987.57,215749,215751,215753,215750,215752,215760
12/03/2025,SANLIURFA,2,9930.02,215747,215759,215755,215756,215748,215757
13/03/2025,ANTALYA,1,3587.25,215765,215761,215768,215763,215770,215762
13/03/2025,IZMIR,1,275.61,215769,215764,215775,215773,215766,215772
14/03/2025,BURSA,1,8325.27,215782,215777,215783,215784,215776,215785
14/03/2025,IZMIR,2,20308.92,215787,215780,215790,215789,215788,215779
15/03/2025,ADANA,2,9197.07,215801,215816,215817,215818,215800,215815
15/03/2025,ISTANBUL,2,1560.9,215806,215803,215805,215807,215808,215802
16/03/2025,ADANA,1,15006.15,215838,215839,215840,215843,215841,215846
16/03/2025,IZMIR,2,476.94,215836,215844,215847,215849,215850,215852
17/03/2025,BURSA,1,85402.8,215861,215857,215866,215859,215855,215864
17/03/2025,SANLIURFA,1,83175.7,215867,215865,215862,215860,215853,215868
18/03/2025,ADANA,1,15340.47,215881,215879,215878,215876,215880,215877
18/03/2025,ANTALYA,1,52502.88,215874,215873,215872,215871,215869,215882
19/03/2025,ISTANBUL,2,125949.12,215894,215897,215895,215893,215896,215899
19/03/2025,SANLIURFA,1,17898.05,215887,215891,215890,215889,215888,215892
20/03/2025,ANTALYA,1,69899.07,215906,215908,215905,215907,215901,215909
20/03/2025,IZMIR,2,7272.21,215914,215915,215911,215910,215903,215913
21/03/2025,ANTALYA,1,7208.85,215923,215916,215920,215922,215917,215921
21/03/2025,IZMIR,2,89.94,215926,215918,215931,215927,215919,215929
22/03/2025,ADANA,2,277.08,215941,215945,215940,215946,215932,215944
22/03/2025,ISTANBUL,1,2097.9,215937,215936,215934,215935,215939,215938
23/03/2025,ADANA,1,2570.55,215956,215960,215959,215954,215948,215958
23/03/2025,IZMIR,1,4803.36,215955,215952,215961,215951,215949,215950
24/03/2025,BURSA,1,236057.49,215975,215969,215968,215976,215971,215973
24/03/2025,SANLIURFA,1,26033.97,215965,215972,215964,215974,215963,215970
25/03/2025,ADANA,1,2338.83,215987,215989,215985,215990,215986,215988
25/03/2025,ANTALYA,2,4263.9,215993,215977,215981,215984,215979,215983
26/03/2025,ISTANBUL,2,534.15,216006,216010,216008,216007,215997,216009
26/03/2025,SANLIURFA,1,2199449.07,216000,215994,215999,216003,215995,216004
27/03/2025,ANTALYA,1,7877.67,216024,216014,216022,216025,216016,216015
27/03/2025,IZMIR,2,1446604.89,216028,216023,216020,216019,216012,216026
28/03/2025,BURSA,1,140.7,216039,216030,216042,216041,216040,216043
28/03/2025,IZMIR,1,1497.39,216035,216036,216034,216037,216031,216038
29/03/2025,ADANA,2,11570.31,216061,216049,216060,216064,216048,216058
29/03/2025,ISTANBUL,2,37927.65,216052,216044,216059,216051,216054,216046
30/03/2025,IZMIR,2,23571.09,216069,216066,216068,216070,216073,216074
31/03/2025,BURSA,1,63934.44,216075,216090,216089,216088,216076,216091
31/03/2025,SANLIURFA,2,3835.17,216106,216104,216105,216103,216081,216102
01/04/2025,ADANA,2,68989.26,216097,216098,216096,216094,216100,216095
01/04/2025,ANTALYA,1,12328.26,216084,216078,216087,216085,216082,216077
02/04/2025,ELAZIG,1,51254.3,216112,216110,216115,216113,216118,216117
02/04/2025,ISTANBUL,2,98187.57,216111,216120,216116,216109,216107,216122
03/04/2025,ANTALYA,1,3902.79,216126,216127,216125,216129,216128,216134
03/04/2025,IZMIR,2,20111.97,216136,216124,216132,216133,216135,216123
04/04/2025,ANTALYA,1,490.95,216144,216146,216143,216147,216145,216138
04/04/2025,IZMIR,2,4679.67,216142,216151,216149,216148,216140,216150
05/04/2025,ADANA,2,4766.73,216163,216164,216165,216162,216155,216167
05/04/2025,ISTANBUL,1,2665.41,216160,216158,216157,216156,216159,216161
06/04/2025,ADANA,2,11541.63,216179,216176,216177,216180,216178,216183
06/04/2025,IZMIR,1,160627.83,216171,216184,216172,216170,216182,216173
07/04/2025,BURSA,1,2111.91,216207,216206,216208,216196,216204,216203
07/04/2025,SANLIURFA,1,19212.87,216209,216198,216197,216201,216200,216202
08/04/2025,ADANA,2,21927.96,216226,216222,216225,216223,216212,216224
08/04/2025,ANTALYA,2,9117.72,216219,216216,216214,216215,216210,216217
09/04/2025,ELAZIG,1,43924.42,216229,216235,216233,216231,216232,216234
09/04/2025,ISTANBUL,1,9607.26,216240,216239,216236,216238,216237,216227
10/04/2025,ANTALYA,2,194426.19,216250,216243,216251,216247,216248,216244
10/04/2025,IZMIR,2,248085.84,216245,216257,216246,216256,216242,216249
11/04/2025,BURSA,2,3571.71,216268,216261,216266,216270,216269,216260
11/04/2025,IZMIR,2,3602.31,216262,216271,216275,216274,216272,216263
12/04/2025,ADANA,2,452.67,216322,216338,216334,216340,216336,216321
12/04/2025,ISTANBUL,2,43260.84,216319,216325,216328,216329,216324,216327
13/04/2025,ADANA,2,6359.07,216354,216363,216357,216366,216359,216367
13/04/2025,IZMIR,2,6176.61,216361,216356,216362,216370,216369,216368
14/04/2025,BURSA,2,7136.73,216389,216398,216396,216394,216397,216404
14/04/2025,SANLIURFA,2,47331.3,216391,216401,216405,216399,216390,216400
15/04/2025,ANTALYA,2,13004.58,216410,216422,216423,216411,216408,216420
15/04/2025,ELAZIG,2,57547.72,216407,216413,216412,216414,216417,216406
16/04/2025,ELAZIG,2,113485.37,216455,216457,216454,216456,216426,216453
16/04/2025,ISTANBUL,2,13268.7,216464,216468,216469,216467,216465,216471
17/04/2025,ANKARA,2,831138.96,216478,216494,216491,216486,216479,216496
17/04/2025,IZMIR,2,5186.49,216484,216489,216492,216487,216482,216490
18/04/2025,BURSA,2,261721.68,216520,216518,216529,216516,216525,216530
18/04/2025,ISTANBUL,2,926818.5,216514,216517,216524,216521,216527,216523
19/04/2025,ANKARA,2,133311.87,216540,216544,216545,216549,216542,216543
19/04/2025,DBAKIR,1,4675.9,216554,216556,216553,216552,216557,216551
19/04/2025,IZMIR,2,47114.79,216561,216563,216558,216562,216555,216560
20/04/2025,ADANA,2,6979.56,216575,216590,216584,216587,216573,216588
20/04/2025,ISTANBUL,2,22712.1,216571,216576,216581,216578,216579,216570
21/04/2025,BURSA,2,4878.6,216622,216619,216617,216621,216608,216620
21/04/2025,SANLIURFA,2,100443.5,216614,216616,216613,216606,216610,216618
22/04/2025,ANTALYA,2,9735.09,216629,216626,216631,216627,216634,216628
22/04/2025,ELAZIG,2,55366.5,216639,216632,216633,216638,216623,216630
23/04/2025,ELAZIG,1,3132.32,216650,216644,216645,216651,216648,216649
23/04/2025,ISTANBUL,2,8319.54,216655,216640,216654,216652,216642,216641
24/04/2025,ANKARA,2,1422407.52,216680,216665,216671,216676,216673,216664
24/04/2025,IZMIR,2,219588.87,216684,216681,216674,216672,216668,216682
25/04/2025,BURSA,2,85054.2,216721,216704,216716,216715,216720,216703
25/04/2025,ISTANBUL,2,59696.07,216709,216706,216710,216708,216714,216707
26/04/2025,ANKARA,2,8162.04,216729,216730,216732,216727,216734,216722
26/04/2025,DBAKIR,1,5232.4,216737,216733,216738,216728,216731,216739
26/04/2025,IZMIR,2,1661076.93,216741,216725,216746,216744,216745,216726
27/04/2025,ADANA,2,4441.92,216758,216761,216760,216749,216762,216764
27/04/2025,ISTANBUL,2,717.45,216747,216755,216753,216756,216757,216748
28/04/2025,BURSA,2,6722526.66,216784,216791,216789,216788,216786,216790
28/04/2025,SANLIURFA,2,1510998.75,216797,216783,216795,216796,216792,216782
29/04/2025,ANTALYA,2,22095.75,216813,216800,216803,216814,216801,216816
29/04/2025,ELAZIG,2,35063.67,216812,216799,216809,216807,216798,216804
30/04/2025,ELAZIG,2,1030.02,216821,216824,216827,216822,216820,216829
30/04/2025,ISTANBUL,2,9246.9,216833,216826,216831,216830,216823,216832
01/05/2025,ANKARA,2,20987.46,216851,216841,216857,216849,216854,216842
01/05/2025,IZMIR,2,32085.6,216845,216859,216856,216848,216860,216846
02/05/2025,BURSA,2,19866.78,216882,216893,216890,216892,216881,216896
02/05/2025,ISTANBUL,2,437.22,216886,216879,216883,216885,216887,216884
03/05/2025,ANKARA,2,2837.4,216927,216922,216920,216919,216914,216929
03/05/2025,DBAKIR,1,797.15,216932,216928,216931,216930,216934,216935
03/05/2025,IZMIR,2,32410.32,216921,216933,216916,216925,216936,216937
04/05/2025,ADANA,2,6240.84,216956,216954,216952,216955,216951,216941
04/05/2025,ISTANBUL,2,78487.08,216948,216947,216949,216946,216950,216939
05/05/2025,BURSA,2,17974.44,216962,216968,216964,216969,216963,216970
05/05/2025,SANLIURFA,2,4251.57,216971,216960,216974,216973,216976,216958
06/05/2025,ANKARA,2,278078.34,216984,216991,216993,216986,216992,216994
06/05/2025,ANTALYA,2,9981.75,216985,216977,216987,216982,216988,216978
07/05/2025,ELAZIG,2,3452.6,217008,216999,217007,217005,216998,217012
07/05/2025,ISTANBUL,2,3261.75,217004,216996,217001,217002,216997,217006
08/05/2025,ANKARA,2,15355.11,217026,217019,217031,217032,217028,217021
08/05/2025,IZMIR,2,16570.14,217023,217017,217024,217029,217016,217027
09/05/2025,BURSA,2,108543.3,217050,217037,217040,217052,217053,217054
09/05/2025,ISTANBUL,2,31993.53,217049,217043,217044,217048,217041,217045
10/05/2025,ANKARA,2,6278.58,217067,217057,217059,217065,217068,217060
10/05/2025,DBAKIR,1,10945.25,217075,217078,217077,217076,217073,217074
10/05/2025,IZMIR,2,1903059.63,217070,217055,217072,217071,217056,217069
11/05/2025,ADANA,2,55022.82,217097,217082,217092,217096,217083,217095
11/05/2025,ISTANBUL,2,40072.26,217085,217079,217086,217084,217087,217080
12/05/2025,BURSA,2,2209.8,217111,217101,217109,217114,217102,217115
12/05/2025,SANLIURFA,2,4415.7,217108,217104,217098,217103,217099,217105
13/05/2025,ANKARA,2,20254.02,217127,217132,217126,217129,217125,217124
13/05/2025,ANTALYA,2,12776.22,217120,217122,217117,217118,217123,217119
14/05/2025,ELAZIG,2,6934.57,217149,217150,217151,217147,217136,217148
14/05/2025,ISTANBUL,2,20639.82,217145,217139,217143,217134,217141,217142
15/05/2025,ANKARA,2,3460.68,217166,217158,217161,217163,217169,217157
15/05/2025,IZMIR,2,52062.9,217156,217167,217165,217154,217171,217170
16/05/2025,BURSA,2,3361.41,217194,217181,217192,217196,217195,217180
16/05/2025,ISTANBUL,2,24053.31,217189,217182,217186,217188,217184,217187
17/05/2025,ANKARA,2,4425.42,217216,217235,217234,217236,217237,217215
17/05/2025,DBAKIR,1,4086.05,217223,217224,217222,217226,217227,217221
17/05/2025,IZMIR,2,2028.81,217228,217220,217229,217232,217219,217230
18/05/2025,ADANA,2,4778.82,217281,217278,217279,217280,217266,217277
18/05/2025,ISTANBUL,2,13849.62,217270,217275,217267,217274,217271,217268
19/05/2025,BURSA,2,17592.09,217293,217308,217298,217297,217291,217304
19/05/2025,SANLIURFA,2,298749.8,217300,217294,217303,217302,217296,217307
20/05/2025,ANKARA,2,1820.4,217320,217321,217314,217319,217313,217315
20/05/2025,ANTALYA,2,1950.21,217326,217322,217327,217325,217310,217328
21/05/2025,ELAZIG,2,23893.82,217339,217343,217342,217331,217340,217341
21/05/2025,ISTANBUL,2,6289.56,217333,217330,217336,217335,217334,217329
22/05/2025,ANKARA,2,142789.5,217351,217355,217350,217353,217357,217345
22/05/2025,IZMIR,2,97279.8,217356,217349,217361,217360,217347,217359
23/05/2025,BURSA,2,30251.64,217382,217370,217387,217384,217369,217385
23/05/2025,ISTANBUL,2,6241.83,217376,217372,217377,217374,217373,217380
24/05/2025,ANKARA,2,80348.01,217424,217405,217420,217422,217406,217426
24/05/2025,DBAKIR,1,5806.77,217417,217421,217413,217416,217414,217419
24/05/2025,IZMIR,2,19985.07,217430,217407,217411,217423,217429,217409
25/05/2025,ADANA,2,6791.91,217461,217457,217464,217463,217459,217460
25/05/2025,ISTANBUL,2,51964.8,217451,217448,217456,217452,217449,217450
26/05/2025,BURSA,2,24783.93,217482,217478,217480,217477,217466,217475
26/05/2025,SANLIURFA,2,1105275.85,217467,217479,217472,217476,217468,217473
27/05/2025,ANKARA,2,121192.56,217487,217489,217495,217500,217486,217502
27/05/2025,ANTALYA,2,37918.17,217491,217483,217493,217498,217504,217484
28/05/2025,ELAZIG,2,15090.15,217513,217514,217510,217512,217508,217515
28/05/2025,ISTANBUL,2,2300.79,217520,217521,217517,217518,217519,217505
29/05/2025,ANKARA,2,7716.99,217527,217526,217528,217531,217529,217525
29/05/2025,IZMIR,2,3643509.78,217539,217524,217538,217533,217536,217523
30/05/2025,BURSA,2,130888.68,217557,217559,217558,217562,217547,217561
30/05/2025,ISTANBUL,2,1831.26,217556,217554,217552,217553,217550,217555
31/05/2025,ANKARA,2,16143.75,217583,217582,217585,217584,217586,217579
31/05/2025,DBAKIR,1,614954.62,217595,217596,217592,217594,217599,217598
31/05/2025,IZMIR,2,4798.92,217593,217600,217591,217590,217601,217597
01/06/2025,ADANA,2,47663.65,217635,217612,217637,217631,217634,217613
01/06/2025,ISTANBUL,2,33828.65,217618,217609,217624,217616,217625,217610
02/06/2025,BURSA,2,26761.0,217660,217657,217664,217658,217665,217659
02/06/2025,SANLIURFA,2,50650.68,217663,217666,217667,217661,217654,217669
03/06/2025,ANKARA,2,2749.2,217677,217670,217678,217681,217679,217671
03/06/2025,KOCAELI,2,8891.45,217684,217683,217686,217685,217674,217687
04/06/2025,ELAZIG,2,437928.28,217702,217701,217704,217703,217690,217700
04/06/2025,ISTANBUL,2,86907.15,217696,217689,217692,217698,217695,217688
05/06/2025,ANKARA,2,430104.4,217706,217716,217720,217717,217705,217721
05/06/2025,IZMIR,2,719.15,217723,217708,217719,217710,217707,217722
06/06/2025,ISTANBUL,2,4502.85,217737,217741,217734,217736,217738,217739
07/06/2025,ANKARA,2,18805.6,217744,217781,217776,217777,217780,217745
07/06/2025,DBAKIR,1,29632.64,217750,217753,217751,217748,217752,217749
07/06/2025,IZMIR,2,901993.65,217747,217766,217762,217763,217746,217771
08/06/2025,ADANA,2,5054.1,217768,217767,217775,217772,217774,217770
08/06/2025,ISTANBUL,2,168382.5,217757,217743,217755,217760,217756,217754
09/06/2025,BURSA,2,559380.0,217798,217802,217791,217784,217801,217800
09/06/2025,SANLIURFA,2,146954.84,217790,217788,217792,217797,217787,217793
10/06/2025,ANKARA,2,7353.25,217809,217807,217806,217813,217810,217808
10/06/2025,KOCAELI,2,538.05,217815,217817,217816,217814,217819,217820
11/06/2025,ELAZIG,2,11944.48,217825,217832,217829,217836,217833,217824
11/06/2025,ISTANBUL,2,27785.15,217828,217837,217826,217831,217834,217827
12/06/2025,ANKARA,2,730292.0,217845,217843,217848,217849,217846,217847
12/06/2025,IZMIR,2,1625055.1,217850,217855,217840,217851,217839,217854
13/06/2025,BURSA,2,88748.5,217880,217894,217884,217895,217886,217892
13/06/2025,ISTANBUL,2,58441.55,217891,217879,217888,217893,217885,217878
14/06/2025,ANKARA,2,77471.65,217926,217919,217930,217925,217929,217920
14/06/2025,DBAKIR,1,146151.56,217934,217940,217938,217939,217936,217935
14/06/2025,IZMIR,2,14685731.3,217943,217921,217933,217942,217944,217923
15/06/2025,ADANA,2,3984.4,217960,217963,217962,217957,217959,217956
15/06/2025,ISTANBUL,2,1747.0,217952,217965,217969,217967,217954,217964
16/06/2025,BURSA,2,243804.9,217978,217970,217982,217981,217979,217972
16/06/2025,SANLIURFA,2,16199.08,217988,217975,217987,217985,217973,217986
17/06/2025,ANKARA,2,4693.05,218000,217989,218001,218008,218002,217990
17/06/2025,KOCAELI,2,50344.75,218006,218007,218010,218011,217995,218009
18/06/2025,ELAZIG,2,14122.36,218018,218017,218019,218020,218014,218023
18/06/2025,ISTANBUL,2,39458.55,218022,218026,218025,218029,218013,218030
19/06/2025,ANKARA,2,18982.6,218036,218038,218042,218037,218031,218047
19/06/2025,IZMIR,2,7957.7,218048,218034,218035,218046,218045,218049
20/06/2025,BURSA,2,6512.95,218080,218078,218079,218081,218066,218083
20/06/2025,ISTANBUL,2,65127.85,218072,218073,218070,218071,218067,218069
21/06/2025,ANKARA,2,20509.05,218091,218085,218094,218096,218101,218084
21/06/2025,DBAKIR,1,11251.48,218106,218099,218098,218104,218102,218103
21/06/2025,IZMIR,2,40576.95,218107,218087,218108,218105,218092,218088
22/06/2025,ADANA,2,3873.15,218156,218160,218155,218161,218143,218158
22/06/2025,ISTANBUL,2,32121.75,218154,218145,218153,218150,218149,218146
23/06/2025,BURSA,2,11760.2,218174,218163,218178,218179,218166,218162
23/06/2025,ELAZIG,2,495501.24,218175,218165,218172,218176,218164,218171
24/06/2025,ANKARA,2,1882.85,218187,218191,218189,218185,218186,218183
24/06/2025,KOCAELI,2,86075.55,218192,218180,218194,218193,218195,218196
25/06/2025,BURSA,2,62288.8,218211,218204,218206,218210,218199,218209
25/06/2025,ISTANBUL,2,49061.1,218202,218198,218205,218212,218215,218197
26/06/2025,ANKARA,2,1679126.0,218217,218223,218221,218220,218219,218225
26/06/2025,IZMIR,2,1790448.55,218228,218230,218231,218227,218226,218233
27/06/2025,ELAZIG,2,45004.44,218249,218245,218248,218237,218247,218246
27/06/2025,ISTANBUL,2,22489.8,218244,218242,218238,218239,218240,218235
28/06/2025,ANKARA,2,2842.6,218262,218257,218260,218253,218259,218254
28/06/2025,DBAKIR,1,26106.28,218271,218270,218272,218273,218268,218274
28/06/2025,IZMIR,2,606055.7,218263,218267,218266,218264,218252,218269
29/06/2025,ADANA,1,164088.05,218284,218281,218286,218280,218282,218285
29/06/2025,ISTANBUL,2,58730.4,218288,218278,218277,218287,218291,218279
30/06/2025,BURSA,2,117512.35,218297,218311,218303,218300,218299,218312
30/06/2025,ELAZIG,2,6041918.16,218296,218301,218308,218305,218294,218306
01/07/2025,ANKARA,2,73743.05,218315,218314,218320,218318,218321,218319
01/07/2025,KOCAELI,2,318237.3,218326,218325,218329,218328,218323,218327
02/07/2025,ELAZIG,2,32042.12,218336,218333,218335,218339,218332,218340
02/07/2025,ISTANBUL,2,27725.8,218345,218346,218347,218344,218342,218330
03/07/2025,ANKARA,2,6209.45,218357,218354,218356,218359,218353,218352
03/07/2025,KOCAELI,2,80150.9,218361,218362,218365,218349,218363,218364
04/07/2025,BURSA,2,1797.25,218380,218368,218383,218378,218379,218367
04/07/2025,ISTANBUL,2,14386.2,218374,218377,218373,218375,218376,218372
05/07/2025,ANKARA,2,164457.85,218394,218397,218395,218396,218398,218385
05/07/2025,DBAKIR,1,3177039.84,218408,218411,218404,218405,218410,218406
05/07/2025,IZMIR,2,1781.35,218403,218402,218413,218412,218387,218399
06/07/2025,ISTANBUL,2,23791.45,218432,218423,218427,218430,218435,218422
06/07/2025,IZMIR,2,64185.55,218437,218434,218440,218433,218425,218439
07/07/2025,BURSA,2,63580.5,218455,218469,218470,218464,218468,218459
07/07/2025,ELAZIG,2,1164.36,218457,218465,218466,218460,218458,218462
08/07/2025,ANKARA,2,4943.3,218482,218479,218478,218481,218483,218477
08/07/2025,KOCAELI,2,12536.1,218488,218473,218489,218486,218490,218475
09/07/2025,ELAZIG,2,6371.56,218506,218491,218505,218504,218492,218501
09/07/2025,ISTANBUL,2,41594.8,218497,218507,218500,218496,218494,218508
10/07/2025,ANKARA,2,165384.45,218524,218517,218520,218519,218522,218521
10/07/2025,KOCAELI,2,887091.25,218526,218528,218529,218527,218532,218533
11/07/2025,BURSA,2,322.2,218544,218552,218551,218548,218537,218550
11/07/2025,ISTANBUL,2,6891.1,218536,218545,218540,218546,218534,218542
12/07/2025,ANKARA,2,4819104.75,218558,218559,218562,218560,218561,218554
12/07/2025,DBAKIR,1,17174.48,218564,218565,218567,218568,218569,218566
12/07/2025,IZMIR,2,11270.6,218570,218574,218556,218572,218573,218576
13/07/2025,ISTANBUL,2,6702.75,218591,218586,218588,218584,218577,218583
13/07/2025,IZMIR,2,3126.6,218590,218581,218587,218595,218580,218585
14/07/2025,BURSA,2,4261.9,218615,218612,218614,218608,218613,218611
14/07/2025,ELAZIG,2,1874.92,218604,218602,218605,218606,218599,218607
15/07/2025,ANKARA,2,4517.5,218627,218616,218621,218625,218624,218623
15/07/2025,KOCAELI,2,6067.85,218631,218619,218629,218634,218633,218618
16/07/2025,ELAZIG,2,321847.48,218650,218636,218648,218649,218637,218647
16/07/2025,ISTANBUL,2,96976.2,218639,218646,218641,218640,218643,218642
17/07/2025,ANKARA,2,6292.05,218663,218656,218661,218657,218658,218659
17/07/2025,KOCAELI,2,23775.55,218670,218666,218665,218667,218654,218669
18/07/2025,BURSA,2,11586.45,218681,218688,218675,218680,218678,218673
18/07/2025,ISTANBUL,2,1807.4,218686,218677,218689,218683,218692,218676
19/07/2025,ANKARA,2,16744.25,218699,218693,218695,218701,218696,218694
19/07/2025,DBAKIR,1,107624.8,218704,218709,218707,218708,218706,218698
20/07/2025,ISTANBUL,2,84905.6,218728,218719,218722,218723,218725,218717
20/07/2025,IZMIR,2,2357.35,218733,218730,218734,218732,218720,218731
21/07/2025,BURSA,2,29854.5,218751,218753,218741,218752,218737,218748
21/07/2025,ELAZIG,2,243237.08,218744,218740,218747,218749,218750,218738
22/07/2025,ANKARA,2,335761.05,218771,218755,218768,218769,218767,218754
22/07/2025,KOCAELI,2,1684787.65,218756,218764,218762,218760,218757,218759
23/07/2025,ELAZIG,2,69484.28,218785,218774,218777,218776,218778,218779
23/07/2025,ISTANBUL,2,39241.65,218789,218791,218780,218786,218772,218788
24/07/2025,ANKARA,2,2975.85,218800,218803,218804,218796,218792,218798
24/07/2025,KOCAELI,2,7203.15,218806,218799,218801,218807,218795,218808
25/07/2025,BURSA,2,47551.35,218825,218827,218821,218823,218812,218819
25/07/2025,ISTANBUL,2,17139.55,218811,218824,218826,218815,218820,218809
26/07/2025,ANKARA,2,526.15,218842,218838,218840,218836,218834,218832
26/07/2025,DBAKIR,1,106920.96,218846,218845,218849,218850,218844,218847
26/07/2025,IZMIR,2,482973.25,218828,218852,218851,218843,218833,218848
27/07/2025,ISTANBUL,2,84888.5,218864,218876,218875,218874,218878,218862
27/07/2025,IZMIR,2,1393.25,218870,218871,218867,218868,218861,218873
28/07/2025,BURSA,2,6003.6,218885,218883,218886,218889,218888,218890
28/07/2025,ELAZIG,2,199240.0,218893,218892,218891,218896,218880,218894
29/07/2025,ANKARA,2,887.5,218898,218902,218904,218908,218909,218897
29/07/2025,KOCAELI,2,9157.5,218900,218913,218911,218915,218901,218914
30/07/2025,ELAZIG,2,13160.24,218922,218926,218920,218923,218917,218921
30/07/2025,ISTANBUL,2,1465785.25,218929,218928,218933,218930,218932,218934
31/07/2025,ANKARA,2,2525.85,218950,218938,218942,218951,218939,218946
31/07/2025,KOCAELI,2,10699.25,218954,218936,218940,218956,218955,218935
01/08/2025,BURSA,2,202625.1,218970,218960,218971,218973,218959,218975
01/08/2025,ISTANBUL,2,1053374.05,218966,218968,218965,218967,218957,218963
02/08/2025,ANKARA,2,773.1,218976,218984,218983,218985,218990,218977
02/08/2025,DBAKIR,1,18172.24,218993,218995,218998,218997,218992,218996
02/08/2025,IZMIR,2,149771.6,218981,219001,218982,218988,218980,218999
03/08/2025,ISTANBUL,2,38468.75,219005,219008,219013,219011,219007,219014
03/08/2025,IZMIR,2,43317.3,219017,219020,219019,219002,219009,219015
04/08/2025,BURSA,2,3515.4,219037,219035,219036,219029,219032,219023
04/08/2025,ELAZIG,2,70137.2,219027,219031,219030,219022,219025,219026
05/08/2025,ANKARA,2,18346.35,219039,219047,219052,219045,219051,219038
05/08/2025,KOCAELI,2,18185.4,219055,219053,219050,219046,219040,219043
06/08/2025,ELAZIG,2,6185.28,219069,219073,219071,219058,219072,219070
06/08/2025,ISTANBUL,2,1811.2,219063,219057,219061,219065,219062,219056
07/08/2025,ANKARA,2,6365.15,219083,219078,219082,219085,219084,219079
07/08/2025,KOCAELI,2,1571.9,219090,219075,219092,219087,219074,219086
08/08/2025,BURSA,2,32831.8,219102,219094,219098,219100,219106,219104
08/08/2025,ISTANBUL,2,2709.7,219111,219096,219108,219103,219110,219095
09/08/2025,ANKARA,2,167386.15,219125,219113,219122,219120,219124,219119
09/08/2025,DBAKIR,1,134539.2,219129,219132,219130,219126,219127,219131
09/08/2025,IZMIR,2,7283.7,219115,219137,219136,219133,219116,219128
10/08/2025,ISTANBUL,2,3427466.95,219150,219138,219140,219143,219141,219145
10/08/2025,IZMIR,2,63649.2,219153,219155,219152,219151,219142,219154
11/08/2025,BURSA,2,3969.3,219173,219164,219171,219169,219167,219163
11/08/2025,ELAZIG,2,4336824.04,219179,219166,219175,219178,219174,219165
12/08/2025,ANKARA,2,9591.0,219193,219181,219195,219190,219196,219182
12/08/2025,KOCAELI,1,5744.8,219188,219187,219185,219189,219183,219184
13/08/2025,ELAZIG,2,29711.72,219202,219204,219201,219203,219200,219205
13/08/2025,ISTANBUL,2,135022.45,219212,219197,219210,219209,219211,219198
14/08/2025,ANKARA,2,27563.75,219221,219216,219223,219227,219215,219222
14/08/2025,KOCAELI,2,3976.8,219234,219217,219233,219235,219219,219230
15/08/2025,BURSA,2,288425.2,219250,219257,219266,219263,219251,219267
15/08/2025,ISTANBUL,2,15024.7,219253,219252,219255,219262,219256,219264
16/08/2025,ANKARA,2,1134252.65,219283,219284,219277,219281,219288,219276
16/08/2025,DBAKIR,1,98588.6,219301,219300,219298,219297,219296,219299
16/08/2025,IZMIR,2,81891.3,219293,219292,219280,219287,219294,219290
17/08/2025,ISTANBUL,2,14926.85,219318,219304,219312,219313,219316,219305
17/08/2025,IZMIR,2,2775.05,219314,219303,219307,219320,219309,219302
18/08/2025,BURSA,2,1483.65,219324,219332,219336,219333,219331,219337
18/08/2025,ELAZIG,2,32763.32,219330,219321,219329,219327,219322,219328
19/08/2025,ANKARA,2,15963.0,219342,219353,219351,219354,219352,219355
19/08/2025,KOCAELI,2,980515.8,219339,219345,219344,219348,219338,219347
20/08/2025,ELAZIG,1,323419.04,219363,219359,219361,219358,219360,219357
20/08/2025,ISTANBUL,2,134516.4,219364,219372,219368,219366,219371,219370
21/08/2025,ANKARA,2,16156.4,219379,219385,219383,219380,219378,219377
21/08/2025,KOCAELI,2,17333.65,219386,219373,219390,219389,219387,219374
22/08/2025,BURSA,2,15756.45,219401,219392,219400,219396,219398,219391
22/08/2025,ISTANBUL,2,255810.55,219393,219408,219405,219403,219394,219406
23/08/2025,ANKARA,2,7786.5,219421,219423,219414,219417,219410,219415
23/08/2025,DBAKIR,1,655504.28,219426,219424,219422,219427,219429,219428
23/08/2025,IZMIR,2,14773987.4,219434,219411,219433,219432,219425,219412
24/08/2025,ISTANBUL,2,32910.75,219443,219449,219453,219447,219442,219448
24/08/2025,IZMIR,2,2861.9,219444,219446,219439,219438,219436,219451
25/08/2025,BURSA,2,13297.75,219470,219454,219460,219459,219463,219471
25/08/2025,ELAZIG,2,81277.0,219467,219458,219465,219469,219464,219456
26/08/2025,ANKARA,2,63173.55,219488,219476,219485,219490,219484,219475
26/08/2025,KOCAELI,2,6717.3,219480,219483,219481,219479,219472,219478
27/08/2025,ELAZIG,2,6885.96,219497,219492,219498,219496,219499,219491
27/08/2025,ISTANBUL,2,66263.15,219508,219493,219507,219505,219500,219494
28/08/2025,ANKARA,2,374.0,219514,219516,219515,219519,219518,219510
28/08/2025,KOCAELI,2,8812.05,219527,219511,219525,219529,219523,219513
29/08/2025,BURSA,2,50454.25,219558,219565,219559,219555,219550,219562
29/08/2025,ISTANBUL,2,13637.45,219568,219564,219561,219567,219552,219563
30/08/2025,ANKARA,2,6149.7,219571,219595,219593,219584,219587,219592
30/08/2025,DBAKIR,1,162802.08,219580,219576,219577,219582,219579,219586
30/08/2025,IZMIR,2,24465.1,219588,219581,219583,219574,219590,219594
31/08/2025,ADANA,2,502511.9,219599,219611,219609,219613,219598,219612
31/08/2025,ISTANBUL,2,389074.85,219596,219605,219602,219606,219597,219607
01/09/2025,BURSA,2,298725.0,219622,219618,219621,219619,219627,219617
01/09/2025,ELAZIG,2,18167.4,219624,219633,219626,219630,219616,219632
02/09/2025,ANKARA,2,6959.7,219641,219646,219647,219642,219645,219640
02/09/2025,KOCAELI,2,3903.7,219654,219649,219656,219652,219651,219650
03/09/2025,ELAZIG,2,57250.08,219673,219659,219672,219669,219661,219668
03/09/2025,ISTANBUL,2,40037.8,219674,219670,219665,219663,219664,219662
04/09/2025,ANKARA,2,2878.7,219676,219682,219686,219685,219684,219675
04/09/2025,IZMIR,2,71343.25,219689,219679,219690,219688,219677,219694
05/09/2025,BURSA,2,77587.2,219736,219734,219732,219727,219731,219739
05/09/2025,IZMIR,2,16847.3,219726,219728,219738,219733,219730,219735
06/09/2025,ANKARA,2,943813.95,219752,219748,219741,219746,219751,219743
06/09/2025,ISTANBUL,2,369721.85,219754,219749,219756,219757,219755,219753
07/09/2025,ADANA,2,63989.1,219781,219785,219780,219784,219770,219782
07/09/2025,ISTANBUL,2,249083.3,219773,219778,219775,219776,219771,219774
08/09/2025,BURSA,2,12847.6,219794,219789,219802,219803,219790,219792
08/09/2025,ELAZIG,2,524694.84,219800,219797,219796,219801,219786,219799
09/09/2025,ANKARA,2,27477.25,219811,219804,219812,219807,219808,219806
09/09/2025,KOCAELI,2,76456.1,219815,219820,219819,219821,219822,219818
10/09/2025,ELAZIG,2,63682.04,219832,219831,219825,219833,219834,219823
10/09/2025,ISTANBUL,2,6938.05,219841,219827,219836,219840,219839,219826
11/09/2025,ANKARA,2,20554.75,219851,219848,219849,219855,219850,219842
11/09/2025,IZMIR,2,4744.0,219858,219857,219860,219859,219856,219853
12/09/2025,BURSA,2,198694.6,219861,219876,219877,219875,219872,219874
12/09/2025,ISTANBUL,2,6011.9,219878,219863,219865,219868,219867,219864
13/09/2025,ANKARA,2,38957.55,219885,219896,219891,219899,219887,219898
13/09/2025,DBAKIR,1,9299.2,219892,219886,219883,219889,219882,219895
13/09/2025,IZMIR,2,27401.45,219902,219880,219894,219897,219881,219904
14/09/2025,ADANA,2,580176.3,219920,219908,219921,219922,219918,219909
14/09/2025,ISTANBUL,2,698769.25,219911,219915,219912,219914,219906,219916
15/09/2025,BURSA,2,13416.85,219942,219928,219937,219940,219936,219927
15/09/2025,SANLIURFA,2,135341.52,219933,219926,219935,219934,219925,219930
16/09/2025,ANKARA,2,19141.6,219957,219954,219946,219956,219953,219945
16/09/2025,KOCAELI,2,2484.0,219961,219959,219948,219950,219949,219943
17/09/2025,ELAZIG,2,337327.6,219974,219968,219970,219963,219972,219976
17/09/2025,ISTANBUL,2,24420.55,219964,219971,219973,219978,219966,219965
18/09/2025,ANKARA,2,12752.85,219993,219986,219981,219989,219990,219988
18/09/2025,IZMIR,2,12304.35,219996,219995,219982,219987,219984,219991
19/09/2025,BURSA,2,4349.75,220014,220006,220008,220002,219998,220011
19/09/2025,ISTANBUL,2,1567352.6,220012,220015,220010,220005,220013,220007
20/09/2025,ANKARA,2,5982.05,220027,220016,220023,220026,220025,220017
20/09/2025,DBAKIR,1,255919.96,220040,220039,220029,220028,220030,220033
20/09/2025,IZMIR,2,39494.6,220034,220036,220031,220037,220018,220035
21/09/2025,ADANA,2,29028.65,220058,220041,220054,220055,220057,220056
21/09/2025,ISTANBUL,2,2051.85,220046,220044,220047,220051,220045,220050
22/09/2025,BURSA,2,31802.95,220077,220059,220070,220076,220061,220069
22/09/2025,SANLIURFA,2,14595002.76,220064,220067,220075,220078,220062,220073
23/09/2025,ANKARA,2,80677.45,220079,220084,220086,220085,220083,220087
23/09/2025,KOCAELI,2,493815.45,220092,220088,220095,220091,220093,220090
24/09/2025,ELAZIG,2,28102.48,220105,220103,220100,220101,220099,220108
24/09/2025,ISTANBUL,2,39721.35,220112,220104,220110,220107,220096,220113
25/09/2025,ANKARA,2,30415.95,220136,220117,220133,220129,220134,220116
25/09/2025,IZMIR,2,1804504.45,220120,220132,220135,220138,220119,220140
26/09/2025,BURSA,2,36211.5,220154,220161,220151,220155,220150,220163
26/09/2025,ISTANBUL,2,6180.4,220164,220149,220156,220162,220157,220148
27/09/2025,ANKARA,2,36450.7,220181,220180,220173,220177,220172,220168
27/09/2025,DBAKIR,1,175397.84,220184,220182,220179,220187,220188,220186
27/09/2025,IZMIR,2,2859.25,220191,220170,220189,220185,220169,220183
28/09/2025,ADANA,2,39022.4,220204,220201,220207,220205,220208,220203
28/09/2025,ISTANBUL,2,14357.15,220215,220211,220214,220213,220200,220212
29/09/2025,BURSA,2,58159.9,220226,220234,220219,220223,220222,220229
29/09/2025,SANLIURFA,2,1583.6,220230,220233,220228,220220,220235,220227
30/09/2025,ADANA,2,46010.45,220250,220239,220253,220248,220251,220240
30/09/2025,KOCAELI,2,147602.6,220245,220241,220247,220236,220244,220237
01/10/2025,ELAZIG,2,345116.84,220258,220272,220268,220271,220259,220270
01/10/2025,ISTANBUL,2,133724.75,220256,220264,220262,220260,220255,220266
02/10/2025,ANKARA,2,44769.15,220284,220288,220280,220281,220285,220275
02/10/2025,IZMIR,2,8339.85,220282,220291,220274,220286,220278,220292
03/10/2025,BURSA,2,73745.4,220311,220307,220308,220299,220294,220306
03/10/2025,ISTANBUL,2,39243.7,220295,220304,220302,220303,220297,220301
04/10/2025,ANKARA,2,1973.5,220324,220313,220318,220317,220319,220320
04/10/2025,DBAKIR,1,26157.72,220331,220335,220332,220327,220333,220330
04/10/2025,IZMIR,2,66419.9,220323,220315,220316,220336,220314,220326
05/10/2025,ADANA,2,5704.1,220351,220339,220353,220348,220340,220354
05/10/2025,ISTANBUL,2,291314.2,220347,220345,220344,220341,220343,220342
06/10/2025,BURSA,2,524685.6,220367,220359,220365,220361,220358,220360
06/10/2025,SANLIURFA,2,55881.0,220369,220372,220370,220368,220355,220371
07/10/2025,ADANA,2,1729979.8,220386,220374,220388,220387,220385,220373
07/10/2025,KOCAELI,1,375057.8,220376,220381,220379,220380,220382,220378
08/10/2025,ELAZIG,2,111464.92,220397,220391,220398,220394,220396,220399
08/10/2025,ISTANBUL,2,4400.35,220405,220392,220404,220407,220393,220406
09/10/2025,ANKARA,2,1058.1,220421,220408,220420,220414,220416,220419
09/10/2025,IZMIR,2,115981.4,220426,220411,220413,220422,220423,220424
10/10/2025,BURSA,2,2594665.75,220445,220427,220443,220440,220434,220438
10/10/2025,ISTANBUL,2,8148.95,220444,220431,220437,220435,220433,220429
11/10/2025,ANKARA,2,19330.8,220469,220447,220466,220461,220463,220446
11/10/2025,DBAKIR,1,1636.76,220457,220456,220455,220460,220458,220459
11/10/2025,IZMIR,2,4538.85,220452,220448,220468,220451,220450,220470
12/10/2025,ADANA,2,865297.95,220490,220486,220475,220484,220488,220489
12/10/2025,ISTANBUL,2,4816.5,220477,220481,220479,220480,220478,220472
13/10/2025,BURSA,2,68880.5,220492,220508,220504,220507,220506,220509
13/10/2025,SANLIURFA,2,715293.68,220502,220494,220500,220505,220496,220498
14/10/2025,ADANA,2,18114890.95,220517,220511,220518,220519,220513,220510
14/10/2025,KOCAELI,1,33542.7,220526,220520,220524,220523,220525,220522
15/10/2025,ELAZIG,2,2686.08,220534,220527,220532,220529,220528,220536
15/10/2025,ISTANBUL,2,310627.95,220543,220531,220542,220539,220537,220540
16/10/2025,ANKARA,2,5256.7,220558,220547,220556,220554,220550,220546
16/10/2025,IZMIR,2,468185.2,220544,220559,220549,220560,220545,220561
17/10/2025,BURSA,2,20228.95,220564,220572,220575,220580,220562,220579
17/10/2025,ISTANBUL,2,9746.0,220573,220570,220569,220571,220565,220576
18/10/2025,ANKARA,2,7253.7,220587,220591,220590,220589,220586,220581
18/10/2025,DBAKIR,1,48885.96,220595,220600,220596,220602,220598,220601
18/10/2025,IZMIR,2,39362.45,220605,220584,220594,220603,220583,220606
19/10/2025,ADANA,2,493137.2,220620,220610,220624,220622,220611,220626
19/10/2025,ISTANBUL,2,6591.7,220616,220615,220618,220613,220608,220619
20/10/2025,BURSA,2,62896.0,220644,220630,220643,220638,220642,220629
20/10/2025,SANLIURFA,2,51809.76,220633,220628,220634,220637,220627,220636
21/10/2025,ADANA,2,12809.45,220652,220655,220649,220651,220654,220653
21/10/2025,KOCAELI,2,974449.7,220661,220647,220658,220657,220659,220648
22/10/2025,ELAZIG,1,9245.88,220671,220670,220668,220672,220667,220666
22/10/2025,ISTANBUL,2,87733.35,220677,220676,220663,220673,220680,220679
23/10/2025,ANKARA,2,4019.55,220682,220690,220695,220685,220681,220687
23/10/2025,IZMIR,2,44985.1,220683,220698,220697,220694,220693,220699
24/10/2025,BURSA,2,2182262.25,220715,220716,220713,220714,220712,220708
24/10/2025,ISTANBUL,2,20684.75,220705,220700,220711,220703,220709,220701
25/10/2025,ANKARA,2,382525.1,220725,220717,220728,220726,220724,220730
25/10/2025,DBAKIR,1,288972.4,220734,220741,220738,220740,220742,220736
25/10/2025,IZMIR,2,2416.1,220733,220739,220732,220721,220735,220743
26/10/2025,ADANA,2,1731.85,220762,220744,220758,220756,220757,220759
26/10/2025,ISTANBUL,2,10296.5,220753,220746,220752,220749,220750,220755
27/10/2025,BURSA,2,5423.65,220776,220770,220778,220779,220766,220768
27/10/2025,SANLIURFA,2,28058.16,220774,220763,220769,220777,220764,220772
28/10/2025,ADANA,2,1646832.45,220784,220790,220787,220786,220792,220783
28/10/2025,KOCAELI,2,342743.15,220780,220795,220799,220796,220782,220793
29/10/2025,ELAZIG,2,137434.56,220816,220815,220817,220813,220802,220812
29/10/2025,ISTANBUL,2,1933.65,220810,220801,220804,220807,220800,220811
30/10/2025,ANKARA,2,5256.65,220824,220818,220827,220823,220825,220819
30/10/2025,IZMIR,2,13355.2,220838,220821,220834,220837,220830,220822
31/10/2025,BURSA,2,22908.5,220854,220839,220853,220851,220857,220856
31/10/2025,ISTANBUL,2,17416.55,220843,220847,220849,220844,220846,220845
01/11/2025,DBAKIR,1,135791.44,220873,220880,220879,220878,220871,220875
01/11/2025,IZMIR,2,12715.25,220864,220858,220872,220874,220877,220881
02/11/2025,ADANA,2,9375.05,220896,220885,220898,220897,220895,220884
02/11/2025,ISTANBUL,2,14780.95,220891,220883,220887,220890,220893,220894
03/11/2025,BURSA,2,14788.8,220918,220903,220914,220915,220916,220902
03/11/2025,SANLIURFA,2,79604.04,220909,220919,220907,220908,220904,220911
04/11/2025,ADANA,2,26467.75,220926,220940,220929,220939,220928,220941
04/11/2025,KOCAELI,2,5812.35,220936,220935,220932,220933,220924,220931
05/11/2025,ELAZIG,2,10341.08,220948,220943,220946,220950,220945,220947
05/11/2025,ISTANBUL,2,721473.35,220956,220952,220959,220957,220953,220954
06/11/2025,ANKARA,2,8436.15,220969,220967,220968,220966,220962,220964
06/11/2025,IZMIR,2,21442.6,220975,220961,220974,220972,220976,220973
07/11/2025,BURSA,2,12302.9,221010,220992,221009,221007,220991,221012
07/11/2025,ISTANBUL,2,37484.6,221006,220998,221002,221004,220999,221001
08/11/2025,ANKARA,2,15197.75,221026,221023,221019,221025,221022,221015
08/11/2025,DBAKIR,1,3199338.52,221032,221028,221036,221027,221029,221031
08/11/2025,IZMIR,2,82472.85,221039,221016,221034,221021,221038,221017
09/11/2025,ADANA,2,105547.5,221090,221074,221088,221087,221091,221086
09/11/2025,ISTANBUL,2,11159.55,221076,221082,221079,221080,221077,221081
10/11/2025,BURSA,2,71491.1,221103,221092,221102,221099,221093,221104
10/11/2025,SANLIURFA,2,4604.68,221105,221108,221096,221107,221097,221106
11/11/2025,ADANA,2,164924.4,221113,221129,221123,221127,221128,221115
11/11/2025,KOCAELI,2,4072.8,221111,221117,221120,221122,221118,221121
12/11/2025,ELAZIG,1,603330.28,221135,221139,221141,221140,221142,221134
12/11/2025,ISTANBUL,2,8964.95,221145,221138,221136,221147,221132,221148
13/11/2025,ANKARA,2,4189.45,221176,221163,221175,221174,221164,221178
13/11/2025,IZMIR,2,101725.3,221185,221187,221180,221181,221186,221182
14/11/2025,BURSA,2,22196.2,221204,221205,221202,221200,221188,221207
14/11/2025,ISTANBUL,2,404407.1,221196,221197,221199,221203,221192,221195
15/11/2025,ANKARA,2,18264.15,221217,221218,221213,221215,221219,221208
15/11/2025,DBAKIR,1,59578.88,221223,221225,221227,221229,221231,221228
15/11/2025,IZMIR,2,1094232.0,221230,221233,221222,221226,221210,221220
16/11/2025,ADANA,2,12086879.1,221246,221238,221248,221250,221249,221237
16/11/2025,ISTANBUL,2,13058.3,221240,221242,221239,221234,221241,221243
17/11/2025,BURSA,1,3123.6,221259,221256,221257,221260,221258,221261
17/11/2025,SANLIURFA,2,5084810.56,221266,221254,221267,221264,221255,221263
18/11/2025,ADANA,1,9314.5,221278,221270,221279,221280,221271,221281
18/11/2025,ANTALYA,2,6978.5,221268,221274,221276,221269,221273,221277
19/11/2025,ELAZIG,2,11088.72,221293,221289,221291,221288,221283,221292
19/11/2025,ISTANBUL,2,209333.65,221298,221286,221299,221294,221285,221296
20/11/2025,ANTALYA,2,14213.45,221309,221304,221308,221305,221306,221302
20/11/2025,IZMIR,1,61696.5,221312,221313,221310,221301,221315,221314
21/11/2025,BURSA,2,105444.0,221329,221342,221340,221328,221341,221339
21/11/2025,IZMIR,1,5897.4,221335,221337,221332,221334,221331,221336
22/11/2025,ADANA,2,165458.6,221359,221345,221360,221357,221347,221358
22/11/2025,ISTANBUL,2,252754.25,221344,221354,221353,221350,221343,221351
23/11/2025,ADANA,1,67711.5,221370,221363,221374,221373,221371,221362
23/11/2025,IZMIR,2,2213.7,221364,221377,221366,221369,221365,221375
24/11/2025,BURSA,2,71957.25,221386,221402,221398,221387,221400,221401
25/11/2025,ADANA,2,166271.7,221408,221417,221415,221414,221420,221407
25/11/2025,ANTALYA,1,2186.35,221411,221412,221404,221409,221405,221413
26/11/2025,ELAZIG,2,11503.52,221426,221422,221427,221428,221429,221430
26/11/2025,ISTANBUL,2,14698.1,221434,221436,221432,221435,221425,221438
27/11/2025,ANTALYA,2,5116.55,221460,221445,221453,221455,221447,221458
27/11/2025,IZMIR,1,64639.5,221451,221442,221456,221452,221454,221459
28/11/2025,ANTALYA,2,11195.25,221512,221500,221506,221513,221501,221511
28/11/2025,IZMIR,1,904.95,221509,221503,221504,221505,221507,221510
29/11/2025,ADANA,2,32742.85,221523,221522,221520,221524,221514,221519
29/11/2025,ISTANBUL,1,623.6,221516,221526,221527,221525,221517,221529
30/11/2025,ADANA,2,524293.5,221538,221548,221545,221543,221549,221537
30/11/2025,IZMIR,2,27477.15,221553,221541,221555,221556,221542,221540
01/12/2025,BURSA,1,10223.85,221563,221558,221566,221572,221557,221570
01/12/2025,SANLIURFA,2,6775.6,221567,221561,221564,221571,221569,221560
02/12/2025,ADANA,2,26434.2,221588,221574,221587,221590,221575,221591
02/12/2025,ANTALYA,2,57328.35,221576,221580,221583,221582,221577,221579
03/12/2025,ISTANBUL,1,25110.85,221602,221593,221605,221606,221607,221604
03/12/2025,SANLIURFA,2,25067.0,221599,221601,221600,221597,221594,221603
04/12/2025,ANTALYA,2,140528.7,221610,221625,221622,221621,221609,221623
04/12/2025,IZMIR,2,1027.9,221615,221616,221613,221611,221618,221614
05/12/2025,BURSA,2,1874.65,221646,221628,221645,221638,221629,221641
05/12/2025,IZMIR,1,4590.45,221640,221626,221642,221647,221644,221627
06/12/2025,ADANA,2,3247.55,221669,221658,221666,221668,221665,221672
06/12/2025,ISTANBUL,2,87269.25,221661,221655,221662,221659,221656,221667
07/12/2025,ADANA,2,3383.35,221682,221674,221680,221676,221678,221673
07/12/2025,IZMIR,2,13442.4,221685,221688,221690,221686,221684,221687
08/12/2025,BURSA,1,1291.8,221703,221692,221706,221701,221705,221691
08/12/2025,SANLIURFA,2,182570.32,221693,221700,221704,221702,221695,221698
09/12/2025,ADANA,1,71559.4,221713,221715,221716,221719,221717,221718
09/12/2025,ANTALYA,1,50178.05,221709,221707,221711,221708,221710,221720
10/12/2025,ISTANBUL,2,499321.75,221723,221734,221737,221733,221724,221735
10/12/2025,SANLIURFA,2,351286.72,221729,221722,221732,221727,221725,221721
11/12/2025,ANTALYA,2,22737.15,221741,221751,221744,221743,221742,221749
11/12/2025,IZMIR,1,901.2,221738,221748,221752,221750,221747,221739
12/12/2025,ANTALYA,1,468130.95,221765,221764,221762,221763,221760,221772
12/12/2025,IZMIR,1,7524.65,221768,221771,221766,221769,221767,221770
13/12/2025,ADANA,2,4320.35,221794,221787,221799,221800,221795,221786
13/12/2025,ISTANBUL,1,4503.25,221791,221788,221790,221789,221792,221793
14/12/2025,ADANA,2,55607.4,221812,221802,221810,221808,221813,221801
14/12/2025,IZMIR,2,213523.6,221804,221820,221818,221819,221803,221814
15/12/2025,BURSA,1,2024.55,221833,221824,221831,221835,221823,221834
15/12/2025,SANLIURFA,2,909576.6,221825,221822,221826,221828,221821,221827
16/12/2025,ADANA,2,78841.1,221838,221844,221841,221842,221839,221845
16/12/2025,ANTALYA,2,624626.45,221848,221850,221847,221846,221836,221851
17/12/2025,ISTANBUL,1,23428.5,221857,221860,221856,221862,221858,221865
17/12/2025,SANLIURFA,2,1152991.32,221852,221863,221859,221864,221853,221861
18/12/2025,ANTALYA,2,8503.4,221877,221878,221879,221881,221868,221883
18/12/2025,IZMIR,2,71652.45,221872,221888,221889,221885,221870,221887
19/12/2025,BURSA,1,65091.5,221919,221923,221911,221922,221921,221910
19/12/2025,IZMIR,1,765.35,221914,221917,221912,221918,221915,221913
20/12/2025,ADANA,2,3004.5,221931,221936,221939,221932,221930,221925
20/12/2025,ISTANBUL,2,41408.65,221940,221926,221933,221929,221938,221928
21/12/2025,ADANA,2,37976.45,221947,221953,221948,221955,221943,221946
21/12/2025,IZMIR,2,4200.85,221959,221958,221951,221949,221944,221950
22/12/2025,BURSA,2,834262.5,221988,221975,221987,221989,221985,221990
22/12/2025,SANLIURFA,2,51698.0,221978,221979,221977,221982,221976,221981
23/12/2025,ADANA,1,33121.3,222003,221992,222000,222006,222004,221991
23/12/2025,ANTALYA,2,338591.85,222007,221998,222002,222001,221996,222008
24/12/2025,ISTANBUL,2,75194.55,222017,222010,222016,222015,222014,222018
24/12/2025,SANLIURFA,2,5033.32,222020,222023,222019,222022,222011,222024
25/12/2025,ANTALYA,1,6026.45,222037,222025,222033,222030,222031,222035
25/12/2025,IZMIR,1,139273.85,222038,222027,222032,222029,222028,222034
26/12/2025,ANTALYA,1,364375.3,222039,222046,222044,222040,222048,222045
26/12/2025,IZMIR,1,2138.55,222049,222047,222050,222042,222051,222041
27/12/2025,ADANA,2,6148.65,222064,222066,222069,222063,222052,222068
27/12/2025,ISTANBUL,2,4045.55,222056,222060,222061,222059,222062,222054
28/12/2025,ADANA,2,6868.45,222071,222079,222078,222075,222076,222070
28/12/2025,IZMIR,2,489932.6,222083,222086,222081,222085,222074,222082
29/12/2025,BURSA,2,55127.5,222097,222088,222100,222099,222101,222087
29/12/2025,SANLIURFA,2,414321.8,222092,222098,222089,222095,222093,222091
30/12/2025,ADANA,2,6062.6,222120,222106,222114,222119,222107,222117
30/12/2025,ANTALYA,2,292038.0,222109,222103,222110,222108,222105,222121
31/12/2025,ISTANBUL,2,30381.9,222137,222136,222134,222132,222133,222123
01/01/2026,ANTALYA,2,43876.8,222139,222143,222148,222145,222138,222150
01/01/2026,IZMIR,1,3257.25,222140,222146,222149,222152,222144,222151
02/01/2026,ANTALYA,1,7851.45,222185,222182,222178,222187,222179,222188
02/01/2026,IZMIR,1,1494447.45,222183,222186,222190,222181,222180,222189
03/01/2026,ADANA,2,1736.9,222199,222194,222198,222197,222200,222193
03/01/2026,ISTANBUL,2,2395075.75,222191,222204,222205,222203,222201,222206
03/01/2026,SANLIURFA,2,116906.44,222127,222124,222131,222128,222130,222126
04/01/2026,ADANA,2,1323.05,222208,222216,222214,222215,222207,222212
04/01/2026,IZMIR,2,7096.9,222209,222222,222217,222221,222220,222210
05/01/2026,BURSA,1,413.0,222243,222237,222249,222251,222238,222245
05/01/2026,SANLIURFA,2,46709.65,222250,222241,222244,222248,222246,222240
06/01/2026,ADANA,2,669.93,222280,222269,222281,222278,222277,222268
06/01/2026,ANTALYA,1,2271.25,222274,222270,222275,222273,222272,222276
07/01/2026,ISTANBUL,2,15180.31,222296,222286,222295,222294,222285,222297
07/01/2026,SANLIURFA,1,3758.55,222284,222289,222290,222287,222291,222283
08/01/2026,ANTALYA,2,10689.18,222310,222311,222317,222315,222299,222313
08/01/2026,IZMIR,1,23212.25,222304,222306,222303,222302,222301,222305
09/01/2026,BURSA,1,106817.06,222345,222339,222347,222342,222338,222351
09/01/2026,IZMIR,1,5547.37,222349,222350,222346,222344,222348,222340
10/01/2026,ADANA,2,6179.5,222359,222358,222352,222356,222357,222360
10/01/2026,ISTANBUL,2,185099.68,222367,222365,222363,222366,222355,222364
11/01/2026,IZMIR,2,223044.68,222396,222397,222391,222393,222394,222398
12/01/2026,BURSA,1,114971.43,222453,222442,222452,222449,222454,222441
12/01/2026,SANLIURFA,1,254114.6,222451,222447,222445,222446,222444,222450
13/01/2026,ADANA,1,88742.81,222480,222481,222482,222483,222471,222484
13/01/2026,ANTALYA,1,224375.31,222478,222476,222475,222474,222473,222479
14/01/2026,ISTANBUL,1,1239316.37,222495,222499,222501,222498,222496,222500
14/01/2026,SANLIURFA,2,124924.75,222502,222494,222506,222503,222492,222504
15/01/2026,ANTALYA,2,710870.56,222523,222509,222517,222520,222524,222508
15/01/2026,IZMIR,1,3324.68,222512,222515,222518,222510,222511,222513
16/01/2026,ANTALYA,2,2036324.18,222547,222539,222530,222550,222540,222548
16/01/2026,IZMIR,1,1117.68,222536,222541,222544,222543,222537,222538
17/01/2026,ADANA,2,1101801.31,222592,222607,222603,222605,222593,222606
17/01/2026,ISTANBUL,2,11201.25,222599,222596,222597,222600,222601,222595
18/01/2026,ADANA,2,55852.75,222609,222621,222620,222622,222623,222618
18/01/2026,IZMIR,2,631.75,222610,222615,222616,222614,222612,222617
19/01/2026,BURSA,2,596577.5,222638,222626,222635,222634,222633,222627
19/01/2026,SANLIURFA,1,307794.45,222631,222624,222628,222629,222625,222632
20/01/2026,ADANA,2,7431.12,222648,222651,222653,222649,222650,222647
20/01/2026,ANTALYA,1,1699.31,222643,222645,222644,222641,222642,222640
21/01/2026,ISTANBUL,2,123446.37,222670,222666,222656,222669,222664,222667
21/01/2026,SANLIURFA,2,72889.2,222671,222661,222665,222663,222658,222660
22/01/2026,ANTALYA,1,1432844.81,222673,222679,222678,222677,222672,222682
22/01/2026,IZMIR,1,91222.5,222684,222674,222683,222685,222675,222681
23/01/2026,BURSA,1,2335.0,222694,222710,222708,222705,222695,222711
23/01/2026,IZMIR,1,5816.37,222706,222703,222698,222699,222704,222709
24/01/2026,ADANA,2,15918.68,222748,222737,222746,222752,222739,222747
24/01/2026,ISTANBUL,2,511589.37,222745,222753,222750,222742,222741,222744
25/01/2026,ADANA,1,2186227.5,222756,222762,222761,222764,222755,222763
25/01/2026,IZMIR,2,11624.12,222768,222770,222757,222767,222765,222769
26/01/2026,BURSA,1,13111.31,222772,222780,222784,222776,222771,222777
26/01/2026,SANLIURFA,1,1658928.65,222774,222783,222778,222781,222782,222773
27/01/2026,ADANA,2,5106.18,222800,222797,222798,222801,222785,222796
27/01/2026,ANTALYA,2,2408.43,222792,222788,222791,222790,222789,222793
28/01/2026,ISTANBUL,2,9542676.12,222806,222804,222809,222807,222805,222808
28/01/2026,SANLIURFA,1,462286.3,222802,222812,222803,222813,222816,222815
29/01/2026,ANTALYA,2,5050.37,222817,222832,222823,222822,222825,222831
29/01/2026,IZMIR,2,1087.56,222827,222830,222828,222829,222820,222826
30/01/2026,ANTALYA,1,3212.75,222843,222833,222842,222840,222839,222844
30/01/2026,IZMIR,2,93341.81,222846,222845,222835,222837,222841,222847
31/01/2026,ADANA,2,300.87,222858,222856,222853,222852,222857,222850
31/01/2026,ISTANBUL,2,87587.0,222865,222866,222863,222860,222849,222862
01/02/2026,ADANA,2,2891.31,222878,222877,222868,222875,222879,222881
01/02/2026,IZMIR,2,21746.56,222883,222870,222882,222873,222871,222880
02/02/2026,BURSA,2,24659.25,222884,222899,222897,222898,222885,222896
02/02/2026,SANLIURFA,2,908652.9,222891,222886,222892,222893,222888,222890
03/02/2026,ADANA,2,11314.43,222910,222900,222914,222909,222911,222913
03/02/2026,ANTALYA,2,172903.43,222908,222906,222902,222907,222905,222916
04/02/2026,ISTANBUL,2,58784.62,222929,222918,222923,222921,222922,222925
04/02/2026,SANLIURFA,1,201520.95,222930,222931,222924,222926,222919,222928
05/02/2026,ANTALYA,2,1839.12,222937,222932,222938,222941,222933,222942
05/02/2026,IZMIR,1,30043.18,222940,222943,222946,222936,222935,222944
06/02/2026,BURSA,1,3279.18,222983,222977,222985,222980,222979,222987
06/02/2026,IZMIR,1,128864.43,222984,222975,222986,222982,222976,222978
07/02/2026,ADANA,2,6292.25,223002,222991,222999,223000,222990,223003
07/02/2026,ISTANBUL,2,173556.25,222997,222988,222996,222993,222989,222992
08/02/2026,ADANA,2,599.93,223014,223013,223016,223015,223004,223018
08/02/2026,IZMIR,2,987.68,223019,223007,223009,223017,223012,223006
09/02/2026,BURSA,2,92607.37,223028,223022,223030,223025,223024,223031
09/02/2026,SANLIURFA,2,2646077.3,223027,223033,223034,223035,223020,223036
10/02/2026,ADANA,2,7018.18,223037,223047,223046,223050,223049,223045
10/02/2026,ANTALYA,1,3784.18,223039,223044,223042,223041,223040,223043
11/02/2026,ISTANBUL,1,1918.18,223062,223064,223060,223063,223058,223061
11/02/2026,SANLIURFA,1,173847.6,223051,223057,223056,223054,223052,223055
12/02/2026,ANTALYA,2,35946.75,223070,223096,223086,223089,223068,223093
12/02/2026,IZMIR,1,26863.93,223090,223084,223094,223087,223085,223092
13/02/2026,ANTALYA,2,128222.31,223135,223125,223133,223138,223124,223131
13/02/2026,IZMIR,1,1122.75,223137,223134,223130,223128,223136,223132
14/02/2026,ADANA,2,15096.75,223164,223161,223163,223162,223154,223149
14/02/2026,ISTANBUL,2,4344.31,223147,223152,223160,223155,223148,223158
15/02/2026,ADANA,2,3668.87,223178,223165,223179,223174,223180,223176
15/02/2026,IZMIR,2,63782.93,223173,223167,223169,223181,223175,223172
16/02/2026,BURSA,1,86435.0,223193,223183,223194,223189,223182,223195
16/02/2026,SANLIURFA,1,373922.7,223185,223192,223190,223186,223187,223184
17/02/2026,ADANA,2,1254.06,223203,223209,223204,223206,223207,223210
17/02/2026,ANTALYA,1,14734.18,223200,223201,223202,223198,223196,223199
18/02/2026,ISTANBUL,2,5299.93,223226,223223,223225,223219,223213,223227
18/02/2026,SANLIURFA,2,19285.7,223220,223222,223218,223216,223214,223217
19/02/2026,ANTALYA,1,1290.87,223241,223236,223238,223239,223234,223233
19/02/2026,IZMIR,2,1447.12,223228,223242,223231,223240,223230,223235
20/02/2026,BURSA,1,4735713.25,223268,223271,223260,223267,223259,223269
20/02/2026,IZMIR,2,45280.87,223270,223263,223274,223265,223264,223273
21/02/2026,ADANA,1,16537.06,223284,223279,223283,223280,223281,223282
21/02/2026,ISTANBUL,2,75871.37,223289,223277,223290,223286,223287,223276
22/02/2026,ADANA,2,5125.0,223309,223313,223312,223311,223301,223314
22/02/2026,IZMIR,2,4115.25,223303,223306,223304,223307,223299,223308
23/02/2026,BURSA,2,9181.06,223324,223316,223321,223323,223315,223322
23/02/2026,SANLIURFA,2,187308.9,223317,223327,223329,223330,223319,223328
24/02/2026,ADANA,2,160001.43,223347,223332,223344,223345,223346,223331
24/02/2026,ANTALYA,2,275125.62,223339,223335,223340,223336,223341,223333
25/02/2026,ISTANBUL,2,8252.81,223355,223357,223352,223356,223354,223359
25/02/2026,SANLIURFA,2,16774.3,223360,223361,223363,223364,223350,223358
26/02/2026,ANTALYA,2,137092.25,223371,223377,223370,223369,223366,223373
26/02/2026,IZMIR,2,357.0,223376,223372,223380,223374,223367,223379
27/02/2026,ANTALYA,2,6032.25,223396,223398,223401,223400,223389,223402
27/02/2026,IZMIR,1,6116.81,223393,223394,223399,223392,223391,223395
28/02/2026,ADANA,2,6234.12,223414,223417,223415,223416,223419,223404
28/02/2026,ISTANBUL,2,11045.75,223411,223406,223408,223410,223413,223405
01/03/2026,ADANA,2,3475.0,223424,223423,223427,223425,223426,223428
01/03/2026,IZMIR,2,15219.87,223421,223433,223432,223434,223420,223435
02/03/2026,BURSA,1,8006.93,223441,223444,223440,223442,223437,223443
02/03/2026,SANLIURFA,2,421437.75,223445,223438,223449,223446,223448,223447
03/03/2026,ADANA,2,1895.37,223462,223460,223463,223465,223453,223461
03/03/2026,ANTALYA,1,143740.62,223451,223459,223458,223457,223452,223456
04/03/2026,ISTANBUL,2,366569.75,223467,223475,223472,223474,223471,223473
04/03/2026,SANLIURFA,2,217823.6,223481,223480,223469,223479,223477,223478
05/03/2026,ANTALYA,2,19542.68,223502,223485,223503,223500,223497,223507
05/03/2026,IZMIR,2,5826.43,223506,223508,223494,223495,223483,223496
06/03/2026,BURSA,1,522510.25,223527,223528,223524,223522,223525,223529
06/03/2026,IZMIR,1,29789.5,223526,223520,223517,223521,223518,223519
07/03/2026,ADANA,2,399378.81,223541,223543,223542,223540,223532,223544
07/03/2026,ISTANBUL,2,881260.25,223530,223538,223534,223536,223531,223535
08/03/2026,ADANA,2,357495.81,223548,223560,223559,223556,223555,223547
08/03/2026,IZMIR,2,893.0,223551,223552,223557,223553,223561,223554
09/03/2026,BURSA,2,295105.18,223565,223570,223578,223569,223567,223571
09/03/2026,SANLIURFA,2,748518.25,223575,223572,223576,223577,223563,223574
10/03/2026,ADANA,2,170938.68,223593,223582,223590,223592,223588,223581
10/03/2026,ANTALYA,1,2651.06,223587,223583,223585,223584,223579,223586
11/03/2026,ISTANBUL,2,168616.81,223594,223613,223610,223608,223596,223614
11/03/2026,SANLIURFA,2,6280.2,223601,223607,223605,223604,223600,223606
12/03/2026,ANTALYA,1,2009.81,223636,223615,223625,223627,223628,223616
12/03/2026,IZMIR,1,27152.0,223633,223629,223634,223635,223631,223632
13/03/2026,ANTALYA,2,24055.06,223644,223654,223647,223653,223637,223652
13/03/2026,IZMIR,1,7755.56,223650,223649,223645,223646,223639,223642
14/03/2026,ADANA,2,2503.37,223667,223678,223676,223675,223668,223680
14/03/2026,ISTANBUL,1,42047.37,223674,223670,223671,223673,223666,223672
15/03/2026,IZMIR,2,9820.0,223688,223682,223684,223687,223683,223689
16/03/2026,ADANA,2,19387.81,223738,223739,223742,223741,223740,223737
16/03/2026,BURSA,2,1513.06,223707,223701,223704,223703,223700,223706
16/03/2026,SANLIURFA,2,712796.55,223708,223712,223711,223713,223698,223709
17/03/2026,ADANA,2,3807.75,223727,223726,223714,223725,223715,223728
17/03/2026,ANTALYA,1,4925.93,223716,223722,223719,223718,223721,223717
18/03/2026,ISTANBUL,1,123888.06,223746,223743,223744,223745,223750,223752
18/03/2026,SANLIURFA,1,161693.8,223748,223756,223749,223751,223754,223755
19/03/2026,ANTALYA,2,2674.12,223759,223768,223764,223769,223771,223767
19/03/2026,IZMIR,1,2713.75,223766,223763,223762,223761,223758,223770
20/03/2026,IZMIR,2,220411.25,223778,223772,223779,223780,223773,223781
21/03/2026,ISTANBUL,2,52080.12,223809,223805,223799,223808,223802,223803
22/03/2026,ADANA,2,52885.06,223795,223819,223821,223817,223818,223816
22/03/2026,IZMIR,2,17402.68,223789,223798,223804,223801,223797,223790
23/03/2026,ADANA,2,40488.62,223842,223843,223844,223845,223846,223847
23/03/2026,BURSA,1,7807.93,223824,223830,223829,223832,223823,223831
23/03/2026,SANLIURFA,2,27800.7,223833,223838,223835,223834,223826,223837
24/03/2026,ADANA,2,404.56,223860,223861,223856,223862,223858,223863
24/03/2026,ANTALYA,2,37812.62,223848,223850,223854,223853,223851,223855
25/03/2026,ISTANBUL,2,51038.93,223876,223879,223871,223875,223873,223878
25/03/2026,SANLIURFA,2,30487.75,223868,223870,223869,223867,223865,223877
26/03/2026,ANTALYA,2,5504.87,223880,223890,223888,223889,223885,223892
26/03/2026,IZMIR,1,4184.56,223887,223894,223884,223891,223883,223893
27/03/2026,ANTALYA,1,8405.0,223915,223912,223914,223916,223913,223917
27/03/2026,IZMIR,2,7319.56,223925,223924,223921,223919,223918,223923
28/03/2026,ADANA,2,15498.68,223958,223946,223956,223957,223951,223945
28/03/2026,ISTANBUL,2,94880.5,223942,223948,223953,223949,223943,223950
29/03/2026,ADANA,2,14790.25,223968,223970,223971,223959,223969,223973
29/03/2026,IZMIR,2,3866.37,223962,223963,223975,223964,223961,223967
30/03/2026,BURSA,2,5246.0,223988,223989,223987,223985,223977,223990
30/03/2026,SANLIURFA,2,6735.95,223984,223982,223979,223983,223978,223991
31/03/2026,ADANA,1,1466.31,223998,224000,223997,223999,223995,223994
31/03/2026,ANTALYA,2,2093.81,224003,224004,224005,224001,223993,224006
01/04/2026,ELAZIG,2,2703.0,224012,224019,224017,224020,224013,224016
01/04/2026,ISTANBUL,2,27265.5,224015,224007,224022,224010,224008,224021
02/04/2026,ANTALYA,1,4803.5,224024,224032,224025,224030,224029,224026
02/04/2026,IZMIR,2,3601.87,224039,224041,224034,224037,224040,224036
03/04/2026,BURSA,1,2805.18,224051,224059,224057,224058,224052,224060
04/04/2026,ADANA,2,184263.81,224078,224087,224085,224088,224077,224090
04/04/2026,ISTANBUL,2,29723.18,224079,224083,224084,224082,224074,224081
05/04/2026,ADANA,2,36716.81,224104,224107,224106,224110,224091,224109
05/04/2026,IZMIR,2,26496.81,224100,224101,224098,224095,224093,224103
06/04/2026,BURSA,2,203751.18,224126,224131,224136,224127,224128,224132
06/04/2026,IZMIR,2,2412595.25,224120,224121,224122,224123,224124,224125
06/04/2026,SANLIURFA,2,90630.85,224135,224130,224140,224133,224138,224141
07/04/2026,ADANA,2,4152.68,224157,224145,224158,224156,224147,224159
07/04/2026,ANTALYA,2,12708.0,224153,224144,224148,224149,224154,224142
08/04/2026,ELAZIG,2,17167.15,224174,224177,224176,224175,224172,224168
08/04/2026,ISTANBUL,2,3220.06,224166,224161,224162,224165,224164,224169
09/04/2026,ANTALYA,1,11884.75,224195,224202,224205,224203,224196,224207
09/04/2026,IZMIR,1,14974.68,224208,224201,224198,224204,224199,224209
10/04/2026,ANTALYA,2,30188.81,224229,224242,224234,224233,224243,224239
10/04/2026,IZMIR,2,1106.37,224231,224238,224241,224237,224240,224230
11/04/2026,ADANA,2,16866.43,224258,224257,224248,224255,224259,224247
11/04/2026,ISTANBUL,2,21613.68,224254,224252,224250,224251,224245,224253
12/04/2026,ADANA,2,3201.12,224273,224274,224276,224275,224271,224272
12/04/2026,IZMIR,2,15125.43,224266,224270,224263,224267,224268,224269
13/04/2026,BURSA,2,2347571.06,224277,224290,224292,224287,224291,224293
13/04/2026,SANLIURFA,2,157262.9,224279,224282,224283,224286,224281,224284
14/04/2026,ELAZIG,2,1442.55,224302,224300,224299,224301,224294,224305
14/04/2026,KOCAELI,2,3706828.25,224311,224310,224306,224312,224298,224309
15/04/2026,ELAZIG,2,1566944.5,224318,224314,224320,224321,224323,224313
15/04/2026,ISTANBUL,2,11419.12,224316,224327,224325,224324,224317,224329
16/04/2026,ANKARA,2,4496.81,224357,224367,224366,224362,224369,224356
16/04/2026,IZMIR,2,100074.12,224355,224363,224365,224360,224359,224368
17/04/2026,BURSA,2,613787.43,224381,224387,224383,224378,224372,224386
17/04/2026,ISTANBUL,2,2551.06,224370,224375,224380,224379,224371,224382
18/04/2026,ANKARA,2,59804.25,224405,224424,224411,224413,224412,224419
18/04/2026,DBAKIR,1,1262.45,224421,224428,224431,224423,224418,224430
18/04/2026,IZMIR,2,48607.43,224420,224432,224409,224429,224425,224415
19/04/2026,ADANA,2,4126.43,224471,224472,224469,224456,224467,224468
19/04/2026,ISTANBUL,2,20355.75,224458,224461,224463,224464,224460,224465
20/04/2026,BURSA,2,16895.06,224513,224499,224506,224511,224512,224509
20/04/2026,SANLIURFA,2,2078.65,224507,224508,224501,224505,224497,224510
21/04/2026,ELAZIG,2,4809.1,224515,224517,224519,224516,224521,224514
21/04/2026,KOCAELI,2,8375.37,224526,224527,224522,224523,224525,224529
22/04/2026,ELAZIG,1,127133.35,224534,224532,224539,224533,224541,224540
22/04/2026,ISTANBUL,2,787033.18,224546,224531,224545,224538,224544,224530
23/04/2026,ANKARA,2,5996.62,224549,224563,224565,224561,224566,224550
23/04/2026,IZMIR,2,124889.93,224564,224570,224558,224559,224548,224567
24/04/2026,BURSA,2,26706.81,224603,224589,224605,224600,224604,224587
24/04/2026,ISTANBUL,2,51862.93,224592,224596,224594,224593,224598,224590
25/04/2026,ANKARA,1,24214.37,224621,224624,224612,224617,224622,224609
25/04/2026,DBAKIR,1,44913.4,224613,224615,224620,224610,224619,224611
25/04/2026,IZMIR,2,1681.93,224627,224607,224616,224625,224608,224628
26/04/2026,ADANA,2,184120.93,224640,224645,224642,224644,224632,224639
26/04/2026,ISTANBUL,2,1790259.18,224629,224637,224635,224636,224630,224638
27/04/2026,BURSA,2,22373.56,224657,224646,224654,224656,224647,224655
27/04/2026,SANLIURFA,2,14717.55,224661,224648,224663,224658,224650,224659
28/04/2026,ELAZIG,2,11640.1,224664,224673,224674,224672,224671,224670
28/04/2026,KOCAELI,2,907473.31,224681,224678,224679,224677,224668,224680
29/04/2026,ELAZIG,2,3274.95,224685,224686,224689,224690,224688,224684
29/04/2026,ISTANBUL,2,3444.68,224694,224699,224697,224692,224682,224698
30/04/2026,ANKARA,2,32636.43,224717,224703,224708,224712,224714,224704
30/04/2026,IZMIR,2,161898.87,224710,224718,224706,224719,224700,224716
01/05/2026,BURSA,2,30673.25,224749,224735,224750,224747,224736,224752
01/05/2026,ISTANBUL,2,7120.81,224738,224740,224741,224739,224742,224737
02/05/2026,ANKARA,2,527.12,224761,224753,224764,224759,224754,224762
02/05/2026,DBAKIR,1,3232.55,224771,224770,224768,224766,224769,224765
02/05/2026,IZMIR,2,52842.87,224767,224775,224758,224773,224756,224772
03/05/2026,ADANA,2,1238881.5,224803,224804,224807,224805,224794,224806
03/05/2026,ISTANBUL,2,16617.87,224799,224792,224800,224797,224801,224798
04/05/2026,BURSA,2,1860.5,224813,224823,224824,224822,224812,224825
04/05/2026,SANLIURFA,2,4809.4,224810,224818,224819,224815,224811,224817
05/05/2026,ANKARA,2,680410.75,224841,224840,224828,224829,224830,224842
05/05/2026,KOCAELI,2,16691.31,224836,224839,224826,224833,224834,224835
06/05/2026,ELAZIG,2,3351.05,224851,224853,224849,224848,224846,224847
06/05/2026,ISTANBUL,2,449312.62,224860,224843,224859,224854,224844,224858
07/05/2026,ANKARA,2,31716.0,224874,224871,224864,224868,224861,224870
07/05/2026,IZMIR,2,9975.68,224865,224873,224869,224863,224867,224872
08/05/2026,BURSA,2,356921.37,224879,224896,224892,224878,224895,224894
08/05/2026,ISTANBUL,2,49717.56,224888,224882,224887,224884,224881,224886
09/05/2026,ANKARA,2,157034.31,224912,224910,224907,224909,224898,224905
09/05/2026,DBAKIR,1,248399.4,224917,224920,224919,224915,224918,224916
09/05/2026,IZMIR,2,61619.12,224913,224906,224901,224903,224900,224914
10/05/2026,ADANA,2,110946.5,224933,224924,224935,224936,224938,224937
10/05/2026,ISTANBUL,2,149682.87,224927,224921,224928,224929,224926,224922
11/05/2026,BURSA,2,2459.31,224957,224954,224956,224950,224952,224953
11/05/2026,SANLIURFA,2,481540.0,224946,224947,224945,224948,224940,224949
12/05/2026,ANKARA,2,153176.87,224964,224972,224966,224963,224965,224960
12/05/2026,KOCAELI,2,82321.43,224970,224969,224968,224967,224959,224973
13/05/2026,ELAZIG,2,18760.5,224989,224979,224983,224985,224984,224977
13/05/2026,ISTANBUL,2,24111.93,224992,224980,224988,224987,224990,224981
14/05/2026,ANKARA,2,17351.12,225003,224993,225001,225004,225007,224994
14/05/2026,IZMIR,2,1419.87,225008,225000,224997,225005,224995,224998
15/05/2026,BURSA,2,191454.43,225023,225014,225025,225022,225026,225015
15/05/2026,ISTANBUL,2,81761.93,225012,225018,225019,225017,225011,225021
16/05/2026,ANKARA,2,162835.56,225033,225038,225036,225044,225041,225032
16/05/2026,DBAKIR,1,2228314.3,225051,225054,225052,225055,225053,225050
16/05/2026,IZMIR,2,7154.12,225043,225030,225035,225039,225029,225037
17/05/2026,ADANA,2,5293.25,225073,225071,225056,225070,225057,225069
17/05/2026,ISTANBUL,2,19105.43,225060,225065,225058,225064,225061,225059
18/05/2026,BURSA,2,8365900.12,225087,225089,225086,225085,225077,225088
19/05/2026,ANKARA,2,25464.68,225098,225100,225096,225099,225101,225103
19/05/2026,KOCAELI,2,3430.06,225106,225109,225104,225094,225108,225107
20/05/2026,ELAZIG,1,21821.2,225112,225119,225118,225116,225113,225117
20/05/2026,ISTANBUL,2,47382.68,225125,225111,225120,225122,225123,225110
21/05/2026,ANKARA,2,1295627.56,225140,225133,225130,225137,225134,225128
21/05/2026,IZMIR,2,4061.31,225141,225142,225131,225135,225132,225143
22/05/2026,BURSA,2,167976.56,225159,225145,225157,225158,225144,225160
22/05/2026,ISTANBUL,2,782697.18,225156,225146,225150,225148,225147,225153
23/05/2026,ANKARA,2,5701.18,225178,225163,225171,225175,225162,225174
23/05/2026,DBAKIR,1,2055.7,225184,225182,225186,225183,225181,225185
23/05/2026,IZMIR,2,44097.12,225164,225176,225169,225180,225165,225179
24/05/2026,ADANA,2,1387.87,225204,225200,225203,225206,225190,225201
24/05/2026,ISTANBUL,2,3741194.18,225188,225192,225196,225194,225187,225199
25/05/2026,BURSA,2,135279.5,225213,225215,225219,225218,225208,225224
25/05/2026,SANLIURFA,2,10428.8,225220,225222,225210,225223,225212,225221
26/05/2026,ANKARA,2,57206.75,225229,225234,225233,225230,225225,225231
26/05/2026,KOCAELI,2,86180.5,225227,225239,225240,225238,225228,225236
27/05/2026,ISTANBUL,2,5026733.62,225241,225247,225248,225246,225242,225249
28/05/2026,ANKARA,2,251577.81,225258,225252,225262,225263,225251,225255
28/05/2026,IZMIR,2,60690.75,225253,225269,225268,225257,225254,225267
29/05/2026,BURSA,2,62289.5,225272,225280,225285,225276,225271,225284
29/05/2026,ISTANBUL,2,127739.25,225274,225283,225275,225277,225281,225279
30/05/2026,ANKARA,2,5609.43,225289,225296,225286,225300,225301,225292
30/05/2026,IZMIR,2,42309.06,225302,225304,225303,225305,225291,225306
31/05/2026,ADANA,2,35809.37,225315,225327,225328,225331,225313,225330
31/05/2026,ISTANBUL,2,264132.93,225325,225318,225324,225319,225321,225316
01/06/2026,BURSA,2,60209.87,225344,225343,225347,225342,225348,225345
01/06/2026,SANLIURFA,2,3044609.0,225341,225336,225337,225332,225340,225338
02/06/2026,ANKARA,2,512492.62,225350,225358,225359,225354,225355,225349
02/06/2026,KOCAELI,2,3934.06,225353,225363,225365,225362,225352,225364
03/06/2026,ELAZIG,2,8357.15,225377,225380,225379,225376,225368,225381
03/06/2026,ISTANBUL,2,34752.43,225366,225373,225370,225375,225367,225371
04/06/2026,ANKARA,2,2235.0,225390,225382,225391,225392,225383,225389
04/06/2026,KOCAELI,2,659072.25,225385,225400,225399,225398,225386,225397
05/06/2026,BURSA,2,3211.43,225404,225421,225419,225418,225420,225406
05/06/2026,ISTANBUL,2,1410.75,225409,225411,225403,225408,225410,225416
06/06/2026,ANKARA,2,105476.93,225422,225431,225430,225432,225427,225423
06/06/2026,DBAKIR,1,43585.05,225442,225444,225445,225441,225446,225443
06/06/2026,IZMIR,2,3600.87,225425,225440,225434,225426,225424,225437
07/06/2026,ISTANBUL,2,2606.0,225448,225464,225456,225459,225458,225455
07/06/2026,IZMIR,2,2301508.18,225463,225461,225452,225453,225449,225457
08/06/2026,BURSA,2,17751.43,225468,225478,225473,225474,225467,225471
08/06/2026,SANLIURFA,2,270958.9,225470,225472,225479,225475,225466,225481
09/06/2026,ANKARA,2,75093.87,225486,225483,225487,225489,225490,225492
09/06/2026,KOCAELI,2,1741.62,225496,225484,225497,225488,225498,225499
10/06/2026,ELAZIG,2,499696.95,225509,225507,225503,225505,225506,225502
10/06/2026,ISTANBUL,2,9817.75,225512,225510,225514,225516,225513,225511
11/06/2026,ANKARA,2,24978.5,225517,225530,225527,225532,225528,225533
11/06/2026,KOCAELI,2,127549.37,225537,225540,225523,225538,225536,225539
12/06/2026,BURSA,2,61237.62,225558,225556,225551,225549,225554,225553
12/06/2026,ISTANBUL,2,10057.87,225547,225544,225552,225548,225545,225543
13/06/2026,ANKARA,2,21335.5,225574,225559,225565,225568,225571,225560
13/06/2026,DBAKIR,1,20837.1,225581,225577,225579,225578,225580,225576
13/06/2026,IZMIR,2,939640.43,225570,225561,225575,225567,225569,225562
14/06/2026,ISTANBUL,2,4444.93,225591,225598,225595,225594,225583,225592
14/06/2026,IZMIR,2,2852.75,225596,225584,225597,225587,225585,225589
15/06/2026,BURSA,2,1452638.0,225600,225610,225614,225615,225601,225612
15/06/2026,SANLIURFA,2,15601618.45,225607,225602,225613,225611,225603,225608
16/06/2026,ANKARA,2,2003.56,225619,225616,225622,225624,225620,225617
16/06/2026,KOCAELI,1,211893.5,225625,225629,225626,225628,225630,225631
17/06/2026,ELAZIG,2,102602.7,225644,225634,225642,225643,225635,225646
17/06/2026,ISTANBUL,2,20760.68,225640,225632,225641,225639,225638,225636
18/06/2026,ANKARA,2,6631.5,225659,225655,225653,225657,225658,225654
18/06/2026,KOCAELI,2,1341193.56,225650,225665,225662,225664,225651,225663
19/06/2026,BURSA,2,6341834.12,225683,225678,225673,225680,225675,225682
19/06/2026,ISTANBUL,2,94059.68,225669,225684,225668,225672,225677,225681
20/06/2026,ANKARA,2,1471304.31,225698,225685,225697,225702,225687,225703
20/06/2026,DBAKIR,1,160727.4,225705,225710,225706,225709,225708,225707
20/06/2026,IZMIR,2,6270.56,225693,225688,225690,225692,225691,225696
21/06/2026,ISTANBUL,2,2433101.68,225728,225724,225727,225723,225725,225711
21/06/2026,IZMIR,2,63419.87,225722,225715,225726,225720,225714,225718
22/06/2026,BURSA,2,37374.18,225746,225747,225733,225742,225731,225744
22/06/2026,ELAZIG,2,181547.85,225739,225730,225740,225735,225736,225729
23/06/2026,ANKARA,2,11496.87,225751,225759,225752,225753,225757,225756
23/06/2026,KOCAELI,2,42755.43,225749,225763,225760,225761,225762,225748
24/06/2026,ELAZIG,2,576832.45,225775,225768,225770,225777,225767,225779
24/06/2026,ISTANBUL,2,19679.18,225780,225774,225776,225769,225765,225781
25/06/2026,BURSA,2,5562.18,225797,225785,225799,225801,225784,225803
25/06/2026,ISTANBUL,2,68060.12,225796,225783,225790,225792,225787,225795
26/06/2026,ANKARA,2,17529.81,225807,225814,225813,225809,225810,225806
26/06/2026,KOCAELI,2,745.37,225819,225815,225820,225817,225804,225821
27/06/2026,ANKARA,2,13082.68,225830,225827,225826,225831,225828,225823
27/06/2026,DBAKIR,1,5755.05,225840,225842,225843,225837,225838,225839
27/06/2026,IZMIR,1,4547.0,225829,225824,225832,225835,225822,225834
28/06/2026,ISTANBUL,2,102668.06,225854,225859,225845,225852,225857,225851
28/06/2026,IZMIR,1,37244.25,225853,225858,225850,225846,225849,225855
29/06/2026,BURSA,2,2453.25,225872,225869,225875,225874,225873,225876
