kayit_ts,tarih,pist,seq,ayak,kosu_no,race_kod,saat,dk_kala,no,at_ad,ganyan,agf1,kosmaz
2026-07-25 14:45,2026-07-25,ANKARA,1,1,2,226387,15:00,14.5,1,GRENTLY WINS,12.9,7.78,0
2026-07-25 14:45,2026-07-25,ANKARA,1,1,2,226387,15:00,14.5,2,IRONHOOF,9.4,3.77,0
2026-07-25 14:45,2026-07-25,ANKARA,1,1,2,226387,15:00,14.5,3,MIDNIGHT MIRAGE,17.4,6.27,0
2026-07-25 14:45,2026-07-25,ANKARA,1,1,2,226387,15:00,14.5,4,PANCHO,9.4,6.47,0
2026-07-25 14:45,2026-07-25,ANKARA,1,1,2,226387,15:00,14.5,5,ÇAPGUR,5.75,12.94,0
2026-07-25 14:45,2026-07-25,ANKARA,1,1,2,226387,15:00,14.5,6,STEEL ROCK,2.3,23.97,0
2026-07-25 14:45,2026-07-25,ANKARA,1,1,2,226387,15:00,14.5,7,TARCAN BABA,6.6,15.69,0
2026-07-25 14:45,2026-07-25,ANKARA,1,1,2,226387,15:00,14.5,8,EARTHQUAKE,9.4,6.97,0
2026-07-25 14:45,2026-07-25,ANKARA,1,1,2,226387,15:00,14.5,9,FRÜHLİNG,,0.64,1
2026-07-25 14:45,2026-07-25,ANKARA,1,1,2,226387,15:00,14.5,10,KARLOVASİ,,2.85,1
2026-07-25 14:45,2026-07-25,ANKARA,1,1,2,226387,15:00,14.5,11,THAT BEATS ALL,13.35,4.82,0
2026-07-25 14:45,2026-07-25,ANKARA,1,1,2,226387,15:00,14.5,12,VEN CONMİGO,17.4,2.31,0
2026-07-25 14:45,2026-07-25,ANKARA,1,1,2,226387,15:00,14.5,13,JOYOUS GIRL,10.45,5.52,0
2026-07-25 14:45,2026-07-25,ANKARA,1,2,3,226386,15:30,44.5,1,MAHALL,,6.48,1
2026-07-25 14:45,2026-07-25,ANKARA,1,2,3,226386,15:30,44.5,2,SER VEYRON,3.45,19.46,0
2026-07-25 14:45,2026-07-25,ANKARA,1,2,3,226386,15:30,44.5,3,SMART CHILDREN,3.35,33.47,0
2026-07-25 14:45,2026-07-25,ANKARA,1,2,3,226386,15:30,44.5,4,BUMMER GIRL,8.55,2.61,0
2026-07-25 14:45,2026-07-25,ANKARA,1,2,3,226386,15:30,44.5,5,GRAND RAPIDS,,1.73,1
2026-07-25 14:45,2026-07-25,ANKARA,1,2,3,226386,15:30,44.5,6,MİA STAR,13.2,5.23,0
2026-07-25 14:45,2026-07-25,ANKARA,1,2,3,226386,15:30,44.5,7,TEMPESTA MIA,10.8,3.04,0
2026-07-25 14:45,2026-07-25,ANKARA,1,2,3,226386,15:30,44.5,8,ÜNLÜ BOMBA,9.3,2.75,0
2026-07-25 14:45,2026-07-25,ANKARA,1,2,3,226386,15:30,44.5,9,SERAHİRA,2.75,25.24,0
2026-07-25 15:00,2026-07-25,ANKARA,1,2,3,226386,15:30,29.1,1,MAHALL,,3.93,1
2026-07-25 15:00,2026-07-25,ANKARA,1,2,3,226386,15:30,29.1,2,SER VEYRON,3.95,19.54,0
2026-07-25 15:00,2026-07-25,ANKARA,1,2,3,226386,15:30,29.1,3,SMART CHILDREN,2.85,35.29,0
2026-07-25 15:00,2026-07-25,ANKARA,1,2,3,226386,15:30,29.1,4,BUMMER GIRL,9.65,2.63,0
2026-07-25 15:00,2026-07-25,ANKARA,1,2,3,226386,15:30,29.1,5,GRAND RAPIDS,,1.06,1
2026-07-25 15:00,2026-07-25,ANKARA,1,2,3,226386,15:30,29.1,6,MİA STAR,9.65,5.73,0
2026-07-25 15:00,2026-07-25,ANKARA,1,2,3,226386,15:30,29.1,7,TEMPESTA MIA,12.2,2.99,0
2026-07-25 15:00,2026-07-25,ANKARA,1,2,3,226386,15:30,29.1,8,ÜNLÜ BOMBA,10.5,2.97,0
2026-07-25 15:00,2026-07-25,ANKARA,1,2,3,226386,15:30,29.1,9,SERAHİRA,2.8,25.85,0
2026-07-25 15:15,2026-07-25,ANKARA,1,2,3,226386,15:30,14.9,1,MAHALL,,3.69,1
2026-07-25 15:15,2026-07-25,ANKARA,1,2,3,226386,15:30,14.9,2,SER VEYRON,3.3,19.53,0
2026-07-25 15:15,2026-07-25,ANKARA,1,2,3,226386,15:30,14.9,3,SMART CHILDREN,2.1,35.66,0
2026-07-25 15:15,2026-07-25,ANKARA,1,2,3,226386,15:30,14.9,4,BUMMER GIRL,20.6,2.61,0
2026-07-25 15:15,2026-07-25,ANKARA,1,2,3,226386,15:30,14.9,5,GRAND RAPIDS,,0.99,1
2026-07-25 15:15,2026-07-25,ANKARA,1,2,3,226386,15:30,14.9,6,MİA STAR,27.0,5.76,0
2026-07-25 15:15,2026-07-25,ANKARA,1,2,3,226386,15:30,14.9,7,TEMPESTA MIA,21.0,2.95,0
2026-07-25 15:15,2026-07-25,ANKARA,1,2,3,226386,15:30,14.9,8,ÜNLÜ BOMBA,20.1,2.95,0
2026-07-25 15:15,2026-07-25,ANKARA,1,2,3,226386,15:30,14.9,9,SERAHİRA,2.65,25.86,0
2026-07-25 15:15,2026-07-25,ANKARA,1,3,4,226380,16:00,44.9,1,BABADENİZ,,0.22,1
2026-07-25 15:15,2026-07-25,ANKARA,1,3,4,226380,16:00,44.9,2,SEMENDHAN,6.55,22.27,0
2026-07-25 15:15,2026-07-25,ANKARA,1,3,4,226380,16:00,44.9,3,ASİL MİR,8.45,5.59,0
2026-07-25 15:15,2026-07-25,ANKARA,1,3,4,226380,16:00,44.9,4,ESİNİN KIZI,6.65,6.44,0
2026-07-25 15:15,2026-07-25,ANKARA,1,3,4,226380,16:00,44.9,5,DELİ UMUT,6.35,18.71,0
2026-07-25 15:15,2026-07-25,ANKARA,1,3,4,226380,16:00,44.9,6,BERAY SULTAN,,2.15,1
2026-07-25 15:15,2026-07-25,ANKARA,1,3,4,226380,16:00,44.9,7,CESURSOY,1.9,15.26,0
2026-07-25 15:15,2026-07-25,ANKARA,1,3,4,226380,16:00,44.9,8,NEVŞEHİR BEYİ,6.45,18.99,0
2026-07-25 15:15,2026-07-25,ANKARA,1,3,4,226380,16:00,44.9,9,KASIRGA BEY,12.3,9.99,0
2026-07-25 15:15,2026-07-25,ANKARA,1,3,4,226380,16:00,44.9,10,KATICESUR,,0.39,1
2026-07-25 15:30,2026-07-25,ANKARA,1,3,4,226380,16:00,29.7,1,BABADENİZ,,0.22,1
2026-07-25 15:30,2026-07-25,ANKARA,1,3,4,226380,16:00,29.7,2,SEMENDHAN,6.35,22.27,0
2026-07-25 15:30,2026-07-25,ANKARA,1,3,4,226380,16:00,29.7,3,ASİL MİR,9.75,5.59,0
2026-07-25 15:30,2026-07-25,ANKARA,1,3,4,226380,16:00,29.7,4,ESİNİN KIZI,6.9,6.44,0
2026-07-25 15:30,2026-07-25,ANKARA,1,3,4,226380,16:00,29.7,5,DELİ UMUT,5.35,18.71,0
2026-07-25 15:30,2026-07-25,ANKARA,1,3,4,226380,16:00,29.7,6,BERAY SULTAN,,2.15,1
2026-07-25 15:30,2026-07-25,ANKARA,1,3,4,226380,16:00,29.7,7,CESURSOY,1.95,15.26,0
2026-07-25 15:30,2026-07-25,ANKARA,1,3,4,226380,16:00,29.7,8,NEVŞEHİR BEYİ,6.65,18.99,0
2026-07-25 15:30,2026-07-25,ANKARA,1,3,4,226380,16:00,29.7,9,KASIRGA BEY,11.25,9.99,0
2026-07-25 15:30,2026-07-25,ANKARA,1,3,4,226380,16:00,29.7,10,KATICESUR,,0.39,1
2026-07-25 15:45,2026-07-25,ANKARA,1,3,4,226380,16:00,14.9,1,BABADENİZ,,0.22,1
2026-07-25 15:45,2026-07-25,ANKARA,1,3,4,226380,16:00,14.9,2,SEMENDHAN,2.5,22.27,0
2026-07-25 15:45,2026-07-25,ANKARA,1,3,4,226380,16:00,14.9,3,ASİL MİR,9.75,5.59,0
2026-07-25 15:45,2026-07-25,ANKARA,1,3,4,226380,16:00,14.9,4,ESİNİN KIZI,10.35,6.44,0
2026-07-25 15:45,2026-07-25,ANKARA,1,3,4,226380,16:00,14.9,5,DELİ UMUT,4.6,18.71,0
2026-07-25 15:45,2026-07-25,ANKARA,1,3,4,226380,16:00,14.9,6,BERAY SULTAN,,2.15,1
2026-07-25 15:45,2026-07-25,ANKARA,1,3,4,226380,16:00,14.9,7,CESURSOY,4.25,15.26,0
2026-07-25 15:45,2026-07-25,ANKARA,1,3,4,226380,16:00,14.9,8,NEVŞEHİR BEYİ,5.5,18.99,0
2026-07-25 15:45,2026-07-25,ANKARA,1,3,4,226380,16:00,14.9,9,KASIRGA BEY,9.1,9.99,0
2026-07-25 15:45,2026-07-25,ANKARA,1,3,4,226380,16:00,14.9,10,KATICESUR,,0.39,1
2026-07-25 15:45,2026-07-25,ANKARA,1,4,5,226381,16:30,44.9,1,ELSENORDELOSCIELOS,5.85,6.19,0
2026-07-25 15:45,2026-07-25,ANKARA,1,4,5,226381,16:30,44.9,2,RATTLESNAKE,4.55,28.94,0
2026-07-25 15:45,2026-07-25,ANKARA,1,4,5,226381,16:30,44.9,3,ANATOLIAN HERO,1.45,60.17,0
2026-07-25 15:45,2026-07-25,ANKARA,1,4,5,226381,16:30,44.9,4,HAVASUPAI,7.6,2.64,0
2026-07-25 15:45,2026-07-25,ANKARA,1,4,5,226381,16:30,44.9,5,STAR WIZARD,7.95,2.05,0
2026-07-25 16:00,2026-07-25,ANKARA,1,4,5,226381,16:30,29.7,1,ELSENORDELOSCIELOS,6.45,6.19,0
2026-07-25 16:00,2026-07-25,ANKARA,1,4,5,226381,16:30,29.7,2,RATTLESNAKE,5.0,28.94,0
2026-07-25 16:00,2026-07-25,ANKARA,1,4,5,226381,16:30,29.7,3,ANATOLIAN HERO,1.35,60.17,0
2026-07-25 16:00,2026-07-25,ANKARA,1,4,5,226381,16:30,29.7,4,HAVASUPAI,8.35,2.64,0
2026-07-25 16:00,2026-07-25,ANKARA,1,4,5,226381,16:30,29.7,5,STAR WIZARD,7.7,2.05,0
2026-07-25 16:15,2026-07-25,ANKARA,1,4,5,226381,16:30,14.9,1,ELSENORDELOSCIELOS,6.85,6.19,0
2026-07-25 16:15,2026-07-25,ANKARA,1,4,5,226381,16:30,14.9,2,RATTLESNAKE,2.75,28.94,0
2026-07-25 16:15,2026-07-25,ANKARA,1,4,5,226381,16:30,14.9,3,ANATOLIAN HERO,1.65,60.17,0
2026-07-25 16:15,2026-07-25,ANKARA,1,4,5,226381,16:30,14.9,4,HAVASUPAI,9.75,2.64,0
2026-07-25 16:15,2026-07-25,ANKARA,1,4,5,226381,16:30,14.9,5,STAR WIZARD,7.8,2.05,0
2026-07-25 16:15,2026-07-25,ANKARA,1,5,6,226384,17:00,44.9,1,EL LORD,2.45,16.41,0
2026-07-25 16:15,2026-07-25,ANKARA,1,5,6,226384,17:00,44.9,2,ŞEN AKYÜZ,4.4,4.71,0
2026-07-25 16:15,2026-07-25,ANKARA,1,5,6,226384,17:00,44.9,3,JOHN ABRUZZI,12.05,9.63,0
2026-07-25 16:15,2026-07-25,ANKARA,1,5,6,226384,17:00,44.9,4,ŞERDİL,10.05,2.17,0
2026-07-25 16:15,2026-07-25,ANKARA,1,5,6,226384,17:00,44.9,5,BABİLİ,11.7,0.82,0
2026-07-25 16:15,2026-07-25,ANKARA,1,5,6,226384,17:00,44.9,6,GOLDEN DRAGON,2.3,66.26,0
2026-07-25 16:30,2026-07-25,ANKARA,1,5,6,226384,17:00,29.6,1,EL LORD,2.4,16.41,0
2026-07-25 16:30,2026-07-25,ANKARA,1,5,6,226384,17:00,29.6,2,ŞEN AKYÜZ,4.25,4.71,0
2026-07-25 16:30,2026-07-25,ANKARA,1,5,6,226384,17:00,29.6,3,JOHN ABRUZZI,12.7,9.63,0
2026-07-25 16:30,2026-07-25,ANKARA,1,5,6,226384,17:00,29.6,4,ŞERDİL,10.65,2.17,0
2026-07-25 16:30,2026-07-25,ANKARA,1,5,6,226384,17:00,29.6,5,BABİLİ,11.2,0.82,0
2026-07-25 16:30,2026-07-25,ANKARA,1,5,6,226384,17:00,29.6,6,GOLDEN DRAGON,2.3,66.26,0
2026-07-25 16:45,2026-07-25,ANKARA,1,5,6,226384,17:00,14.9,1,EL LORD,2.95,16.41,0
2026-07-25 16:45,2026-07-25,ANKARA,1,5,6,226384,17:00,14.9,2,ŞEN AKYÜZ,9.5,4.71,0
2026-07-25 16:45,2026-07-25,ANKARA,1,5,6,226384,17:00,14.9,3,JOHN ABRUZZI,7.75,9.63,0
2026-07-25 16:45,2026-07-25,ANKARA,1,5,6,226384,17:00,14.9,4,ŞERDİL,17.65,2.17,0
2026-07-25 16:45,2026-07-25,ANKARA,1,5,6,226384,17:00,14.9,5,BABİLİ,21.5,0.82,0
2026-07-25 16:45,2026-07-25,ANKARA,1,5,6,226384,17:00,14.9,6,GOLDEN DRAGON,1.5,66.26,0
2026-07-25 16:45,2026-07-25,ANKARA,1,6,7,226385,17:30,44.9,1,CALL HIM DADDY,20.65,3.46,0
2026-07-25 16:45,2026-07-25,ANKARA,1,6,7,226385,17:30,44.9,2,LAGARİ,8.95,16.5,0
2026-07-25 16:45,2026-07-25,ANKARA,1,6,7,226385,17:30,44.9,3,MORİ PAŞA,34.75,0.94,0
2026-07-25 16:45,2026-07-25,ANKARA,1,6,7,226385,17:30,44.9,4,MR TT,3.7,19.3,0
2026-07-25 16:45,2026-07-25,ANKARA,1,6,7,226385,17:30,44.9,5,SÜPER HAN,6.85,22.22,0
2026-07-25 16:45,2026-07-25,ANKARA,1,6,7,226385,17:30,44.9,6,TIME CHANGER,,2.94,1
2026-07-25 16:45,2026-07-25,ANKARA,1,6,7,226385,17:30,44.9,7,TIMETEX,5.3,6.94,0
2026-07-25 16:45,2026-07-25,ANKARA,1,6,7,226385,17:30,44.9,8,ASTRAEA,32.65,0.7,0
2026-07-25 16:45,2026-07-25,ANKARA,1,6,7,226385,17:30,44.9,9,GREAT ANGEL,32.65,1.01,0
2026-07-25 16:45,2026-07-25,ANKARA,1,6,7,226385,17:30,44.9,10,LACCARETHA,,6.59,1
2026-07-25 16:45,2026-07-25,ANKARA,1,6,7,226385,17:30,44.9,11,MANNARA,10.95,4.46,0
2026-07-25 16:45,2026-07-25,ANKARA,1,6,7,226385,17:30,44.9,12,MAXIMAND,7.15,6.33,0
2026-07-25 16:45,2026-07-25,ANKARA,1,6,7,226385,17:30,44.9,13,METALIVE,10.5,1.29,0
2026-07-25 16:45,2026-07-25,ANKARA,1,6,7,226385,17:30,44.9,14,O PAPATYA,14.25,4.48,0
2026-07-25 16:45,2026-07-25,ANKARA,1,6,7,226385,17:30,44.9,15,XERİNA,11.75,2.84,0
2026-07-25 17:00,2026-07-25,ANKARA,1,6,7,226385,17:30,29.5,1,CALL HIM DADDY,16.5,3.46,0
2026-07-25 17:00,2026-07-25,ANKARA,1,6,7,226385,17:30,29.5,2,LAGARİ,5.25,16.5,0
2026-07-25 17:00,2026-07-25,ANKARA,1,6,7,226385,17:30,29.5,3,MORİ PAŞA,42.15,0.94,0
2026-07-25 17:00,2026-07-25,ANKARA,1,6,7,226385,17:30,29.5,4,MR TT,4.25,19.3,0
2026-07-25 17:00,2026-07-25,ANKARA,1,6,7,226385,17:30,29.5,5,SÜPER HAN,5.45,22.22,0
2026-07-25 17:00,2026-07-25,ANKARA,1,6,7,226385,17:30,29.5,6,TIME CHANGER,,2.94,1
2026-07-25 17:00,2026-07-25,ANKARA,1,6,7,226385,17:30,29.5,7,TIMETEX,6.2,6.94,0
2026-07-25 17:00,2026-07-25,ANKARA,1,6,7,226385,17:30,29.5,8,ASTRAEA,37.7,0.7,0
2026-07-25 17:00,2026-07-25,ANKARA,1,6,7,226385,17:30,29.5,9,GREAT ANGEL,35.4,1.01,0
2026-07-25 17:00,2026-07-25,ANKARA,1,6,7,226385,17:30,29.5,10,LACCARETHA,,6.59,1
2026-07-25 17:00,2026-07-25,ANKARA,1,6,7,226385,17:30,29.5,11,MANNARA,13.05,4.46,0
2026-07-25 17:00,2026-07-25,ANKARA,1,6,7,226385,17:30,29.5,12,MAXIMAND,7.55,6.33,0
2026-07-25 17:00,2026-07-25,ANKARA,1,6,7,226385,17:30,29.5,13,METALIVE,13.8,1.29,0
2026-07-25 17:00,2026-07-25,ANKARA,1,6,7,226385,17:30,29.5,14,O PAPATYA,15.95,4.48,0
2026-07-25 17:00,2026-07-25,ANKARA,1,6,7,226385,17:30,29.5,15,XERİNA,11.8,2.84,0
2026-07-25 17:15,2026-07-25,ANKARA,1,6,7,226385,17:30,14.5,1,CALL HIM DADDY,20.35,3.46,0
2026-07-25 17:15,2026-07-25,ANKARA,1,6,7,226385,17:30,14.5,2,LAGARİ,4.7,16.5,0
2026-07-25 17:15,2026-07-25,ANKARA,1,6,7,226385,17:30,14.5,3,MORİ PAŞA,59.45,0.94,0
2026-07-25 17:15,2026-07-25,ANKARA,1,6,7,226385,17:30,14.5,4,MR TT,3.5,19.3,0
2026-07-25 17:15,2026-07-25,ANKARA,1,6,7,226385,17:30,14.5,5,SÜPER HAN,2.85,22.22,0
2026-07-25 17:15,2026-07-25,ANKARA,1,6,7,226385,17:30,14.5,6,TIME CHANGER,,2.94,1
2026-07-25 17:15,2026-07-25,ANKARA,1,6,7,226385,17:30,14.5,7,TIMETEX,15.4,6.94,0
2026-07-25 17:15,2026-07-25,ANKARA,1,6,7,226385,17:30,14.5,8,ASTRAEA,62.75,0.7,0
2026-07-25 17:15,2026-07-25,ANKARA,1,6,7,226385,17:30,14.5,9,GREAT ANGEL,55.35,1.01,0
2026-07-25 17:15,2026-07-25,ANKARA,1,6,7,226385,17:30,14.5,10,LACCARETHA,,6.59,1
2026-07-25 17:15,2026-07-25,ANKARA,1,6,7,226385,17:30,14.5,11,MANNARA,12.3,4.46,0
2026-07-25 17:15,2026-07-25,ANKARA,1,6,7,226385,17:30,14.5,12,MAXIMAND,12.95,6.33,0
2026-07-25 17:15,2026-07-25,ANKARA,1,6,7,226385,17:30,14.5,13,METALIVE,19.5,1.29,0
2026-07-25 17:15,2026-07-25,ANKARA,1,6,7,226385,17:30,14.5,14,O PAPATYA,13.9,4.48,0
2026-07-25 17:15,2026-07-25,ANKARA,1,6,7,226385,17:30,14.5,15,XERİNA,21.8,2.84,0
2026-07-25 17:15,2026-07-25,IZMIR,1,1,2,226401,18:00,44.5,1,KAZANCI,3.55,2.52,0
2026-07-25 17:15,2026-07-25,IZMIR,1,1,2,226401,18:00,44.5,2,BER KEMAL,6.85,23.43,0
2026-07-25 17:15,2026-07-25,IZMIR,1,1,2,226401,18:00,44.5,3,KAPTANPAŞALI,11.1,16.87,0
2026-07-25 17:15,2026-07-25,IZMIR,1,1,2,226401,18:00,44.5,4,KIVILCIM ATEŞİ,6.45,9.61,0
2026-07-25 17:15,2026-07-25,IZMIR,1,1,2,226401,18:00,44.5,5,TÜRKAN HANIM,6.45,2.29,0
2026-07-25 17:15,2026-07-25,IZMIR,1,1,2,226401,18:00,44.5,6,AFŞINTAY,7.25,3.28,0
2026-07-25 17:15,2026-07-25,IZMIR,1,1,2,226401,18:00,44.5,7,CANYAMAN,11.8,18.63,0
2026-07-25 17:15,2026-07-25,IZMIR,1,1,2,226401,18:00,44.5,8,GÜÇLÜ KRAL,12.45,6.69,0
2026-07-25 17:15,2026-07-25,IZMIR,1,1,2,226401,18:00,44.5,9,COŞKUNTAY,6.35,5.4,0
2026-07-25 17:15,2026-07-25,IZMIR,1,1,2,226401,18:00,44.5,10,SERİNTEPE,8.4,10.5,0
2026-07-25 17:15,2026-07-25,IZMIR,1,1,2,226401,18:00,44.5,11,BORZEMİR,20.25,0.34,0
2026-07-25 17:15,2026-07-25,IZMIR,1,1,2,226401,18:00,44.5,12,KISAKÜREK,25.9,0.43,0
2026-07-25 17:30,2026-07-25,IZMIR,1,1,2,226401,18:00,29.0,1,KAZANCI,21.75,2.5,0
2026-07-25 17:30,2026-07-25,IZMIR,1,1,2,226401,18:00,29.0,2,BER KEMAL,4.95,23.56,0
2026-07-25 17:30,2026-07-25,IZMIR,1,1,2,226401,18:00,29.0,3,KAPTANPAŞALI,18.75,16.65,0
2026-07-25 17:30,2026-07-25,IZMIR,1,1,2,226401,18:00,29.0,4,KIVILCIM ATEŞİ,10.3,9.47,0
2026-07-25 17:30,2026-07-25,IZMIR,1,1,2,226401,18:00,29.0,5,TÜRKAN HANIM,10.3,2.26,0
2026-07-25 17:30,2026-07-25,IZMIR,1,1,2,226401,18:00,29.0,6,AFŞINTAY,19.95,3.38,0
2026-07-25 17:30,2026-07-25,IZMIR,1,1,2,226401,18:00,29.0,7,CANYAMAN,1.45,18.72,0
2026-07-25 17:30,2026-07-25,IZMIR,1,1,2,226401,18:00,29.0,8,GÜÇLÜ KRAL,29.9,6.75,0
2026-07-25 17:30,2026-07-25,IZMIR,1,1,2,226401,18:00,29.0,9,COŞKUNTAY,16.8,5.32,0
2026-07-25 17:30,2026-07-25,IZMIR,1,1,2,226401,18:00,29.0,10,SERİNTEPE,13.2,10.61,0
2026-07-25 17:30,2026-07-25,IZMIR,1,1,2,226401,18:00,29.0,11,BORZEMİR,42.55,0.36,0
2026-07-25 17:30,2026-07-25,IZMIR,1,1,2,226401,18:00,29.0,12,KISAKÜREK,59.9,0.43,0
2026-07-25 17:45,2026-07-25,IZMIR,1,1,2,226401,18:00,14.9,1,KAZANCI,20.9,2.45,0
2026-07-25 17:45,2026-07-25,IZMIR,1,1,2,226401,18:00,14.9,2,BER KEMAL,5.35,23.55,0
2026-07-25 17:45,2026-07-25,IZMIR,1,1,2,226401,18:00,14.9,3,KAPTANPAŞALI,14.05,16.5,0
2026-07-25 17:45,2026-07-25,IZMIR,1,1,2,226401,18:00,14.9,4,KIVILCIM ATEŞİ,7.5,9.37,0
2026-07-25 17:45,2026-07-25,IZMIR,1,1,2,226401,18:00,14.9,5,TÜRKAN HANIM,7.5,2.24,0
2026-07-25 17:45,2026-07-25,IZMIR,1,1,2,226401,18:00,14.9,6,AFŞINTAY,23.3,3.46,0
2026-07-25 17:45,2026-07-25,IZMIR,1,1,2,226401,18:00,14.9,7,CANYAMAN,1.9,18.88,0
2026-07-25 17:45,2026-07-25,IZMIR,1,1,2,226401,18:00,14.9,8,GÜÇLÜ KRAL,9.2,6.83,0
2026-07-25 17:45,2026-07-25,IZMIR,1,1,2,226401,18:00,14.9,9,COŞKUNTAY,14.6,5.31,0
2026-07-25 17:45,2026-07-25,IZMIR,1,1,2,226401,18:00,14.9,10,SERİNTEPE,8.3,10.63,0
2026-07-25 17:45,2026-07-25,IZMIR,1,1,2,226401,18:00,14.9,11,BORZEMİR,59.65,0.35,0
2026-07-25 17:45,2026-07-25,IZMIR,1,1,2,226401,18:00,14.9,12,KISAKÜREK,67.05,0.42,0
2026-07-25 17:45,2026-07-25,IZMIR,1,2,3,226393,18:30,44.9,1,ADA RÜZGARI,9.6,4.37,0
2026-07-25 17:45,2026-07-25,IZMIR,1,2,3,226393,18:30,44.9,2,AMBER KIZI,9.4,3.71,0
2026-07-25 17:45,2026-07-25,IZMIR,1,2,3,226393,18:30,44.9,3,AŞAN SİMAY,9.35,12.26,0
2026-07-25 17:45,2026-07-25,IZMIR,1,2,3,226393,18:30,44.9,4,DİLDA HATUN,16.7,1.28,0
2026-07-25 17:45,2026-07-25,IZMIR,1,2,3,226393,18:30,44.9,5,EVGENİYA,11.85,1.66,0
2026-07-25 17:45,2026-07-25,IZMIR,1,2,3,226393,18:30,44.9,6,HASGÖKÇE,5.4,16.37,0
2026-07-25 17:45,2026-07-25,IZMIR,1,2,3,226393,18:30,44.9,7,IŞIKLARLIM,3.0,35.62,0
2026-07-25 17:45,2026-07-25,IZMIR,1,2,3,226393,18:30,44.9,8,MY GİRL,4.55,18.83,0
2026-07-25 17:45,2026-07-25,IZMIR,1,2,3,226393,18:30,44.9,9,YURTHİSAR,7.25,5.9,0
2026-07-25 18:00,2026-07-25,IZMIR,1,2,3,226393,18:30,29.5,1,ADA RÜZGARI,8.15,4.49,0
2026-07-25 18:00,2026-07-25,IZMIR,1,2,3,226393,18:30,29.5,2,AMBER KIZI,10.95,3.88,0
2026-07-25 18:00,2026-07-25,IZMIR,1,2,3,226393,18:30,29.5,3,AŞAN SİMAY,10.75,12.86,0
2026-07-25 18:00,2026-07-25,IZMIR,1,2,3,226393,18:30,29.5,4,DİLDA HATUN,19.35,1.29,0
2026-07-25 18:00,2026-07-25,IZMIR,1,2,3,226393,18:30,29.5,5,EVGENİYA,10.15,1.7,0
2026-07-25 18:00,2026-07-25,IZMIR,1,2,3,226393,18:30,29.5,6,HASGÖKÇE,5.6,16.59,0
2026-07-25 18:00,2026-07-25,IZMIR,1,2,3,226393,18:30,29.5,7,IŞIKLARLIM,2.55,35.03,0
2026-07-25 18:00,2026-07-25,IZMIR,1,2,3,226393,18:30,29.5,8,MY GİRL,5.25,17.93,0
2026-07-25 18:00,2026-07-25,IZMIR,1,2,3,226393,18:30,29.5,9,YURTHİSAR,8.0,6.22,0
2026-07-25 18:15,2026-07-25,IZMIR,1,2,3,226393,18:30,14.9,1,ADA RÜZGARI,15.6,4.46,0
2026-07-25 18:15,2026-07-25,IZMIR,1,2,3,226393,18:30,14.9,2,AMBER KIZI,19.6,3.88,0
2026-07-25 18:15,2026-07-25,IZMIR,1,2,3,226393,18:30,14.9,3,AŞAN SİMAY,13.9,12.89,0
2026-07-25 18:15,2026-07-25,IZMIR,1,2,3,226393,18:30,14.9,4,DİLDA HATUN,20.75,1.28,0
2026-07-25 18:15,2026-07-25,IZMIR,1,2,3,226393,18:30,14.9,5,EVGENİYA,25.8,1.72,0
2026-07-25 18:15,2026-07-25,IZMIR,1,2,3,226393,18:30,14.9,6,HASGÖKÇE,8.75,16.6,0
2026-07-25 18:15,2026-07-25,IZMIR,1,2,3,226393,18:30,14.9,7,IŞIKLARLIM,1.35,35.08,0
2026-07-25 18:15,2026-07-25,IZMIR,1,2,3,226393,18:30,14.9,8,MY GİRL,6.5,17.84,0
2026-07-25 18:15,2026-07-25,IZMIR,1,2,3,226393,18:30,14.9,9,YURTHİSAR,14.05,6.27,0
2026-07-25 18:15,2026-07-25,IZMIR,1,3,4,226392,19:00,44.9,1,ZAZA ENES,3.9,18.63,0
2026-07-25 18:15,2026-07-25,IZMIR,1,3,4,226392,19:00,44.9,2,ŞAHİN MELTEM,4.65,14.04,0
2026-07-25 18:15,2026-07-25,IZMIR,1,3,4,226392,19:00,44.9,3,ALTIN ESMER,17.3,11.94,0
2026-07-25 18:15,2026-07-25,IZMIR,1,3,4,226392,19:00,44.9,4,TINASEFE,21.15,8.12,0
2026-07-25 18:15,2026-07-25,IZMIR,1,3,4,226392,19:00,44.9,5,ERDAĞI,3.4,17.91,0
2026-07-25 18:15,2026-07-25,IZMIR,1,3,4,226392,19:00,44.9,6,KRALÇINAR,9.4,13.83,0
2026-07-25 18:15,2026-07-25,IZMIR,1,3,4,226392,19:00,44.9,7,EFSANEVİTAY,18.45,0.9,0
2026-07-25 18:15,2026-07-25,IZMIR,1,3,4,226392,19:00,44.9,8,ERENDİZ,74.3,0.6,0
2026-07-25 18:15,2026-07-25,IZMIR,1,3,4,226392,19:00,44.9,9,GAYEMSİN,25.95,0.4,0
2026-07-25 18:15,2026-07-25,IZMIR,1,3,4,226392,19:00,44.9,10,LOKUM HÜMA,21.7,3.84,0
2026-07-25 18:15,2026-07-25,IZMIR,1,3,4,226392,19:00,44.9,11,SELMİNKIZ,17.8,0.94,0
2026-07-25 18:15,2026-07-25,IZMIR,1,3,4,226392,19:00,44.9,12,ZAFER YILDIZI,6.45,8.85,0
2026-07-25 18:30,2026-07-25,IZMIR,1,3,4,226392,19:00,29.4,1,ZAZA ENES,4.0,18.63,0
2026-07-25 18:30,2026-07-25,IZMIR,1,3,4,226392,19:00,29.4,2,ŞAHİN MELTEM,4.8,14.04,0
2026-07-25 18:30,2026-07-25,IZMIR,1,3,4,226392,19:00,29.4,3,ALTIN ESMER,16.8,11.94,0
2026-07-25 18:30,2026-07-25,IZMIR,1,3,4,226392,19:00,29.4,4,TINASEFE,22.7,8.12,0
2026-07-25 18:30,2026-07-25,IZMIR,1,3,4,226392,19:00,29.4,5,ERDAĞI,3.25,17.91,0
2026-07-25 18:30,2026-07-25,IZMIR,1,3,4,226392,19:00,29.4,6,KRALÇINAR,8.85,13.83,0
2026-07-25 18:30,2026-07-25,IZMIR,1,3,4,226392,19:00,29.4,7,EFSANEVİTAY,18.75,0.9,0
2026-07-25 18:30,2026-07-25,IZMIR,1,3,4,226392,19:00,29.4,8,ERENDİZ,64.55,0.6,0
2026-07-25 18:30,2026-07-25,IZMIR,1,3,4,226392,19:00,29.4,9,GAYEMSİN,25.95,0.4,0
2026-07-25 18:30,2026-07-25,IZMIR,1,3,4,226392,19:00,29.4,10,LOKUM HÜMA,21.65,3.84,0
2026-07-25 18:30,2026-07-25,IZMIR,1,3,4,226392,19:00,29.4,11,SELMİNKIZ,17.0,0.94,0
2026-07-25 18:30,2026-07-25,IZMIR,1,3,4,226392,19:00,29.4,12,ZAFER YILDIZI,6.85,8.85,0
2026-07-25 18:45,2026-07-25,IZMIR,1,3,4,226392,19:00,14.9,1,ZAZA ENES,6.25,18.63,0
2026-07-25 18:45,2026-07-25,IZMIR,1,3,4,226392,19:00,14.9,2,ŞAHİN MELTEM,5.15,14.04,0
2026-07-25 18:45,2026-07-25,IZMIR,1,3,4,226392,19:00,14.9,3,ALTIN ESMER,5.6,11.94,0
2026-07-25 18:45,2026-07-25,IZMIR,1,3,4,226392,19:00,14.9,4,TINASEFE,8.5,8.12,0
2026-07-25 18:45,2026-07-25,IZMIR,1,3,4,226392,19:00,14.9,5,ERDAĞI,4.7,17.91,0
2026-07-25 18:45,2026-07-25,IZMIR,1,3,4,226392,19:00,14.9,6,KRALÇINAR,6.85,13.83,0
2026-07-25 18:45,2026-07-25,IZMIR,1,3,4,226392,19:00,14.9,7,EFSANEVİTAY,26.9,0.9,0
2026-07-25 18:45,2026-07-25,IZMIR,1,3,4,226392,19:00,14.9,8,ERENDİZ,52.45,0.6,0
2026-07-25 18:45,2026-07-25,IZMIR,1,3,4,226392,19:00,14.9,9,GAYEMSİN,32.6,0.4,0
2026-07-25 18:45,2026-07-25,IZMIR,1,3,4,226392,19:00,14.9,10,LOKUM HÜMA,13.05,3.84,0
2026-07-25 18:45,2026-07-25,IZMIR,1,3,4,226392,19:00,14.9,11,SELMİNKIZ,16.1,0.94,0
2026-07-25 18:45,2026-07-25,IZMIR,1,3,4,226392,19:00,14.9,12,ZAFER YILDIZI,9.55,8.85,0
2026-07-25 18:45,2026-07-25,IZMIR,1,4,5,226391,19:30,44.9,1,EL CACİQUE,27.55,3.6,0
2026-07-25 18:45,2026-07-25,IZMIR,1,4,5,226391,19:30,44.9,2,KLEIN,1.05,86.42,0
2026-07-25 18:45,2026-07-25,IZMIR,1,4,5,226391,19:30,44.9,3,CAN EFE,25.0,6.12,0
2026-07-25 18:45,2026-07-25,IZMIR,1,4,5,226391,19:30,44.9,4,DISTANCE RUNNER,57.3,0.35,0
2026-07-25 18:45,2026-07-25,IZMIR,1,4,5,226391,19:30,44.9,5,ERBAALI SADİ,138.55,0.44,0
2026-07-25 18:45,2026-07-25,IZMIR,1,4,5,226391,19:30,44.9,6,HUMAN TORCH,28.05,1.35,0
2026-07-25 18:45,2026-07-25,IZMIR,1,4,5,226391,19:30,44.9,7,LITTLE JOE,28.85,1.47,0
2026-07-25 18:45,2026-07-25,IZMIR,1,4,5,226391,19:30,44.9,8,ZAGANOS,84.25,0.25,0
2026-07-25 19:00,2026-07-25,IZMIR,1,4,5,226391,19:30,29.4,1,EL CACİQUE,32.25,3.6,0
2026-07-25 19:00,2026-07-25,IZMIR,1,4,5,226391,19:30,29.4,2,KLEIN,1.1,86.42,0
2026-07-25 19:00,2026-07-25,IZMIR,1,4,5,226391,19:30,29.4,3,CAN EFE,26.35,6.12,0
2026-07-25 19:00,2026-07-25,IZMIR,1,4,5,226391,19:30,29.4,4,DISTANCE RUNNER,7.2,0.35,0
2026-07-25 19:00,2026-07-25,IZMIR,1,4,5,226391,19:30,29.4,5,ERBAALI SADİ,7.55,0.44,0
2026-07-25 19:00,2026-07-25,IZMIR,1,4,5,226391,19:30,29.4,6,HUMAN TORCH,20.15,1.35,0
2026-07-25 19:00,2026-07-25,IZMIR,1,4,5,226391,19:30,29.4,7,LITTLE JOE,30.4,1.47,0
2026-07-25 19:00,2026-07-25,IZMIR,1,4,5,226391,19:30,29.4,8,ZAGANOS,88.0,0.25,0
2026-07-25 19:15,2026-07-25,IZMIR,1,4,5,226391,19:30,14.9,1,EL CACİQUE,15.4,3.6,0
2026-07-25 19:15,2026-07-25,IZMIR,1,4,5,226391,19:30,14.9,2,KLEIN,1.2,86.42,0
2026-07-25 19:15,2026-07-25,IZMIR,1,4,5,226391,19:30,14.9,3,CAN EFE,5.85,6.12,0
2026-07-25 19:15,2026-07-25,IZMIR,1,4,5,226391,19:30,14.9,4,DISTANCE RUNNER,10.85,0.35,0
2026-07-25 19:15,2026-07-25,IZMIR,1,4,5,226391,19:30,14.9,5,ERBAALI SADİ,8.75,0.44,0
2026-07-25 19:15,2026-07-25,IZMIR,1,4,5,226391,19:30,14.9,6,HUMAN TORCH,31.95,1.35,0
2026-07-25 19:15,2026-07-25,IZMIR,1,4,5,226391,19:30,14.9,7,LITTLE JOE,29.25,1.47,0
2026-07-25 19:15,2026-07-25,IZMIR,1,4,5,226391,19:30,14.9,8,ZAGANOS,91.85,0.25,0
2026-07-25 19:15,2026-07-25,IZMIR,1,5,6,226390,20:00,44.9,1,FROST CAT,2.65,23.07,0
2026-07-25 19:15,2026-07-25,IZMIR,1,5,6,226390,20:00,44.9,2,MOĞOL,3.3,32.01,0
2026-07-25 19:15,2026-07-25,IZMIR,1,5,6,226390,20:00,44.9,3,ÇEPNİ,4.25,3.85,0
2026-07-25 19:15,2026-07-25,IZMIR,1,5,6,226390,20:00,44.9,4,DANCE OF WIND,4.5,9.6,0
2026-07-25 19:15,2026-07-25,IZMIR,1,5,6,226390,20:00,44.9,5,ÖNDERBEYİM,4.95,31.48,0
2026-07-25 19:30,2026-07-25,IZMIR,1,5,6,226390,20:00,29.4,1,FROST CAT,2.7,23.07,0
2026-07-25 19:30,2026-07-25,IZMIR,1,5,6,226390,20:00,29.4,2,MOĞOL,3.6,32.01,0
2026-07-25 19:30,2026-07-25,IZMIR,1,5,6,226390,20:00,29.4,3,ÇEPNİ,4.8,3.85,0
2026-07-25 19:30,2026-07-25,IZMIR,1,5,6,226390,20:00,29.4,4,DANCE OF WIND,4.6,9.6,0
2026-07-25 19:30,2026-07-25,IZMIR,1,5,6,226390,20:00,29.4,5,ÖNDERBEYİM,3.75,31.48,0
2026-07-25 19:45,2026-07-25,IZMIR,1,5,6,226390,20:00,14.9,1,FROST CAT,1.8,23.07,0
2026-07-25 19:45,2026-07-25,IZMIR,1,5,6,226390,20:00,14.9,2,MOĞOL,4.45,32.01,0
2026-07-25 19:45,2026-07-25,IZMIR,1,5,6,226390,20:00,14.9,3,ÇEPNİ,6.25,3.85,0
2026-07-25 19:45,2026-07-25,IZMIR,1,5,6,226390,20:00,14.9,4,DANCE OF WIND,8.05,9.6,0
2026-07-25 19:45,2026-07-25,IZMIR,1,5,6,226390,20:00,14.9,5,ÖNDERBEYİM,3.5,31.48,0
2026-07-25 19:45,2026-07-25,IZMIR,1,6,7,226399,20:30,44.9,1,SUPER SHOW,11.05,4.06,0
2026-07-25 19:45,2026-07-25,IZMIR,1,6,7,226399,20:30,44.9,2,FLYING DRAGON,7.5,23.4,0
2026-07-25 19:45,2026-07-25,IZMIR,1,6,7,226399,20:30,44.9,3,PARMIGIANO,8.85,18.14,0
2026-07-25 19:45,2026-07-25,IZMIR,1,6,7,226399,20:30,44.9,4,AYCOO THUNDER,7.25,3.42,0
2026-07-25 19:45,2026-07-25,IZMIR,1,6,7,226399,20:30,44.9,5,FEEL THE BATTLE,7.7,15.56,0
2026-07-25 19:45,2026-07-25,IZMIR,1,6,7,226399,20:30,44.9,6,IRON TEMPEST,12.65,12.73,0
2026-07-25 19:45,2026-07-25,IZMIR,1,6,7,226399,20:30,44.9,7,LITTLE GIANT,16.85,1.15,0
2026-07-25 19:45,2026-07-25,IZMIR,1,6,7,226399,20:30,44.9,8,MANEKİ NEKO,10.85,4.61,0
2026-07-25 19:45,2026-07-25,IZMIR,1,6,7,226399,20:30,44.9,9,NIGHT RUNNER,23.25,0.55,0
2026-07-25 19:45,2026-07-25,IZMIR,1,6,7,226399,20:30,44.9,10,ORION BELT,13.5,2.92,0
2026-07-25 19:45,2026-07-25,IZMIR,1,6,7,226399,20:30,44.9,11,YOU ARE BIG,12.3,6.74,0
2026-07-25 19:45,2026-07-25,IZMIR,1,6,7,226399,20:30,44.9,12,CALL TO WARRIOR,16.45,3.79,0
2026-07-25 19:45,2026-07-25,IZMIR,1,6,7,226399,20:30,44.9,13,DARK RİSHA,21.0,0.65,0
2026-07-25 19:45,2026-07-25,IZMIR,1,6,7,226399,20:30,44.9,14,ETERNAL STORM,19.4,1.05,0
2026-07-25 19:45,2026-07-25,IZMIR,1,6,7,226399,20:30,44.9,15,OJO TURCO,33.05,0.25,0
2026-07-25 19:45,2026-07-25,IZMIR,1,6,7,226399,20:30,44.9,16,LOVE IN MELİSA,34.35,0.38,0
2026-07-25 19:45,2026-07-25,IZMIR,1,6,7,226399,20:30,44.9,17,BOYALIK,18.7,0.41,0
2026-07-25 19:45,2026-07-25,IZMIR,1,6,7,226399,20:30,44.9,18,MAMBERAMO,33.8,0.2,0
2026-07-25 20:00,2026-07-25,IZMIR,1,6,7,226399,20:30,29.4,1,SUPER SHOW,13.1,4.06,0
2026-07-25 20:00,2026-07-25,IZMIR,1,6,7,226399,20:30,29.4,2,FLYING DRAGON,6.1,23.4,0
2026-07-25 20:00,2026-07-25,IZMIR,1,6,7,226399,20:30,29.4,3,PARMIGIANO,12.7,18.14,0
2026-07-25 20:00,2026-07-25,IZMIR,1,6,7,226399,20:30,29.4,4,AYCOO THUNDER,9.5,3.42,0
2026-07-25 20:00,2026-07-25,IZMIR,1,6,7,226399,20:30,29.4,5,FEEL THE BATTLE,8.6,15.56,0
2026-07-25 20:00,2026-07-25,IZMIR,1,6,7,226399,20:30,29.4,6,IRON TEMPEST,8.45,12.73,0
2026-07-25 20:00,2026-07-25,IZMIR,1,6,7,226399,20:30,29.4,7,LITTLE GIANT,18.85,1.15,0
2026-07-25 20:00,2026-07-25,IZMIR,1,6,7,226399,20:30,29.4,8,MANEKİ NEKO,12.45,4.61,0
2026-07-25 20:00,2026-07-25,IZMIR,1,6,7,226399,20:30,29.4,9,NIGHT RUNNER,29.25,0.55,0
2026-07-25 20:00,2026-07-25,IZMIR,1,6,7,226399,20:30,29.4,10,ORION BELT,9.05,2.92,0
2026-07-25 20:00,2026-07-25,IZMIR,1,6,7,226399,20:30,29.4,11,YOU ARE BIG,11.25,6.74,0
2026-07-25 20:00,2026-07-25,IZMIR,1,6,7,226399,20:30,29.4,12,CALL TO WARRIOR,9.4,3.79,0
2026-07-25 20:00,2026-07-25,IZMIR,1,6,7,226399,20:30,29.4,13,DARK RİSHA,26.0,0.65,0
2026-07-25 20:00,2026-07-25,IZMIR,1,6,7,226399,20:30,29.4,14,ETERNAL STORM,21.45,1.05,0
2026-07-25 20:00,2026-07-25,IZMIR,1,6,7,226399,20:30,29.4,15,OJO TURCO,42.8,0.25,0
2026-07-25 20:00,2026-07-25,IZMIR,1,6,7,226399,20:30,29.4,16,LOVE IN MELİSA,31.4,0.38,0
2026-07-25 20:00,2026-07-25,IZMIR,1,6,7,226399,20:30,29.4,17,BOYALIK,23.45,0.41,0
2026-07-25 20:00,2026-07-25,IZMIR,1,6,7,226399,20:30,29.4,18,MAMBERAMO,45.85,0.2,0
2026-07-25 20:15,2026-07-25,IZMIR,1,6,7,226399,20:30,14.6,1,SUPER SHOW,16.55,4.06,0
2026-07-25 20:15,2026-07-25,IZMIR,1,6,7,226399,20:30,14.6,2,FLYING DRAGON,3.6,23.4,0
2026-07-25 20:15,2026-07-25,IZMIR,1,6,7,226399,20:30,14.6,3,PARMIGIANO,8.55,18.14,0
2026-07-25 20:15,2026-07-25,IZMIR,1,6,7,226399,20:30,14.6,4,AYCOO THUNDER,15.6,3.42,0
2026-07-25 20:15,2026-07-25,IZMIR,1,6,7,226399,20:30,14.6,5,FEEL THE BATTLE,7.3,15.56,0
2026-07-25 20:15,2026-07-25,IZMIR,1,6,7,226399,20:30,14.6,6,IRON TEMPEST,7.85,12.73,0
2026-07-25 20:15,2026-07-25,IZMIR,1,6,7,226399,20:30,14.6,7,LITTLE GIANT,39.85,1.15,0
2026-07-25 20:15,2026-07-25,IZMIR,1,6,7,226399,20:30,14.6,8,MANEKİ NEKO,6.6,4.61,0
2026-07-25 20:15,2026-07-25,IZMIR,1,6,7,226399,20:30,14.6,9,NIGHT RUNNER,63.65,0.55,0
2026-07-25 20:15,2026-07-25,IZMIR,1,6,7,226399,20:30,14.6,10,ORION BELT,14.0,2.92,0
2026-07-25 20:15,2026-07-25,IZMIR,1,6,7,226399,20:30,14.6,11,YOU ARE BIG,10.0,6.74,0
2026-07-25 20:15,2026-07-25,IZMIR,1,6,7,226399,20:30,14.6,12,CALL TO WARRIOR,16.25,3.79,0
2026-07-25 20:15,2026-07-25,IZMIR,1,6,7,226399,20:30,14.6,13,DARK RİSHA,28.45,0.65,0
2026-07-25 20:15,2026-07-25,IZMIR,1,6,7,226399,20:30,14.6,14,ETERNAL STORM,32.25,1.05,0
2026-07-25 20:15,2026-07-25,IZMIR,1,6,7,226399,20:30,14.6,15,OJO TURCO,75.6,0.25,0
2026-07-25 20:15,2026-07-25,IZMIR,1,6,7,226399,20:30,14.6,16,LOVE IN MELİSA,58.65,0.38,0
2026-07-25 20:15,2026-07-25,IZMIR,1,6,7,226399,20:30,14.6,17,BOYALIK,48.35,0.41,0
2026-07-25 20:15,2026-07-25,IZMIR,1,6,7,226399,20:30,14.6,18,MAMBERAMO,97.15,0.2,0
2026-07-26 12:45,2026-07-26,ISTANBUL,1,1,1,226402,13:30,44.9,1,BOZALAN,5.4,6.83,0
2026-07-26 12:45,2026-07-26,ISTANBUL,1,1,1,226402,13:30,44.9,2,CİHANDERE,10.25,0.84,0
2026-07-26 12:45,2026-07-26,ISTANBUL,1,1,1,226402,13:30,44.9,3,ÇEÇAN BEY,73.9,0.51,0
2026-07-26 12:45,2026-07-26,ISTANBUL,1,1,1,226402,13:30,44.9,4,DOĞANIN ASLANI,4.45,17.93,0
2026-07-26 12:45,2026-07-26,ISTANBUL,1,1,1,226402,13:30,44.9,5,KOEMAN,2.9,28.94,0
2026-07-26 12:45,2026-07-26,ISTANBUL,1,1,1,226402,13:30,44.9,6,PARLAMA ZAMANI,7.15,12.44,0
2026-07-26 12:45,2026-07-26,ISTANBUL,1,1,1,226402,13:30,44.9,7,ULU AĞAÇ,4.7,24.91,0
2026-07-26 12:45,2026-07-26,ISTANBUL,1,1,1,226402,13:30,44.9,8,ALLER YILDIZI,29.05,2.2,0
2026-07-26 12:45,2026-07-26,ISTANBUL,1,1,1,226402,13:30,44.9,9,GÜNKARİ,29.9,1.45,0
2026-07-26 12:45,2026-07-26,ISTANBUL,1,1,1,226402,13:30,44.9,10,ŞAHANIL,23.15,3.6,0
2026-07-26 12:45,2026-07-26,ISTANBUL,1,1,1,226402,13:30,44.9,11,TALTİF,105.05,0.36,0
2026-07-26 13:00,2026-07-26,ISTANBUL,1,1,1,226402,13:30,29.6,1,BOZALAN,6.85,6.94,0
2026-07-26 13:00,2026-07-26,ISTANBUL,1,1,1,226402,13:30,29.6,2,CİHANDERE,12.45,0.97,0
2026-07-26 13:00,2026-07-26,ISTANBUL,1,1,1,226402,13:30,29.6,3,ÇEÇAN BEY,44.65,0.68,0
2026-07-26 13:00,2026-07-26,ISTANBUL,1,1,1,226402,13:30,29.6,4,DOĞANIN ASLANI,5.55,17.47,0
2026-07-26 13:00,2026-07-26,ISTANBUL,1,1,1,226402,13:30,29.6,5,KOEMAN,2.35,29.12,0
2026-07-26 13:00,2026-07-26,ISTANBUL,1,1,1,226402,13:30,29.6,6,PARLAMA ZAMANI,8.6,12.55,0
2026-07-26 13:00,2026-07-26,ISTANBUL,1,1,1,226402,13:30,29.6,7,ULU AĞAÇ,4.75,24.27,0
2026-07-26 13:00,2026-07-26,ISTANBUL,1,1,1,226402,13:30,29.6,8,ALLER YILDIZI,25.15,2.19,0
2026-07-26 13:00,2026-07-26,ISTANBUL,1,1,1,226402,13:30,29.6,9,GÜNKARİ,23.45,1.59,0
2026-07-26 13:00,2026-07-26,ISTANBUL,1,1,1,226402,13:30,29.6,10,ŞAHANIL,16.35,3.7,0
2026-07-26 13:00,2026-07-26,ISTANBUL,1,1,1,226402,13:30,29.6,11,TALTİF,70.1,0.53,0
2026-07-26 13:15,2026-07-26,ISTANBUL,1,1,1,226402,13:30,14.9,1,BOZALAN,7.95,7.02,0
2026-07-26 13:15,2026-07-26,ISTANBUL,1,1,1,226402,13:30,14.9,2,CİHANDERE,13.8,0.89,0
2026-07-26 13:15,2026-07-26,ISTANBUL,1,1,1,226402,13:30,14.9,3,ÇEÇAN BEY,46.9,0.61,0
2026-07-26 13:15,2026-07-26,ISTANBUL,1,1,1,226402,13:30,14.9,4,DOĞANIN ASLANI,6.25,17.25,0
2026-07-26 13:15,2026-07-26,ISTANBUL,1,1,1,226402,13:30,14.9,5,KOEMAN,4.25,29.24,0
2026-07-26 13:15,2026-07-26,ISTANBUL,1,1,1,226402,13:30,14.9,6,PARLAMA ZAMANI,3.75,12.95,0
2026-07-26 13:15,2026-07-26,ISTANBUL,1,1,1,226402,13:30,14.9,7,ULU AĞAÇ,3.2,24.31,0
2026-07-26 13:15,2026-07-26,ISTANBUL,1,1,1,226402,13:30,14.9,8,ALLER YILDIZI,29.2,2.19,0
2026-07-26 13:15,2026-07-26,ISTANBUL,1,1,1,226402,13:30,14.9,9,GÜNKARİ,31.95,1.44,0
2026-07-26 13:15,2026-07-26,ISTANBUL,1,1,1,226402,13:30,14.9,10,ŞAHANIL,15.1,3.67,0
2026-07-26 13:15,2026-07-26,ISTANBUL,1,1,1,226402,13:30,14.9,11,TALTİF,69.0,0.44,0
2026-07-26 13:15,2026-07-26,ISTANBUL,1,2,2,226413,14:00,44.9,1,GIRALAMO,12.25,8.95,0
2026-07-26 13:15,2026-07-26,ISTANBUL,1,2,2,226413,14:00,44.9,2,HİDAN,8.9,14.08,0
2026-07-26 13:15,2026-07-26,ISTANBUL,1,2,2,226413,14:00,44.9,3,DEJAME,9.9,3.75,0
2026-07-26 13:15,2026-07-26,ISTANBUL,1,2,2,226413,14:00,44.9,4,INCOME,1.5,54.45,0
2026-07-26 13:15,2026-07-26,ISTANBUL,1,2,2,226413,14:00,44.9,5,TRAİDORA,8.55,11.17,0
2026-07-26 13:15,2026-07-26,ISTANBUL,1,2,2,226413,14:00,44.9,6,RAYMOND BABBITT,5.45,6.69,0
2026-07-26 13:15,2026-07-26,ISTANBUL,1,2,2,226413,14:00,44.9,7,BOLD STEPS,10.55,0.9,0
2026-07-26 13:30,2026-07-26,ISTANBUL,1,2,2,226413,14:00,29.5,1,GIRALAMO,10.4,9.14,0
2026-07-26 13:30,2026-07-26,ISTANBUL,1,2,2,226413,14:00,29.5,2,HİDAN,6.0,14.74,0
2026-07-26 13:30,2026-07-26,ISTANBUL,1,2,2,226413,14:00,29.5,3,DEJAME,9.75,3.52,0
2026-07-26 13:30,2026-07-26,ISTANBUL,1,2,2,226413,14:00,29.5,4,INCOME,1.7,53.03,0
2026-07-26 13:30,2026-07-26,ISTANBUL,1,2,2,226413,14:00,29.5,5,TRAİDORA,8.2,11.56,0
2026-07-26 13:30,2026-07-26,ISTANBUL,1,2,2,226413,14:00,29.5,6,RAYMOND BABBITT,5.85,7.23,0
2026-07-26 13:30,2026-07-26,ISTANBUL,1,2,2,226413,14:00,29.5,7,BOLD STEPS,10.85,0.77,0
2026-07-26 13:45,2026-07-26,ISTANBUL,1,2,2,226413,14:00,14.9,1,GIRALAMO,5.75,9.21,0
2026-07-26 13:45,2026-07-26,ISTANBUL,1,2,2,226413,14:00,14.9,2,HİDAN,6.1,14.82,0
2026-07-26 13:45,2026-07-26,ISTANBUL,1,2,2,226413,14:00,14.9,3,DEJAME,14.75,3.51,0
2026-07-26 13:45,2026-07-26,ISTANBUL,1,2,2,226413,14:00,14.9,4,INCOME,1.65,52.72,0
2026-07-26 13:45,2026-07-26,ISTANBUL,1,2,2,226413,14:00,14.9,5,TRAİDORA,6.45,11.69,0
2026-07-26 13:45,2026-07-26,ISTANBUL,1,2,2,226413,14:00,14.9,6,RAYMOND BABBITT,7.2,7.29,0
2026-07-26 13:45,2026-07-26,ISTANBUL,1,2,2,226413,14:00,14.9,7,BOLD STEPS,23.7,0.76,0
2026-07-26 13:45,2026-07-26,ISTANBUL,1,3,3,226411,14:30,44.9,1,SANDOKAN,2.6,32.18,0
2026-07-26 13:45,2026-07-26,ISTANBUL,1,3,3,226411,14:30,44.9,2,VICTORY XECE,2.25,38.76,0
2026-07-26 13:45,2026-07-26,ISTANBUL,1,3,3,226411,14:30,44.9,3,YONAGUNI,3.95,20.75,0
2026-07-26 13:45,2026-07-26,ISTANBUL,1,3,3,226411,14:30,44.9,4,INDIANA JONES,2.6,2.0,0
2026-07-26 13:45,2026-07-26,ISTANBUL,1,3,3,226411,14:30,44.9,5,ALDANA,3.8,6.32,0
2026-07-26 14:00,2026-07-26,ISTANBUL,1,3,3,226411,14:30,29.4,1,SANDOKAN,2.9,32.18,0
2026-07-26 14:00,2026-07-26,ISTANBUL,1,3,3,226411,14:30,29.4,2,VICTORY XECE,2.65,38.76,0
2026-07-26 14:00,2026-07-26,ISTANBUL,1,3,3,226411,14:30,29.4,3,YONAGUNI,2.5,20.75,0
2026-07-26 14:00,2026-07-26,ISTANBUL,1,3,3,226411,14:30,29.4,4,INDIANA JONES,2.9,2.0,0
2026-07-26 14:00,2026-07-26,ISTANBUL,1,3,3,226411,14:30,29.4,5,ALDANA,4.4,6.32,0
2026-07-26 14:15,2026-07-26,ISTANBUL,1,3,3,226411,14:30,14.9,1,SANDOKAN,12.25,32.18,0
2026-07-26 14:15,2026-07-26,ISTANBUL,1,3,3,226411,14:30,14.9,2,VICTORY XECE,1.05,38.76,0
2026-07-26 14:15,2026-07-26,ISTANBUL,1,3,3,226411,14:30,14.9,3,YONAGUNI,17.05,20.75,0
2026-07-26 14:15,2026-07-26,ISTANBUL,1,3,3,226411,14:30,14.9,4,INDIANA JONES,12.25,2.0,0
2026-07-26 14:15,2026-07-26,ISTANBUL,1,3,3,226411,14:30,14.9,5,ALDANA,27.6,6.32,0
2026-07-26 14:15,2026-07-26,ISTANBUL,1,4,4,226403,15:00,44.9,1,ARDEN TUNA,18.2,2.15,0
2026-07-26 14:15,2026-07-26,ISTANBUL,1,4,4,226403,15:00,44.9,2,BULLETS,5.75,14.48,0
2026-07-26 14:15,2026-07-26,ISTANBUL,1,4,4,226403,15:00,44.9,3,DOSTBAŞAR,12.95,4.52,0
2026-07-26 14:15,2026-07-26,ISTANBUL,1,4,4,226403,15:00,44.9,4,EFE KAPTAN,6.9,8.21,0
2026-07-26 14:15,2026-07-26,ISTANBUL,1,4,4,226403,15:00,44.9,5,GÖKKILIÇ,29.35,0.8,0
2026-07-26 14:15,2026-07-26,ISTANBUL,1,4,4,226403,15:00,44.9,6,KARAT,6.8,10.19,0
2026-07-26 14:15,2026-07-26,ISTANBUL,1,4,4,226403,15:00,44.9,7,ULUŞİRAN BEYİ,4.65,18.71,0
2026-07-26 14:15,2026-07-26,ISTANBUL,1,4,4,226403,15:00,44.9,8,QUEEN HANIM,5.65,23.89,0
2026-07-26 14:15,2026-07-26,ISTANBUL,1,4,4,226403,15:00,44.9,9,TANKIZI,3.8,16.15,0
2026-07-26 14:15,2026-07-26,ISTANBUL,1,4,4,226403,15:00,44.9,10,NAZÇEKMEZ,19.25,0.91,0
2026-07-26 14:30,2026-07-26,ISTANBUL,1,4,4,226403,15:00,29.4,1,ARDEN TUNA,24.3,2.15,0
2026-07-26 14:30,2026-07-26,ISTANBUL,1,4,4,226403,15:00,29.4,2,BULLETS,5.65,14.48,0
2026-07-26 14:30,2026-07-26,ISTANBUL,1,4,4,226403,15:00,29.4,3,DOSTBAŞAR,17.45,4.52,0
2026-07-26 14:30,2026-07-26,ISTANBUL,1,4,4,226403,15:00,29.4,4,EFE KAPTAN,7.8,8.21,0
2026-07-26 14:30,2026-07-26,ISTANBUL,1,4,4,226403,15:00,29.4,5,GÖKKILIÇ,22.55,0.8,0
2026-07-26 14:30,2026-07-26,ISTANBUL,1,4,4,226403,15:00,29.4,6,KARAT,6.65,10.19,0
2026-07-26 14:30,2026-07-26,ISTANBUL,1,4,4,226403,15:00,29.4,7,ULUŞİRAN BEYİ,4.0,18.71,0
2026-07-26 14:30,2026-07-26,ISTANBUL,1,4,4,226403,15:00,29.4,8,QUEEN HANIM,7.6,23.89,0
2026-07-26 14:30,2026-07-26,ISTANBUL,1,4,4,226403,15:00,29.4,9,TANKIZI,3.1,16.15,0
2026-07-26 14:30,2026-07-26,ISTANBUL,1,4,4,226403,15:00,29.4,10,NAZÇEKMEZ,28.7,0.91,0
2026-07-26 14:45,2026-07-26,ISTANBUL,1,4,4,226403,15:00,14.9,1,ARDEN TUNA,38.9,2.15,0
2026-07-26 14:45,2026-07-26,ISTANBUL,1,4,4,226403,15:00,14.9,2,BULLETS,4.4,14.48,0
2026-07-26 14:45,2026-07-26,ISTANBUL,1,4,4,226403,15:00,14.9,3,DOSTBAŞAR,14.35,4.52,0
2026-07-26 14:45,2026-07-26,ISTANBUL,1,4,4,226403,15:00,14.9,4,EFE KAPTAN,8.35,8.21,0
2026-07-26 14:45,2026-07-26,ISTANBUL,1,4,4,226403,15:00,14.9,5,GÖKKILIÇ,38.2,0.8,0
2026-07-26 14:45,2026-07-26,ISTANBUL,1,4,4,226403,15:00,14.9,6,KARAT,8.45,10.19,0
2026-07-26 14:45,2026-07-26,ISTANBUL,1,4,4,226403,15:00,14.9,7,ULUŞİRAN BEYİ,5.8,18.71,0
2026-07-26 14:45,2026-07-26,ISTANBUL,1,4,4,226403,15:00,14.9,8,QUEEN HANIM,3.9,23.89,0
2026-07-26 14:45,2026-07-26,ISTANBUL,1,4,4,226403,15:00,14.9,9,TANKIZI,3.45,16.15,0
2026-07-26 14:45,2026-07-26,ISTANBUL,1,4,4,226403,15:00,14.9,10,NAZÇEKMEZ,31.65,0.91,0
2026-07-26 14:45,2026-07-26,ISTANBUL,2,1,5,226404,15:30,44.9,1,KESTEL YİĞİDİ,,0.34,1
2026-07-26 14:45,2026-07-26,ISTANBUL,2,1,5,226404,15:30,44.9,2,ALAZVUR,5.95,5.39,0
2026-07-26 14:45,2026-07-26,ISTANBUL,2,1,5,226404,15:30,44.9,3,ALPLİ,9.7,14.12,0
2026-07-26 14:45,2026-07-26,ISTANBUL,2,1,5,226404,15:30,44.9,4,KAFKAS YÜREKLİ,13.7,6.22,0
2026-07-26 14:45,2026-07-26,ISTANBUL,2,1,5,226404,15:30,44.9,5,TOROSOĞLU,3.35,19.03,0
2026-07-26 14:45,2026-07-26,ISTANBUL,2,1,5,226404,15:30,44.9,6,YALNIZEDE,3.35,3.16,0
2026-07-26 14:45,2026-07-26,ISTANBUL,2,1,5,226404,15:30,44.9,7,ÇİLDUTAY,6.7,15.51,0
2026-07-26 14:45,2026-07-26,ISTANBUL,2,1,5,226404,15:30,44.9,8,AFRİKA SULTANI,2.8,27.86,0
2026-07-26 14:45,2026-07-26,ISTANBUL,2,1,5,226404,15:30,44.9,9,DOĞAN HANIM,10.1,3.21,0
2026-07-26 14:45,2026-07-26,ISTANBUL,2,1,5,226404,15:30,44.9,10,ÜLFET ŞEKERİ,10.4,5.15,0
2026-07-26 15:00,2026-07-26,ISTANBUL,2,1,5,226404,15:30,29.0,1,KESTEL YİĞİDİ,,0.34,1
2026-07-26 15:00,2026-07-26,ISTANBUL,2,1,5,226404,15:30,29.0,2,ALAZVUR,6.6,5.39,0
2026-07-26 15:00,2026-07-26,ISTANBUL,2,1,5,226404,15:30,29.0,3,ALPLİ,11.6,14.12,0
2026-07-26 15:00,2026-07-26,ISTANBUL,2,1,5,226404,15:30,29.0,4,KAFKAS YÜREKLİ,10.85,6.22,0
2026-07-26 15:00,2026-07-26,ISTANBUL,2,1,5,226404,15:30,29.0,5,TOROSOĞLU,3.4,19.03,0
2026-07-26 15:00,2026-07-26,ISTANBUL,2,1,5,226404,15:30,29.0,6,YALNIZEDE,3.4,3.16,0
2026-07-26 15:00,2026-07-26,ISTANBUL,2,1,5,226404,15:30,29.0,7,ÇİLDUTAY,5.35,15.51,0
2026-07-26 15:00,2026-07-26,ISTANBUL,2,1,5,226404,15:30,29.0,8,AFRİKA SULTANI,2.9,27.86,0
2026-07-26 15:00,2026-07-26,ISTANBUL,2,1,5,226404,15:30,29.0,9,DOĞAN HANIM,10.45,3.21,0
2026-07-26 15:00,2026-07-26,ISTANBUL,2,1,5,226404,15:30,29.0,10,ÜLFET ŞEKERİ,11.15,5.15,0
2026-07-26 15:15,2026-07-26,ISTANBUL,2,1,5,226404,15:30,14.9,1,KESTEL YİĞİDİ,,0.34,1
2026-07-26 15:15,2026-07-26,ISTANBUL,2,1,5,226404,15:30,14.9,2,ALAZVUR,11.95,5.39,0
2026-07-26 15:15,2026-07-26,ISTANBUL,2,1,5,226404,15:30,14.9,3,ALPLİ,5.35,14.12,0
2026-07-26 15:15,2026-07-26,ISTANBUL,2,1,5,226404,15:30,14.9,4,KAFKAS YÜREKLİ,10.45,6.22,0
2026-07-26 15:15,2026-07-26,ISTANBUL,2,1,5,226404,15:30,14.9,5,TOROSOĞLU,4.8,19.03,0
2026-07-26 15:15,2026-07-26,ISTANBUL,2,1,5,226404,15:30,14.9,6,YALNIZEDE,4.8,3.16,0
2026-07-26 15:15,2026-07-26,ISTANBUL,2,1,5,226404,15:30,14.9,7,ÇİLDUTAY,6.1,15.51,0
2026-07-26 15:15,2026-07-26,ISTANBUL,2,1,5,226404,15:30,14.9,8,AFRİKA SULTANI,2.2,27.86,0
2026-07-26 15:15,2026-07-26,ISTANBUL,2,1,5,226404,15:30,14.9,9,DOĞAN HANIM,14.85,3.21,0
2026-07-26 15:15,2026-07-26,ISTANBUL,2,1,5,226404,15:30,14.9,10,ÜLFET ŞEKERİ,11.85,5.15,0
2026-07-26 15:15,2026-07-26,ISTANBUL,2,2,6,226415,16:00,44.9,1,QUEEN PROTEO,7.85,17.09,0
2026-07-26 15:15,2026-07-26,ISTANBUL,2,2,6,226415,16:00,44.9,2,GOLD FLOWER,7.65,21.63,0
2026-07-26 15:15,2026-07-26,ISTANBUL,2,2,6,226415,16:00,44.9,3,LADY SEPHORA,10.8,12.12,0
2026-07-26 15:15,2026-07-26,ISTANBUL,2,2,6,226415,16:00,44.9,4,PEHLİVAN YILDIZI,10.3,4.12,0
2026-07-26 15:15,2026-07-26,ISTANBUL,2,2,6,226415,16:00,44.9,5,REAL TROUBLE,6.7,20.91,0
2026-07-26 15:15,2026-07-26,ISTANBUL,2,2,6,226415,16:00,44.9,6,MUĞLALI VARGAS,3.55,3.82,0
2026-07-26 15:15,2026-07-26,ISTANBUL,2,2,6,226415,16:00,44.9,7,OHRID INCISI,6.1,10.33,0
2026-07-26 15:15,2026-07-26,ISTANBUL,2,2,6,226415,16:00,44.9,8,SUPER DİVO,3.35,9.98,0
2026-07-26 15:30,2026-07-26,ISTANBUL,2,2,6,226415,16:00,29.1,1,QUEEN PROTEO,6.25,17.09,0
2026-07-26 15:30,2026-07-26,ISTANBUL,2,2,6,226415,16:00,29.1,2,GOLD FLOWER,4.65,21.63,0
2026-07-26 15:30,2026-07-26,ISTANBUL,2,2,6,226415,16:00,29.1,3,LADY SEPHORA,8.0,12.12,0
2026-07-26 15:30,2026-07-26,ISTANBUL,2,2,6,226415,16:00,29.1,4,PEHLİVAN YILDIZI,8.2,4.12,0
2026-07-26 15:30,2026-07-26,ISTANBUL,2,2,6,226415,16:00,29.1,5,REAL TROUBLE,4.85,20.91,0
2026-07-26 15:30,2026-07-26,ISTANBUL,2,2,6,226415,16:00,29.1,6,MUĞLALI VARGAS,7.05,3.82,0
2026-07-26 15:30,2026-07-26,ISTANBUL,2,2,6,226415,16:00,29.1,7,OHRID INCISI,4.8,10.33,0
2026-07-26 15:30,2026-07-26,ISTANBUL,2,2,6,226415,16:00,29.1,8,SUPER DİVO,6.15,9.98,0
2026-07-26 17:00,2026-07-26,ISTANBUL,2,5,9,226417,17:30,29.5,1,KESKİN KUŞ,5.7,,0
2026-07-26 17:00,2026-07-26,ISTANBUL,2,5,9,226417,17:30,29.5,2,PİRNUR,14.65,,0
2026-07-26 17:00,2026-07-26,ISTANBUL,2,5,9,226417,17:30,29.5,3,ŞİMŞEK YELELİ,5.2,,0
2026-07-26 17:00,2026-07-26,ISTANBUL,2,5,9,226417,17:30,29.5,4,KIR PAPATYASI,16.7,,0
2026-07-26 17:00,2026-07-26,ISTANBUL,2,5,9,226417,17:30,29.5,5,SEÇİLKIZ,15.55,,0
2026-07-26 17:00,2026-07-26,ISTANBUL,2,5,9,226417,17:30,29.5,6,SEMRAKAYA,16.8,,0
2026-07-26 17:00,2026-07-26,ISTANBUL,2,5,9,226417,17:30,29.5,7,SAKIZ ADASI,3.15,,0
2026-07-26 17:00,2026-07-26,ISTANBUL,2,5,9,226417,17:30,29.5,8,FISTIK ÇAMI,3.05,,0
2026-07-26 17:00,2026-07-26,ISTANBUL,2,5,9,226417,17:30,29.5,9,ZİNAMIN,13.15,,0
2026-07-26 17:15,2026-07-26,ISTANBUL,2,5,9,226417,17:30,14.9,1,KESKİN KUŞ,5.3,,0
2026-07-26 17:15,2026-07-26,ISTANBUL,2,5,9,226417,17:30,14.9,2,PİRNUR,10.3,,0
2026-07-26 17:15,2026-07-26,ISTANBUL,2,5,9,226417,17:30,14.9,3,ŞİMŞEK YELELİ,4.0,,0
2026-07-26 17:15,2026-07-26,ISTANBUL,2,5,9,226417,17:30,14.9,4,KIR PAPATYASI,7.6,,0
2026-07-26 17:15,2026-07-26,ISTANBUL,2,5,9,226417,17:30,14.9,5,SEÇİLKIZ,10.3,,0
2026-07-26 17:15,2026-07-26,ISTANBUL,2,5,9,226417,17:30,14.9,6,SEMRAKAYA,6.8,,0
2026-07-26 17:15,2026-07-26,ISTANBUL,2,5,9,226417,17:30,14.9,7,SAKIZ ADASI,5.05,,0
2026-07-26 17:15,2026-07-26,ISTANBUL,2,5,9,226417,17:30,14.9,8,FISTIK ÇAMI,5.3,,0
2026-07-26 17:15,2026-07-26,ISTANBUL,2,5,9,226417,17:30,14.9,9,ZİNAMIN,25.9,,0
2026-07-26 17:15,2026-07-26,ISTANBUL,2,6,10,226418,18:00,44.9,1,ÖZGÜNBERK,9.0,,0
2026-07-26 17:15,2026-07-26,ISTANBUL,2,6,10,226418,18:00,44.9,2,HIZLI İBRAHİM,19.2,,0
2026-07-26 17:15,2026-07-26,ISTANBUL,2,6,10,226418,18:00,44.9,3,AKGÜN AĞA,6.3,,0
2026-07-26 17:15,2026-07-26,ISTANBUL,2,6,10,226418,18:00,44.9,4,KORKUTELİ BEYİ,8.0,,0
2026-07-26 17:15,2026-07-26,ISTANBUL,2,6,10,226418,18:00,44.9,5,GRİNGO,4.7,,0
2026-07-26 17:15,2026-07-26,ISTANBUL,2,6,10,226418,18:00,44.9,6,IĞDIR KIZI,31.25,,0
2026-07-26 17:15,2026-07-26,ISTANBUL,2,6,10,226418,18:00,44.9,7,MİRZA BEY,18.65,,0
2026-07-26 17:15,2026-07-26,ISTANBUL,2,6,10,226418,18:00,44.9,8,BÖRÜTAY,32.95,,0
2026-07-26 17:15,2026-07-26,ISTANBUL,2,6,10,226418,18:00,44.9,9,YAMAÇ RÜZGARI,42.2,,0
2026-07-26 17:15,2026-07-26,ISTANBUL,2,6,10,226418,18:00,44.9,10,CEZZAR BEY,2.3,,0
2026-07-26 17:15,2026-07-26,ISTANBUL,2,6,10,226418,18:00,44.9,11,DİLBERAN,16.35,,0
2026-07-26 17:15,2026-07-26,ISTANBUL,2,6,10,226418,18:00,44.9,12,AYBENOVA,,,1
2026-07-26 17:15,2026-07-26,ISTANBUL,2,6,10,226418,18:00,44.9,13,BABA MESUT,21.9,,0
2026-07-26 18:31,2026-07-26,IZMIR,1,1,2,226409,19:00,28.9,1,BARİ,7.9,3.8,0
2026-07-26 18:31,2026-07-26,IZMIR,1,1,2,226409,19:00,28.9,2,WAR STORM,6.5,16.79,0
2026-07-26 18:31,2026-07-26,IZMIR,1,1,2,226409,19:00,28.9,3,BAHİSÇİ,18.15,8.9,0
2026-07-26 18:31,2026-07-26,IZMIR,1,1,2,226409,19:00,28.9,4,MORIARTY,1.5,46.33,0
2026-07-26 18:31,2026-07-26,IZMIR,1,1,2,226409,19:00,28.9,5,TOROS GÜZELİ,51.8,1.82,0
2026-07-26 18:31,2026-07-26,IZMIR,1,1,2,226409,19:00,28.9,6,KİNG EDDİE,21.45,0.69,0
2026-07-26 18:31,2026-07-26,IZMIR,1,1,2,226409,19:00,28.9,7,ASİLİKOM,5.55,14.49,0
2026-07-26 18:31,2026-07-26,IZMIR,1,1,2,226409,19:00,28.9,8,PRIMUS,20.4,5.9,0
2026-07-26 18:31,2026-07-26,IZMIR,1,1,2,226409,19:00,28.9,9,WINGS OF FREEDOM,22.2,1.28,0
2026-07-26 18:45,2026-07-26,IZMIR,1,1,2,226409,19:00,14.9,1,BARİ,6.95,3.74,0
2026-07-26 18:45,2026-07-26,IZMIR,1,1,2,226409,19:00,14.9,2,WAR STORM,5.0,16.31,0
2026-07-26 18:45,2026-07-26,IZMIR,1,1,2,226409,19:00,14.9,3,BAHİSÇİ,8.05,8.74,0
2026-07-26 18:45,2026-07-26,IZMIR,1,1,2,226409,19:00,14.9,4,MORIARTY,1.85,47.52,0
2026-07-26 18:45,2026-07-26,IZMIR,1,1,2,226409,19:00,14.9,5,TOROS GÜZELİ,35.45,1.77,0
2026-07-26 18:45,2026-07-26,IZMIR,1,1,2,226409,19:00,14.9,6,KİNG EDDİE,22.5,0.67,0
2026-07-26 18:45,2026-07-26,IZMIR,1,1,2,226409,19:00,14.9,7,ASİLİKOM,6.4,14.23,0
2026-07-26 18:45,2026-07-26,IZMIR,1,1,2,226409,19:00,14.9,8,PRIMUS,16.2,5.88,0
2026-07-26 18:45,2026-07-26,IZMIR,1,1,2,226409,19:00,14.9,9,WINGS OF FREEDOM,23.95,1.15,0
2026-07-26 18:45,2026-07-26,IZMIR,1,2,3,226412,19:30,44.9,1,UZUN TAY,15.4,10.13,0
2026-07-26 18:45,2026-07-26,IZMIR,1,2,3,226412,19:30,44.9,2,BAD REFTAR,10.65,6.08,0
2026-07-26 18:45,2026-07-26,IZMIR,1,2,3,226412,19:30,44.9,3,FROZEN LOVE,15.55,12.74,0
2026-07-26 18:45,2026-07-26,IZMIR,1,2,3,226412,19:30,44.9,4,RİGEL,7.35,16.7,0
2026-07-26 18:45,2026-07-26,IZMIR,1,2,3,226412,19:30,44.9,5,HUMAY KIZIM,23.9,0.9,0
2026-07-26 18:45,2026-07-26,IZMIR,1,2,3,226412,19:30,44.9,6,HALAY,12.25,1.25,0
2026-07-26 18:45,2026-07-26,IZMIR,1,2,3,226412,19:30,44.9,7,UÇANEMİRHAN,17.0,3.3,0
2026-07-26 18:45,2026-07-26,IZMIR,1,2,3,226412,19:30,44.9,8,ŞİFNE EFESİ,7.4,7.01,0
2026-07-26 18:45,2026-07-26,IZMIR,1,2,3,226412,19:30,44.9,9,BABY ARYA,9.85,10.84,0
2026-07-26 18:45,2026-07-26,IZMIR,1,2,3,226412,19:30,44.9,10,KING GÖKÇE,9.85,2.64,0
2026-07-26 18:45,2026-07-26,IZMIR,1,2,3,226412,19:30,44.9,11,BABA ÇAKMAK,25.5,1.2,0
2026-07-26 18:45,2026-07-26,IZMIR,1,2,3,226412,19:30,44.9,12,SERTTAYKUT,17.2,9.01,0
2026-07-26 18:45,2026-07-26,IZMIR,1,2,3,226412,19:30,44.9,13,FEHİMOĞLU,13.5,2.08,0
2026-07-26 18:45,2026-07-26,IZMIR,1,2,3,226412,19:30,44.9,14,AYTEKİNBEY,6.65,8.77,0
2026-07-26 18:45,2026-07-26,IZMIR,1,2,3,226412,19:30,44.9,15,DEMİRNAL,4.25,7.36,0
2026-07-26 19:00,2026-07-26,IZMIR,1,2,3,226412,19:30,29.4,1,UZUN TAY,6.2,9.87,0
2026-07-26 19:00,2026-07-26,IZMIR,1,2,3,226412,19:30,29.4,2,BAD REFTAR,12.85,6.26,0
2026-07-26 19:00,2026-07-26,IZMIR,1,2,3,226412,19:30,29.4,3,FROZEN LOVE,15.35,12.67,0
2026-07-26 19:00,2026-07-26,IZMIR,1,2,3,226412,19:30,29.4,4,RİGEL,6.85,16.25,0
2026-07-26 19:00,2026-07-26,IZMIR,1,2,3,226412,19:30,29.4,5,HUMAY KIZIM,27.15,0.95,0
2026-07-26 19:00,2026-07-26,IZMIR,1,2,3,226412,19:30,29.4,6,HALAY,15.05,1.32,0
2026-07-26 19:00,2026-07-26,IZMIR,1,2,3,226412,19:30,29.4,7,UÇANEMİRHAN,19.95,3.6,0
2026-07-26 19:00,2026-07-26,IZMIR,1,2,3,226412,19:30,29.4,8,ŞİFNE EFESİ,8.8,6.82,0
2026-07-26 19:00,2026-07-26,IZMIR,1,2,3,226412,19:30,29.4,9,BABY ARYA,8.4,10.37,0
2026-07-26 19:00,2026-07-26,IZMIR,1,2,3,226412,19:30,29.4,10,KING GÖKÇE,8.4,2.63,0
2026-07-26 19:00,2026-07-26,IZMIR,1,2,3,226412,19:30,29.4,11,BABA ÇAKMAK,31.0,1.26,0
2026-07-26 19:00,2026-07-26,IZMIR,1,2,3,226412,19:30,29.4,12,SERTTAYKUT,18.7,9.09,0
2026-07-26 19:00,2026-07-26,IZMIR,1,2,3,226412,19:30,29.4,13,FEHİMOĞLU,14.7,2.29,0
2026-07-26 19:00,2026-07-26,IZMIR,1,2,3,226412,19:30,29.4,14,AYTEKİNBEY,7.55,9.08,0
2026-07-26 19:00,2026-07-26,IZMIR,1,2,3,226412,19:30,29.4,15,DEMİRNAL,4.65,7.53,0
2026-07-26 19:15,2026-07-26,IZMIR,1,2,3,226412,19:30,14.9,1,UZUN TAY,8.95,9.83,0
2026-07-26 19:15,2026-07-26,IZMIR,1,2,3,226412,19:30,14.9,2,BAD REFTAR,14.15,6.3,0
2026-07-26 19:15,2026-07-26,IZMIR,1,2,3,226412,19:30,14.9,3,FROZEN LOVE,7.25,12.68,0
2026-07-26 19:15,2026-07-26,IZMIR,1,2,3,226412,19:30,14.9,4,RİGEL,4.15,16.23,0
2026-07-26 19:15,2026-07-26,IZMIR,1,2,3,226412,19:30,14.9,5,HUMAY KIZIM,47.3,0.94,0
2026-07-26 19:15,2026-07-26,IZMIR,1,2,3,226412,19:30,14.9,6,HALAY,33.8,1.31,0
2026-07-26 19:15,2026-07-26,IZMIR,1,2,3,226412,19:30,14.9,7,UÇANEMİRHAN,44.45,3.61,0
2026-07-26 19:15,2026-07-26,IZMIR,1,2,3,226412,19:30,14.9,8,ŞİFNE EFESİ,15.95,6.79,0
2026-07-26 19:15,2026-07-26,IZMIR,1,2,3,226412,19:30,14.9,9,BABY ARYA,5.0,10.34,0
2026-07-26 19:15,2026-07-26,IZMIR,1,2,3,226412,19:30,14.9,10,KING GÖKÇE,5.0,2.62,0
2026-07-26 19:15,2026-07-26,IZMIR,1,2,3,226412,19:30,14.9,11,BABA ÇAKMAK,61.0,1.27,0
2026-07-26 19:15,2026-07-26,IZMIR,1,2,3,226412,19:30,14.9,12,SERTTAYKUT,7.2,9.12,0
2026-07-26 19:15,2026-07-26,IZMIR,1,2,3,226412,19:30,14.9,13,FEHİMOĞLU,27.25,2.3,0
2026-07-26 19:15,2026-07-26,IZMIR,1,2,3,226412,19:30,14.9,14,AYTEKİNBEY,7.1,9.11,0
2026-07-26 19:15,2026-07-26,IZMIR,1,2,3,226412,19:30,14.9,15,DEMİRNAL,9.35,7.54,0
2026-07-26 19:15,2026-07-26,IZMIR,1,3,4,226407,20:00,44.9,1,KING FERİT,4.25,16.34,0
2026-07-26 19:15,2026-07-26,IZMIR,1,3,4,226407,20:00,44.9,2,TOLPER,10.6,14.75,0
2026-07-26 19:15,2026-07-26,IZMIR,1,3,4,226407,20:00,44.9,3,VİTE VİTE,2.5,34.54,0
2026-07-26 19:15,2026-07-26,IZMIR,1,3,4,226407,20:00,44.9,4,WALTZ WITH DREAMS,6.8,5.18,0
2026-07-26 19:15,2026-07-26,IZMIR,1,3,4,226407,20:00,44.9,5,DAISY DUKE,14.7,0.73,0
2026-07-26 19:15,2026-07-26,IZMIR,1,3,4,226407,20:00,44.9,6,HAS SERÇE,3.25,27.99,0
2026-07-26 19:15,2026-07-26,IZMIR,1,3,4,226407,20:00,44.9,7,NEW ARTİST,11.65,0.47,0
2026-07-26 19:30,2026-07-26,IZMIR,1,3,4,226407,20:00,29.4,1,KING FERİT,4.0,16.34,0
2026-07-26 19:30,2026-07-26,IZMIR,1,3,4,226407,20:00,29.4,2,TOLPER,9.75,14.75,0
2026-07-26 19:30,2026-07-26,IZMIR,1,3,4,226407,20:00,29.4,3,VİTE VİTE,2.5,34.54,0
2026-07-26 19:30,2026-07-26,IZMIR,1,3,4,226407,20:00,29.4,4,WALTZ WITH DREAMS,7.05,5.18,0
2026-07-26 19:30,2026-07-26,IZMIR,1,3,4,226407,20:00,29.4,5,DAISY DUKE,15.1,0.73,0
2026-07-26 19:30,2026-07-26,IZMIR,1,3,4,226407,20:00,29.4,6,HAS SERÇE,3.3,27.99,0
2026-07-26 19:30,2026-07-26,IZMIR,1,3,4,226407,20:00,29.4,7,NEW ARTİST,11.95,0.47,0
2026-07-26 19:45,2026-07-26,IZMIR,1,3,4,226407,20:00,14.9,1,KING FERİT,3.1,16.34,0
2026-07-26 19:45,2026-07-26,IZMIR,1,3,4,226407,20:00,14.9,2,TOLPER,5.85,14.75,0
2026-07-26 19:45,2026-07-26,IZMIR,1,3,4,226407,20:00,14.9,3,VİTE VİTE,3.25,34.54,0
2026-07-26 19:45,2026-07-26,IZMIR,1,3,4,226407,20:00,14.9,4,WALTZ WITH DREAMS,8.4,5.18,0
2026-07-26 19:45,2026-07-26,IZMIR,1,3,4,226407,20:00,14.9,5,DAISY DUKE,14.65,0.73,0
2026-07-26 19:45,2026-07-26,IZMIR,1,3,4,226407,20:00,14.9,6,HAS SERÇE,3.4,27.99,0
2026-07-26 19:45,2026-07-26,IZMIR,1,3,4,226407,20:00,14.9,7,NEW ARTİST,16.3,0.47,0
2026-07-26 19:45,2026-07-26,IZMIR,1,4,5,226408,20:30,44.9,1,PRENSES SYLVESTER,1.35,52.63,0
2026-07-26 19:45,2026-07-26,IZMIR,1,4,5,226408,20:30,44.9,2,THUNDER JEST,17.1,8.47,0
2026-07-26 19:45,2026-07-26,IZMIR,1,4,5,226408,20:30,44.9,3,DUYARLI,19.15,1.27,0
2026-07-26 19:45,2026-07-26,IZMIR,1,4,5,226408,20:30,44.9,4,LOVE WAY,15.1,4.59,0
2026-07-26 19:45,2026-07-26,IZMIR,1,4,5,226408,20:30,44.9,5,SPEEDY SOUL,2.75,26.95,0
2026-07-26 19:45,2026-07-26,IZMIR,1,4,5,226408,20:30,44.9,6,KHIOS,12.35,6.09,0
2026-07-26 20:00,2026-07-26,IZMIR,1,4,5,226408,20:30,29.4,1,PRENSES SYLVESTER,1.55,52.63,0
2026-07-26 20:00,2026-07-26,IZMIR,1,4,5,226408,20:30,29.4,2,THUNDER JEST,7.85,8.47,0
2026-07-26 20:00,2026-07-26,IZMIR,1,4,5,226408,20:30,29.4,3,DUYARLI,14.6,1.27,0
2026-07-26 20:00,2026-07-26,IZMIR,1,4,5,226408,20:30,29.4,4,LOVE WAY,12.1,4.59,0
2026-07-26 20:00,2026-07-26,IZMIR,1,4,5,226408,20:30,29.4,5,SPEEDY SOUL,3.05,26.95,0
2026-07-26 20:00,2026-07-26,IZMIR,1,4,5,226408,20:30,29.4,6,KHIOS,9.4,6.09,0
2026-07-26 20:15,2026-07-26,IZMIR,1,4,5,226408,20:30,14.9,1,PRENSES SYLVESTER,2.2,52.63,0
2026-07-26 20:15,2026-07-26,IZMIR,1,4,5,226408,20:30,14.9,2,THUNDER JEST,9.1,8.47,0
2026-07-26 20:15,2026-07-26,IZMIR,1,4,5,226408,20:30,14.9,3,DUYARLI,9.15,1.27,0
2026-07-26 20:15,2026-07-26,IZMIR,1,4,5,226408,20:30,14.9,4,LOVE WAY,15.95,4.59,0
2026-07-26 20:15,2026-07-26,IZMIR,1,4,5,226408,20:30,14.9,5,SPEEDY SOUL,2.0,26.95,0
2026-07-26 20:15,2026-07-26,IZMIR,1,4,5,226408,20:30,14.9,6,KHIOS,9.6,6.09,0
2026-07-26 20:15,2026-07-26,IZMIR,1,5,6,226406,21:00,44.9,1,ZEYTİN,3.35,31.92,0
2026-07-26 20:15,2026-07-26,IZMIR,1,5,6,226406,21:00,44.9,2,ANKA ERÇELİK,13.45,18.0,0
2026-07-26 20:15,2026-07-26,IZMIR,1,5,6,226406,21:00,44.9,3,GOLDEN CITY,1.8,30.61,0
2026-07-26 20:15,2026-07-26,IZMIR,1,5,6,226406,21:00,44.9,4,HANİKO DÜDÜKO,10.25,6.34,0
2026-07-26 20:15,2026-07-26,IZMIR,1,5,6,226406,21:00,44.9,5,HANSİNİ,30.25,1.55,0
2026-07-26 20:15,2026-07-26,IZMIR,1,5,6,226406,21:00,44.9,6,KAFKASYA GÜLÜ,13.95,0.48,0
2026-07-26 20:15,2026-07-26,IZMIR,1,5,6,226406,21:00,44.9,7,PASSACAGLIA,10.0,4.16,0
2026-07-26 20:15,2026-07-26,IZMIR,1,5,6,226406,21:00,44.9,8,PİSA BY PİSANO,14.45,1.55,0
2026-07-26 20:15,2026-07-26,IZMIR,1,5,6,226406,21:00,44.9,9,PRINCESS ALEXANDRA,,4.72,1
2026-07-26 20:15,2026-07-26,IZMIR,1,5,6,226406,21:00,44.9,10,TACIMAYVALIK,34.95,0.45,0
2026-07-26 20:15,2026-07-26,IZMIR,1,5,6,226406,21:00,44.9,11,TEMPESTA PERA,136.2,0.23,0
2026-07-26 20:30,2026-07-26,IZMIR,1,5,6,226406,21:00,29.4,1,ZEYTİN,4.45,31.92,0
2026-07-26 20:30,2026-07-26,IZMIR,1,5,6,226406,21:00,29.4,2,ANKA ERÇELİK,8.6,18.0,0
2026-07-26 20:30,2026-07-26,IZMIR,1,5,6,226406,21:00,29.4,3,GOLDEN CITY,1.65,30.61,0
2026-07-26 20:30,2026-07-26,IZMIR,1,5,6,226406,21:00,29.4,4,HANİKO DÜDÜKO,8.65,6.34,0
2026-07-26 20:30,2026-07-26,IZMIR,1,5,6,226406,21:00,29.4,5,HANSİNİ,28.85,1.55,0
2026-07-26 20:30,2026-07-26,IZMIR,1,5,6,226406,21:00,29.4,6,KAFKASYA GÜLÜ,17.4,0.48,0
2026-07-26 20:30,2026-07-26,IZMIR,1,5,6,226406,21:00,29.4,7,PASSACAGLIA,12.1,4.16,0
2026-07-26 20:30,2026-07-26,IZMIR,1,5,6,226406,21:00,29.4,8,PİSA BY PİSANO,18.45,1.55,0
2026-07-26 20:30,2026-07-26,IZMIR,1,5,6,226406,21:00,29.4,9,PRINCESS ALEXANDRA,,4.72,1
2026-07-26 20:30,2026-07-26,IZMIR,1,5,6,226406,21:00,29.4,10,TACIMAYVALIK,26.2,0.45,0
2026-07-26 20:30,2026-07-26,IZMIR,1,5,6,226406,21:00,29.4,11,TEMPESTA PERA,60.35,0.23,0
2026-07-26 20:45,2026-07-26,IZMIR,1,5,6,226406,21:00,14.9,1,ZEYTİN,3.7,31.92,0
2026-07-26 20:45,2026-07-26,IZMIR,1,5,6,226406,21:00,14.9,2,ANKA ERÇELİK,4.65,18.0,0
2026-07-26 20:45,2026-07-26,IZMIR,1,5,6,226406,21:00,14.9,3,GOLDEN CITY,1.95,30.61,0
2026-07-26 20:45,2026-07-26,IZMIR,1,5,6,226406,21:00,14.9,4,HANİKO DÜDÜKO,11.65,6.34,0
2026-07-26 20:45,2026-07-26,IZMIR,1,5,6,226406,21:00,14.9,5,HANSİNİ,27.9,1.55,0
2026-07-26 20:45,2026-07-26,IZMIR,1,5,6,226406,21:00,14.9,6,KAFKASYA GÜLÜ,24.5,0.48,0
2026-07-26 20:45,2026-07-26,IZMIR,1,5,6,226406,21:00,14.9,7,PASSACAGLIA,12.55,4.16,0
2026-07-26 20:45,2026-07-26,IZMIR,1,5,6,226406,21:00,14.9,8,PİSA BY PİSANO,28.5,1.55,0
2026-07-26 20:45,2026-07-26,IZMIR,1,5,6,226406,21:00,14.9,9,PRINCESS ALEXANDRA,,4.72,1
2026-07-26 20:45,2026-07-26,IZMIR,1,5,6,226406,21:00,14.9,10,TACIMAYVALIK,24.55,0.45,0
2026-07-26 20:45,2026-07-26,IZMIR,1,5,6,226406,21:00,14.9,11,TEMPESTA PERA,45.9,0.23,0
2026-07-26 20:45,2026-07-26,IZMIR,1,6,7,226410,21:30,44.9,1,DİLŞAHKAYA,173.2,0.97,0
2026-07-26 20:45,2026-07-26,IZMIR,1,6,7,226410,21:30,44.9,2,KIZIM MERYEM,73.1,3.89,0
2026-07-26 20:45,2026-07-26,IZMIR,1,6,7,226410,21:30,44.9,3,TAM YOL,29.9,11.95,0
2026-07-26 20:45,2026-07-26,IZMIR,1,6,7,226410,21:30,44.9,4,DİLBERHATUN,65.35,2.73,0
2026-07-26 20:45,2026-07-26,IZMIR,1,6,7,226410,21:30,44.9,5,ESENYIL,37.3,6.16,0
2026-07-26 20:45,2026-07-26,IZMIR,1,6,7,226410,21:30,44.9,6,SÜTLİMAN,21.65,14.47,0
2026-07-26 20:45,2026-07-26,IZMIR,1,6,7,226410,21:30,44.9,7,YILDIZ SOY,20.25,18.46,0
2026-07-26 20:45,2026-07-26,IZMIR,1,6,7,226410,21:30,44.9,8,CANFEZA,106.75,0.8,0
2026-07-26 20:45,2026-07-26,IZMIR,1,6,7,226410,21:30,44.9,9,EFOR,105.8,0.81,0
2026-07-26 20:45,2026-07-26,IZMIR,1,6,7,226410,21:30,44.9,10,EFSUNHATUN,70.95,7.07,0
2026-07-26 20:45,2026-07-26,IZMIR,1,6,7,226410,21:30,44.9,11,GİZLİ YAKUT,188.2,0.41,0
2026-07-26 20:45,2026-07-26,IZMIR,1,6,7,226410,21:30,44.9,12,GÖKDİL,43.25,7.31,0
2026-07-26 20:45,2026-07-26,IZMIR,1,6,7,226410,21:30,44.9,13,HÜKÜMDAR KIZ,72.95,2.01,0
2026-07-26 20:45,2026-07-26,IZMIR,1,6,7,226410,21:30,44.9,14,KOLOPHON,24.05,1.61,0
2026-07-26 20:45,2026-07-26,IZMIR,1,6,7,226410,21:30,44.9,15,MİRAY ABLA,54.95,4.47,0
2026-07-26 20:45,2026-07-26,IZMIR,1,6,7,226410,21:30,44.9,16,SEREN RÜZGARI,159.5,0.79,0
2026-07-26 20:45,2026-07-26,IZMIR,1,6,7,226410,21:30,44.9,17,YILDIZ SULTAN,1.05,0.65,0
2026-07-26 20:45,2026-07-26,IZMIR,1,6,7,226410,21:30,44.9,18,YOL GEZER,24.35,13.35,0
2026-07-26 20:45,2026-07-26,IZMIR,1,6,7,226410,21:30,44.9,19,AYBUGA,37.2,1.72,0
2026-07-26 20:45,2026-07-26,IZMIR,1,6,7,226410,21:30,44.9,20,ASEL SULTAN,168.9,0.37,0
2026-07-27 12:45,2026-07-27,BURSA,1,1,1,226419,13:30,44.9,1,KÖSTENCELİ BEY,2.7,59.15,0
2026-07-27 12:45,2026-07-27,BURSA,1,1,1,226419,13:30,44.9,2,LAMPO NERO,5.4,8.44,0
2026-07-27 12:45,2026-07-27,BURSA,1,1,1,226419,13:30,44.9,3,ŞEVRAN,8.55,1.24,0
2026-07-27 12:45,2026-07-27,BURSA,1,1,1,226419,13:30,44.9,4,ZEALANDIA,14.25,1.75,0
2026-07-27 12:45,2026-07-27,BURSA,1,1,1,226419,13:30,44.9,5,CETRION,5.6,6.75,0
2026-07-27 12:45,2026-07-27,BURSA,1,1,1,226419,13:30,44.9,6,KRALİÇE NONİKA,3.05,21.27,0
2026-07-27 12:45,2026-07-27,BURSA,1,1,1,226419,13:30,44.9,7,LADY ALARA,,0.5,1
2026-07-27 12:45,2026-07-27,BURSA,1,1,1,226419,13:30,44.9,8,MY LIFE ELİF,10.75,0.89,0
2026-07-27 13:00,2026-07-27,BURSA,1,1,1,226419,13:30,29.5,1,KÖSTENCELİ BEY,2.45,56.48,0
2026-07-27 13:00,2026-07-27,BURSA,1,1,1,226419,13:30,29.5,2,LAMPO NERO,7.0,8.96,0
2026-07-27 13:00,2026-07-27,BURSA,1,1,1,226419,13:30,29.5,3,ŞEVRAN,9.5,1.85,0
2026-07-27 13:00,2026-07-27,BURSA,1,1,1,226419,13:30,29.5,4,ZEALANDIA,16.35,2.33,0
2026-07-27 13:00,2026-07-27,BURSA,1,1,1,226419,13:30,29.5,5,CETRION,5.05,7.19,0
2026-07-27 13:00,2026-07-27,BURSA,1,1,1,226419,13:30,29.5,6,KRALİÇE NONİKA,2.9,21.33,0
2026-07-27 13:00,2026-07-27,BURSA,1,1,1,226419,13:30,29.5,7,LADY ALARA,,0.33,1
2026-07-27 13:00,2026-07-27,BURSA,1,1,1,226419,13:30,29.5,8,MY LIFE ELİF,13.1,1.53,0
2026-07-27 13:15,2026-07-27,BURSA,1,1,1,226419,13:30,14.9,1,KÖSTENCELİ BEY,1.55,56.85,0
2026-07-27 13:15,2026-07-27,BURSA,1,1,1,226419,13:30,14.9,2,LAMPO NERO,9.25,9.07,0
2026-07-27 13:15,2026-07-27,BURSA,1,1,1,226419,13:30,14.9,3,ŞEVRAN,12.85,1.56,0
2026-07-27 13:15,2026-07-27,BURSA,1,1,1,226419,13:30,14.9,4,ZEALANDIA,17.1,2.16,0
2026-07-27 13:15,2026-07-27,BURSA,1,1,1,226419,13:30,14.9,5,CETRION,7.55,7.22,0
2026-07-27 13:15,2026-07-27,BURSA,1,1,1,226419,13:30,14.9,6,KRALİÇE NONİKA,3.7,21.6,0
2026-07-27 13:15,2026-07-27,BURSA,1,1,1,226419,13:30,14.9,7,LADY ALARA,,0.23,1
2026-07-27 13:15,2026-07-27,BURSA,1,1,1,226419,13:30,14.9,8,MY LIFE ELİF,20.75,1.31,0
2026-07-27 13:15,2026-07-27,BURSA,1,2,2,226432,14:00,44.9,1,CORSARO,4.05,36.29,0
2026-07-27 13:15,2026-07-27,BURSA,1,2,2,226432,14:00,44.9,2,FALCON OF MUTAFLAR,4.3,20.18,0
2026-07-27 13:15,2026-07-27,BURSA,1,2,2,226432,14:00,44.9,3,GRINGOLET,3.8,14.77,0
2026-07-27 13:15,2026-07-27,BURSA,1,2,2,226432,14:00,44.9,4,ASYA MİLA,11.65,0.65,0
2026-07-27 13:15,2026-07-27,BURSA,1,2,2,226432,14:00,44.9,5,ABDULLAH BEY,38.55,0.61,0
2026-07-27 13:15,2026-07-27,BURSA,1,2,2,226432,14:00,44.9,6,ULUBEY,4.15,13.07,0
2026-07-27 13:15,2026-07-27,BURSA,1,2,2,226432,14:00,44.9,7,EVERYTHING ALRIGHT,4.05,14.43,0
2026-07-27 13:30,2026-07-27,BURSA,1,2,2,226432,14:00,29.5,1,CORSARO,4.95,36.79,0
2026-07-27 13:30,2026-07-27,BURSA,1,2,2,226432,14:00,29.5,2,FALCON OF MUTAFLAR,4.95,20.24,0
2026-07-27 13:30,2026-07-27,BURSA,1,2,2,226432,14:00,29.5,3,GRINGOLET,4.8,14.11,0
2026-07-27 13:30,2026-07-27,BURSA,1,2,2,226432,14:00,29.5,4,ASYA MİLA,14.5,0.66,0
2026-07-27 13:30,2026-07-27,BURSA,1,2,2,226432,14:00,29.5,5,ABDULLAH BEY,48.4,0.66,0
2026-07-27 13:30,2026-07-27,BURSA,1,2,2,226432,14:00,29.5,6,ULUBEY,2.4,13.0,0
2026-07-27 13:30,2026-07-27,BURSA,1,2,2,226432,14:00,29.5,7,EVERYTHING ALRIGHT,4.55,14.53,0
2026-07-27 13:45,2026-07-27,BURSA,1,2,2,226432,14:00,14.9,1,CORSARO,3.95,36.8,0
2026-07-27 13:45,2026-07-27,BURSA,1,2,2,226432,14:00,14.9,2,FALCON OF MUTAFLAR,5.1,20.27,0
2026-07-27 13:45,2026-07-27,BURSA,1,2,2,226432,14:00,14.9,3,GRINGOLET,4.8,14.02,0
2026-07-27 13:45,2026-07-27,BURSA,1,2,2,226432,14:00,14.9,4,ASYA MİLA,15.6,0.65,0
2026-07-27 13:45,2026-07-27,BURSA,1,2,2,226432,14:00,14.9,5,ABDULLAH BEY,41.7,0.65,0
2026-07-27 13:45,2026-07-27,BURSA,1,2,2,226432,14:00,14.9,6,ULUBEY,2.95,13.07,0
2026-07-27 13:45,2026-07-27,BURSA,1,2,2,226432,14:00,14.9,7,EVERYTHING ALRIGHT,3.95,14.54,0
2026-07-27 13:45,2026-07-27,BURSA,1,3,3,226431,14:30,44.9,1,GLITTER WINGS,2.85,23.27,0
2026-07-27 13:45,2026-07-27,BURSA,1,3,3,226431,14:30,44.9,2,MR MONK,5.05,45.4,0
2026-07-27 13:45,2026-07-27,BURSA,1,3,3,226431,14:30,44.9,3,PAKSUHAN,10.05,1.15,0
2026-07-27 13:45,2026-07-27,BURSA,1,3,3,226431,14:30,44.9,4,RICARDO,5.4,2.39,0
2026-07-27 13:45,2026-07-27,BURSA,1,3,3,226431,14:30,44.9,5,RÜZGAR UĞUR,6.3,21.92,0
2026-07-27 13:45,2026-07-27,BURSA,1,3,3,226431,14:30,44.9,6,MADAME SCARLET,3.4,3.23,0
2026-07-27 13:45,2026-07-27,BURSA,1,3,3,226431,14:30,44.9,7,MAJESTIC ENDEAVOUR,17.95,2.65,0
2026-07-27 14:00,2026-07-27,BURSA,1,3,3,226431,14:30,29.5,1,GLITTER WINGS,3.2,23.27,0
2026-07-27 14:00,2026-07-27,BURSA,1,3,3,226431,14:30,29.5,2,MR MONK,4.65,45.4,0
2026-07-27 14:00,2026-07-27,BURSA,1,3,3,226431,14:30,29.5,3,PAKSUHAN,10.65,1.15,0
2026-07-27 14:00,2026-07-27,BURSA,1,3,3,226431,14:30,29.5,4,RICARDO,4.8,2.39,0
2026-07-27 14:00,2026-07-27,BURSA,1,3,3,226431,14:30,29.5,5,RÜZGAR UĞUR,6.65,21.92,0
2026-07-27 14:00,2026-07-27,BURSA,1,3,3,226431,14:30,29.5,6,MADAME SCARLET,3.8,3.23,0
2026-07-27 14:00,2026-07-27,BURSA,1,3,3,226431,14:30,29.5,7,MAJESTIC ENDEAVOUR,10.3,2.65,0
2026-07-27 14:15,2026-07-27,BURSA,1,3,3,226431,14:30,14.9,1,GLITTER WINGS,4.2,23.27,0
2026-07-27 14:15,2026-07-27,BURSA,1,3,3,226431,14:30,14.9,2,MR MONK,3.9,45.4,0
2026-07-27 14:15,2026-07-27,BURSA,1,3,3,226431,14:30,14.9,3,PAKSUHAN,15.2,1.15,0
2026-07-27 14:15,2026-07-27,BURSA,1,3,3,226431,14:30,14.9,4,RICARDO,6.8,2.39,0
2026-07-27 14:15,2026-07-27,BURSA,1,3,3,226431,14:30,14.9,5,RÜZGAR UĞUR,2.8,21.92,0
2026-07-27 14:15,2026-07-27,BURSA,1,3,3,226431,14:30,14.9,6,MADAME SCARLET,5.9,3.23,0
2026-07-27 14:15,2026-07-27,BURSA,1,3,3,226431,14:30,14.9,7,MAJESTIC ENDEAVOUR,9.45,2.65,0
2026-07-27 14:15,2026-07-27,BURSA,1,4,4,226433,15:00,44.9,1,İLKEJDER,5.0,9.56,0
2026-07-27 14:15,2026-07-27,BURSA,1,4,4,226433,15:00,44.9,2,YAZIRBEYİ,136.15,4.75,0
2026-07-27 14:15,2026-07-27,BURSA,1,4,4,226433,15:00,44.9,3,BODRUMLU,5.15,32.93,0
2026-07-27 14:15,2026-07-27,BURSA,1,4,4,226433,15:00,44.9,4,PAMİRALP,9.0,9.83,0
2026-07-27 14:15,2026-07-27,BURSA,1,4,4,226433,15:00,44.9,5,SAVAŞÇI BEDİR,,14.28,1
2026-07-27 14:15,2026-07-27,BURSA,1,4,4,226433,15:00,44.9,6,YEŞİL ADA,8.6,2.63,0
2026-07-27 14:15,2026-07-27,BURSA,1,4,4,226433,15:00,44.9,7,ADISOYLU,9.0,7.79,0
2026-07-27 14:15,2026-07-27,BURSA,1,4,4,226433,15:00,44.9,8,AMCA,2.6,9.57,0
2026-07-27 14:15,2026-07-27,BURSA,1,4,4,226433,15:00,44.9,9,GÜZEL ZEHRA,12.35,1.49,0
2026-07-27 14:15,2026-07-27,BURSA,1,4,4,226433,15:00,44.9,10,ZİRVE BEYİ,7.6,7.16,0
2026-07-27 14:30,2026-07-27,BURSA,1,4,4,226433,15:00,29.5,1,İLKEJDER,4.7,9.56,0
2026-07-27 14:30,2026-07-27,BURSA,1,4,4,226433,15:00,29.5,2,YAZIRBEYİ,9.25,4.75,0
2026-07-27 14:30,2026-07-27,BURSA,1,4,4,226433,15:00,29.5,3,BODRUMLU,6.85,32.93,0
2026-07-27 14:30,2026-07-27,BURSA,1,4,4,226433,15:00,29.5,4,PAMİRALP,6.5,9.83,0
2026-07-27 14:30,2026-07-27,BURSA,1,4,4,226433,15:00,29.5,5,SAVAŞÇI BEDİR,,14.28,1
2026-07-27 14:30,2026-07-27,BURSA,1,4,4,226433,15:00,29.5,6,YEŞİL ADA,6.2,2.63,0
2026-07-27 14:30,2026-07-27,BURSA,1,4,4,226433,15:00,29.5,7,ADISOYLU,13.1,7.79,0
2026-07-27 14:30,2026-07-27,BURSA,1,4,4,226433,15:00,29.5,8,AMCA,3.95,9.57,0
2026-07-27 14:30,2026-07-27,BURSA,1,4,4,226433,15:00,29.5,9,GÜZEL ZEHRA,7.45,1.49,0
2026-07-27 14:30,2026-07-27,BURSA,1,4,4,226433,15:00,29.5,10,ZİRVE BEYİ,11.0,7.16,0
2026-07-27 14:45,2026-07-27,BURSA,1,4,4,226433,15:00,14.8,1,İLKEJDER,9.25,9.56,0
2026-07-27 14:45,2026-07-27,BURSA,1,4,4,226433,15:00,14.8,2,YAZIRBEYİ,22.65,4.75,0
2026-07-27 14:45,2026-07-27,BURSA,1,4,4,226433,15:00,14.8,3,BODRUMLU,2.9,32.93,0
2026-07-27 14:45,2026-07-27,BURSA,1,4,4,226433,15:00,14.8,4,PAMİRALP,11.5,9.83,0
2026-07-27 14:45,2026-07-27,BURSA,1,4,4,226433,15:00,14.8,5,SAVAŞÇI BEDİR,,14.28,1
2026-07-27 14:45,2026-07-27,BURSA,1,4,4,226433,15:00,14.8,6,YEŞİL ADA,15.45,2.63,0
2026-07-27 14:45,2026-07-27,BURSA,1,4,4,226433,15:00,14.8,7,ADISOYLU,17.4,7.79,0
2026-07-27 14:45,2026-07-27,BURSA,1,4,4,226433,15:00,14.8,8,AMCA,10.75,9.57,0
2026-07-27 14:45,2026-07-27,BURSA,1,4,4,226433,15:00,14.8,9,GÜZEL ZEHRA,12.1,1.49,0
2026-07-27 14:45,2026-07-27,BURSA,1,4,4,226433,15:00,14.8,10,ZİRVE BEYİ,2.15,7.16,0
2026-07-27 14:45,2026-07-27,BURSA,2,1,5,226426,15:30,44.8,1,SAVE YOUR TEARS,8.1,12.53,0
2026-07-27 14:45,2026-07-27,BURSA,2,1,5,226426,15:30,44.8,2,NO BRAKES,3.9,18.48,0
2026-07-27 14:45,2026-07-27,BURSA,2,1,5,226426,15:30,44.8,3,VISERRA,12.9,2.0,0
2026-07-27 14:45,2026-07-27,BURSA,2,1,5,226426,15:30,44.8,4,SABALENKA,6.85,20.14,0
2026-07-27 14:45,2026-07-27,BURSA,2,1,5,226426,15:30,44.8,5,SULTANIM NERİMAN,12.55,6.11,0
2026-07-27 14:45,2026-07-27,BURSA,2,1,5,226426,15:30,44.8,6,BLUE WAVE,9.4,12.07,0
2026-07-27 14:45,2026-07-27,BURSA,2,1,5,226426,15:30,44.8,7,FESTIVAL BOUND,7.45,12.86,0
2026-07-27 14:45,2026-07-27,BURSA,2,1,5,226426,15:30,44.8,8,ŞEKERKIZ,8.3,6.74,0
2026-07-27 14:45,2026-07-27,BURSA,2,1,5,226426,15:30,44.8,9,LA GRANDE,9.05,5.28,0
2026-07-27 14:45,2026-07-27,BURSA,2,1,5,226426,15:30,44.8,10,VERONA SPRING,7.0,2.83,0
2026-07-27 14:45,2026-07-27,BURSA,2,1,5,226426,15:30,44.8,11,MEVLÜDE HATUN,24.5,0.96,0
2026-07-27 15:00,2026-07-27,BURSA,2,1,5,226426,15:30,29.4,1,SAVE YOUR TEARS,8.15,12.53,0
2026-07-27 15:00,2026-07-27,BURSA,2,1,5,226426,15:30,29.4,2,NO BRAKES,4.25,18.48,0
2026-07-27 15:00,2026-07-27,BURSA,2,1,5,226426,15:30,29.4,3,VISERRA,14.0,2.0,0
2026-07-27 15:00,2026-07-27,BURSA,2,1,5,226426,15:30,29.4,4,SABALENKA,6.95,20.14,0
2026-07-27 15:00,2026-07-27,BURSA,2,1,5,226426,15:30,29.4,5,SULTANIM NERİMAN,13.2,6.11,0
2026-07-27 15:00,2026-07-27,BURSA,2,1,5,226426,15:30,29.4,6,BLUE WAVE,7.4,12.07,0
2026-07-27 15:00,2026-07-27,BURSA,2,1,5,226426,15:30,29.4,7,FESTIVAL BOUND,7.4,12.86,0
2026-07-27 15:00,2026-07-27,BURSA,2,1,5,226426,15:30,29.4,8,ŞEKERKIZ,7.3,6.74,0
2026-07-27 15:00,2026-07-27,BURSA,2,1,5,226426,15:30,29.4,9,LA GRANDE,10.1,5.28,0
2026-07-27 15:00,2026-07-27,BURSA,2,1,5,226426,15:30,29.4,10,VERONA SPRING,7.15,2.83,0
2026-07-27 15:00,2026-07-27,BURSA,2,1,5,226426,15:30,29.4,11,MEVLÜDE HATUN,22.85,0.96,0
2026-07-27 15:15,2026-07-27,BURSA,2,1,5,226426,15:30,14.9,1,SAVE YOUR TEARS,7.6,12.53,0
2026-07-27 15:15,2026-07-27,BURSA,2,1,5,226426,15:30,14.9,2,NO BRAKES,3.45,18.48,0
2026-07-27 15:15,2026-07-27,BURSA,2,1,5,226426,15:30,14.9,3,VISERRA,18.5,2.0,0
2026-07-27 15:15,2026-07-27,BURSA,2,1,5,226426,15:30,14.9,4,SABALENKA,6.3,20.14,0
2026-07-27 15:15,2026-07-27,BURSA,2,1,5,226426,15:30,14.9,5,SULTANIM NERİMAN,11.0,6.11,0
2026-07-27 15:15,2026-07-27,BURSA,2,1,5,226426,15:30,14.9,6,BLUE WAVE,5.8,12.07,0
2026-07-27 15:15,2026-07-27,BURSA,2,1,5,226426,15:30,14.9,7,FESTIVAL BOUND,10.0,12.86,0
2026-07-27 15:15,2026-07-27,BURSA,2,1,5,226426,15:30,14.9,8,ŞEKERKIZ,7.6,6.74,0
2026-07-27 15:15,2026-07-27,BURSA,2,1,5,226426,15:30,14.9,9,LA GRANDE,14.5,5.28,0
2026-07-27 15:15,2026-07-27,BURSA,2,1,5,226426,15:30,14.9,10,VERONA SPRING,10.85,2.83,0
2026-07-27 15:15,2026-07-27,BURSA,2,1,5,226426,15:30,14.9,11,MEVLÜDE HATUN,20.75,0.96,0
2026-07-27 15:15,2026-07-27,BURSA,2,2,6,226436,16:00,44.9,1,MADEN DAĞI,45.3,1.73,0
2026-07-27 15:15,2026-07-27,BURSA,2,2,6,226436,16:00,44.9,2,ERVANUR,18.45,6.31,0
2026-07-27 15:15,2026-07-27,BURSA,2,2,6,226436,16:00,44.9,3,MENGİSOY,81.4,0.73,0
2026-07-27 15:15,2026-07-27,BURSA,2,2,6,226436,16:00,44.9,4,SOĞUKDAĞ,12.15,11.18,0
2026-07-27 15:15,2026-07-27,BURSA,2,2,6,226436,16:00,44.9,5,YEŞİLKAYA,9.25,4.93,0
2026-07-27 15:15,2026-07-27,BURSA,2,2,6,226436,16:00,44.9,6,DESTE KIZIM,9.25,8.01,0
2026-07-27 15:15,2026-07-27,BURSA,2,2,6,226436,16:00,44.9,7,İKİGAİ,10.1,7.76,0
2026-07-27 15:15,2026-07-27,BURSA,2,2,6,226436,16:00,44.9,8,TOLSTOY,12.45,19.8,0
2026-07-27 15:15,2026-07-27,BURSA,2,2,6,226436,16:00,44.9,9,GÜZELNİSA,30.1,1.84,0
2026-07-27 15:15,2026-07-27,BURSA,2,2,6,226436,16:00,44.9,10,ALSAKİB,66.45,4.25,0
2026-07-27 15:15,2026-07-27,BURSA,2,2,6,226436,16:00,44.9,11,HAYALİNOĞLU,1.45,1.74,0
2026-07-27 15:15,2026-07-27,BURSA,2,2,6,226436,16:00,44.9,12,HÜMA YAPRAK,38.45,1.12,0
2026-07-27 15:15,2026-07-27,BURSA,2,2,6,226436,16:00,44.9,13,BİÇERGİLLER,18.45,25.45,0
2026-07-27 15:15,2026-07-27,BURSA,2,2,6,226436,16:00,44.9,14,DILDA,15.5,5.14,0
2026-07-27 16:00,2026-07-27,BURSA,2,3,7,226434,16:30,29.4,1,GÖREME BEYİ,2.1,,0
2026-07-27 16:00,2026-07-27,BURSA,2,3,7,226434,16:30,29.4,2,SON İZCİ,2.1,,0
2026-07-27 16:00,2026-07-27,BURSA,2,3,7,226434,16:30,29.4,3,KAPTAN ARAS,26.15,,0
2026-07-27 16:00,2026-07-27,BURSA,2,3,7,226434,16:30,29.4,4,HIZLI KEREM,16.6,,0
2026-07-27 16:00,2026-07-27,BURSA,2,3,7,226434,16:30,29.4,5,OĞUL ÇINAR,1.45,,0
2026-07-27 16:00,2026-07-27,BURSA,2,3,7,226434,16:30,29.4,6,CİHAN ŞAHI,26.25,,0
2026-07-27 16:00,2026-07-27,BURSA,2,3,7,226434,16:30,29.4,7,HEP BİRLİKTE,26.15,,0
2026-07-27 16:00,2026-07-27,BURSA,2,3,7,226434,16:30,29.4,8,PRENSES MEHLİKA,50.65,,0
2026-07-27 16:00,2026-07-27,BURSA,2,3,7,226434,16:30,29.4,9,DAĞLAROĞLU KIZI,47.5,,0
2026-07-27 16:15,2026-07-27,BURSA,2,3,7,226434,16:30,14.6,1,GÖREME BEYİ,1.6,,0
2026-07-27 16:15,2026-07-27,BURSA,2,3,7,226434,16:30,14.6,2,SON İZCİ,1.6,,0
2026-07-27 16:15,2026-07-27,BURSA,2,3,7,226434,16:30,14.6,3,KAPTAN ARAS,21.0,,0
2026-07-27 16:15,2026-07-27,BURSA,2,3,7,226434,16:30,14.6,4,HIZLI KEREM,10.25,,0
2026-07-27 16:15,2026-07-27,BURSA,2,3,7,226434,16:30,14.6,5,OĞUL ÇINAR,2.25,,0
2026-07-27 16:15,2026-07-27,BURSA,2,3,7,226434,16:30,14.6,6,CİHAN ŞAHI,17.5,,0
2026-07-27 16:15,2026-07-27,BURSA,2,3,7,226434,16:30,14.6,7,HEP BİRLİKTE,21.0,,0
2026-07-27 16:15,2026-07-27,BURSA,2,3,7,226434,16:30,14.6,8,PRENSES MEHLİKA,26.3,,0
2026-07-27 16:15,2026-07-27,BURSA,2,3,7,226434,16:30,14.6,9,DAĞLAROĞLU KIZI,30.5,,0
2026-07-27 16:15,2026-07-27,BURSA,2,4,8,226427,17:00,44.6,1,DRAGON VICTORY,6.8,,0
2026-07-27 16:15,2026-07-27,BURSA,2,4,8,226427,17:00,44.6,2,FELAKET,2.4,,0
2026-07-27 16:15,2026-07-27,BURSA,2,4,8,226427,17:00,44.6,3,DUM SPIRO SPERO,4.15,,0
2026-07-27 16:15,2026-07-27,BURSA,2,4,8,226427,17:00,44.6,4,PUYOL,6.7,,0
2026-07-27 16:15,2026-07-27,BURSA,2,4,8,226427,17:00,44.6,5,ONLY GIRL,2.55,,0
2026-07-27 16:30,2026-07-27,BURSA,2,4,8,226427,17:00,29.5,1,DRAGON VICTORY,4.85,,0
2026-07-27 16:30,2026-07-27,BURSA,2,4,8,226427,17:00,29.5,2,FELAKET,2.5,,0
2026-07-27 16:30,2026-07-27,BURSA,2,4,8,226427,17:00,29.5,3,DUM SPIRO SPERO,4.2,,0
2026-07-27 16:30,2026-07-27,BURSA,2,4,8,226427,17:00,29.5,4,PUYOL,7.7,,0
2026-07-27 16:30,2026-07-27,BURSA,2,4,8,226427,17:00,29.5,5,ONLY GIRL,2.7,,0
2026-07-27 16:45,2026-07-27,BURSA,2,4,8,226427,17:00,14.9,1,DRAGON VICTORY,2.5,,0
2026-07-27 16:45,2026-07-27,BURSA,2,4,8,226427,17:00,14.9,2,FELAKET,4.2,,0
2026-07-27 16:45,2026-07-27,BURSA,2,4,8,226427,17:00,14.9,3,DUM SPIRO SPERO,4.9,,0
2026-07-27 16:45,2026-07-27,BURSA,2,4,8,226427,17:00,14.9,4,PUYOL,7.25,,0
2026-07-27 16:45,2026-07-27,BURSA,2,4,8,226427,17:00,14.9,5,ONLY GIRL,2.75,,0
2026-07-27 16:45,2026-07-27,BURSA,2,5,9,226420,17:30,44.9,1,SON CESİ,2.2,,0
2026-07-27 16:45,2026-07-27,BURSA,2,5,9,226420,17:30,44.9,2,ÇİLLİ CAFER,3.4,,0
2026-07-27 16:45,2026-07-27,BURSA,2,5,9,226420,17:30,44.9,3,DERNIERE STAR,10.05,,0
2026-07-27 16:45,2026-07-27,BURSA,2,5,9,226420,17:30,44.9,4,GRAY CONQUEROR,6.15,,0
2026-07-27 16:45,2026-07-27,BURSA,2,5,9,226420,17:30,44.9,5,ALTIN KELEBEK,32.25,,0
2026-07-27 16:45,2026-07-27,BURSA,2,5,9,226420,17:30,44.9,6,MOON ASH,7.45,,0
2026-07-27 16:45,2026-07-27,BURSA,2,5,9,226420,17:30,44.9,7,QOUNTM CAT,24.65,,0
2026-07-27 16:45,2026-07-27,BURSA,2,5,9,226420,17:30,44.9,8,TODAY IS A GIFT,8.3,,0
2026-07-27 17:30,2026-07-27,BURSA,2,6,10,226435,18:00,29.4,1,DAMLA SUYU,24.9,,0
2026-07-27 17:30,2026-07-27,BURSA,2,6,10,226435,18:00,29.4,2,AKYEL ABİ,14.05,,0
2026-07-27 17:30,2026-07-27,BURSA,2,6,10,226435,18:00,29.4,3,DİLHUN,17.6,,0
2026-07-27 17:30,2026-07-27,BURSA,2,6,10,226435,18:00,29.4,4,RÜZGARSU,10.5,,0
2026-07-27 17:30,2026-07-27,BURSA,2,6,10,226435,18:00,29.4,5,SEMENDİN GÜCÜ,14.45,,0
2026-07-27 17:30,2026-07-27,BURSA,2,6,10,226435,18:00,29.4,6,BENDEME,17.5,,0
2026-07-27 17:30,2026-07-27,BURSA,2,6,10,226435,18:00,29.4,7,KÜLÜNÇ AĞASI,4.0,,0
2026-07-27 17:30,2026-07-27,BURSA,2,6,10,226435,18:00,29.4,8,ŞANLI ANKA,20.5,,0
2026-07-27 17:30,2026-07-27,BURSA,2,6,10,226435,18:00,29.4,9,MADEİRA,8.45,,0
2026-07-27 17:30,2026-07-27,BURSA,2,6,10,226435,18:00,29.4,10,ANADOLUNUN SAZI,26.05,,0
2026-07-27 17:30,2026-07-27,BURSA,2,6,10,226435,18:00,29.4,11,ÇUKUROVA EFESİ,11.05,,0
2026-07-27 17:30,2026-07-27,BURSA,2,6,10,226435,18:00,29.4,12,PRENSES SEDA,17.9,,0
2026-07-27 17:30,2026-07-27,BURSA,2,6,10,226435,18:00,29.4,13,MANGA PARBAT,14.7,,0
2026-07-27 17:30,2026-07-27,BURSA,2,6,10,226435,18:00,29.4,14,ÇUBUKLU,18.75,,0
2026-07-27 17:30,2026-07-27,BURSA,2,6,10,226435,18:00,29.4,15,AĞA ABDULLAH,,,1
2026-07-27 17:30,2026-07-27,BURSA,2,6,10,226435,18:00,29.4,16,KARANİMO,28.0,,0
2026-07-27 17:30,2026-07-27,BURSA,2,6,10,226435,18:00,29.4,17,KÜÇÜKAHSEN,26.65,,0
2026-07-27 17:30,2026-07-27,BURSA,2,6,10,226435,18:00,29.4,18,BİRGEDAĞ,6.7,,0
2026-07-27 17:45,2026-07-27,BURSA,2,6,10,226435,18:00,14.9,1,DAMLA SUYU,29.4,,0
2026-07-27 17:45,2026-07-27,BURSA,2,6,10,226435,18:00,14.9,2,AKYEL ABİ,5.4,,0
2026-07-27 17:45,2026-07-27,BURSA,2,6,10,226435,18:00,14.9,3,DİLHUN,22.9,,0
2026-07-27 17:45,2026-07-27,BURSA,2,6,10,226435,18:00,14.9,4,RÜZGARSU,8.95,,0
2026-07-27 17:45,2026-07-27,BURSA,2,6,10,226435,18:00,14.9,5,SEMENDİN GÜCÜ,14.85,,0
2026-07-27 17:45,2026-07-27,BURSA,2,6,10,226435,18:00,14.9,6,BENDEME,18.8,,0
2026-07-27 17:45,2026-07-27,BURSA,2,6,10,226435,18:00,14.9,7,KÜLÜNÇ AĞASI,5.85,,0
2026-07-27 17:45,2026-07-27,BURSA,2,6,10,226435,18:00,14.9,8,ŞANLI ANKA,19.6,,0
2026-07-27 17:45,2026-07-27,BURSA,2,6,10,226435,18:00,14.9,9,MADEİRA,11.15,,0
2026-07-27 17:45,2026-07-27,BURSA,2,6,10,226435,18:00,14.9,10,ANADOLUNUN SAZI,36.85,,0
2026-07-27 17:45,2026-07-27,BURSA,2,6,10,226435,18:00,14.9,11,ÇUKUROVA EFESİ,8.8,,0
2026-07-27 17:45,2026-07-27,BURSA,2,6,10,226435,18:00,14.9,12,PRENSES SEDA,19.8,,0
2026-07-27 17:45,2026-07-27,BURSA,2,6,10,226435,18:00,14.9,13,MANGA PARBAT,11.6,,0
2026-07-27 17:45,2026-07-27,BURSA,2,6,10,226435,18:00,14.9,14,ÇUBUKLU,19.0,,0
2026-07-27 17:45,2026-07-27,BURSA,2,6,10,226435,18:00,14.9,15,AĞA ABDULLAH,,,1
2026-07-27 17:45,2026-07-27,BURSA,2,6,10,226435,18:00,14.9,16,KARANİMO,34.55,,0
2026-07-27 17:45,2026-07-27,BURSA,2,6,10,226435,18:00,14.9,17,KÜÇÜKAHSEN,43.0,,0
2026-07-27 17:45,2026-07-27,BURSA,2,6,10,226435,18:00,14.9,18,BİRGEDAĞ,6.75,,0
2026-07-28 13:45,2026-07-28,ANKARA,1,1,1,226437,14:30,44.9,1,BANKO MEHMET,4.5,8.97,0
2026-07-28 13:45,2026-07-28,ANKARA,1,1,1,226437,14:30,44.9,2,BLESSED STORM,4.5,12.43,0
2026-07-28 13:45,2026-07-28,ANKARA,1,1,1,226437,14:30,44.9,3,BOBİDİK,11.05,6.82,0
2026-07-28 13:45,2026-07-28,ANKARA,1,1,1,226437,14:30,44.9,4,CAPRENO,17.6,3.07,0
2026-07-28 13:45,2026-07-28,ANKARA,1,1,1,226437,14:30,44.9,5,DE HELE,9.25,10.51,0
2026-07-28 13:45,2026-07-28,ANKARA,1,1,1,226437,14:30,44.9,6,POWER OF THE NIGHT,8.25,13.16,0
2026-07-28 13:45,2026-07-28,ANKARA,1,1,1,226437,14:30,44.9,7,SOMETHING FAST,4.9,21.08,0
2026-07-28 13:45,2026-07-28,ANKARA,1,1,1,226437,14:30,44.9,8,STAR OF HANDEL,1.85,23.97,0
2026-07-28 14:00,2026-07-28,ANKARA,1,1,1,226437,14:30,29.4,1,BANKO MEHMET,3.65,8.72,0
2026-07-28 14:00,2026-07-28,ANKARA,1,1,1,226437,14:30,29.4,2,BLESSED STORM,3.65,12.5,0
2026-07-28 14:00,2026-07-28,ANKARA,1,1,1,226437,14:30,29.4,3,BOBİDİK,8.25,6.79,0
2026-07-28 14:00,2026-07-28,ANKARA,1,1,1,226437,14:30,29.4,4,CAPRENO,16.45,3.02,0
2026-07-28 14:00,2026-07-28,ANKARA,1,1,1,226437,14:30,29.4,5,DE HELE,7.95,10.58,0
2026-07-28 14:00,2026-07-28,ANKARA,1,1,1,226437,14:30,29.4,6,POWER OF THE NIGHT,7.15,13.24,0
2026-07-28 14:00,2026-07-28,ANKARA,1,1,1,226437,14:30,29.4,7,SOMETHING FAST,4.6,21.3,0
2026-07-28 14:00,2026-07-28,ANKARA,1,1,1,226437,14:30,29.4,8,STAR OF HANDEL,2.5,23.85,0
2026-07-28 14:15,2026-07-28,ANKARA,1,1,1,226437,14:30,14.9,1,BANKO MEHMET,3.6,8.53,0
2026-07-28 14:15,2026-07-28,ANKARA,1,1,1,226437,14:30,14.9,2,BLESSED STORM,3.6,12.45,0
2026-07-28 14:15,2026-07-28,ANKARA,1,1,1,226437,14:30,14.9,3,BOBİDİK,8.25,6.83,0
2026-07-28 14:15,2026-07-28,ANKARA,1,1,1,226437,14:30,14.9,4,CAPRENO,16.6,2.99,0
2026-07-28 14:15,2026-07-28,ANKARA,1,1,1,226437,14:30,14.9,5,DE HELE,5.95,10.71,0
2026-07-28 14:15,2026-07-28,ANKARA,1,1,1,226437,14:30,14.9,6,POWER OF THE NIGHT,6.05,13.2,0
2026-07-28 14:15,2026-07-28,ANKARA,1,1,1,226437,14:30,14.9,7,SOMETHING FAST,5.3,21.58,0
2026-07-28 14:15,2026-07-28,ANKARA,1,1,1,226437,14:30,14.9,8,STAR OF HANDEL,2.75,23.72,0
2026-07-28 14:15,2026-07-28,ANKARA,1,2,2,226445,15:00,44.9,1,HARD LION,6.2,5.7,0
2026-07-28 14:15,2026-07-28,ANKARA,1,2,2,226445,15:00,44.9,2,TERCAL NİHAT,1.75,61.0,0
2026-07-28 14:15,2026-07-28,ANKARA,1,2,2,226445,15:00,44.9,3,PALURİ MAN,8.05,8.5,0
2026-07-28 14:15,2026-07-28,ANKARA,1,2,2,226445,15:00,44.9,4,EURO POWER,3.95,4.08,0
2026-07-28 14:15,2026-07-28,ANKARA,1,2,2,226445,15:00,44.9,5,GREEN EYED MEMO,6.4,18.4,0
2026-07-28 14:15,2026-07-28,ANKARA,1,2,2,226445,15:00,44.9,6,NEURO RUSH,11.8,2.31,0
2026-07-28 14:30,2026-07-28,ANKARA,1,2,2,226445,15:00,29.4,1,HARD LION,6.25,5.83,0
2026-07-28 14:30,2026-07-28,ANKARA,1,2,2,226445,15:00,29.4,2,TERCAL NİHAT,1.9,60.11,0
2026-07-28 14:30,2026-07-28,ANKARA,1,2,2,226445,15:00,29.4,3,PALURİ MAN,7.4,8.75,0
2026-07-28 14:30,2026-07-28,ANKARA,1,2,2,226445,15:00,29.4,4,EURO POWER,3.65,4.07,0
2026-07-28 14:30,2026-07-28,ANKARA,1,2,2,226445,15:00,29.4,5,GREEN EYED MEMO,7.1,18.79,0
2026-07-28 14:30,2026-07-28,ANKARA,1,2,2,226445,15:00,29.4,6,NEURO RUSH,9.1,2.44,0
2026-07-28 14:45,2026-07-28,ANKARA,1,2,2,226445,15:00,14.9,1,HARD LION,7.05,5.87,0
2026-07-28 14:45,2026-07-28,ANKARA,1,2,2,226445,15:00,14.9,2,TERCAL NİHAT,1.5,59.88,0
2026-07-28 14:45,2026-07-28,ANKARA,1,2,2,226445,15:00,14.9,3,PALURİ MAN,8.15,8.82,0
2026-07-28 14:45,2026-07-28,ANKARA,1,2,2,226445,15:00,14.9,4,EURO POWER,5.15,4.1,0
2026-07-28 14:45,2026-07-28,ANKARA,1,2,2,226445,15:00,14.9,5,GREEN EYED MEMO,7.75,18.84,0
2026-07-28 14:45,2026-07-28,ANKARA,1,2,2,226445,15:00,14.9,6,NEURO RUSH,11.8,2.5,0
2026-07-28 14:45,2026-07-28,ANKARA,2,1,3,226438,15:30,44.9,1,ARATŞAH,28.6,2.33,0
2026-07-28 14:45,2026-07-28,ANKARA,2,1,3,226438,15:30,44.9,2,BLAZE BLUE,18.3,2.23,0
2026-07-28 14:45,2026-07-28,ANKARA,2,1,3,226438,15:30,44.9,3,DR NECO,2.75,29.15,0
2026-07-28 14:45,2026-07-28,ANKARA,2,1,3,226438,15:30,44.9,4,FOLKY,16.55,4.78,0
2026-07-28 14:45,2026-07-28,ANKARA,2,1,3,226438,15:30,44.9,5,İLARMALI,8.7,17.05,0
2026-07-28 14:45,2026-07-28,ANKARA,2,1,3,226438,15:30,44.9,6,KEN PARKER,2.3,28.58,0
2026-07-28 14:45,2026-07-28,ANKARA,2,1,3,226438,15:30,44.9,7,SPIDER,5.65,13.95,0
2026-07-28 14:45,2026-07-28,ANKARA,2,1,3,226438,15:30,44.9,8,VALOR VICTORIANA,9.9,1.93,0
2026-07-28 15:01,2026-07-28,ANKARA,2,1,3,226438,15:30,29.0,1,ARATŞAH,31.5,2.33,0
2026-07-28 15:01,2026-07-28,ANKARA,2,1,3,226438,15:30,29.0,2,BLAZE BLUE,18.4,2.23,0
2026-07-28 15:01,2026-07-28,ANKARA,2,1,3,226438,15:30,29.0,3,DR NECO,3.05,29.15,0
2026-07-28 15:01,2026-07-28,ANKARA,2,1,3,226438,15:30,29.0,4,FOLKY,12.2,4.78,0
2026-07-28 15:01,2026-07-28,ANKARA,2,1,3,226438,15:30,29.0,5,İLARMALI,8.65,17.05,0
2026-07-28 15:01,2026-07-28,ANKARA,2,1,3,226438,15:30,29.0,6,KEN PARKER,2.6,28.58,0
2026-07-28 15:01,2026-07-28,ANKARA,2,1,3,226438,15:30,29.0,7,SPIDER,4.05,13.95,0
2026-07-28 15:01,2026-07-28,ANKARA,2,1,3,226438,15:30,29.0,8,VALOR VICTORIANA,10.15,1.93,0
2026-07-28 15:15,2026-07-28,ANKARA,2,1,3,226438,15:30,14.9,1,ARATŞAH,38.8,2.33,0
2026-07-28 15:15,2026-07-28,ANKARA,2,1,3,226438,15:30,14.9,2,BLAZE BLUE,23.05,2.23,0
2026-07-28 15:15,2026-07-28,ANKARA,2,1,3,226438,15:30,14.9,3,DR NECO,1.85,29.15,0
2026-07-28 15:15,2026-07-28,ANKARA,2,1,3,226438,15:30,14.9,4,FOLKY,25.8,4.78,0
2026-07-28 15:15,2026-07-28,ANKARA,2,1,3,226438,15:30,14.9,5,İLARMALI,11.9,17.05,0
2026-07-28 15:15,2026-07-28,ANKARA,2,1,3,226438,15:30,14.9,6,KEN PARKER,2.1,28.58,0
2026-07-28 15:15,2026-07-28,ANKARA,2,1,3,226438,15:30,14.9,7,SPIDER,10.35,13.95,0
2026-07-28 15:15,2026-07-28,ANKARA,2,1,3,226438,15:30,14.9,8,VALOR VICTORIANA,22.2,1.93,0
2026-07-28 15:15,2026-07-28,ANKARA,2,2,4,226442,16:00,44.9,1,DOUBLE WORLD,14.55,2.24,0
2026-07-28 15:15,2026-07-28,ANKARA,2,2,4,226442,16:00,44.9,2,ANGLE RISING,7.65,13.69,0
2026-07-28 15:15,2026-07-28,ANKARA,2,2,4,226442,16:00,44.9,3,ÇAKIR ASLANI,4.35,18.27,0
2026-07-28 15:15,2026-07-28,ANKARA,2,2,4,226442,16:00,44.9,4,FIGHTING MAN,10.95,3.19,0
2026-07-28 15:15,2026-07-28,ANKARA,2,2,4,226442,16:00,44.9,5,KENTUCKY BLAZE,9.95,8.65,0
2026-07-28 15:15,2026-07-28,ANKARA,2,2,4,226442,16:00,44.9,6,SECRET STORM,3.55,25.86,0
2026-07-28 15:15,2026-07-28,ANKARA,2,2,4,226442,16:00,44.9,7,SILVER PUNCH,38.8,1.21,0
2026-07-28 15:15,2026-07-28,ANKARA,2,2,4,226442,16:00,44.9,8,LOQUİTA,3.75,19.38,0
2026-07-28 15:15,2026-07-28,ANKARA,2,2,4,226442,16:00,44.9,9,MALCOOBA,6.95,7.5,0
2026-07-28 16:00,2026-07-28,ANKARA,2,3,5,226447,16:30,29.4,1,ÖZTATMAR,2.25,35.0,0
2026-07-28 16:00,2026-07-28,ANKARA,2,3,5,226447,16:30,29.4,2,BAY AHMET,2.0,29.5,0
2026-07-28 16:00,2026-07-28,ANKARA,2,3,5,226447,16:30,29.4,3,DEDEMHAMZAREİS,32.75,6.29,0
2026-07-28 16:00,2026-07-28,ANKARA,2,3,5,226447,16:30,29.4,4,ERBAŞKAN,11.85,13.17,0
2026-07-28 16:00,2026-07-28,ANKARA,2,3,5,226447,16:30,29.4,5,GÖHERBEYİ,10.25,9.66,0
2026-07-28 16:00,2026-07-28,ANKARA,2,3,5,226447,16:30,29.4,6,İSKENDER HAN,25.55,2.36,0
2026-07-28 16:00,2026-07-28,ANKARA,2,3,5,226447,16:30,29.4,7,NAHİT ABİ,7.1,4.02,0
2026-07-28 16:15,2026-07-28,ANKARA,2,3,5,226447,16:30,14.9,1,ÖZTATMAR,3.5,35.0,0
2026-07-28 16:15,2026-07-28,ANKARA,2,3,5,226447,16:30,14.9,2,BAY AHMET,2.4,29.5,0
2026-07-28 16:15,2026-07-28,ANKARA,2,3,5,226447,16:30,14.9,3,DEDEMHAMZAREİS,17.2,6.29,0
2026-07-28 16:15,2026-07-28,ANKARA,2,3,5,226447,16:30,14.9,4,ERBAŞKAN,3.55,13.17,0
2026-07-28 16:15,2026-07-28,ANKARA,2,3,5,226447,16:30,14.9,5,GÖHERBEYİ,7.85,9.66,0
2026-07-28 16:15,2026-07-28,ANKARA,2,3,5,226447,16:30,14.9,6,İSKENDER HAN,16.2,2.36,0
2026-07-28 16:15,2026-07-28,ANKARA,2,3,5,226447,16:30,14.9,7,NAHİT ABİ,8.85,4.02,0
2026-07-28 16:15,2026-07-28,ANKARA,2,4,6,226444,17:00,44.9,1,CAZATOR DE OSOS,36.1,1.65,0
2026-07-28 16:15,2026-07-28,ANKARA,2,4,6,226444,17:00,44.9,2,BULL MAN,13.4,11.02,0
2026-07-28 16:15,2026-07-28,ANKARA,2,4,6,226444,17:00,44.9,3,GEL OGLİM,4.5,5.86,0
2026-07-28 16:15,2026-07-28,ANKARA,2,4,6,226444,17:00,44.9,4,MOUNTAIN,15.3,8.21,0
2026-07-28 16:15,2026-07-28,ANKARA,2,4,6,226444,17:00,44.9,5,FAST PILOT,33.2,1.38,0
2026-07-28 16:15,2026-07-28,ANKARA,2,4,6,226444,17:00,44.9,6,PATRICK STAR,2.55,43.89,0
2026-07-28 16:15,2026-07-28,ANKARA,2,4,6,226444,17:00,44.9,7,THOMAS SHELBY,1.9,27.99,0
2026-07-28 16:30,2026-07-28,ANKARA,2,4,6,226444,17:00,29.4,1,CAZATOR DE OSOS,20.95,1.65,0
2026-07-28 16:30,2026-07-28,ANKARA,2,4,6,226444,17:00,29.4,2,BULL MAN,12.05,11.02,0
2026-07-28 16:30,2026-07-28,ANKARA,2,4,6,226444,17:00,29.4,3,GEL OGLİM,4.35,5.86,0
2026-07-28 16:30,2026-07-28,ANKARA,2,4,6,226444,17:00,29.4,4,MOUNTAIN,12.6,8.21,0
2026-07-28 16:30,2026-07-28,ANKARA,2,4,6,226444,17:00,29.4,5,FAST PILOT,21.1,1.38,0
2026-07-28 16:30,2026-07-28,ANKARA,2,4,6,226444,17:00,29.4,6,PATRICK STAR,2.75,43.89,0
2026-07-28 16:30,2026-07-28,ANKARA,2,4,6,226444,17:00,29.4,7,THOMAS SHELBY,2.05,27.99,0
2026-07-28 16:30,2026-07-28,KOCAELI,1,1,1,226440,17:15,44.4,1,ALTIN MÜHÜR,8.5,1.34,0
2026-07-28 16:30,2026-07-28,KOCAELI,1,1,1,226440,17:15,44.4,2,ALTIN NOKTA,4.95,17.77,0
2026-07-28 16:30,2026-07-28,KOCAELI,1,1,1,226440,17:15,44.4,3,BALBEYİM,2.65,23.9,0
2026-07-28 16:30,2026-07-28,KOCAELI,1,1,1,226440,17:15,44.4,4,ÇÖL KASIRGASI,13.1,14.86,0
2026-07-28 16:30,2026-07-28,KOCAELI,1,1,1,226440,17:15,44.4,5,DÜZGÖRÜN OĞLU,5.0,10.68,0
2026-07-28 16:30,2026-07-28,KOCAELI,1,1,1,226440,17:15,44.4,6,SERT KOŞU,24.9,1.76,0
2026-07-28 16:30,2026-07-28,KOCAELI,1,1,1,226440,17:15,44.4,7,AKGÜL HANIM,12.8,2.77,0
2026-07-28 16:30,2026-07-28,KOCAELI,1,1,1,226440,17:15,44.4,8,EFE SULTAN,6.8,18.22,0
2026-07-28 16:30,2026-07-28,KOCAELI,1,1,1,226440,17:15,44.4,9,GÖNLÜMDE KUTUP,35.05,0.48,0
2026-07-28 16:30,2026-07-28,KOCAELI,1,1,1,226440,17:15,44.4,10,KUMRUKIZ,14.1,8.22,0
2026-07-28 16:45,2026-07-28,ANKARA,2,4,6,226444,17:00,14.4,1,CAZATOR DE OSOS,16.55,1.65,0
2026-07-28 16:45,2026-07-28,ANKARA,2,4,6,226444,17:00,14.4,2,BULL MAN,7.95,11.02,0
2026-07-28 16:45,2026-07-28,ANKARA,2,4,6,226444,17:00,14.4,3,GEL OGLİM,6.5,5.86,0
2026-07-28 16:45,2026-07-28,ANKARA,2,4,6,226444,17:00,14.4,4,MOUNTAIN,8.35,8.21,0
2026-07-28 16:45,2026-07-28,ANKARA,2,4,6,226444,17:00,14.4,5,FAST PILOT,28.45,1.38,0
2026-07-28 16:45,2026-07-28,ANKARA,2,4,6,226444,17:00,14.4,6,PATRICK STAR,2.05,43.89,0
2026-07-28 16:45,2026-07-28,ANKARA,2,4,6,226444,17:00,14.4,7,THOMAS SHELBY,2.8,27.99,0
2026-07-28 16:45,2026-07-28,ANKARA,2,5,7,226446,17:30,44.4,1,SÜPER SONİK,7.8,,0
2026-07-28 16:45,2026-07-28,ANKARA,2,5,7,226446,17:30,44.4,2,MUHAFIZ,6.2,,0
2026-07-28 16:45,2026-07-28,ANKARA,2,5,7,226446,17:30,44.4,3,TAÇYİĞİT,6.05,,0
2026-07-28 16:45,2026-07-28,ANKARA,2,5,7,226446,17:30,44.4,4,BAY TOSUNOĞLU,5.0,,0
2026-07-28 16:45,2026-07-28,ANKARA,2,5,7,226446,17:30,44.4,5,KOCAEFE,5.15,,0
2026-07-28 16:45,2026-07-28,ANKARA,2,5,7,226446,17:30,44.4,6,NACARLI,3.65,,0
2026-07-28 16:45,2026-07-28,ANKARA,2,5,7,226446,17:30,44.4,7,ABBAS BEY,6.95,,0
2026-07-28 16:45,2026-07-28,ANKARA,2,5,7,226446,17:30,44.4,8,DEĞERHAN,14.0,,0
2026-07-28 16:45,2026-07-28,KOCAELI,1,1,1,226440,17:15,29.4,1,ALTIN MÜHÜR,12.55,1.29,0
2026-07-28 16:45,2026-07-28,KOCAELI,1,1,1,226440,17:15,29.4,2,ALTIN NOKTA,7.25,17.69,0
2026-07-28 16:45,2026-07-28,KOCAELI,1,1,1,226440,17:15,29.4,3,BALBEYİM,3.0,23.49,0
2026-07-28 16:45,2026-07-28,KOCAELI,1,1,1,226440,17:15,29.4,4,ÇÖL KASIRGASI,2.85,15.17,0
2026-07-28 16:45,2026-07-28,KOCAELI,1,1,1,226440,17:15,29.4,5,DÜZGÖRÜN OĞLU,5.6,11.19,0
2026-07-28 16:45,2026-07-28,KOCAELI,1,1,1,226440,17:15,29.4,6,SERT KOŞU,35.75,1.69,0
2026-07-28 16:45,2026-07-28,KOCAELI,1,1,1,226440,17:15,29.4,7,AKGÜL HANIM,17.95,2.75,0
2026-07-28 16:45,2026-07-28,KOCAELI,1,1,1,226440,17:15,29.4,8,EFE SULTAN,9.55,18.01,0
2026-07-28 16:45,2026-07-28,KOCAELI,1,1,1,226440,17:15,29.4,9,GÖNLÜMDE KUTUP,46.4,0.48,0
2026-07-28 16:45,2026-07-28,KOCAELI,1,1,1,226440,17:15,29.4,10,KUMRUKIZ,20.3,8.24,0
2026-07-28 17:00,2026-07-28,ANKARA,2,5,7,226446,17:30,29.0,1,SÜPER SONİK,8.25,,0
2026-07-28 17:00,2026-07-28,ANKARA,2,5,7,226446,17:30,29.0,2,MUHAFIZ,6.25,,0
2026-07-28 17:00,2026-07-28,ANKARA,2,5,7,226446,17:30,29.0,3,TAÇYİĞİT,5.95,,0
2026-07-28 17:00,2026-07-28,ANKARA,2,5,7,226446,17:30,29.0,4,BAY TOSUNOĞLU,5.55,,0
2026-07-28 17:00,2026-07-28,ANKARA,2,5,7,226446,17:30,29.0,5,KOCAEFE,4.5,,0
2026-07-28 17:00,2026-07-28,ANKARA,2,5,7,226446,17:30,29.0,6,NACARLI,4.2,,0
2026-07-28 17:00,2026-07-28,ANKARA,2,5,7,226446,17:30,29.0,7,ABBAS BEY,5.7,,0
2026-07-28 17:00,2026-07-28,ANKARA,2,5,7,226446,17:30,29.0,8,DEĞERHAN,13.4,,0
2026-07-28 17:00,2026-07-28,KOCAELI,1,1,1,226440,17:15,14.0,1,ALTIN MÜHÜR,18.25,1.23,0
2026-07-28 17:00,2026-07-28,KOCAELI,1,1,1,226440,17:15,14.0,2,ALTIN NOKTA,8.9,17.26,0
2026-07-28 17:00,2026-07-28,KOCAELI,1,1,1,226440,17:15,14.0,3,BALBEYİM,4.45,23.08,0
2026-07-28 17:00,2026-07-28,KOCAELI,1,1,1,226440,17:15,14.0,4,ÇÖL KASIRGASI,1.9,15.32,0
2026-07-28 17:00,2026-07-28,KOCAELI,1,1,1,226440,17:15,14.0,5,DÜZGÖRÜN OĞLU,6.65,12.28,0
2026-07-28 17:00,2026-07-28,KOCAELI,1,1,1,226440,17:15,14.0,6,SERT KOŞU,24.75,1.92,0
2026-07-28 17:00,2026-07-28,KOCAELI,1,1,1,226440,17:15,14.0,7,AKGÜL HANIM,20.4,2.61,0
2026-07-28 17:00,2026-07-28,KOCAELI,1,1,1,226440,17:15,14.0,8,EFE SULTAN,7.8,17.56,0
2026-07-28 17:00,2026-07-28,KOCAELI,1,1,1,226440,17:15,14.0,9,GÖNLÜMDE KUTUP,51.5,0.47,0
2026-07-28 17:00,2026-07-28,KOCAELI,1,1,1,226440,17:15,14.0,10,KUMRUKIZ,25.6,8.28,0
2026-07-28 17:00,2026-07-28,KOCAELI,1,2,2,226450,17:45,44.0,1,BAŞARAN TAY,40.75,2.52,0
2026-07-28 17:00,2026-07-28,KOCAELI,1,2,2,226450,17:45,44.0,2,GÜÇLÜ PRENS,4.5,19.46,0
2026-07-28 17:00,2026-07-28,KOCAELI,1,2,2,226450,17:45,44.0,3,SARPER,6.15,16.96,0
2026-07-28 17:00,2026-07-28,KOCAELI,1,2,2,226450,17:45,44.0,4,CANASİLİM,17.75,15.01,0
2026-07-28 17:00,2026-07-28,KOCAELI,1,2,2,226450,17:45,44.0,5,CEBEBEY,11.0,19.41,0
2026-07-28 17:00,2026-07-28,KOCAELI,1,2,2,226450,17:45,44.0,6,KADER GÜCÜ,11.7,10.95,0
2026-07-28 17:00,2026-07-28,KOCAELI,1,2,2,226450,17:45,44.0,7,MEGA STAR,6.35,6.0,0
2026-07-28 17:00,2026-07-28,KOCAELI,1,2,2,226450,17:45,44.0,8,ODABAŞI,4.45,2.14,0
2026-07-28 17:00,2026-07-28,KOCAELI,1,2,2,226450,17:45,44.0,9,YENERSULTAN,3.45,6.96,0
2026-07-28 17:00,2026-07-28,KOCAELI,1,2,2,226450,17:45,44.0,10,BAY YAKUT,37.1,0.58,0
2026-07-28 17:15,2026-07-28,ANKARA,2,5,7,226446,17:30,14.5,1,SÜPER SONİK,5.0,,0
2026-07-28 17:15,2026-07-28,ANKARA,2,5,7,226446,17:30,14.5,2,MUHAFIZ,4.85,,0
2026-07-28 17:15,2026-07-28,ANKARA,2,5,7,226446,17:30,14.5,3,TAÇYİĞİT,5.65,,0
2026-07-28 17:15,2026-07-28,ANKARA,2,5,7,226446,17:30,14.5,4,BAY TOSUNOĞLU,4.7,,0
2026-07-28 17:15,2026-07-28,ANKARA,2,5,7,226446,17:30,14.5,5,KOCAEFE,4.9,,0
2026-07-28 17:15,2026-07-28,ANKARA,2,5,7,226446,17:30,14.5,6,NACARLI,6.05,,0
2026-07-28 17:15,2026-07-28,ANKARA,2,5,7,226446,17:30,14.5,7,ABBAS BEY,9.05,,0
2026-07-28 17:15,2026-07-28,ANKARA,2,5,7,226446,17:30,14.5,8,DEĞERHAN,15.9,,0
2026-07-28 17:15,2026-07-28,ANKARA,2,6,8,226448,18:00,44.5,1,GÖZPINARI,6.9,,0
2026-07-28 17:15,2026-07-28,ANKARA,2,6,8,226448,18:00,44.5,2,AYSERA KIZ,22.8,,0
2026-07-28 17:15,2026-07-28,ANKARA,2,6,8,226448,18:00,44.5,3,KAYIP İNCİ,6.8,,0
2026-07-28 17:15,2026-07-28,ANKARA,2,6,8,226448,18:00,44.5,4,MİNİK ANNE,5.6,,0
2026-07-28 17:15,2026-07-28,ANKARA,2,6,8,226448,18:00,44.5,5,ŞUKELA,2.35,,0
2026-07-28 17:15,2026-07-28,ANKARA,2,6,8,226448,18:00,44.5,6,BENİM SULTANIM,12.85,,0
2026-07-28 17:15,2026-07-28,ANKARA,2,6,8,226448,18:00,44.5,7,JÜLİDEKIZ,13.5,,0
2026-07-28 17:15,2026-07-28,ANKARA,2,6,8,226448,18:00,44.5,8,KARANURA,22.55,,0
2026-07-28 17:15,2026-07-28,ANKARA,2,6,8,226448,18:00,44.5,9,KILIÇ KIZI,13.75,,0
2026-07-28 17:15,2026-07-28,ANKARA,2,6,8,226448,18:00,44.5,10,BERAY SULTAN,7.45,,0
2026-07-28 17:15,2026-07-28,KOCAELI,1,2,2,226450,17:45,29.5,1,BAŞARAN TAY,25.3,2.74,0
2026-07-28 17:15,2026-07-28,KOCAELI,1,2,2,226450,17:45,29.5,2,GÜÇLÜ PRENS,4.05,18.51,0
2026-07-28 17:15,2026-07-28,KOCAELI,1,2,2,226450,17:45,29.5,3,SARPER,9.05,17.13,0
2026-07-28 17:15,2026-07-28,KOCAELI,1,2,2,226450,17:45,29.5,4,CANASİLİM,9.6,14.65,0
2026-07-28 17:15,2026-07-28,KOCAELI,1,2,2,226450,17:45,29.5,5,CEBEBEY,6.1,19.76,0
2026-07-28 17:15,2026-07-28,KOCAELI,1,2,2,226450,17:45,29.5,6,KADER GÜCÜ,13.55,11.6,0
2026-07-28 17:15,2026-07-28,KOCAELI,1,2,2,226450,17:45,29.5,7,MEGA STAR,7.0,6.21,0
2026-07-28 17:15,2026-07-28,KOCAELI,1,2,2,226450,17:45,29.5,8,ODABAŞI,4.8,1.96,0
2026-07-28 17:15,2026-07-28,KOCAELI,1,2,2,226450,17:45,29.5,9,YENERSULTAN,4.85,6.84,0
2026-07-28 17:15,2026-07-28,KOCAELI,1,2,2,226450,17:45,29.5,10,BAY YAKUT,24.3,0.6,0
2026-07-28 17:30,2026-07-28,ANKARA,2,6,8,226448,18:00,29.4,1,GÖZPINARI,7.15,,0
2026-07-28 17:30,2026-07-28,ANKARA,2,6,8,226448,18:00,29.4,2,AYSERA KIZ,19.7,,0
2026-07-28 17:30,2026-07-28,ANKARA,2,6,8,226448,18:00,29.4,3,KAYIP İNCİ,7.75,,0
2026-07-28 17:30,2026-07-28,ANKARA,2,6,8,226448,18:00,29.4,4,MİNİK ANNE,6.0,,0
2026-07-28 17:30,2026-07-28,ANKARA,2,6,8,226448,18:00,29.4,5,ŞUKELA,2.7,,0
2026-07-28 17:30,2026-07-28,ANKARA,2,6,8,226448,18:00,29.4,6,BENİM SULTANIM,7.3,,0
2026-07-28 17:30,2026-07-28,ANKARA,2,6,8,226448,18:00,29.4,7,JÜLİDEKIZ,13.25,,0
2026-07-28 17:30,2026-07-28,ANKARA,2,6,8,226448,18:00,29.4,8,KARANURA,23.0,,0
2026-07-28 17:30,2026-07-28,ANKARA,2,6,8,226448,18:00,29.4,9,KILIÇ KIZI,13.1,,0
2026-07-28 17:30,2026-07-28,ANKARA,2,6,8,226448,18:00,29.4,10,BERAY SULTAN,6.6,,0
2026-07-28 17:30,2026-07-28,KOCAELI,1,2,2,226450,17:45,14.4,1,BAŞARAN TAY,12.95,2.79,0
2026-07-28 17:30,2026-07-28,KOCAELI,1,2,2,226450,17:45,14.4,2,GÜÇLÜ PRENS,3.7,18.26,0
2026-07-28 17:30,2026-07-28,KOCAELI,1,2,2,226450,17:45,14.4,3,SARPER,8.3,17.2,0
2026-07-28 17:30,2026-07-28,KOCAELI,1,2,2,226450,17:45,14.4,4,CANASİLİM,6.95,14.53,0
2026-07-28 17:30,2026-07-28,KOCAELI,1,2,2,226450,17:45,14.4,5,CEBEBEY,4.6,19.81,0
2026-07-28 17:30,2026-07-28,KOCAELI,1,2,2,226450,17:45,14.4,6,KADER GÜCÜ,10.7,11.77,0
2026-07-28 17:30,2026-07-28,KOCAELI,1,2,2,226450,17:45,14.4,7,MEGA STAR,10.4,6.22,0
2026-07-28 17:30,2026-07-28,KOCAELI,1,2,2,226450,17:45,14.4,8,ODABAŞI,6.65,1.98,0
2026-07-28 17:30,2026-07-28,KOCAELI,1,2,2,226450,17:45,14.4,9,YENERSULTAN,7.5,6.82,0
2026-07-28 17:30,2026-07-28,KOCAELI,1,2,2,226450,17:45,14.4,10,BAY YAKUT,28.05,0.61,0
2026-07-28 17:45,2026-07-28,ANKARA,2,6,8,226448,18:00,14.5,1,GÖZPINARI,5.6,,0
2026-07-28 17:45,2026-07-28,ANKARA,2,6,8,226448,18:00,14.5,2,AYSERA KIZ,18.85,,0
2026-07-28 17:45,2026-07-28,ANKARA,2,6,8,226448,18:00,14.5,3,KAYIP İNCİ,7.6,,0
2026-07-28 17:45,2026-07-28,ANKARA,2,6,8,226448,18:00,14.5,4,MİNİK ANNE,5.9,,0
2026-07-28 17:45,2026-07-28,ANKARA,2,6,8,226448,18:00,14.5,5,ŞUKELA,3.35,,0
2026-07-28 17:45,2026-07-28,ANKARA,2,6,8,226448,18:00,14.5,6,BENİM SULTANIM,10.4,,0
2026-07-28 17:45,2026-07-28,ANKARA,2,6,8,226448,18:00,14.5,7,JÜLİDEKIZ,23.8,,0
2026-07-28 17:45,2026-07-28,ANKARA,2,6,8,226448,18:00,14.5,8,KARANURA,33.55,,0
2026-07-28 17:45,2026-07-28,ANKARA,2,6,8,226448,18:00,14.5,9,KILIÇ KIZI,13.75,,0
2026-07-28 17:45,2026-07-28,ANKARA,2,6,8,226448,18:00,14.5,10,BERAY SULTAN,3.7,,0
2026-07-28 17:45,2026-07-28,KOCAELI,1,3,3,226451,18:30,44.5,1,ARASİNKO,1.05,74.31,0
2026-07-28 17:45,2026-07-28,KOCAELI,1,3,3,226451,18:30,44.5,2,LION ESMER,8.15,21.76,0
2026-07-28 17:45,2026-07-28,KOCAELI,1,3,3,226451,18:30,44.5,3,TEMERARIO,22.3,2.34,0
2026-07-28 17:45,2026-07-28,KOCAELI,1,3,3,226451,18:30,44.5,4,BLACK RAPTOR,66.75,1.6,0
2026-07-28 18:00,2026-07-28,KOCAELI,1,3,3,226451,18:30,29.4,1,ARASİNKO,1.05,74.31,0
2026-07-28 18:00,2026-07-28,KOCAELI,1,3,3,226451,18:30,29.4,2,LION ESMER,5.15,21.76,0
2026-07-28 18:00,2026-07-28,KOCAELI,1,3,3,226451,18:30,29.4,3,TEMERARIO,15.45,2.34,0
2026-07-28 18:00,2026-07-28,KOCAELI,1,3,3,226451,18:30,29.4,4,BLACK RAPTOR,24.7,1.6,0
2026-07-28 18:15,2026-07-28,KOCAELI,1,3,3,226451,18:30,14.8,1,ARASİNKO,1.05,74.31,0
2026-07-28 18:15,2026-07-28,KOCAELI,1,3,3,226451,18:30,14.8,2,LION ESMER,3.45,21.76,0
2026-07-28 18:15,2026-07-28,KOCAELI,1,3,3,226451,18:30,14.8,3,TEMERARIO,14.1,2.34,0
2026-07-28 18:15,2026-07-28,KOCAELI,1,3,3,226451,18:30,14.8,4,BLACK RAPTOR,15.7,1.6,0
2026-07-28 18:15,2026-07-28,KOCAELI,2,1,4,226454,19:00,44.8,1,NORTHERN NURDETTA,4.8,24.92,0
2026-07-28 18:15,2026-07-28,KOCAELI,2,1,4,226454,19:00,44.8,2,PINEAL CODE,7.65,5.72,0
2026-07-28 18:15,2026-07-28,KOCAELI,2,1,4,226454,19:00,44.8,3,DUCENS MULIER,8.45,18.02,0
2026-07-28 18:15,2026-07-28,KOCAELI,2,1,4,226454,19:00,44.8,4,SECRET LAV,12.3,14.39,0
2026-07-28 18:15,2026-07-28,KOCAELI,2,1,4,226454,19:00,44.8,5,MONTRESTA,33.35,3.12,0
2026-07-28 18:15,2026-07-28,KOCAELI,2,1,4,226454,19:00,44.8,6,INTERVAL,11.75,2.84,0
2026-07-28 18:15,2026-07-28,KOCAELI,2,1,4,226454,19:00,44.8,7,İCRA,9.15,1.34,0
2026-07-28 18:15,2026-07-28,KOCAELI,2,1,4,226454,19:00,44.8,8,QUIET RIVER,7.4,5.74,0
2026-07-28 18:15,2026-07-28,KOCAELI,2,1,4,226454,19:00,44.8,9,I RO,16.8,7.56,0
2026-07-28 18:15,2026-07-28,KOCAELI,2,1,4,226454,19:00,44.8,10,MAGIC FLUTE,3.75,15.83,0
2026-07-28 18:15,2026-07-28,KOCAELI,2,1,4,226454,19:00,44.8,11,LIBERTA MIA,8.65,0.52,0
2026-07-28 18:30,2026-07-28,KOCAELI,2,1,4,226454,19:00,29.4,1,NORTHERN NURDETTA,3.55,24.92,0
2026-07-28 18:30,2026-07-28,KOCAELI,2,1,4,226454,19:00,29.4,2,PINEAL CODE,8.4,5.72,0
2026-07-28 18:30,2026-07-28,KOCAELI,2,1,4,226454,19:00,29.4,3,DUCENS MULIER,9.6,18.02,0
2026-07-28 18:30,2026-07-28,KOCAELI,2,1,4,226454,19:00,29.4,4,SECRET LAV,9.75,14.39,0
2026-07-28 18:30,2026-07-28,KOCAELI,2,1,4,226454,19:00,29.4,5,MONTRESTA,32.6,3.12,0
2026-07-28 18:30,2026-07-28,KOCAELI,2,1,4,226454,19:00,29.4,6,INTERVAL,14.2,2.84,0
2026-07-28 18:30,2026-07-28,KOCAELI,2,1,4,226454,19:00,29.4,7,İCRA,11.75,1.34,0
2026-07-28 18:30,2026-07-28,KOCAELI,2,1,4,226454,19:00,29.4,8,QUIET RIVER,9.6,5.74,0
2026-07-28 18:30,2026-07-28,KOCAELI,2,1,4,226454,19:00,29.4,9,I RO,16.55,7.56,0
2026-07-28 18:30,2026-07-28,KOCAELI,2,1,4,226454,19:00,29.4,10,MAGIC FLUTE,3.35,15.83,0
2026-07-28 18:30,2026-07-28,KOCAELI,2,1,4,226454,19:00,29.4,11,LIBERTA MIA,11.65,0.52,0
2026-07-28 18:45,2026-07-28,KOCAELI,2,1,4,226454,19:00,14.9,1,NORTHERN NURDETTA,5.65,24.92,0
2026-07-28 18:45,2026-07-28,KOCAELI,2,1,4,226454,19:00,14.9,2,PINEAL CODE,23.05,5.72,0
2026-07-28 18:45,2026-07-28,KOCAELI,2,1,4,226454,19:00,14.9,3,DUCENS MULIER,2.4,18.02,0
2026-07-28 18:45,2026-07-28,KOCAELI,2,1,4,226454,19:00,14.9,4,SECRET LAV,6.1,14.39,0
2026-07-28 18:45,2026-07-28,KOCAELI,2,1,4,226454,19:00,14.9,5,MONTRESTA,21.5,3.12,0
2026-07-28 18:45,2026-07-28,KOCAELI,2,1,4,226454,19:00,14.9,6,INTERVAL,13.9,2.84,0
2026-07-28 18:45,2026-07-28,KOCAELI,2,1,4,226454,19:00,14.9,7,İCRA,17.8,1.34,0
2026-07-28 18:45,2026-07-28,KOCAELI,2,1,4,226454,19:00,14.9,8,QUIET RIVER,14.15,5.74,0
2026-07-28 18:45,2026-07-28,KOCAELI,2,1,4,226454,19:00,14.9,9,I RO,10.55,7.56,0
2026-07-28 18:45,2026-07-28,KOCAELI,2,1,4,226454,19:00,14.9,10,MAGIC FLUTE,6.0,15.83,0
2026-07-28 18:45,2026-07-28,KOCAELI,2,1,4,226454,19:00,14.9,11,LIBERTA MIA,27.95,0.52,0
2026-07-28 18:45,2026-07-28,KOCAELI,2,2,5,226439,19:30,44.9,1,BEKATA,6.65,4.79,0
2026-07-28 18:45,2026-07-28,KOCAELI,2,2,5,226439,19:30,44.9,2,ATEŞİZİ,5.35,3.57,0
2026-07-28 18:45,2026-07-28,KOCAELI,2,2,5,226439,19:30,44.9,3,ENDER ŞOVALYE,3.1,42.02,0
2026-07-28 18:45,2026-07-28,KOCAELI,2,2,5,226439,19:30,44.9,4,MESTAN,10.35,8.72,0
2026-07-28 18:45,2026-07-28,KOCAELI,2,2,5,226439,19:30,44.9,5,REKOR TAY,3.1,1.74,0
2026-07-28 18:45,2026-07-28,KOCAELI,2,2,5,226439,19:30,44.9,6,USKUMRU,7.9,2.45,0
2026-07-28 18:45,2026-07-28,KOCAELI,2,2,5,226439,19:30,44.9,7,YÜKENOĞLU,10.3,10.68,0
2026-07-28 18:45,2026-07-28,KOCAELI,2,2,5,226439,19:30,44.9,8,BEŞPINAR,9.15,15.63,0
2026-07-28 18:45,2026-07-28,KOCAELI,2,2,5,226439,19:30,44.9,9,ÇİRKİN VE GÜZEL,6.35,9.08,0
2026-07-28 18:45,2026-07-28,KOCAELI,2,2,5,226439,19:30,44.9,10,İVECEN,,0.1,1
2026-07-28 18:45,2026-07-28,KOCAELI,2,2,5,226439,19:30,44.9,11,MAHPAREM,10.7,1.21,0
2026-07-28 19:00,2026-07-28,KOCAELI,2,2,5,226439,19:30,29.7,1,BEKATA,4.3,4.79,0
2026-07-28 19:00,2026-07-28,KOCAELI,2,2,5,226439,19:30,29.7,2,ATEŞİZİ,6.3,3.57,0
2026-07-28 19:00,2026-07-28,KOCAELI,2,2,5,226439,19:30,29.7,3,ENDER ŞOVALYE,3.35,42.02,0
2026-07-28 19:00,2026-07-28,KOCAELI,2,2,5,226439,19:30,29.7,4,MESTAN,8.1,8.72,0
2026-07-28 19:00,2026-07-28,KOCAELI,2,2,5,226439,19:30,29.7,5,REKOR TAY,3.35,1.74,0
2026-07-28 19:00,2026-07-28,KOCAELI,2,2,5,226439,19:30,29.7,6,USKUMRU,8.65,2.45,0
2026-07-28 19:00,2026-07-28,KOCAELI,2,2,5,226439,19:30,29.7,7,YÜKENOĞLU,11.1,10.68,0
2026-07-28 19:00,2026-07-28,KOCAELI,2,2,5,226439,19:30,29.7,8,BEŞPINAR,8.55,15.63,0
2026-07-28 19:00,2026-07-28,KOCAELI,2,2,5,226439,19:30,29.7,9,ÇİRKİN VE GÜZEL,7.9,9.08,0
2026-07-28 19:00,2026-07-28,KOCAELI,2,2,5,226439,19:30,29.7,10,İVECEN,,0.1,1
2026-07-28 19:00,2026-07-28,KOCAELI,2,2,5,226439,19:30,29.7,11,MAHPAREM,13.05,1.21,0
2026-07-28 19:15,2026-07-28,KOCAELI,2,2,5,226439,19:30,14.9,1,BEKATA,11.5,4.79,0
2026-07-28 19:15,2026-07-28,KOCAELI,2,2,5,226439,19:30,14.9,2,ATEŞİZİ,26.2,3.57,0
2026-07-28 19:15,2026-07-28,KOCAELI,2,2,5,226439,19:30,14.9,3,ENDER ŞOVALYE,2.0,42.02,0
2026-07-28 19:15,2026-07-28,KOCAELI,2,2,5,226439,19:30,14.9,4,MESTAN,15.3,8.72,0
2026-07-28 19:15,2026-07-28,KOCAELI,2,2,5,226439,19:30,14.9,5,REKOR TAY,2.0,1.74,0
2026-07-28 19:15,2026-07-28,KOCAELI,2,2,5,226439,19:30,14.9,6,USKUMRU,2.9,2.45,0
2026-07-28 19:15,2026-07-28,KOCAELI,2,2,5,226439,19:30,14.9,7,YÜKENOĞLU,25.45,10.68,0
2026-07-28 19:15,2026-07-28,KOCAELI,2,2,5,226439,19:30,14.9,8,BEŞPINAR,5.45,15.63,0
2026-07-28 19:15,2026-07-28,KOCAELI,2,2,5,226439,19:30,14.9,9,ÇİRKİN VE GÜZEL,20.15,9.08,0
2026-07-28 19:15,2026-07-28,KOCAELI,2,2,5,226439,19:30,14.9,10,İVECEN,,0.1,1
2026-07-28 19:15,2026-07-28,KOCAELI,2,2,5,226439,19:30,14.9,11,MAHPAREM,28.1,1.21,0
2026-07-28 19:15,2026-07-28,KOCAELI,2,3,6,226452,20:00,44.9,1,MISS CONQUEROR,13.9,10.45,0
2026-07-28 19:15,2026-07-28,KOCAELI,2,3,6,226452,20:00,44.9,2,TIZ A BELLA,2.85,39.93,0
2026-07-28 19:15,2026-07-28,KOCAELI,2,3,6,226452,20:00,44.9,3,ANGEL OF DEFNE,11.6,1.59,0
2026-07-28 19:15,2026-07-28,KOCAELI,2,3,6,226452,20:00,44.9,4,FINALLY ITS TIME,10.85,6.28,0
2026-07-28 19:15,2026-07-28,KOCAELI,2,3,6,226452,20:00,44.9,5,PRINCESS DENİZ,11.65,2.69,0
2026-07-28 19:15,2026-07-28,KOCAELI,2,3,6,226452,20:00,44.9,6,ZENITH SKY,14.65,11.5,0
2026-07-28 19:15,2026-07-28,KOCAELI,2,3,6,226452,20:00,44.9,7,BOUNDLESS POWER,8.4,10.25,0
2026-07-28 19:15,2026-07-28,KOCAELI,2,3,6,226452,20:00,44.9,8,ROSAS DEL ROSEDAL,4.25,1.28,0
2026-07-28 19:15,2026-07-28,KOCAELI,2,3,6,226452,20:00,44.9,9,RUZYM,4.35,16.03,0
2026-07-28 19:30,2026-07-28,KOCAELI,2,3,6,226452,20:00,29.7,1,MISS CONQUEROR,13.4,10.45,0
2026-07-28 19:30,2026-07-28,KOCAELI,2,3,6,226452,20:00,29.7,2,TIZ A BELLA,2.95,39.93,0
2026-07-28 19:30,2026-07-28,KOCAELI,2,3,6,226452,20:00,29.7,3,ANGEL OF DEFNE,11.95,1.59,0
2026-07-28 19:30,2026-07-28,KOCAELI,2,3,6,226452,20:00,29.7,4,FINALLY ITS TIME,11.95,6.28,0
2026-07-28 19:30,2026-07-28,KOCAELI,2,3,6,226452,20:00,29.7,5,PRINCESS DENİZ,12.8,2.69,0
2026-07-28 19:30,2026-07-28,KOCAELI,2,3,6,226452,20:00,29.7,6,ZENITH SKY,12.8,11.5,0
2026-07-28 19:30,2026-07-28,KOCAELI,2,3,6,226452,20:00,29.7,7,BOUNDLESS POWER,8.2,10.25,0
2026-07-28 19:30,2026-07-28,KOCAELI,2,3,6,226452,20:00,29.7,8,ROSAS DEL ROSEDAL,4.6,1.28,0
2026-07-28 19:30,2026-07-28,KOCAELI,2,3,6,226452,20:00,29.7,9,RUZYM,3.8,16.03,0
2026-07-28 19:45,2026-07-28,KOCAELI,2,3,6,226452,20:00,14.9,1,MISS CONQUEROR,11.5,10.45,0
2026-07-28 19:45,2026-07-28,KOCAELI,2,3,6,226452,20:00,14.9,2,TIZ A BELLA,3.5,39.93,0
2026-07-28 19:45,2026-07-28,KOCAELI,2,3,6,226452,20:00,14.9,3,ANGEL OF DEFNE,17.55,1.59,0
2026-07-28 19:45,2026-07-28,KOCAELI,2,3,6,226452,20:00,14.9,4,FINALLY ITS TIME,14.55,6.28,0
2026-07-28 19:45,2026-07-28,KOCAELI,2,3,6,226452,20:00,14.9,5,PRINCESS DENİZ,23.25,2.69,0
2026-07-28 19:45,2026-07-28,KOCAELI,2,3,6,226452,20:00,14.9,6,ZENITH SKY,9.4,11.5,0
2026-07-28 19:45,2026-07-28,KOCAELI,2,3,6,226452,20:00,14.9,7,BOUNDLESS POWER,7.65,10.25,0
2026-07-28 19:45,2026-07-28,KOCAELI,2,3,6,226452,20:00,14.9,8,ROSAS DEL ROSEDAL,14.0,1.28,0
2026-07-28 19:45,2026-07-28,KOCAELI,2,3,6,226452,20:00,14.9,9,RUZYM,2.05,16.03,0
2026-07-28 19:45,2026-07-28,KOCAELI,2,4,7,226453,20:30,44.9,1,ASLAN HALİLİM,3.85,,0
2026-07-28 19:45,2026-07-28,KOCAELI,2,4,7,226453,20:30,44.9,2,TALE OF THE DREAM,8.0,,0
2026-07-28 19:45,2026-07-28,KOCAELI,2,4,7,226453,20:30,44.9,3,WHITE WOLF,,,1
2026-07-28 19:45,2026-07-28,KOCAELI,2,4,7,226453,20:30,44.9,4,FELIX PERLA,3.3,,0
2026-07-28 19:45,2026-07-28,KOCAELI,2,4,7,226453,20:30,44.9,5,STAR MY BEST,10.35,,0
2026-07-28 19:45,2026-07-28,KOCAELI,2,4,7,226453,20:30,44.9,6,ROCK FOR EVER,5.0,,0
2026-07-28 19:45,2026-07-28,KOCAELI,2,4,7,226453,20:30,44.9,7,IRON LION,5.05,,0
2026-07-28 19:45,2026-07-28,KOCAELI,2,4,7,226453,20:30,44.9,8,MİKEA,6.45,,0
2026-07-28 20:00,2026-07-28,KOCAELI,2,4,7,226453,20:30,29.7,1,ASLAN HALİLİM,3.35,,0
2026-07-28 20:00,2026-07-28,KOCAELI,2,4,7,226453,20:30,29.7,2,TALE OF THE DREAM,10.1,,0
2026-07-28 20:00,2026-07-28,KOCAELI,2,4,7,226453,20:30,29.7,3,WHITE WOLF,,,1
2026-07-28 20:00,2026-07-28,KOCAELI,2,4,7,226453,20:30,29.7,4,FELIX PERLA,3.45,,0
2026-07-28 20:00,2026-07-28,KOCAELI,2,4,7,226453,20:30,29.7,5,STAR MY BEST,13.15,,0
2026-07-28 20:00,2026-07-28,KOCAELI,2,4,7,226453,20:30,29.7,6,ROCK FOR EVER,3.6,,0
2026-07-28 20:00,2026-07-28,KOCAELI,2,4,7,226453,20:30,29.7,7,IRON LION,6.2,,0
2026-07-28 20:00,2026-07-28,KOCAELI,2,4,7,226453,20:30,29.7,8,MİKEA,7.05,,0
2026-07-28 20:15,2026-07-28,KOCAELI,2,4,7,226453,20:30,14.9,1,ASLAN HALİLİM,3.05,,0
2026-07-28 20:15,2026-07-28,KOCAELI,2,4,7,226453,20:30,14.9,2,TALE OF THE DREAM,7.0,,0
2026-07-28 20:15,2026-07-28,KOCAELI,2,4,7,226453,20:30,14.9,3,WHITE WOLF,,,1
2026-07-28 20:15,2026-07-28,KOCAELI,2,4,7,226453,20:30,14.9,4,FELIX PERLA,2.05,,0
2026-07-28 20:15,2026-07-28,KOCAELI,2,4,7,226453,20:30,14.9,5,STAR MY BEST,21.5,,0
2026-07-28 20:15,2026-07-28,KOCAELI,2,4,7,226453,20:30,14.9,6,ROCK FOR EVER,9.15,,0
2026-07-28 20:15,2026-07-28,KOCAELI,2,4,7,226453,20:30,14.9,7,IRON LION,6.95,,0
2026-07-28 20:15,2026-07-28,KOCAELI,2,4,7,226453,20:30,14.9,8,MİKEA,11.5,,0
2026-07-28 20:15,2026-07-28,KOCAELI,2,5,8,226441,21:00,44.9,1,ASRAL,5.3,,0
2026-07-28 20:15,2026-07-28,KOCAELI,2,5,8,226441,21:00,44.9,2,BOZKARABEYİ,,,1
2026-07-28 20:15,2026-07-28,KOCAELI,2,5,8,226441,21:00,44.9,3,DİYAREFE,4.65,,0
2026-07-28 20:15,2026-07-28,KOCAELI,2,5,8,226441,21:00,44.9,4,HEVENK,6.8,,0
2026-07-28 20:15,2026-07-28,KOCAELI,2,5,8,226441,21:00,44.9,5,KARAKUM,5.3,,0
2026-07-28 20:15,2026-07-28,KOCAELI,2,5,8,226441,21:00,44.9,6,YALKINOĞLU,18.05,,0
2026-07-28 20:15,2026-07-28,KOCAELI,2,5,8,226441,21:00,44.9,7,KIZILKULE,3.8,,0
2026-07-28 20:15,2026-07-28,KOCAELI,2,5,8,226441,21:00,44.9,8,CANGÜR,4.2,,0
2026-07-28 20:15,2026-07-28,KOCAELI,2,5,8,226441,21:00,44.9,9,TORUN SADA,5.3,,0
2026-07-28 20:15,2026-07-28,KOCAELI,2,5,8,226441,21:00,44.9,10,UYGURKIZI,22.6,,0
2026-07-28 20:31,2026-07-28,KOCAELI,2,5,8,226441,21:00,28.8,1,ASRAL,8.9,,0
2026-07-28 20:31,2026-07-28,KOCAELI,2,5,8,226441,21:00,28.8,2,BOZKARABEYİ,,,1
2026-07-28 20:31,2026-07-28,KOCAELI,2,5,8,226441,21:00,28.8,3,DİYAREFE,5.7,,0
2026-07-28 20:31,2026-07-28,KOCAELI,2,5,8,226441,21:00,28.8,4,HEVENK,11.6,,0
2026-07-28 20:31,2026-07-28,KOCAELI,2,5,8,226441,21:00,28.8,5,KARAKUM,8.9,,0
2026-07-28 20:31,2026-07-28,KOCAELI,2,5,8,226441,21:00,28.8,6,YALKINOĞLU,2.3,,0
2026-07-28 20:31,2026-07-28,KOCAELI,2,5,8,226441,21:00,28.8,7,KIZILKULE,6.75,,0
2026-07-28 20:31,2026-07-28,KOCAELI,2,5,8,226441,21:00,28.8,8,CANGÜR,7.15,,0
2026-07-28 20:31,2026-07-28,KOCAELI,2,5,8,226441,21:00,28.8,9,TORUN SADA,8.55,,0
2026-07-28 20:31,2026-07-28,KOCAELI,2,5,8,226441,21:00,28.8,10,UYGURKIZI,7.7,,0
2026-07-28 20:46,2026-07-28,KOCAELI,2,5,8,226441,21:00,13.9,1,ASRAL,9.35,,0
2026-07-28 20:46,2026-07-28,KOCAELI,2,5,8,226441,21:00,13.9,2,BOZKARABEYİ,,,1
2026-07-28 20:46,2026-07-28,KOCAELI,2,5,8,226441,21:00,13.9,3,DİYAREFE,3.8,,0
2026-07-28 20:46,2026-07-28,KOCAELI,2,5,8,226441,21:00,13.9,4,HEVENK,23.45,,0
2026-07-28 20:46,2026-07-28,KOCAELI,2,5,8,226441,21:00,13.9,5,KARAKUM,9.35,,0
2026-07-28 20:46,2026-07-28,KOCAELI,2,5,8,226441,21:00,13.9,6,YALKINOĞLU,9.45,,0
2026-07-28 20:46,2026-07-28,KOCAELI,2,5,8,226441,21:00,13.9,7,KIZILKULE,1.85,,0
2026-07-28 20:46,2026-07-28,KOCAELI,2,5,8,226441,21:00,13.9,8,CANGÜR,9.45,,0
2026-07-28 20:46,2026-07-28,KOCAELI,2,5,8,226441,21:00,13.9,9,TORUN SADA,8.35,,0
2026-07-28 20:46,2026-07-28,KOCAELI,2,5,8,226441,21:00,13.9,10,UYGURKIZI,18.7,,0
2026-07-28 20:46,2026-07-28,KOCAELI,2,6,9,226449,21:30,43.9,1,ARLİNHAN,34.35,,0
2026-07-28 20:46,2026-07-28,KOCAELI,2,6,9,226449,21:30,43.9,2,ZEMBEREK,11.9,,0
2026-07-28 20:46,2026-07-28,KOCAELI,2,6,9,226449,21:30,43.9,3,BERANÇE,12.25,,0
2026-07-28 20:46,2026-07-28,KOCAELI,2,6,9,226449,21:30,43.9,4,FERAT,3.7,,0
2026-07-28 20:46,2026-07-28,KOCAELI,2,6,9,226449,21:30,43.9,5,TURBO BEYİ,12.25,,0
2026-07-28 20:46,2026-07-28,KOCAELI,2,6,9,226449,21:30,43.9,6,ÖZ ODİN,30.25,,0
2026-07-28 20:46,2026-07-28,KOCAELI,2,6,9,226449,21:30,43.9,7,DEMON HUNTER,8.25,,0
2026-07-28 20:46,2026-07-28,KOCAELI,2,6,9,226449,21:30,43.9,8,DERMANCAN,35.7,,0
2026-07-28 20:46,2026-07-28,KOCAELI,2,6,9,226449,21:30,43.9,9,KURUŞUN GÜCÜ,4.35,,0
2026-07-28 20:46,2026-07-28,KOCAELI,2,6,9,226449,21:30,43.9,10,İYİMSER,8.8,,0
2026-07-28 20:46,2026-07-28,KOCAELI,2,6,9,226449,21:30,43.9,11,BALATÜRK,23.7,,0
2026-07-28 20:46,2026-07-28,KOCAELI,2,6,9,226449,21:30,43.9,12,COŞDUR,4.5,,0
2026-07-28 21:15,2026-07-28,KOCAELI,2,6,9,226449,21:30,14.9,1,ARLİNHAN,31.6,,0
2026-07-28 21:15,2026-07-28,KOCAELI,2,6,9,226449,21:30,14.9,2,ZEMBEREK,6.5,,0
2026-07-28 21:15,2026-07-28,KOCAELI,2,6,9,226449,21:30,14.9,3,BERANÇE,10.15,,0
2026-07-28 21:15,2026-07-28,KOCAELI,2,6,9,226449,21:30,14.9,4,FERAT,4.9,,0
2026-07-28 21:15,2026-07-28,KOCAELI,2,6,9,226449,21:30,14.9,5,TURBO BEYİ,7.3,,0
2026-07-28 21:15,2026-07-28,KOCAELI,2,6,9,226449,21:30,14.9,6,ÖZ ODİN,34.5,,0
2026-07-28 21:15,2026-07-28,KOCAELI,2,6,9,226449,21:30,14.9,7,DEMON HUNTER,4.75,,0
2026-07-28 21:15,2026-07-28,KOCAELI,2,6,9,226449,21:30,14.9,8,DERMANCAN,33.7,,0
2026-07-28 21:15,2026-07-28,KOCAELI,2,6,9,226449,21:30,14.9,9,KURUŞUN GÜCÜ,8.05,,0
2026-07-28 21:15,2026-07-28,KOCAELI,2,6,9,226449,21:30,14.9,10,İYİMSER,6.65,,0
2026-07-28 21:15,2026-07-28,KOCAELI,2,6,9,226449,21:30,14.9,11,BALATÜRK,26.95,,0
2026-07-28 21:15,2026-07-28,KOCAELI,2,6,9,226449,21:30,14.9,12,COŞDUR,7.4,,0
2026-07-29 13:45,2026-07-29,ISTANBUL,1,1,1,226464,14:30,44.9,1,RED VICTORY,7.05,8.38,0
2026-07-29 13:45,2026-07-29,ISTANBUL,1,1,1,226464,14:30,44.9,2,ARDA JR,6.1,17.73,0
2026-07-29 13:45,2026-07-29,ISTANBUL,1,1,1,226464,14:30,44.9,3,BAYHAKAN,7.45,2.75,0
2026-07-29 13:45,2026-07-29,ISTANBUL,1,1,1,226464,14:30,44.9,4,BÜYÜK ATTİLA,12.6,2.67,0
2026-07-29 13:45,2026-07-29,ISTANBUL,1,1,1,226464,14:30,44.9,5,MY ZEKO,14.6,3.87,0
2026-07-29 13:45,2026-07-29,ISTANBUL,1,1,1,226464,14:30,44.9,6,RETRO SHOW,4.5,38.98,0
2026-07-29 13:45,2026-07-29,ISTANBUL,1,1,1,226464,14:30,44.9,7,CORAL REEFS,2.05,24.22,0
2026-07-29 13:45,2026-07-29,ISTANBUL,1,1,1,226464,14:30,44.9,8,SHADE OF AMIDALA,23.75,1.4,0
2026-07-29 14:00,2026-07-29,ISTANBUL,1,1,1,226464,14:30,29.7,1,RED VICTORY,7.45,8.35,0
2026-07-29 14:00,2026-07-29,ISTANBUL,1,1,1,226464,14:30,29.7,2,ARDA JR,5.5,17.69,0
2026-07-29 14:00,2026-07-29,ISTANBUL,1,1,1,226464,14:30,29.7,3,BAYHAKAN,7.55,2.74,0
2026-07-29 14:00,2026-07-29,ISTANBUL,1,1,1,226464,14:30,29.7,4,BÜYÜK ATTİLA,11.75,2.71,0
2026-07-29 14:00,2026-07-29,ISTANBUL,1,1,1,226464,14:30,29.7,5,MY ZEKO,15.95,3.9,0
2026-07-29 14:00,2026-07-29,ISTANBUL,1,1,1,226464,14:30,29.7,6,RETRO SHOW,3.5,39.37,0
2026-07-29 14:00,2026-07-29,ISTANBUL,1,1,1,226464,14:30,29.7,7,CORAL REEFS,2.35,23.76,0
2026-07-29 14:00,2026-07-29,ISTANBUL,1,1,1,226464,14:30,29.7,8,SHADE OF AMIDALA,28.3,1.48,0
2026-07-29 14:15,2026-07-29,ISTANBUL,1,1,1,226464,14:30,14.9,1,RED VICTORY,8.8,8.25,0
2026-07-29 14:15,2026-07-29,ISTANBUL,1,1,1,226464,14:30,14.9,2,ARDA JR,4.55,17.94,0
2026-07-29 14:15,2026-07-29,ISTANBUL,1,1,1,226464,14:30,14.9,3,BAYHAKAN,9.75,2.73,0
2026-07-29 14:15,2026-07-29,ISTANBUL,1,1,1,226464,14:30,14.9,4,BÜYÜK ATTİLA,14.4,2.75,0
2026-07-29 14:15,2026-07-29,ISTANBUL,1,1,1,226464,14:30,14.9,5,MY ZEKO,13.6,3.98,0
2026-07-29 14:15,2026-07-29,ISTANBUL,1,1,1,226464,14:30,14.9,6,RETRO SHOW,2.6,39.38,0
2026-07-29 14:15,2026-07-29,ISTANBUL,1,1,1,226464,14:30,14.9,7,CORAL REEFS,2.9,23.48,0
2026-07-29 14:15,2026-07-29,ISTANBUL,1,1,1,226464,14:30,14.9,8,SHADE OF AMIDALA,28.95,1.5,0
2026-07-29 14:15,2026-07-29,ISTANBUL,1,2,2,226465,15:00,44.9,1,LION ICARDI,5.0,6.08,0
2026-07-29 14:15,2026-07-29,ISTANBUL,1,2,2,226465,15:00,44.9,2,TALİPHAN BEY,3.2,41.13,0
2026-07-29 14:15,2026-07-29,ISTANBUL,1,2,2,226465,15:00,44.9,3,KING OF TIME,16.6,7.3,0
2026-07-29 14:15,2026-07-29,ISTANBUL,1,2,2,226465,15:00,44.9,4,ANGEL ON THE WING,3.75,10.11,0
2026-07-29 14:15,2026-07-29,ISTANBUL,1,2,2,226465,15:00,44.9,5,CALL TO ARMS,5.6,12.19,0
2026-07-29 14:15,2026-07-29,ISTANBUL,1,2,2,226465,15:00,44.9,6,ROSARIO,3.05,23.19,0
2026-07-29 14:30,2026-07-29,ISTANBUL,1,2,2,226465,15:00,29.7,1,LION ICARDI,4.4,5.81,0
2026-07-29 14:30,2026-07-29,ISTANBUL,1,2,2,226465,15:00,29.7,2,TALİPHAN BEY,3.4,41.99,0
2026-07-29 14:30,2026-07-29,ISTANBUL,1,2,2,226465,15:00,29.7,3,KING OF TIME,16.3,7.12,0
2026-07-29 14:30,2026-07-29,ISTANBUL,1,2,2,226465,15:00,29.7,4,ANGEL ON THE WING,3.95,9.95,0
2026-07-29 14:30,2026-07-29,ISTANBUL,1,2,2,226465,15:00,29.7,5,CALL TO ARMS,5.9,12.07,0
2026-07-29 14:30,2026-07-29,ISTANBUL,1,2,2,226465,15:00,29.7,6,ROSARIO,3.0,23.04,0
2026-07-29 14:45,2026-07-29,ISTANBUL,1,2,2,226465,15:00,14.9,1,LION ICARDI,8.7,5.76,0
2026-07-29 14:45,2026-07-29,ISTANBUL,1,2,2,226465,15:00,14.9,2,TALİPHAN BEY,1.6,42.12,0
2026-07-29 14:45,2026-07-29,ISTANBUL,1,2,2,226465,15:00,14.9,3,KING OF TIME,11.75,7.07,0
2026-07-29 14:45,2026-07-29,ISTANBUL,1,2,2,226465,15:00,14.9,4,ANGEL ON THE WING,6.95,9.88,0
2026-07-29 14:45,2026-07-29,ISTANBUL,1,2,2,226465,15:00,14.9,5,CALL TO ARMS,8.85,12.08,0
2026-07-29 14:45,2026-07-29,ISTANBUL,1,2,2,226465,15:00,14.9,6,ROSARIO,3.75,23.08,0
2026-07-29 14:45,2026-07-29,ISTANBUL,2,1,3,226470,15:30,44.9,1,EFE METE BEY,8.95,5.26,0
2026-07-29 14:45,2026-07-29,ISTANBUL,2,1,3,226470,15:30,44.9,2,KASAP ENDER,5.55,12.82,0
2026-07-29 14:45,2026-07-29,ISTANBUL,2,1,3,226470,15:30,44.9,3,UFKUN ÖTESİ,14.7,14.77,0
2026-07-29 14:45,2026-07-29,ISTANBUL,2,1,3,226470,15:30,44.9,4,EGETAY,10.15,3.78,0
2026-07-29 14:45,2026-07-29,ISTANBUL,2,1,3,226470,15:30,44.9,5,MÜKREMİN,21.5,4.88,0
2026-07-29 14:45,2026-07-29,ISTANBUL,2,1,3,226470,15:30,44.9,6,SİYAH PENÇE,2.75,24.92,0
2026-07-29 14:45,2026-07-29,ISTANBUL,2,1,3,226470,15:30,44.9,7,İWOJİMA,5.45,24.97,0
2026-07-29 14:45,2026-07-29,ISTANBUL,2,1,3,226470,15:30,44.9,8,LAVİN FIRTINASI,12.8,0.72,0
2026-07-29 14:45,2026-07-29,ISTANBUL,2,1,3,226470,15:30,44.9,9,TUTMAÇ,21.2,1.33,0
2026-07-29 14:45,2026-07-29,ISTANBUL,2,1,3,226470,15:30,44.9,10,LE PATRON,11.6,2.26,0
2026-07-29 14:45,2026-07-29,ISTANBUL,2,1,3,226470,15:30,44.9,11,MEHMETOĞLU,16.05,3.92,0
2026-07-29 14:45,2026-07-29,ISTANBUL,2,1,3,226470,15:30,44.9,12,EL FAMİLİA,72.15,0.36,0
2026-07-29 15:00,2026-07-29,ISTANBUL,2,1,3,226470,15:30,29.4,1,EFE METE BEY,9.5,5.26,0
2026-07-29 15:00,2026-07-29,ISTANBUL,2,1,3,226470,15:30,29.4,2,KASAP ENDER,6.3,12.82,0
2026-07-29 15:00,2026-07-29,ISTANBUL,2,1,3,226470,15:30,29.4,3,UFKUN ÖTESİ,12.45,14.77,0
2026-07-29 15:00,2026-07-29,ISTANBUL,2,1,3,226470,15:30,29.4,4,EGETAY,9.6,3.78,0
2026-07-29 15:00,2026-07-29,ISTANBUL,2,1,3,226470,15:30,29.4,5,MÜKREMİN,16.95,4.88,0
2026-07-29 15:00,2026-07-29,ISTANBUL,2,1,3,226470,15:30,29.4,6,SİYAH PENÇE,2.8,24.92,0
2026-07-29 15:00,2026-07-29,ISTANBUL,2,1,3,226470,15:30,29.4,7,İWOJİMA,5.65,24.97,0
2026-07-29 15:00,2026-07-29,ISTANBUL,2,1,3,226470,15:30,29.4,8,LAVİN FIRTINASI,13.05,0.72,0
2026-07-29 15:00,2026-07-29,ISTANBUL,2,1,3,226470,15:30,29.4,9,TUTMAÇ,21.6,1.33,0
2026-07-29 15:00,2026-07-29,ISTANBUL,2,1,3,226470,15:30,29.4,10,LE PATRON,10.15,2.26,0
2026-07-29 15:00,2026-07-29,ISTANBUL,2,1,3,226470,15:30,29.4,11,MEHMETOĞLU,16.25,3.92,0
2026-07-29 15:00,2026-07-29,ISTANBUL,2,1,3,226470,15:30,29.4,12,EL FAMİLİA,71.4,0.36,0
2026-07-29 15:15,2026-07-29,ISTANBUL,2,1,3,226470,15:30,14.9,1,EFE METE BEY,11.9,5.26,0
2026-07-29 15:15,2026-07-29,ISTANBUL,2,1,3,226470,15:30,14.9,2,KASAP ENDER,6.5,12.82,0
2026-07-29 15:15,2026-07-29,ISTANBUL,2,1,3,226470,15:30,14.9,3,UFKUN ÖTESİ,8.05,14.77,0
2026-07-29 15:15,2026-07-29,ISTANBUL,2,1,3,226470,15:30,14.9,4,EGETAY,9.5,3.78,0
2026-07-29 15:15,2026-07-29,ISTANBUL,2,1,3,226470,15:30,14.9,5,MÜKREMİN,15.8,4.88,0
2026-07-29 15:15,2026-07-29,ISTANBUL,2,1,3,226470,15:30,14.9,6,SİYAH PENÇE,3.8,24.92,0
2026-07-29 15:15,2026-07-29,ISTANBUL,2,1,3,226470,15:30,14.9,7,İWOJİMA,3.7,24.97,0
2026-07-29 15:15,2026-07-29,ISTANBUL,2,1,3,226470,15:30,14.9,8,LAVİN FIRTINASI,13.95,0.72,0
2026-07-29 15:15,2026-07-29,ISTANBUL,2,1,3,226470,15:30,14.9,9,TUTMAÇ,25.9,1.33,0
2026-07-29 15:15,2026-07-29,ISTANBUL,2,1,3,226470,15:30,14.9,10,LE PATRON,15.3,2.26,0
2026-07-29 15:15,2026-07-29,ISTANBUL,2,1,3,226470,15:30,14.9,11,MEHMETOĞLU,15.0,3.92,0
2026-07-29 15:15,2026-07-29,ISTANBUL,2,1,3,226470,15:30,14.9,12,EL FAMİLİA,31.25,0.36,0
2026-07-29 15:15,2026-07-29,ISTANBUL,2,2,4,226468,16:00,44.9,1,AYDIN DAYI,46.05,5.55,0
2026-07-29 15:15,2026-07-29,ISTANBUL,2,2,4,226468,16:00,44.9,2,ERÇETİN,4.9,16.92,0
2026-07-29 15:15,2026-07-29,ISTANBUL,2,2,4,226468,16:00,44.9,3,HÜKÜMLÜ,2.45,19.85,0
2026-07-29 15:15,2026-07-29,ISTANBUL,2,2,4,226468,16:00,44.9,4,MY EAGLE,3.4,28.19,0
2026-07-29 15:15,2026-07-29,ISTANBUL,2,2,4,226468,16:00,44.9,5,ASALET SAHİBİ,10.15,8.12,0
2026-07-29 15:15,2026-07-29,ISTANBUL,2,2,4,226468,16:00,44.9,6,KEREMNUR,9.35,6.26,0
2026-07-29 15:15,2026-07-29,ISTANBUL,2,2,4,226468,16:00,44.9,7,LİSBOA,6.85,13.55,0
2026-07-29 15:15,2026-07-29,ISTANBUL,2,2,4,226468,16:00,44.9,8,ŞENERHAN,16.05,1.57,0
2026-07-29 15:30,2026-07-29,ISTANBUL,2,2,4,226468,16:00,29.7,1,AYDIN DAYI,45.3,5.55,0
2026-07-29 15:30,2026-07-29,ISTANBUL,2,2,4,226468,16:00,29.7,2,ERÇETİN,4.55,16.92,0
2026-07-29 15:30,2026-07-29,ISTANBUL,2,2,4,226468,16:00,29.7,3,HÜKÜMLÜ,2.45,19.85,0
2026-07-29 15:30,2026-07-29,ISTANBUL,2,2,4,226468,16:00,29.7,4,MY EAGLE,3.65,28.19,0
2026-07-29 15:30,2026-07-29,ISTANBUL,2,2,4,226468,16:00,29.7,5,ASALET SAHİBİ,8.7,8.12,0
2026-07-29 15:30,2026-07-29,ISTANBUL,2,2,4,226468,16:00,29.7,6,KEREMNUR,10.25,6.26,0
2026-07-29 15:30,2026-07-29,ISTANBUL,2,2,4,226468,16:00,29.7,7,LİSBOA,6.8,13.55,0
2026-07-29 15:30,2026-07-29,ISTANBUL,2,2,4,226468,16:00,29.7,8,ŞENERHAN,17.95,1.57,0
2026-07-29 15:45,2026-07-29,ISTANBUL,2,2,4,226468,16:00,14.9,1,AYDIN DAYI,27.65,5.55,0
2026-07-29 15:45,2026-07-29,ISTANBUL,2,2,4,226468,16:00,14.9,2,ERÇETİN,4.7,16.92,0
2026-07-29 15:45,2026-07-29,ISTANBUL,2,2,4,226468,16:00,14.9,3,HÜKÜMLÜ,2.5,19.85,0
2026-07-29 15:45,2026-07-29,ISTANBUL,2,2,4,226468,16:00,14.9,4,MY EAGLE,3.7,28.19,0
2026-07-29 15:45,2026-07-29,ISTANBUL,2,2,4,226468,16:00,14.9,5,ASALET SAHİBİ,8.65,8.12,0
2026-07-29 15:45,2026-07-29,ISTANBUL,2,2,4,226468,16:00,14.9,6,KEREMNUR,9.25,6.26,0
2026-07-29 15:45,2026-07-29,ISTANBUL,2,2,4,226468,16:00,14.9,7,LİSBOA,6.9,13.55,0
2026-07-29 15:45,2026-07-29,ISTANBUL,2,2,4,226468,16:00,14.9,8,ŞENERHAN,17.5,1.57,0
2026-07-29 15:45,2026-07-29,ISTANBUL,2,3,5,226467,16:30,44.9,1,JUNIOR BAŞKAN,4.05,1.97,0
2026-07-29 15:45,2026-07-29,ISTANBUL,2,3,5,226467,16:30,44.9,2,HERE TO GO,46.85,2.13,0
2026-07-29 15:45,2026-07-29,ISTANBUL,2,3,5,226467,16:30,44.9,3,SONG RISING,14.35,3.04,0
2026-07-29 15:45,2026-07-29,ISTANBUL,2,3,5,226467,16:30,44.9,4,LEJUR,17.0,4.55,0
2026-07-29 15:45,2026-07-29,ISTANBUL,2,3,5,226467,16:30,44.9,5,WHISPER OF VICTORY,11.05,16.8,0
2026-07-29 15:45,2026-07-29,ISTANBUL,2,3,5,226467,16:30,44.9,6,ÇOKOMEL KIZ,3.4,8.41,0
2026-07-29 15:45,2026-07-29,ISTANBUL,2,3,5,226467,16:30,44.9,7,LOST TREASURE,8.05,6.71,0
2026-07-29 15:45,2026-07-29,ISTANBUL,2,3,5,226467,16:30,44.9,8,BOAZ,6.25,26.28,0
2026-07-29 15:45,2026-07-29,ISTANBUL,2,3,5,226467,16:30,44.9,9,THE WITCHER,11.35,1.23,0
2026-07-29 15:45,2026-07-29,ISTANBUL,2,3,5,226467,16:30,44.9,10,NART THE WOLF,12.85,15.88,0
2026-07-29 15:45,2026-07-29,ISTANBUL,2,3,5,226467,16:30,44.9,11,THE BUTCHER,9.25,13.01,0
2026-07-29 16:00,2026-07-29,ISTANBUL,2,3,5,226467,16:30,29.7,1,JUNIOR BAŞKAN,4.55,1.97,0
2026-07-29 16:00,2026-07-29,ISTANBUL,2,3,5,226467,16:30,29.7,2,HERE TO GO,29.3,2.13,0
2026-07-29 16:00,2026-07-29,ISTANBUL,2,3,5,226467,16:30,29.7,3,SONG RISING,12.15,3.04,0
2026-07-29 16:00,2026-07-29,ISTANBUL,2,3,5,226467,16:30,29.7,4,LEJUR,18.6,4.55,0
2026-07-29 16:00,2026-07-29,ISTANBUL,2,3,5,226467,16:30,29.7,5,WHISPER OF VICTORY,8.5,16.8,0
2026-07-29 16:00,2026-07-29,ISTANBUL,2,3,5,226467,16:30,29.7,6,ÇOKOMEL KIZ,3.6,8.41,0
2026-07-29 16:00,2026-07-29,ISTANBUL,2,3,5,226467,16:30,29.7,7,LOST TREASURE,8.95,6.71,0
2026-07-29 16:00,2026-07-29,ISTANBUL,2,3,5,226467,16:30,29.7,8,BOAZ,6.5,26.28,0
2026-07-29 16:00,2026-07-29,ISTANBUL,2,3,5,226467,16:30,29.7,9,THE WITCHER,9.75,1.23,0
2026-07-29 16:00,2026-07-29,ISTANBUL,2,3,5,226467,16:30,29.7,10,NART THE WOLF,13.45,15.88,0
2026-07-29 16:00,2026-07-29,ISTANBUL,2,3,5,226467,16:30,29.7,11,THE BUTCHER,9.05,13.01,0
2026-07-29 16:15,2026-07-29,ISTANBUL,2,3,5,226467,16:30,14.9,1,JUNIOR BAŞKAN,13.05,1.97,0
2026-07-29 16:15,2026-07-29,ISTANBUL,2,3,5,226467,16:30,14.9,2,HERE TO GO,27.7,2.13,0
2026-07-29 16:15,2026-07-29,ISTANBUL,2,3,5,226467,16:30,14.9,3,SONG RISING,24.9,3.04,0
2026-07-29 16:15,2026-07-29,ISTANBUL,2,3,5,226467,16:30,14.9,4,LEJUR,13.05,4.55,0
2026-07-29 16:15,2026-07-29,ISTANBUL,2,3,5,226467,16:30,14.9,5,WHISPER OF VICTORY,4.35,16.8,0
2026-07-29 16:15,2026-07-29,ISTANBUL,2,3,5,226467,16:30,14.9,6,ÇOKOMEL KIZ,5.65,8.41,0
2026-07-29 16:15,2026-07-29,ISTANBUL,2,3,5,226467,16:30,14.9,7,LOST TREASURE,6.6,6.71,0
2026-07-29 16:15,2026-07-29,ISTANBUL,2,3,5,226467,16:30,14.9,8,BOAZ,5.05,26.28,0
2026-07-29 16:15,2026-07-29,ISTANBUL,2,3,5,226467,16:30,14.9,9,THE WITCHER,23.95,1.23,0
2026-07-29 16:15,2026-07-29,ISTANBUL,2,3,5,226467,16:30,14.9,10,NART THE WOLF,6.05,15.88,0
2026-07-29 16:15,2026-07-29,ISTANBUL,2,3,5,226467,16:30,14.9,11,THE BUTCHER,6.85,13.01,0
2026-07-29 16:15,2026-07-29,ISTANBUL,2,4,6,226466,17:00,44.9,1,SHIROKE,1.5,51.35,0
2026-07-29 16:15,2026-07-29,ISTANBUL,2,4,6,226466,17:00,44.9,2,DIAMOND BROTHERS,9.45,12.74,0
2026-07-29 16:15,2026-07-29,ISTANBUL,2,4,6,226466,17:00,44.9,3,KYLIE VOM ELBE,12.0,5.9,0
2026-07-29 16:15,2026-07-29,ISTANBUL,2,4,6,226466,17:00,44.9,4,LA JEFA,3.4,26.81,0
2026-07-29 16:15,2026-07-29,ISTANBUL,2,4,6,226466,17:00,44.9,5,LOOK NEWS,9.25,1.56,0
2026-07-29 16:15,2026-07-29,ISTANBUL,2,4,6,226466,17:00,44.9,6,MASSAVA,10.6,1.63,0
2026-07-29 16:30,2026-07-29,ISTANBUL,2,4,6,226466,17:00,29.5,1,SHIROKE,1.65,51.35,0
2026-07-29 16:30,2026-07-29,ISTANBUL,2,4,6,226466,17:00,29.5,2,DIAMOND BROTHERS,8.1,12.74,0
2026-07-29 16:30,2026-07-29,ISTANBUL,2,4,6,226466,17:00,29.5,3,KYLIE VOM ELBE,8.2,5.9,0
2026-07-29 16:30,2026-07-29,ISTANBUL,2,4,6,226466,17:00,29.5,4,LA JEFA,3.3,26.81,0
2026-07-29 16:30,2026-07-29,ISTANBUL,2,4,6,226466,17:00,29.5,5,LOOK NEWS,10.05,1.56,0
2026-07-29 16:30,2026-07-29,ISTANBUL,2,4,6,226466,17:00,29.5,6,MASSAVA,11.5,1.63,0
2026-07-29 16:45,2026-07-29,ISTANBUL,2,4,6,226466,17:00,14.9,1,SHIROKE,3.45,51.35,0
2026-07-29 16:45,2026-07-29,ISTANBUL,2,4,6,226466,17:00,14.9,2,DIAMOND BROTHERS,2.5,12.74,0
2026-07-29 16:45,2026-07-29,ISTANBUL,2,4,6,226466,17:00,14.9,3,KYLIE VOM ELBE,8.0,5.9,0
2026-07-29 16:45,2026-07-29,ISTANBUL,2,4,6,226466,17:00,14.9,4,LA JEFA,2.35,26.81,0
2026-07-29 16:45,2026-07-29,ISTANBUL,2,4,6,226466,17:00,14.9,5,LOOK NEWS,27.75,1.56,0
2026-07-29 16:45,2026-07-29,ISTANBUL,2,4,6,226466,17:00,14.9,6,MASSAVA,16.25,1.63,0
2026-07-29 16:45,2026-07-29,ISTANBUL,2,5,7,226469,17:30,44.9,1,HÜSEYİNHAN,13.45,,0
2026-07-29 16:45,2026-07-29,ISTANBUL,2,5,7,226469,17:30,44.9,2,YETİM AMCA,13.55,,0
2026-07-29 16:45,2026-07-29,ISTANBUL,2,5,7,226469,17:30,44.9,3,SÜKANBEY,9.35,,0
2026-07-29 16:45,2026-07-29,ISTANBUL,2,5,7,226469,17:30,44.9,4,ALMUTANABİY,2.9,,0
2026-07-29 16:45,2026-07-29,ISTANBUL,2,5,7,226469,17:30,44.9,5,TOZYUTTURAN,14.5,,0
2026-07-29 16:45,2026-07-29,ISTANBUL,2,5,7,226469,17:30,44.9,6,DOĞAN EFE,2.2,,0
2026-07-29 16:45,2026-07-29,ISTANBUL,2,5,7,226469,17:30,44.9,7,JET ÇELİK,26.15,,0
2026-07-29 16:45,2026-07-29,ISTANBUL,2,5,7,226469,17:30,44.9,8,THOTH,7.5,,0
2026-07-29 16:45,2026-07-29,ISTANBUL,2,5,7,226469,17:30,44.9,9,YAKUP ABİ,2.2,,0
2026-07-29 16:45,2026-07-29,ISTANBUL,2,5,7,226469,17:30,44.9,10,İLKUTHAN,19.75,,0
2026-07-29 17:00,2026-07-29,ISTANBUL,2,5,7,226469,17:30,29.5,1,HÜSEYİNHAN,7.75,,0
2026-07-29 17:00,2026-07-29,ISTANBUL,2,5,7,226469,17:30,29.5,2,YETİM AMCA,8.65,,0
2026-07-29 17:00,2026-07-29,ISTANBUL,2,5,7,226469,17:30,29.5,3,SÜKANBEY,9.4,,0
2026-07-29 17:00,2026-07-29,ISTANBUL,2,5,7,226469,17:30,29.5,4,ALMUTANABİY,3.35,,0
2026-07-29 17:00,2026-07-29,ISTANBUL,2,5,7,226469,17:30,29.5,5,TOZYUTTURAN,13.4,,0
2026-07-29 17:00,2026-07-29,ISTANBUL,2,5,7,226469,17:30,29.5,6,DOĞAN EFE,2.45,,0
2026-07-29 17:00,2026-07-29,ISTANBUL,2,5,7,226469,17:30,29.5,7,JET ÇELİK,23.9,,0
2026-07-29 17:00,2026-07-29,ISTANBUL,2,5,7,226469,17:30,29.5,8,THOTH,8.45,,0
2026-07-29 17:00,2026-07-29,ISTANBUL,2,5,7,226469,17:30,29.5,9,YAKUP ABİ,2.45,,0
2026-07-29 17:00,2026-07-29,ISTANBUL,2,5,7,226469,17:30,29.5,10,İLKUTHAN,21.8,,0
2026-07-29 17:15,2026-07-29,ISTANBUL,2,5,7,226469,17:30,14.9,1,HÜSEYİNHAN,7.2,,0
2026-07-29 17:15,2026-07-29,ISTANBUL,2,5,7,226469,17:30,14.9,2,YETİM AMCA,5.05,,0
2026-07-29 17:15,2026-07-29,ISTANBUL,2,5,7,226469,17:30,14.9,3,SÜKANBEY,9.65,,0
2026-07-29 17:15,2026-07-29,ISTANBUL,2,5,7,226469,17:30,14.9,4,ALMUTANABİY,5.2,,0
2026-07-29 17:15,2026-07-29,ISTANBUL,2,5,7,226469,17:30,14.9,5,TOZYUTTURAN,13.9,,0
2026-07-29 17:15,2026-07-29,ISTANBUL,2,5,7,226469,17:30,14.9,6,DOĞAN EFE,2.25,,0
2026-07-29 17:15,2026-07-29,ISTANBUL,2,5,7,226469,17:30,14.9,7,JET ÇELİK,25.75,,0
2026-07-29 17:15,2026-07-29,ISTANBUL,2,5,7,226469,17:30,14.9,8,THOTH,9.55,,0
2026-07-29 17:15,2026-07-29,ISTANBUL,2,5,7,226469,17:30,14.9,9,YAKUP ABİ,2.25,,0
2026-07-29 17:15,2026-07-29,ISTANBUL,2,5,7,226469,17:30,14.9,10,İLKUTHAN,20.6,,0
2026-07-29 17:15,2026-07-29,ISTANBUL,2,6,8,226471,18:00,44.9,1,AVCITOKOÇİN,9.45,,0
2026-07-29 17:15,2026-07-29,ISTANBUL,2,6,8,226471,18:00,44.9,2,ÇELİKGİLLER,7.0,,0
2026-07-29 17:15,2026-07-29,ISTANBUL,2,6,8,226471,18:00,44.9,3,FERMANDER,32.8,,0
2026-07-29 17:15,2026-07-29,ISTANBUL,2,6,8,226471,18:00,44.9,4,ERDEK,4.55,,0
2026-07-29 17:15,2026-07-29,ISTANBUL,2,6,8,226471,18:00,44.9,5,GÜROBASI,8.75,,0
2026-07-29 17:15,2026-07-29,ISTANBUL,2,6,8,226471,18:00,44.9,6,FIRTINAYÜREK,8.9,,0
2026-07-29 17:15,2026-07-29,ISTANBUL,2,6,8,226471,18:00,44.9,7,LEONİDAS,23.35,,0
2026-07-29 17:15,2026-07-29,ISTANBUL,2,6,8,226471,18:00,44.9,8,ATEŞ REİSİ,23.05,,0
2026-07-29 17:15,2026-07-29,ISTANBUL,2,6,8,226471,18:00,44.9,9,YAĞIZATEŞ,11.4,,0
2026-07-29 17:15,2026-07-29,ISTANBUL,2,6,8,226471,18:00,44.9,10,ÇERKEZHAN,4.15,,0
2026-07-29 17:15,2026-07-29,ISTANBUL,2,6,8,226471,18:00,44.9,11,KRAL YAZICI,9.45,,0
2026-07-29 17:15,2026-07-29,ISTANBUL,2,6,8,226471,18:00,44.9,12,DURUSU BEYİ,10.85,,0
2026-07-29 17:30,2026-07-29,ISTANBUL,2,6,8,226471,18:00,29.5,1,AVCITOKOÇİN,11.5,,0
2026-07-29 17:30,2026-07-29,ISTANBUL,2,6,8,226471,18:00,29.5,2,ÇELİKGİLLER,6.65,,0
2026-07-29 17:30,2026-07-29,ISTANBUL,2,6,8,226471,18:00,29.5,3,FERMANDER,25.1,,0
2026-07-29 17:30,2026-07-29,ISTANBUL,2,6,8,226471,18:00,29.5,4,ERDEK,5.35,,0
2026-07-29 17:30,2026-07-29,ISTANBUL,2,6,8,226471,18:00,29.5,5,GÜROBASI,10.65,,0
2026-07-29 17:30,2026-07-29,ISTANBUL,2,6,8,226471,18:00,29.5,6,FIRTINAYÜREK,7.5,,0
2026-07-29 17:30,2026-07-29,ISTANBUL,2,6,8,226471,18:00,29.5,7,LEONİDAS,11.1,,0
2026-07-29 17:30,2026-07-29,ISTANBUL,2,6,8,226471,18:00,29.5,8,ATEŞ REİSİ,22.65,,0
2026-07-29 17:30,2026-07-29,ISTANBUL,2,6,8,226471,18:00,29.5,9,YAĞIZATEŞ,11.65,,0
2026-07-29 17:30,2026-07-29,ISTANBUL,2,6,8,226471,18:00,29.5,10,ÇERKEZHAN,4.35,,0
2026-07-29 17:30,2026-07-29,ISTANBUL,2,6,8,226471,18:00,29.5,11,KRAL YAZICI,11.15,,0
2026-07-29 17:30,2026-07-29,ISTANBUL,2,6,8,226471,18:00,29.5,12,DURUSU BEYİ,9.35,,0
2026-07-29 17:45,2026-07-29,ISTANBUL,2,6,8,226471,18:00,14.9,1,AVCITOKOÇİN,20.5,,0
2026-07-29 17:45,2026-07-29,ISTANBUL,2,6,8,226471,18:00,14.9,2,ÇELİKGİLLER,7.55,,0
2026-07-29 17:45,2026-07-29,ISTANBUL,2,6,8,226471,18:00,14.9,3,FERMANDER,24.0,,0
2026-07-29 17:45,2026-07-29,ISTANBUL,2,6,8,226471,18:00,14.9,4,ERDEK,4.7,,0
2026-07-29 17:45,2026-07-29,ISTANBUL,2,6,8,226471,18:00,14.9,5,GÜROBASI,17.25,,0
2026-07-29 17:45,2026-07-29,ISTANBUL,2,6,8,226471,18:00,14.9,6,FIRTINAYÜREK,6.55,,0
2026-07-29 17:45,2026-07-29,ISTANBUL,2,6,8,226471,18:00,14.9,7,LEONİDAS,17.45,,0
2026-07-29 17:45,2026-07-29,ISTANBUL,2,6,8,226471,18:00,14.9,8,ATEŞ REİSİ,16.15,,0
2026-07-29 17:45,2026-07-29,ISTANBUL,2,6,8,226471,18:00,14.9,9,YAĞIZATEŞ,8.3,,0
2026-07-29 17:45,2026-07-29,ISTANBUL,2,6,8,226471,18:00,14.9,10,ÇERKEZHAN,3.5,,0
2026-07-29 17:45,2026-07-29,ISTANBUL,2,6,8,226471,18:00,14.9,11,KRAL YAZICI,18.45,,0
2026-07-29 17:45,2026-07-29,ISTANBUL,2,6,8,226471,18:00,14.9,12,DURUSU BEYİ,8.6,,0
2026-07-30 13:15,2026-07-30,ANKARA,1,1,1,226482,14:00,44.9,1,GENERAL SHERMAN,3.9,17.69,0
2026-07-30 13:15,2026-07-30,ANKARA,1,1,1,226482,14:00,44.9,2,KING SHELBY,11.45,2.45,0
2026-07-30 13:15,2026-07-30,ANKARA,1,1,1,226482,14:00,44.9,3,VICENTE CALDERON,7.7,6.68,0
2026-07-30 13:15,2026-07-30,ANKARA,1,1,1,226482,14:00,44.9,4,LEVERO,6.0,26.5,0
2026-07-30 13:15,2026-07-30,ANKARA,1,1,1,226482,14:00,44.9,5,FASTEST ÇINAR,6.55,11.65,0
2026-07-30 13:15,2026-07-30,ANKARA,1,1,1,226482,14:00,44.9,6,TIWAZ,9.5,8.13,0
2026-07-30 13:15,2026-07-30,ANKARA,1,1,1,226482,14:00,44.9,7,CİRCE KIZI,7.15,5.18,0
2026-07-30 13:15,2026-07-30,ANKARA,1,1,1,226482,14:00,44.9,8,SPIC AND SPAN,3.3,21.72,0
2026-07-30 13:30,2026-07-30,ANKARA,1,1,1,226482,14:00,29.4,1,GENERAL SHERMAN,4.2,17.68,0
2026-07-30 13:30,2026-07-30,ANKARA,1,1,1,226482,14:00,29.4,2,KING SHELBY,10.3,2.34,0
2026-07-30 13:30,2026-07-30,ANKARA,1,1,1,226482,14:00,29.4,3,VICENTE CALDERON,8.25,6.76,0
2026-07-30 13:30,2026-07-30,ANKARA,1,1,1,226482,14:00,29.4,4,LEVERO,3.95,26.17,0
2026-07-30 13:30,2026-07-30,ANKARA,1,1,1,226482,14:00,29.4,5,FASTEST ÇINAR,6.85,11.88,0
2026-07-30 13:30,2026-07-30,ANKARA,1,1,1,226482,14:00,29.4,6,TIWAZ,10.5,8.34,0
2026-07-30 13:30,2026-07-30,ANKARA,1,1,1,226482,14:00,29.4,7,CİRCE KIZI,8.95,5.16,0
2026-07-30 13:30,2026-07-30,ANKARA,1,1,1,226482,14:00,29.4,8,SPIC AND SPAN,3.6,21.67,0
2026-07-30 13:45,2026-07-30,ANKARA,1,1,1,226482,14:00,14.9,1,GENERAL SHERMAN,4.1,17.87,0
2026-07-30 13:45,2026-07-30,ANKARA,1,1,1,226482,14:00,14.9,2,KING SHELBY,10.3,2.21,0
2026-07-30 13:45,2026-07-30,ANKARA,1,1,1,226482,14:00,14.9,3,VICENTE CALDERON,8.95,6.67,0
2026-07-30 13:45,2026-07-30,ANKARA,1,1,1,226482,14:00,14.9,4,LEVERO,3.85,26.01,0
2026-07-30 13:45,2026-07-30,ANKARA,1,1,1,226482,14:00,14.9,5,FASTEST ÇINAR,6.85,11.92,0
2026-07-30 13:45,2026-07-30,ANKARA,1,1,1,226482,14:00,14.9,6,TIWAZ,10.15,8.7,0
2026-07-30 13:45,2026-07-30,ANKARA,1,1,1,226482,14:00,14.9,7,CİRCE KIZI,6.45,5.12,0
2026-07-30 13:45,2026-07-30,ANKARA,1,1,1,226482,14:00,14.9,8,SPIC AND SPAN,4.4,21.5,0
2026-07-30 13:45,2026-07-30,ANKARA,1,2,2,226484,14:30,44.9,1,DEMİR BARBAR,,1.98,1
2026-07-30 13:45,2026-07-30,ANKARA,1,2,2,226484,14:30,44.9,2,OLGUN VEDAT,9.15,5.39,0
2026-07-30 13:45,2026-07-30,ANKARA,1,2,2,226484,14:30,44.9,3,ALÜNLÜHAT,11.5,8.74,0
2026-07-30 13:45,2026-07-30,ANKARA,1,2,2,226484,14:30,44.9,4,KATICESUR,4.65,14.35,0
2026-07-30 13:45,2026-07-30,ANKARA,1,2,2,226484,14:30,44.9,5,SERDENİZ,4.25,25.91,0
2026-07-30 13:45,2026-07-30,ANKARA,1,2,2,226484,14:30,44.9,6,AKSU EFE,2.55,19.96,0
2026-07-30 13:45,2026-07-30,ANKARA,1,2,2,226484,14:30,44.9,7,KÜÇÜKCEVER,19.55,2.38,0
2026-07-30 13:45,2026-07-30,ANKARA,1,2,2,226484,14:30,44.9,8,ALŞUBATHAN,28.35,2.36,0
2026-07-30 13:45,2026-07-30,ANKARA,1,2,2,226484,14:30,44.9,9,YÜCEOĞUL,4.6,18.94,0
2026-07-30 14:00,2026-07-30,ANKARA,1,2,2,226484,14:30,29.3,1,DEMİR BARBAR,,1.12,1
2026-07-30 14:00,2026-07-30,ANKARA,1,2,2,226484,14:30,29.3,2,OLGUN VEDAT,2.15,5.53,0
2026-07-30 14:00,2026-07-30,ANKARA,1,2,2,226484,14:30,29.3,3,ALÜNLÜHAT,8.1,8.99,0
2026-07-30 14:00,2026-07-30,ANKARA,1,2,2,226484,14:30,29.3,4,KATICESUR,7.35,14.31,0
2026-07-30 14:00,2026-07-30,ANKARA,1,2,2,226484,14:30,29.3,5,SERDENİZ,6.35,25.1,0
2026-07-30 14:00,2026-07-30,ANKARA,1,2,2,226484,14:30,29.3,6,AKSU EFE,4.15,20.94,0
2026-07-30 14:00,2026-07-30,ANKARA,1,2,2,226484,14:30,29.3,7,KÜÇÜKCEVER,26.3,2.51,0
2026-07-30 14:00,2026-07-30,ANKARA,1,2,2,226484,14:30,29.3,8,ALŞUBATHAN,34.9,2.47,0
2026-07-30 14:00,2026-07-30,ANKARA,1,2,2,226484,14:30,29.3,9,YÜCEOĞUL,6.65,19.03,0
2026-07-30 14:15,2026-07-30,ANKARA,1,2,2,226484,14:30,14.9,1,DEMİR BARBAR,,1.04,1
2026-07-30 14:15,2026-07-30,ANKARA,1,2,2,226484,14:30,14.9,2,OLGUN VEDAT,11.7,5.54,0
2026-07-30 14:15,2026-07-30,ANKARA,1,2,2,226484,14:30,14.9,3,ALÜNLÜHAT,8.1,8.95,0
2026-07-30 14:15,2026-07-30,ANKARA,1,2,2,226484,14:30,14.9,4,KATICESUR,5.4,14.31,0
2026-07-30 14:15,2026-07-30,ANKARA,1,2,2,226484,14:30,14.9,5,SERDENİZ,4.5,25.02,0
2026-07-30 14:15,2026-07-30,ANKARA,1,2,2,226484,14:30,14.9,6,AKSU EFE,3.35,21.01,0
2026-07-30 14:15,2026-07-30,ANKARA,1,2,2,226484,14:30,14.9,7,KÜÇÜKCEVER,17.1,2.56,0
2026-07-30 14:15,2026-07-30,ANKARA,1,2,2,226484,14:30,14.9,8,ALŞUBATHAN,22.7,2.52,0
2026-07-30 14:15,2026-07-30,ANKARA,1,2,2,226484,14:30,14.9,9,YÜCEOĞUL,3.05,19.04,0
2026-07-30 14:15,2026-07-30,ANKARA,1,3,3,226473,15:00,44.9,1,AFAMIA,1.5,7.19,0
2026-07-30 14:15,2026-07-30,ANKARA,1,3,3,226473,15:00,44.9,2,EL NACHO,5.35,29.6,0
2026-07-30 14:15,2026-07-30,ANKARA,1,3,3,226473,15:00,44.9,3,SİNDİRELLA,1.5,37.02,0
2026-07-30 14:15,2026-07-30,ANKARA,1,3,3,226473,15:00,44.9,4,ADALINEBOWMAN,12.95,4.08,0
2026-07-30 14:15,2026-07-30,ANKARA,1,3,3,226473,15:00,44.9,5,BANDIDITA,,0.03,1
2026-07-30 14:15,2026-07-30,ANKARA,1,3,3,226473,15:00,44.9,6,LA MUNECA,3.55,20.15,0
2026-07-30 14:15,2026-07-30,ANKARA,1,3,3,226473,15:00,44.9,7,SON DOONG,,0.16,1
2026-07-30 14:15,2026-07-30,ANKARA,1,3,3,226473,15:00,44.9,8,TROPHY GIRL,7.8,1.76,0
2026-07-30 14:30,2026-07-30,ANKARA,1,3,3,226473,15:00,29.1,1,AFAMIA,1.05,7.19,0
2026-07-30 14:30,2026-07-30,ANKARA,1,3,3,226473,15:00,29.1,2,EL NACHO,21.75,29.6,0
2026-07-30 14:30,2026-07-30,ANKARA,1,3,3,226473,15:00,29.1,3,SİNDİRELLA,1.05,37.02,0
2026-07-30 14:30,2026-07-30,ANKARA,1,3,3,226473,15:00,29.1,4,ADALINEBOWMAN,48.5,4.08,0
2026-07-30 14:30,2026-07-30,ANKARA,1,3,3,226473,15:00,29.1,5,BANDIDITA,,0.03,1
2026-07-30 14:30,2026-07-30,ANKARA,1,3,3,226473,15:00,29.1,6,LA MUNECA,15.9,20.15,0
2026-07-30 14:30,2026-07-30,ANKARA,1,3,3,226473,15:00,29.1,7,SON DOONG,,0.16,1
2026-07-30 14:30,2026-07-30,ANKARA,1,3,3,226473,15:00,29.1,8,TROPHY GIRL,31.5,1.76,0
2026-07-30 14:45,2026-07-30,ANKARA,1,3,3,226473,15:00,14.9,1,AFAMIA,1.15,7.19,0
2026-07-30 14:45,2026-07-30,ANKARA,1,3,3,226473,15:00,14.9,2,EL NACHO,5.3,29.6,0
2026-07-30 14:45,2026-07-30,ANKARA,1,3,3,226473,15:00,14.9,3,SİNDİRELLA,1.15,37.02,0
2026-07-30 14:45,2026-07-30,ANKARA,1,3,3,226473,15:00,14.9,4,ADALINEBOWMAN,13.8,4.08,0
2026-07-30 14:45,2026-07-30,ANKARA,1,3,3,226473,15:00,14.9,5,BANDIDITA,,0.03,1
2026-07-30 14:45,2026-07-30,ANKARA,1,3,3,226473,15:00,14.9,6,LA MUNECA,5.7,20.15,0
2026-07-30 14:45,2026-07-30,ANKARA,1,3,3,226473,15:00,14.9,7,SON DOONG,,0.16,1
2026-07-30 14:45,2026-07-30,ANKARA,1,3,3,226473,15:00,14.9,8,TROPHY GIRL,21.55,1.76,0
2026-07-30 14:45,2026-07-30,ANKARA,2,1,4,226483,15:30,44.9,1,EŞAY,12.5,9.93,0
2026-07-30 14:45,2026-07-30,ANKARA,2,1,4,226483,15:30,44.9,2,SAKARBAŞI KIZI,22.75,1.65,0
2026-07-30 14:45,2026-07-30,ANKARA,2,1,4,226483,15:30,44.9,3,DEDEBATUR,7.65,22.39,0
2026-07-30 14:45,2026-07-30,ANKARA,2,1,4,226483,15:30,44.9,4,RİBARO,6.9,11.54,0
2026-07-30 14:45,2026-07-30,ANKARA,2,1,4,226483,15:30,44.9,5,AKAR EDA,22.45,0.94,0
2026-07-30 14:45,2026-07-30,ANKARA,2,1,4,226483,15:30,44.9,6,TAŞPINAR,9.65,3.0,0
2026-07-30 14:45,2026-07-30,ANKARA,2,1,4,226483,15:30,44.9,7,ATLI FIRTINA,3.8,20.83,0
2026-07-30 14:45,2026-07-30,ANKARA,2,1,4,226483,15:30,44.9,8,BAY UTKU,4.1,14.74,0
2026-07-30 14:45,2026-07-30,ANKARA,2,1,4,226483,15:30,44.9,9,GAZNELİ,9.0,5.29,0
2026-07-30 14:45,2026-07-30,ANKARA,2,1,4,226483,15:30,44.9,10,VETCİHAN,34.8,0.74,0
2026-07-30 14:45,2026-07-30,ANKARA,2,1,4,226483,15:30,44.9,11,BÜYÜKATAK,9.6,8.29,0
2026-07-30 14:45,2026-07-30,ANKARA,2,1,4,226483,15:30,44.9,12,ÇÖL KRALİÇESİ,26.6,0.66,0
2026-07-30 15:01,2026-07-30,ANKARA,2,1,4,226483,15:30,29.0,1,EŞAY,11.4,9.93,0
2026-07-30 15:01,2026-07-30,ANKARA,2,1,4,226483,15:30,29.0,2,SAKARBAŞI KIZI,21.6,1.65,0
2026-07-30 15:01,2026-07-30,ANKARA,2,1,4,226483,15:30,29.0,3,DEDEBATUR,4.7,22.39,0
2026-07-30 15:01,2026-07-30,ANKARA,2,1,4,226483,15:30,29.0,4,RİBARO,9.05,11.54,0
2026-07-30 15:01,2026-07-30,ANKARA,2,1,4,226483,15:30,29.0,5,AKAR EDA,27.7,0.94,0
2026-07-30 15:01,2026-07-30,ANKARA,2,1,4,226483,15:30,29.0,6,TAŞPINAR,5.6,3.0,0
2026-07-30 15:01,2026-07-30,ANKARA,2,1,4,226483,15:30,29.0,7,ATLI FIRTINA,5.0,20.83,0
2026-07-30 15:01,2026-07-30,ANKARA,2,1,4,226483,15:30,29.0,8,BAY UTKU,4.8,14.74,0
2026-07-30 15:01,2026-07-30,ANKARA,2,1,4,226483,15:30,29.0,9,GAZNELİ,10.95,5.29,0
2026-07-30 15:01,2026-07-30,ANKARA,2,1,4,226483,15:30,29.0,10,VETCİHAN,41.5,0.74,0
2026-07-30 15:01,2026-07-30,ANKARA,2,1,4,226483,15:30,29.0,11,BÜYÜKATAK,9.2,8.29,0
2026-07-30 15:01,2026-07-30,ANKARA,2,1,4,226483,15:30,29.0,12,ÇÖL KRALİÇESİ,28.65,0.66,0
2026-07-30 15:45,2026-07-30,ANKARA,2,2,5,226480,16:00,14.9,1,KİNJAL,5.15,10.09,0
2026-07-30 15:45,2026-07-30,ANKARA,2,2,5,226480,16:00,14.9,2,STORM BLOOD,6.3,16.14,0
2026-07-30 15:45,2026-07-30,ANKARA,2,2,5,226480,16:00,14.9,3,KING DAVUT,6.05,20.57,0
2026-07-30 15:45,2026-07-30,ANKARA,2,2,5,226480,16:00,14.9,4,WE ARE THE BEST,9.25,23.06,0
2026-07-30 15:45,2026-07-30,ANKARA,2,2,5,226480,16:00,14.9,5,EL VERDUGO,4.0,8.69,0
2026-07-30 15:45,2026-07-30,ANKARA,2,2,5,226480,16:00,14.9,6,QUEIMADA GRANDE,7.0,6.23,0
2026-07-30 15:45,2026-07-30,ANKARA,2,2,5,226480,16:00,14.9,7,MON BİJOU,6.25,7.11,0
2026-07-30 15:45,2026-07-30,ANKARA,2,2,5,226480,16:00,14.9,8,TARCAN BABA,9.55,7.07,0
2026-07-30 15:45,2026-07-30,ANKARA,2,2,5,226480,16:00,14.9,9,BABİLİ,17.75,1.05,0
2026-07-30 15:45,2026-07-30,ANKARA,2,3,6,226477,16:30,44.9,1,LION TOMO,12.15,4.79,0
2026-07-30 15:45,2026-07-30,ANKARA,2,3,6,226477,16:30,44.9,2,KUBAT KASIRGASI,90.85,0.75,0
2026-07-30 15:45,2026-07-30,ANKARA,2,3,6,226477,16:30,44.9,3,ZAGROS RÜZGARI,7.25,10.69,0
2026-07-30 15:45,2026-07-30,ANKARA,2,3,6,226477,16:30,44.9,4,DARK VEYRON,10.8,10.33,0
2026-07-30 15:45,2026-07-30,ANKARA,2,3,6,226477,16:30,44.9,5,GOLDMAN,16.45,12.23,0
2026-07-30 15:45,2026-07-30,ANKARA,2,3,6,226477,16:30,44.9,6,NEJDET BAŞKAN,11.3,2.51,0
2026-07-30 15:45,2026-07-30,ANKARA,2,3,6,226477,16:30,44.9,7,SHAWSHANK,16.3,2.82,0
2026-07-30 15:45,2026-07-30,ANKARA,2,3,6,226477,16:30,44.9,8,KING LUTHER,1.45,53.31,0
2026-07-30 15:45,2026-07-30,ANKARA,2,3,6,226477,16:30,44.9,9,MY SON BERA,13.7,1.06,0
2026-07-30 15:45,2026-07-30,ANKARA,2,3,6,226477,16:30,44.9,10,RESTAURADORES,17.8,1.5,0
2026-07-30 16:00,2026-07-30,ANKARA,2,3,6,226477,16:30,29.4,1,LION TOMO,13.65,4.79,0
2026-07-30 16:00,2026-07-30,ANKARA,2,3,6,226477,16:30,29.4,2,KUBAT KASIRGASI,71.3,0.75,0
2026-07-30 16:00,2026-07-30,ANKARA,2,3,6,226477,16:30,29.4,3,ZAGROS RÜZGARI,7.65,10.69,0
2026-07-30 16:00,2026-07-30,ANKARA,2,3,6,226477,16:30,29.4,4,DARK VEYRON,12.7,10.33,0
2026-07-30 16:00,2026-07-30,ANKARA,2,3,6,226477,16:30,29.4,5,GOLDMAN,9.5,12.23,0
2026-07-30 16:00,2026-07-30,ANKARA,2,3,6,226477,16:30,29.4,6,NEJDET BAŞKAN,11.65,2.51,0
2026-07-30 16:00,2026-07-30,ANKARA,2,3,6,226477,16:30,29.4,7,SHAWSHANK,21.0,2.82,0
2026-07-30 16:00,2026-07-30,ANKARA,2,3,6,226477,16:30,29.4,8,KING LUTHER,1.85,53.31,0
2026-07-30 16:00,2026-07-30,ANKARA,2,3,6,226477,16:30,29.4,9,MY SON BERA,6.0,1.06,0
2026-07-30 16:00,2026-07-30,ANKARA,2,3,6,226477,16:30,29.4,10,RESTAURADORES,10.15,1.5,0
2026-07-30 16:00,2026-07-30,KOCAELI,1,1,1,226486,16:45,44.4,1,ASLAN SAİM,6.1,17.59,0
2026-07-30 16:00,2026-07-30,KOCAELI,1,1,1,226486,16:45,44.4,2,EUROFIGHTER,6.35,8.43,0
2026-07-30 16:00,2026-07-30,KOCAELI,1,1,1,226486,16:45,44.4,3,HAMMERWICH,30.5,5.58,0
2026-07-30 16:00,2026-07-30,KOCAELI,1,1,1,226486,16:45,44.4,4,VENUS DOOM,12.3,24.2,0
2026-07-30 16:00,2026-07-30,KOCAELI,1,1,1,226486,16:45,44.4,5,MISS CALIFORNIA,9.6,3.02,0
2026-07-30 16:00,2026-07-30,KOCAELI,1,1,1,226486,16:45,44.4,6,RAIN BEAUTY,12.95,7.79,0
2026-07-30 16:00,2026-07-30,KOCAELI,1,1,1,226486,16:45,44.4,7,KING MAHİR,13.25,19.81,0
2026-07-30 16:00,2026-07-30,KOCAELI,1,1,1,226486,16:45,44.4,8,HAÇOVALI,2.65,5.6,0
2026-07-30 16:00,2026-07-30,KOCAELI,1,1,1,226486,16:45,44.4,9,BIG RUGGED,10.15,2.25,0
2026-07-30 16:00,2026-07-30,KOCAELI,1,1,1,226486,16:45,44.4,10,HAŞARI,10.9,5.15,0
2026-07-30 16:00,2026-07-30,KOCAELI,1,1,1,226486,16:45,44.4,11,ŞIBLE ŞAVKO,12.9,0.58,0
2026-07-30 16:15,2026-07-30,ANKARA,2,3,6,226477,16:30,14.4,1,LION TOMO,8.35,4.79,0
2026-07-30 16:15,2026-07-30,ANKARA,2,3,6,226477,16:30,14.4,2,KUBAT KASIRGASI,71.8,0.75,0
2026-07-30 16:15,2026-07-30,ANKARA,2,3,6,226477,16:30,14.4,3,ZAGROS RÜZGARI,6.95,10.69,0
2026-07-30 16:15,2026-07-30,ANKARA,2,3,6,226477,16:30,14.4,4,DARK VEYRON,3.55,10.33,0
2026-07-30 16:15,2026-07-30,ANKARA,2,3,6,226477,16:30,14.4,5,GOLDMAN,9.2,12.23,0
2026-07-30 16:15,2026-07-30,ANKARA,2,3,6,226477,16:30,14.4,6,NEJDET BAŞKAN,9.3,2.51,0
2026-07-30 16:15,2026-07-30,ANKARA,2,3,6,226477,16:30,14.4,7,SHAWSHANK,21.45,2.82,0
2026-07-30 16:15,2026-07-30,ANKARA,2,3,6,226477,16:30,14.4,8,KING LUTHER,2.5,53.31,0
2026-07-30 16:15,2026-07-30,ANKARA,2,3,6,226477,16:30,14.4,9,MY SON BERA,15.15,1.06,0
2026-07-30 16:15,2026-07-30,ANKARA,2,3,6,226477,16:30,14.4,10,RESTAURADORES,19.15,1.5,0
2026-07-30 16:15,2026-07-30,ANKARA,2,4,7,226479,17:00,44.4,1,DRAGON FORCE,2.45,,0
2026-07-30 16:15,2026-07-30,ANKARA,2,4,7,226479,17:00,44.4,2,BROARTS,2.4,,0
2026-07-30 16:15,2026-07-30,ANKARA,2,4,7,226479,17:00,44.4,3,TYWIN LANNISTER,12.0,,0
2026-07-30 16:15,2026-07-30,ANKARA,2,4,7,226479,17:00,44.4,4,BOUCHERON,7.1,,0
2026-07-30 16:15,2026-07-30,ANKARA,2,4,7,226479,17:00,44.4,5,RAYMOND REDDINGTON,6.2,,0
2026-07-30 16:15,2026-07-30,ANKARA,2,4,7,226479,17:00,44.4,6,VICTORY WALTZ,7.5,,0
2026-07-30 16:15,2026-07-30,KOCAELI,1,1,1,226486,16:45,29.4,1,ASLAN SAİM,5.85,17.57,0
2026-07-30 16:15,2026-07-30,KOCAELI,1,1,1,226486,16:45,29.4,2,EUROFIGHTER,7.9,8.46,0
2026-07-30 16:15,2026-07-30,KOCAELI,1,1,1,226486,16:45,29.4,3,HAMMERWICH,44.85,5.45,0
2026-07-30 16:15,2026-07-30,KOCAELI,1,1,1,226486,16:45,29.4,4,VENUS DOOM,10.9,23.94,0
2026-07-30 16:15,2026-07-30,KOCAELI,1,1,1,226486,16:45,29.4,5,MISS CALIFORNIA,13.15,2.88,0
2026-07-30 16:15,2026-07-30,KOCAELI,1,1,1,226486,16:45,29.4,6,RAIN BEAUTY,17.35,7.7,0
2026-07-30 16:15,2026-07-30,KOCAELI,1,1,1,226486,16:45,29.4,7,KING MAHİR,7.3,19.6,0
2026-07-30 16:15,2026-07-30,KOCAELI,1,1,1,226486,16:45,29.4,8,HAÇOVALI,3.8,5.69,0
2026-07-30 16:15,2026-07-30,KOCAELI,1,1,1,226486,16:45,29.4,9,BIG RUGGED,13.85,2.36,0
2026-07-30 16:15,2026-07-30,KOCAELI,1,1,1,226486,16:45,29.4,10,HAŞARI,3.7,5.84,0
2026-07-30 16:15,2026-07-30,KOCAELI,1,1,1,226486,16:45,29.4,11,ŞIBLE ŞAVKO,19.0,0.51,0
2026-07-30 16:30,2026-07-30,ANKARA,2,4,7,226479,17:00,29.4,1,DRAGON FORCE,2.6,,0
2026-07-30 16:30,2026-07-30,ANKARA,2,4,7,226479,17:00,29.4,2,BROARTS,2.5,,0
2026-07-30 16:30,2026-07-30,ANKARA,2,4,7,226479,17:00,29.4,3,TYWIN LANNISTER,8.25,,0
2026-07-30 16:30,2026-07-30,ANKARA,2,4,7,226479,17:00,29.4,4,BOUCHERON,7.5,,0
2026-07-30 16:30,2026-07-30,ANKARA,2,4,7,226479,17:00,29.4,5,RAYMOND REDDINGTON,6.35,,0
2026-07-30 16:30,2026-07-30,ANKARA,2,4,7,226479,17:00,29.4,6,VICTORY WALTZ,7.05,,0
2026-07-30 16:30,2026-07-30,KOCAELI,1,1,1,226486,16:45,14.4,1,ASLAN SAİM,6.75,18.31,0
2026-07-30 16:30,2026-07-30,KOCAELI,1,1,1,226486,16:45,14.4,2,EUROFIGHTER,8.35,8.63,0
2026-07-30 16:30,2026-07-30,KOCAELI,1,1,1,226486,16:45,14.4,3,HAMMERWICH,50.55,5.05,0
2026-07-30 16:30,2026-07-30,KOCAELI,1,1,1,226486,16:45,14.4,4,VENUS DOOM,11.6,23.67,0
2026-07-30 16:30,2026-07-30,KOCAELI,1,1,1,226486,16:45,14.4,5,MISS CALIFORNIA,12.6,2.74,0
2026-07-30 16:30,2026-07-30,KOCAELI,1,1,1,226486,16:45,14.4,6,RAIN BEAUTY,19.85,7.35,0
2026-07-30 16:30,2026-07-30,KOCAELI,1,1,1,226486,16:45,14.4,7,KING MAHİR,4.85,19.42,0
2026-07-30 16:30,2026-07-30,KOCAELI,1,1,1,226486,16:45,14.4,8,HAÇOVALI,3.95,5.39,0
2026-07-30 16:30,2026-07-30,KOCAELI,1,1,1,226486,16:45,14.4,9,BIG RUGGED,11.45,2.47,0
2026-07-30 16:30,2026-07-30,KOCAELI,1,1,1,226486,16:45,14.4,10,HAŞARI,4.1,6.45,0
2026-07-30 16:30,2026-07-30,KOCAELI,1,1,1,226486,16:45,14.4,11,ŞIBLE ŞAVKO,21.7,0.52,0
2026-07-30 16:30,2026-07-30,KOCAELI,1,2,2,226474,17:15,44.4,1,HUAYRA,25.35,0.71,0
2026-07-30 16:30,2026-07-30,KOCAELI,1,2,2,226474,17:15,44.4,2,SHAREHOLDER,8.15,11.25,0
2026-07-30 16:30,2026-07-30,KOCAELI,1,2,2,226474,17:15,44.4,3,CALIFORNIA FIRE,4.55,17.3,0
2026-07-30 16:30,2026-07-30,KOCAELI,1,2,2,226474,17:15,44.4,4,BUSINESS,18.3,0.78,0
2026-07-30 16:30,2026-07-30,KOCAELI,1,2,2,226474,17:15,44.4,5,CHİCO LOCO,14.05,9.99,0
2026-07-30 16:30,2026-07-30,KOCAELI,1,2,2,226474,17:15,44.4,6,ÇAKÇİTOS,6.95,2.77,0
2026-07-30 16:30,2026-07-30,KOCAELI,1,2,2,226474,17:15,44.4,7,NORTH DANCER,49.55,4.9,0
2026-07-30 16:30,2026-07-30,KOCAELI,1,2,2,226474,17:15,44.4,8,RUS FARUK,12.6,20.55,0
2026-07-30 16:30,2026-07-30,KOCAELI,1,2,2,226474,17:15,44.4,9,UMUTLU TAY,14.3,0.67,0
2026-07-30 16:30,2026-07-30,KOCAELI,1,2,2,226474,17:15,44.4,10,FINALLY IDYLL,12.6,1.81,0
2026-07-30 16:30,2026-07-30,KOCAELI,1,2,2,226474,17:15,44.4,11,HEAVEN LIGHT,6.6,19.43,0
2026-07-30 16:30,2026-07-30,KOCAELI,1,2,2,226474,17:15,44.4,12,CRAZY RIVER,25.35,2.29,0
2026-07-30 16:30,2026-07-30,KOCAELI,1,2,2,226474,17:15,44.4,13,GIPSY THUNDER,7.5,1.97,0
2026-07-30 16:30,2026-07-30,KOCAELI,1,2,2,226474,17:15,44.4,14,LAST CHANCE GIRL,17.15,0.27,0
2026-07-30 16:30,2026-07-30,KOCAELI,1,2,2,226474,17:15,44.4,15,SELLYGIRL,17.4,1.47,0
2026-07-30 16:30,2026-07-30,KOCAELI,1,2,2,226474,17:15,44.4,16,ZELİNDA,12.8,3.86,0
2026-07-30 16:45,2026-07-30,ANKARA,2,4,7,226479,17:00,14.4,1,DRAGON FORCE,5.2,,0
2026-07-30 16:45,2026-07-30,ANKARA,2,4,7,226479,17:00,14.4,2,BROARTS,1.7,,0
2026-07-30 16:45,2026-07-30,ANKARA,2,4,7,226479,17:00,14.4,3,TYWIN LANNISTER,6.85,,0
2026-07-30 16:45,2026-07-30,ANKARA,2,4,7,226479,17:00,14.4,4,BOUCHERON,5.0,,0
2026-07-30 16:45,2026-07-30,ANKARA,2,4,7,226479,17:00,14.4,5,RAYMOND REDDINGTON,10.55,,0
2026-07-30 16:45,2026-07-30,ANKARA,2,4,7,226479,17:00,14.4,6,VICTORY WALTZ,7.85,,0
2026-07-30 16:45,2026-07-30,ANKARA,2,5,8,226472,17:30,44.4,1,MEYDAN OKU,3.0,,0
2026-07-30 16:45,2026-07-30,ANKARA,2,5,8,226472,17:30,44.4,2,MYSTIQUE GRAY,6.15,,0
2026-07-30 16:45,2026-07-30,ANKARA,2,5,8,226472,17:30,44.4,3,YELLOW LION,13.8,,0
2026-07-30 16:45,2026-07-30,ANKARA,2,5,8,226472,17:30,44.4,4,DELICIAS TURCAS,12.55,,0
2026-07-30 16:45,2026-07-30,ANKARA,2,5,8,226472,17:30,44.4,5,FIRE OF VALERIA,9.4,,0
2026-07-30 16:45,2026-07-30,ANKARA,2,5,8,226472,17:30,44.4,6,COSE DELLA VITA,6.15,,0
2026-07-30 16:45,2026-07-30,ANKARA,2,5,8,226472,17:30,44.4,7,LAGIOIA,10.15,,0
2026-07-30 16:45,2026-07-30,ANKARA,2,5,8,226472,17:30,44.4,8,NOVİ PAZAR,5.4,,0
2026-07-30 16:45,2026-07-30,ANKARA,2,5,8,226472,17:30,44.4,9,POTOCHNITSA,7.15,,0
2026-07-30 16:45,2026-07-30,KOCAELI,1,2,2,226474,17:15,29.4,1,HUAYRA,25.95,0.63,0
2026-07-30 16:45,2026-07-30,KOCAELI,1,2,2,226474,17:15,29.4,2,SHAREHOLDER,8.35,11.07,0
2026-07-30 16:45,2026-07-30,KOCAELI,1,2,2,226474,17:15,29.4,3,CALIFORNIA FIRE,4.7,16.91,0
2026-07-30 16:45,2026-07-30,KOCAELI,1,2,2,226474,17:15,29.4,4,BUSINESS,18.75,0.86,0
2026-07-30 16:45,2026-07-30,KOCAELI,1,2,2,226474,17:15,29.4,5,CHİCO LOCO,14.4,10.68,0
2026-07-30 16:45,2026-07-30,KOCAELI,1,2,2,226474,17:15,29.4,6,ÇAKÇİTOS,7.1,2.86,0
2026-07-30 16:45,2026-07-30,KOCAELI,1,2,2,226474,17:15,29.4,7,NORTH DANCER,41.3,5.84,0
2026-07-30 16:45,2026-07-30,KOCAELI,1,2,2,226474,17:15,29.4,8,RUS FARUK,12.9,19.98,0
2026-07-30 16:45,2026-07-30,KOCAELI,1,2,2,226474,17:15,29.4,9,UMUTLU TAY,13.75,0.62,0
2026-07-30 16:45,2026-07-30,KOCAELI,1,2,2,226474,17:15,29.4,10,FINALLY IDYLL,12.9,1.49,0
2026-07-30 16:45,2026-07-30,KOCAELI,1,2,2,226474,17:15,29.4,11,HEAVEN LIGHT,6.6,18.77,0
2026-07-30 16:45,2026-07-30,KOCAELI,1,2,2,226474,17:15,29.4,12,CRAZY RIVER,23.25,2.21,0
2026-07-30 16:45,2026-07-30,KOCAELI,1,2,2,226474,17:15,29.4,13,GIPSY THUNDER,7.45,2.12,0
2026-07-30 16:45,2026-07-30,KOCAELI,1,2,2,226474,17:15,29.4,14,LAST CHANCE GIRL,16.25,0.24,0
2026-07-30 16:45,2026-07-30,KOCAELI,1,2,2,226474,17:15,29.4,15,SELLYGIRL,17.85,1.42,0
2026-07-30 16:45,2026-07-30,KOCAELI,1,2,2,226474,17:15,29.4,16,ZELİNDA,12.4,4.31,0
2026-07-30 17:00,2026-07-30,ANKARA,2,5,8,226472,17:30,29.4,1,MEYDAN OKU,3.25,,0
2026-07-30 17:00,2026-07-30,ANKARA,2,5,8,226472,17:30,29.4,2,MYSTIQUE GRAY,4.2,,0
2026-07-30 17:00,2026-07-30,ANKARA,2,5,8,226472,17:30,29.4,3,YELLOW LION,5.1,,0
2026-07-30 17:00,2026-07-30,ANKARA,2,5,8,226472,17:30,29.4,4,DELICIAS TURCAS,16.0,,0
2026-07-30 17:00,2026-07-30,ANKARA,2,5,8,226472,17:30,29.4,5,FIRE OF VALERIA,12.5,,0
2026-07-30 17:00,2026-07-30,ANKARA,2,5,8,226472,17:30,29.4,6,COSE DELLA VITA,7.7,,0
2026-07-30 17:00,2026-07-30,ANKARA,2,5,8,226472,17:30,29.4,7,LAGIOIA,13.85,,0
2026-07-30 17:00,2026-07-30,ANKARA,2,5,8,226472,17:30,29.4,8,NOVİ PAZAR,7.4,,0
2026-07-30 17:00,2026-07-30,ANKARA,2,5,8,226472,17:30,29.4,9,POTOCHNITSA,8.6,,0
2026-07-30 17:00,2026-07-30,KOCAELI,1,2,2,226474,17:15,14.4,1,HUAYRA,30.7,0.6,0
2026-07-30 17:00,2026-07-30,KOCAELI,1,2,2,226474,17:15,14.4,2,SHAREHOLDER,13.6,11.08,0
2026-07-30 17:00,2026-07-30,KOCAELI,1,2,2,226474,17:15,14.4,3,CALIFORNIA FIRE,5.1,16.82,0
2026-07-30 17:00,2026-07-30,KOCAELI,1,2,2,226474,17:15,14.4,4,BUSINESS,30.7,0.82,0
2026-07-30 17:00,2026-07-30,KOCAELI,1,2,2,226474,17:15,14.4,5,CHİCO LOCO,19.5,10.88,0
2026-07-30 17:00,2026-07-30,KOCAELI,1,2,2,226474,17:15,14.4,6,ÇAKÇİTOS,11.75,2.8,0
2026-07-30 17:00,2026-07-30,KOCAELI,1,2,2,226474,17:15,14.4,7,NORTH DANCER,43.55,6.48,0
2026-07-30 17:00,2026-07-30,KOCAELI,1,2,2,226474,17:15,14.4,8,RUS FARUK,13.45,19.73,0
2026-07-30 17:00,2026-07-30,KOCAELI,1,2,2,226474,17:15,14.4,9,UMUTLU TAY,25.7,0.64,0
2026-07-30 17:00,2026-07-30,KOCAELI,1,2,2,226474,17:15,14.4,10,FINALLY IDYLL,13.45,1.47,0
2026-07-30 17:00,2026-07-30,KOCAELI,1,2,2,226474,17:15,14.4,11,HEAVEN LIGHT,2.15,18.25,0
2026-07-30 17:00,2026-07-30,KOCAELI,1,2,2,226474,17:15,14.4,12,CRAZY RIVER,30.5,2.16,0
2026-07-30 17:00,2026-07-30,KOCAELI,1,2,2,226474,17:15,14.4,13,GIPSY THUNDER,13.6,2.1,0
2026-07-30 17:00,2026-07-30,KOCAELI,1,2,2,226474,17:15,14.4,14,LAST CHANCE GIRL,27.2,0.22,0
2026-07-30 17:00,2026-07-30,KOCAELI,1,2,2,226474,17:15,14.4,15,SELLYGIRL,33.1,1.44,0
2026-07-30 17:00,2026-07-30,KOCAELI,1,2,2,226474,17:15,14.4,16,ZELİNDA,11.1,4.5,0
2026-07-30 17:00,2026-07-30,KOCAELI,1,3,3,226488,17:45,44.4,1,YURTÇU,3.55,37.37,0
2026-07-30 17:00,2026-07-30,KOCAELI,1,3,3,226488,17:45,44.4,2,AURORA BY,4.45,25.64,0
2026-07-30 17:00,2026-07-30,KOCAELI,1,3,3,226488,17:45,44.4,3,ERYÜREKLİ,12.6,10.27,0
2026-07-30 17:00,2026-07-30,KOCAELI,1,3,3,226488,17:45,44.4,4,KRALIN OĞLU,61.9,1.08,0
2026-07-30 17:00,2026-07-30,KOCAELI,1,3,3,226488,17:45,44.4,5,GÜLGÜLAY,5.5,1.88,0
2026-07-30 17:00,2026-07-30,KOCAELI,1,3,3,226488,17:45,44.4,6,OKAYGÜN,35.8,0.4,0
2026-07-30 17:00,2026-07-30,KOCAELI,1,3,3,226488,17:45,44.4,7,İLKBAHARIM,15.3,1.11,0
2026-07-30 17:00,2026-07-30,KOCAELI,1,3,3,226488,17:45,44.4,8,UÇAN TURBOCU,4.25,18.55,0
2026-07-30 17:00,2026-07-30,KOCAELI,1,3,3,226488,17:45,44.4,9,BİLGİN GÜCÜ,5.8,1.42,0
2026-07-30 17:00,2026-07-30,KOCAELI,1,3,3,226488,17:45,44.4,10,TEYZEOĞLU,18.4,2.28,0
2026-07-30 17:15,2026-07-30,ANKARA,2,5,8,226472,17:30,14.5,1,MEYDAN OKU,3.2,,0
2026-07-30 17:15,2026-07-30,ANKARA,2,5,8,226472,17:30,14.5,2,MYSTIQUE GRAY,3.3,,0
2026-07-30 17:15,2026-07-30,ANKARA,2,5,8,226472,17:30,14.5,3,YELLOW LION,8.4,,0
2026-07-30 17:15,2026-07-30,ANKARA,2,5,8,226472,17:30,14.5,4,DELICIAS TURCAS,17.35,,0
2026-07-30 17:15,2026-07-30,ANKARA,2,5,8,226472,17:30,14.5,5,FIRE OF VALERIA,5.8,,0
2026-07-30 17:15,2026-07-30,ANKARA,2,5,8,226472,17:30,14.5,6,COSE DELLA VITA,8.8,,0
2026-07-30 17:15,2026-07-30,ANKARA,2,5,8,226472,17:30,14.5,7,LAGIOIA,23.0,,0
2026-07-30 17:15,2026-07-30,ANKARA,2,5,8,226472,17:30,14.5,8,NOVİ PAZAR,13.4,,0
2026-07-30 17:15,2026-07-30,ANKARA,2,5,8,226472,17:30,14.5,9,POTOCHNITSA,7.0,,0
2026-07-30 17:15,2026-07-30,ANKARA,2,6,9,226478,18:00,44.5,1,MARY BLACK,53.55,,0
2026-07-30 17:15,2026-07-30,ANKARA,2,6,9,226478,18:00,44.5,2,SECTUMSEMPRA,18.75,,0
2026-07-30 17:15,2026-07-30,ANKARA,2,6,9,226478,18:00,44.5,3,SYRENA,23.2,,0
2026-07-30 17:15,2026-07-30,ANKARA,2,6,9,226478,18:00,44.5,4,ALPHECCA,49.6,,0
2026-07-30 17:15,2026-07-30,ANKARA,2,6,9,226478,18:00,44.5,5,FRÜHLİNG,16.75,,0
2026-07-30 17:15,2026-07-30,ANKARA,2,6,9,226478,18:00,44.5,6,LADY GROUND,6.85,,0
2026-07-30 17:15,2026-07-30,ANKARA,2,6,9,226478,18:00,44.5,7,QUEEN AZRA,18.75,,0
2026-07-30 17:15,2026-07-30,ANKARA,2,6,9,226478,18:00,44.5,8,SILENT QUEEN,86.35,,0
2026-07-30 17:15,2026-07-30,ANKARA,2,6,9,226478,18:00,44.5,9,SILKY PEARL,1.35,,0
2026-07-30 17:15,2026-07-30,ANKARA,2,6,9,226478,18:00,44.5,10,DİNAMİT KIZ,18.95,,0
2026-07-30 17:15,2026-07-30,ANKARA,2,6,9,226478,18:00,44.5,11,RUN LOLA RUN,16.25,,0
2026-07-30 17:15,2026-07-30,ANKARA,2,6,9,226478,18:00,44.5,12,SILLAGE,39.4,,0
2026-07-30 17:15,2026-07-30,ANKARA,2,6,9,226478,18:00,44.5,13,BABY GASSAL,85.4,,0
2026-07-30 17:15,2026-07-30,ANKARA,2,6,9,226478,18:00,44.5,14,KARLOVASİ,11.2,,0
2026-07-30 17:15,2026-07-30,ANKARA,2,6,9,226478,18:00,44.5,15,KOCA ANA,380.05,,0
2026-07-30 17:15,2026-07-30,ANKARA,2,6,9,226478,18:00,44.5,16,BERRYWING,48.8,,0
2026-07-30 17:15,2026-07-30,KOCAELI,1,3,3,226488,17:45,29.5,1,YURTÇU,1.05,37.37,0
2026-07-30 17:15,2026-07-30,KOCAELI,1,3,3,226488,17:45,29.5,2,AURORA BY,11.85,25.64,0
2026-07-30 17:15,2026-07-30,KOCAELI,1,3,3,226488,17:45,29.5,3,ERYÜREKLİ,32.5,10.27,0
2026-07-30 17:15,2026-07-30,KOCAELI,1,3,3,226488,17:45,29.5,4,KRALIN OĞLU,165.5,1.08,0
2026-07-30 17:15,2026-07-30,KOCAELI,1,3,3,226488,17:45,29.5,5,GÜLGÜLAY,14.7,1.88,0
2026-07-30 17:15,2026-07-30,KOCAELI,1,3,3,226488,17:45,29.5,6,OKAYGÜN,86.7,0.4,0
2026-07-30 17:15,2026-07-30,KOCAELI,1,3,3,226488,17:45,29.5,7,İLKBAHARIM,40.9,1.11,0
2026-07-30 17:15,2026-07-30,KOCAELI,1,3,3,226488,17:45,29.5,8,UÇAN TURBOCU,10.7,18.55,0
2026-07-30 17:15,2026-07-30,KOCAELI,1,3,3,226488,17:45,29.5,9,BİLGİN GÜCÜ,15.3,1.42,0
2026-07-30 17:15,2026-07-30,KOCAELI,1,3,3,226488,17:45,29.5,10,TEYZEOĞLU,49.2,2.28,0
2026-07-30 17:30,2026-07-30,ANKARA,2,6,9,226478,18:00,29.4,1,MARY BLACK,38.25,,0
2026-07-30 17:30,2026-07-30,ANKARA,2,6,9,226478,18:00,29.4,2,SECTUMSEMPRA,18.5,,0
2026-07-30 17:30,2026-07-30,ANKARA,2,6,9,226478,18:00,29.4,3,SYRENA,15.65,,0
2026-07-30 17:30,2026-07-30,ANKARA,2,6,9,226478,18:00,29.4,4,ALPHECCA,44.6,,0
2026-07-30 17:30,2026-07-30,ANKARA,2,6,9,226478,18:00,29.4,5,FRÜHLİNG,17.35,,0
2026-07-30 17:30,2026-07-30,ANKARA,2,6,9,226478,18:00,29.4,6,LADY GROUND,7.3,,0
2026-07-30 17:30,2026-07-30,ANKARA,2,6,9,226478,18:00,29.4,7,QUEEN AZRA,18.5,,0
2026-07-30 17:30,2026-07-30,ANKARA,2,6,9,226478,18:00,29.4,8,SILENT QUEEN,68.3,,0
2026-07-30 17:30,2026-07-30,ANKARA,2,6,9,226478,18:00,29.4,9,SILKY PEARL,1.5,,0
2026-07-30 17:30,2026-07-30,ANKARA,2,6,9,226478,18:00,29.4,10,DİNAMİT KIZ,17.7,,0
2026-07-30 17:30,2026-07-30,ANKARA,2,6,9,226478,18:00,29.4,11,RUN LOLA RUN,13.15,,0
2026-07-30 17:30,2026-07-30,ANKARA,2,6,9,226478,18:00,29.4,12,SILLAGE,35.95,,0
2026-07-30 17:30,2026-07-30,ANKARA,2,6,9,226478,18:00,29.4,13,BABY GASSAL,81.85,,0
2026-07-30 17:30,2026-07-30,ANKARA,2,6,9,226478,18:00,29.4,14,KARLOVASİ,9.45,,0
2026-07-30 17:30,2026-07-30,ANKARA,2,6,9,226478,18:00,29.4,15,KOCA ANA,254.4,,0
2026-07-30 17:30,2026-07-30,ANKARA,2,6,9,226478,18:00,29.4,16,BERRYWING,47.05,,0
2026-07-30 17:30,2026-07-30,KOCAELI,1,3,3,226488,17:45,14.4,1,YURTÇU,1.05,37.37,0
2026-07-30 17:30,2026-07-30,KOCAELI,1,3,3,226488,17:45,14.4,2,AURORA BY,15.0,25.64,0
2026-07-30 17:30,2026-07-30,KOCAELI,1,3,3,226488,17:45,14.4,3,ERYÜREKLİ,23.85,10.27,0
2026-07-30 17:30,2026-07-30,KOCAELI,1,3,3,226488,17:45,14.4,4,KRALIN OĞLU,190.1,1.08,0
2026-07-30 17:30,2026-07-30,KOCAELI,1,3,3,226488,17:45,14.4,5,GÜLGÜLAY,19.3,1.88,0
2026-07-30 17:30,2026-07-30,KOCAELI,1,3,3,226488,17:45,14.4,6,OKAYGÜN,96.9,0.4,0
2026-07-30 17:30,2026-07-30,KOCAELI,1,3,3,226488,17:45,14.4,7,İLKBAHARIM,20.3,1.11,0
2026-07-30 17:30,2026-07-30,KOCAELI,1,3,3,226488,17:45,14.4,8,UÇAN TURBOCU,12.4,18.55,0
2026-07-30 17:30,2026-07-30,KOCAELI,1,3,3,226488,17:45,14.4,9,BİLGİN GÜCÜ,20.0,1.42,0
2026-07-30 17:30,2026-07-30,KOCAELI,1,3,3,226488,17:45,14.4,10,TEYZEOĞLU,16.95,2.28,0
2026-07-30 17:45,2026-07-30,ANKARA,2,6,9,226478,18:00,14.4,1,MARY BLACK,28.15,,0
2026-07-30 17:45,2026-07-30,ANKARA,2,6,9,226478,18:00,14.4,2,SECTUMSEMPRA,12.9,,0
2026-07-30 17:45,2026-07-30,ANKARA,2,6,9,226478,18:00,14.4,3,SYRENA,7.45,,0
2026-07-30 17:45,2026-07-30,ANKARA,2,6,9,226478,18:00,14.4,4,ALPHECCA,17.95,,0
2026-07-30 17:45,2026-07-30,ANKARA,2,6,9,226478,18:00,14.4,5,FRÜHLİNG,18.5,,0
2026-07-30 17:45,2026-07-30,ANKARA,2,6,9,226478,18:00,14.4,6,LADY GROUND,8.6,,0
2026-07-30 17:45,2026-07-30,ANKARA,2,6,9,226478,18:00,14.4,7,QUEEN AZRA,12.9,,0
2026-07-30 17:45,2026-07-30,ANKARA,2,6,9,226478,18:00,14.4,8,SILENT QUEEN,66.3,,0
2026-07-30 17:45,2026-07-30,ANKARA,2,6,9,226478,18:00,14.4,9,SILKY PEARL,2.05,,0
2026-07-30 17:45,2026-07-30,ANKARA,2,6,9,226478,18:00,14.4,10,DİNAMİT KIZ,10.85,,0
2026-07-30 17:45,2026-07-30,ANKARA,2,6,9,226478,18:00,14.4,11,RUN LOLA RUN,13.15,,0
2026-07-30 17:45,2026-07-30,ANKARA,2,6,9,226478,18:00,14.4,12,SILLAGE,28.5,,0
2026-07-30 17:45,2026-07-30,ANKARA,2,6,9,226478,18:00,14.4,13,BABY GASSAL,90.75,,0
2026-07-30 17:45,2026-07-30,ANKARA,2,6,9,226478,18:00,14.4,14,KARLOVASİ,8.05,,0
2026-07-30 17:45,2026-07-30,ANKARA,2,6,9,226478,18:00,14.4,15,KOCA ANA,187.6,,0
2026-07-30 17:45,2026-07-30,ANKARA,2,6,9,226478,18:00,14.4,16,BERRYWING,48.2,,0
2026-07-30 17:45,2026-07-30,KOCAELI,1,4,4,226485,18:30,44.4,1,BRAVE ATHENA,1.7,57.77,0
2026-07-30 17:45,2026-07-30,KOCAELI,1,4,4,226485,18:30,44.4,2,NOBLE CREST,2.35,27.35,0
2026-07-30 17:45,2026-07-30,KOCAELI,1,4,4,226485,18:30,44.4,3,LA PERLE RARE,50.9,2.34,0
2026-07-30 17:45,2026-07-30,KOCAELI,1,4,4,226485,18:30,44.4,4,MAYBACK,3.4,11.94,0
2026-07-30 17:45,2026-07-30,KOCAELI,1,4,4,226485,18:30,44.4,5,NEBULA STAR,84.9,0.26,0
2026-07-30 17:45,2026-07-30,KOCAELI,1,4,4,226485,18:30,44.4,6,YOU ARE GREAT,119.85,0.35,0
2026-07-30 18:00,2026-07-30,KOCAELI,1,4,4,226485,18:30,29.5,1,BRAVE ATHENA,1.8,57.77,0
2026-07-30 18:00,2026-07-30,KOCAELI,1,4,4,226485,18:30,29.5,2,NOBLE CREST,2.1,27.35,0
2026-07-30 18:00,2026-07-30,KOCAELI,1,4,4,226485,18:30,29.5,3,LA PERLE RARE,33.9,2.34,0
2026-07-30 18:00,2026-07-30,KOCAELI,1,4,4,226485,18:30,29.5,4,MAYBACK,4.1,11.94,0
2026-07-30 18:00,2026-07-30,KOCAELI,1,4,4,226485,18:30,29.5,5,NEBULA STAR,51.25,0.26,0
2026-07-30 18:00,2026-07-30,KOCAELI,1,4,4,226485,18:30,29.5,6,YOU ARE GREAT,41.45,0.35,0
2026-07-30 18:15,2026-07-30,KOCAELI,1,4,4,226485,18:30,14.7,1,BRAVE ATHENA,1.05,57.77,0
2026-07-30 18:15,2026-07-30,KOCAELI,1,4,4,226485,18:30,14.7,2,NOBLE CREST,4.4,27.35,0
2026-07-30 18:15,2026-07-30,KOCAELI,1,4,4,226485,18:30,14.7,3,LA PERLE RARE,66.0,2.34,0
2026-07-30 18:15,2026-07-30,KOCAELI,1,4,4,226485,18:30,14.7,4,MAYBACK,8.0,11.94,0
2026-07-30 18:15,2026-07-30,KOCAELI,1,4,4,226485,18:30,14.7,5,NEBULA STAR,38.25,0.26,0
2026-07-30 18:15,2026-07-30,KOCAELI,1,4,4,226485,18:30,14.7,6,YOU ARE GREAT,107.9,0.35,0
2026-07-30 18:15,2026-07-30,KOCAELI,2,1,5,226489,19:00,44.7,1,KURTATAN,11.1,25.45,0
2026-07-30 18:15,2026-07-30,KOCAELI,2,1,5,226489,19:00,44.7,2,BİZİMSOY,5.55,5.56,0
2026-07-30 18:15,2026-07-30,KOCAELI,2,1,5,226489,19:00,44.7,3,MEGAFAUNA,6.9,15.24,0
2026-07-30 18:15,2026-07-30,KOCAELI,2,1,5,226489,19:00,44.7,4,GÜMBÜR ŞAH,12.55,7.49,0
2026-07-30 18:15,2026-07-30,KOCAELI,2,1,5,226489,19:00,44.7,5,ÇERMİKŞAH,8.35,2.57,0
2026-07-30 18:15,2026-07-30,KOCAELI,2,1,5,226489,19:00,44.7,6,GÜNGELDİ AĞA,10.6,19.34,0
2026-07-30 18:15,2026-07-30,KOCAELI,2,1,5,226489,19:00,44.7,7,HEYBETLİ,5.65,4.17,0
2026-07-30 18:15,2026-07-30,KOCAELI,2,1,5,226489,19:00,44.7,8,ARLİN SU,21.0,0.69,0
2026-07-30 18:15,2026-07-30,KOCAELI,2,1,5,226489,19:00,44.7,9,PELŞİN,15.0,2.44,0
2026-07-30 18:15,2026-07-30,KOCAELI,2,1,5,226489,19:00,44.7,10,CİDE GÜLÜ,13.0,0.45,0
2026-07-30 18:15,2026-07-30,KOCAELI,2,1,5,226489,19:00,44.7,11,BERİVANCAN,6.7,8.89,0
2026-07-30 18:15,2026-07-30,KOCAELI,2,1,5,226489,19:00,44.7,12,DÜMENCAN,6.7,0.77,0
2026-07-30 18:15,2026-07-30,KOCAELI,2,1,5,226489,19:00,44.7,13,YER TİTRETEN,,0.84,1
2026-07-30 18:15,2026-07-30,KOCAELI,2,1,5,226489,19:00,44.7,14,TEKFORD ACL,9.05,6.11,0
2026-07-30 18:31,2026-07-30,KOCAELI,2,1,5,226489,19:00,28.4,1,KURTATAN,11.05,25.45,0
2026-07-30 18:31,2026-07-30,KOCAELI,2,1,5,226489,19:00,28.4,2,BİZİMSOY,7.45,5.56,0
2026-07-30 18:31,2026-07-30,KOCAELI,2,1,5,226489,19:00,28.4,3,MEGAFAUNA,7.25,15.24,0
2026-07-30 18:31,2026-07-30,KOCAELI,2,1,5,226489,19:00,28.4,4,GÜMBÜR ŞAH,7.75,7.49,0
2026-07-30 18:31,2026-07-30,KOCAELI,2,1,5,226489,19:00,28.4,5,ÇERMİKŞAH,8.95,2.57,0
2026-07-30 18:31,2026-07-30,KOCAELI,2,1,5,226489,19:00,28.4,6,GÜNGELDİ AĞA,4.6,19.34,0
2026-07-30 18:31,2026-07-30,KOCAELI,2,1,5,226489,19:00,28.4,7,HEYBETLİ,7.45,4.17,0
2026-07-30 18:31,2026-07-30,KOCAELI,2,1,5,226489,19:00,28.4,8,ARLİN SU,22.75,0.69,0
2026-07-30 18:31,2026-07-30,KOCAELI,2,1,5,226489,19:00,28.4,9,PELŞİN,16.4,2.44,0
2026-07-30 18:31,2026-07-30,KOCAELI,2,1,5,226489,19:00,28.4,10,CİDE GÜLÜ,18.25,0.45,0
2026-07-30 18:31,2026-07-30,KOCAELI,2,1,5,226489,19:00,28.4,11,BERİVANCAN,7.75,8.89,0
2026-07-30 18:31,2026-07-30,KOCAELI,2,1,5,226489,19:00,28.4,12,DÜMENCAN,7.75,0.77,0
2026-07-30 18:31,2026-07-30,KOCAELI,2,1,5,226489,19:00,28.4,13,YER TİTRETEN,,0.84,1
2026-07-30 18:31,2026-07-30,KOCAELI,2,1,5,226489,19:00,28.4,14,TEKFORD ACL,10.6,6.11,0
2026-07-30 18:45,2026-07-30,KOCAELI,2,1,5,226489,19:00,14.9,1,KURTATAN,3.55,25.45,0
2026-07-30 18:45,2026-07-30,KOCAELI,2,1,5,226489,19:00,14.9,2,BİZİMSOY,8.5,5.56,0
2026-07-30 18:45,2026-07-30,KOCAELI,2,1,5,226489,19:00,14.9,3,MEGAFAUNA,4.95,15.24,0
2026-07-30 18:45,2026-07-30,KOCAELI,2,1,5,226489,19:00,14.9,4,GÜMBÜR ŞAH,11.9,7.49,0
2026-07-30 18:45,2026-07-30,KOCAELI,2,1,5,226489,19:00,14.9,5,ÇERMİKŞAH,13.55,2.57,0
2026-07-30 18:45,2026-07-30,KOCAELI,2,1,5,226489,19:00,14.9,6,GÜNGELDİ AĞA,9.3,19.34,0
2026-07-30 18:45,2026-07-30,KOCAELI,2,1,5,226489,19:00,14.9,7,HEYBETLİ,10.7,4.17,0
2026-07-30 18:45,2026-07-30,KOCAELI,2,1,5,226489,19:00,14.9,8,ARLİN SU,16.2,0.69,0
2026-07-30 18:45,2026-07-30,KOCAELI,2,1,5,226489,19:00,14.9,9,PELŞİN,18.4,2.44,0
2026-07-30 18:45,2026-07-30,KOCAELI,2,1,5,226489,19:00,14.9,10,CİDE GÜLÜ,33.65,0.45,0
2026-07-30 18:45,2026-07-30,KOCAELI,2,1,5,226489,19:00,14.9,11,BERİVANCAN,6.45,8.89,0
2026-07-30 18:45,2026-07-30,KOCAELI,2,1,5,226489,19:00,14.9,12,DÜMENCAN,6.45,0.77,0
2026-07-30 18:45,2026-07-30,KOCAELI,2,1,5,226489,19:00,14.9,13,YER TİTRETEN,,0.84,1
2026-07-30 18:45,2026-07-30,KOCAELI,2,1,5,226489,19:00,14.9,14,TEKFORD ACL,12.6,6.11,0
2026-07-30 18:45,2026-07-30,KOCAELI,2,2,6,226475,19:30,44.9,1,ANSHBA FOREVER,16.0,4.79,0
2026-07-30 18:45,2026-07-30,KOCAELI,2,2,6,226475,19:30,44.9,2,BLUE CHIEF,12.05,0.42,0
2026-07-30 18:45,2026-07-30,KOCAELI,2,2,6,226475,19:30,44.9,3,BORAN,28.65,1.33,0
2026-07-30 18:45,2026-07-30,KOCAELI,2,2,6,226475,19:30,44.9,4,CHEF CURRY,22.3,5.24,0
2026-07-30 18:45,2026-07-30,KOCAELI,2,2,6,226475,19:30,44.9,5,DIVINE SON,4.05,30.89,0
2026-07-30 18:45,2026-07-30,KOCAELI,2,2,6,226475,19:30,44.9,6,GECENİN GÜCÜ,6.25,11.14,0
2026-07-30 18:45,2026-07-30,KOCAELI,2,2,6,226475,19:30,44.9,7,ONE WAY WIND,35.8,0.64,0
2026-07-30 18:45,2026-07-30,KOCAELI,2,2,6,226475,19:30,44.9,8,REBEL MOON,8.95,8.0,0
2026-07-30 18:45,2026-07-30,KOCAELI,2,2,6,226475,19:30,44.9,9,MY HAZEL EYES,7.8,13.49,0
2026-07-30 18:45,2026-07-30,KOCAELI,2,2,6,226475,19:30,44.9,10,FEARLESS QUEEN,28.65,1.4,0
2026-07-30 18:45,2026-07-30,KOCAELI,2,2,6,226475,19:30,44.9,11,NO MORE SORROW,13.95,5.21,0
2026-07-30 18:45,2026-07-30,KOCAELI,2,2,6,226475,19:30,44.9,12,BLACK BLAZE,36.8,1.07,0
2026-07-30 18:45,2026-07-30,KOCAELI,2,2,6,226475,19:30,44.9,13,DALYA LİNA,13.15,6.62,0
2026-07-30 18:45,2026-07-30,KOCAELI,2,2,6,226475,19:30,44.9,14,DR ZELİHA,27.45,1.74,0
2026-07-30 18:45,2026-07-30,KOCAELI,2,2,6,226475,19:30,44.9,15,LUNA DEL CUORE,8.45,5.02,0
2026-07-30 18:45,2026-07-30,KOCAELI,2,2,6,226475,19:30,44.9,16,QUEEN ASEL,13.65,2.98,0
2026-07-30 19:00,2026-07-30,KOCAELI,2,2,6,226475,19:30,29.4,1,ANSHBA FOREVER,18.1,4.79,0
2026-07-30 19:00,2026-07-30,KOCAELI,2,2,6,226475,19:30,29.4,2,BLUE CHIEF,13.6,0.42,0
2026-07-30 19:00,2026-07-30,KOCAELI,2,2,6,226475,19:30,29.4,3,BORAN,31.85,1.33,0
2026-07-30 19:00,2026-07-30,KOCAELI,2,2,6,226475,19:30,29.4,4,CHEF CURRY,19.25,5.24,0
2026-07-30 19:00,2026-07-30,KOCAELI,2,2,6,226475,19:30,29.4,5,DIVINE SON,3.5,30.89,0
2026-07-30 19:00,2026-07-30,KOCAELI,2,2,6,226475,19:30,29.4,6,GECENİN GÜCÜ,5.95,11.14,0
2026-07-30 19:00,2026-07-30,KOCAELI,2,2,6,226475,19:30,29.4,7,ONE WAY WIND,40.35,0.64,0
2026-07-30 19:00,2026-07-30,KOCAELI,2,2,6,226475,19:30,29.4,8,REBEL MOON,10.05,8.0,0
2026-07-30 19:00,2026-07-30,KOCAELI,2,2,6,226475,19:30,29.4,9,MY HAZEL EYES,8.8,13.49,0
2026-07-30 19:00,2026-07-30,KOCAELI,2,2,6,226475,19:30,29.4,10,FEARLESS QUEEN,18.45,1.4,0
2026-07-30 19:00,2026-07-30,KOCAELI,2,2,6,226475,19:30,29.4,11,NO MORE SORROW,12.4,5.21,0
2026-07-30 19:00,2026-07-30,KOCAELI,2,2,6,226475,19:30,29.4,12,BLACK BLAZE,41.5,1.07,0
2026-07-30 19:00,2026-07-30,KOCAELI,2,2,6,226475,19:30,29.4,13,DALYA LİNA,14.15,6.62,0
2026-07-30 19:00,2026-07-30,KOCAELI,2,2,6,226475,19:30,29.4,14,DR ZELİHA,29.05,1.74,0
2026-07-30 19:00,2026-07-30,KOCAELI,2,2,6,226475,19:30,29.4,15,LUNA DEL CUORE,9.35,5.02,0
2026-07-30 19:00,2026-07-30,KOCAELI,2,2,6,226475,19:30,29.4,16,QUEEN ASEL,15.45,2.98,0
2026-07-30 19:15,2026-07-30,KOCAELI,2,2,6,226475,19:30,14.9,1,ANSHBA FOREVER,11.3,4.79,0
2026-07-30 19:15,2026-07-30,KOCAELI,2,2,6,226475,19:30,14.9,2,BLUE CHIEF,29.0,0.42,0
2026-07-30 19:15,2026-07-30,KOCAELI,2,2,6,226475,19:30,14.9,3,BORAN,19.95,1.33,0
2026-07-30 19:15,2026-07-30,KOCAELI,2,2,6,226475,19:30,14.9,4,CHEF CURRY,18.8,5.24,0
2026-07-30 19:15,2026-07-30,KOCAELI,2,2,6,226475,19:30,14.9,5,DIVINE SON,2.3,30.89,0
2026-07-30 19:15,2026-07-30,KOCAELI,2,2,6,226475,19:30,14.9,6,GECENİN GÜCÜ,7.65,11.14,0
2026-07-30 19:15,2026-07-30,KOCAELI,2,2,6,226475,19:30,14.9,7,ONE WAY WIND,40.2,0.64,0
2026-07-30 19:15,2026-07-30,KOCAELI,2,2,6,226475,19:30,14.9,8,REBEL MOON,11.1,8.0,0
2026-07-30 19:15,2026-07-30,KOCAELI,2,2,6,226475,19:30,14.9,9,MY HAZEL EYES,9.85,13.49,0
2026-07-30 19:15,2026-07-30,KOCAELI,2,2,6,226475,19:30,14.9,10,FEARLESS QUEEN,21.25,1.4,0
2026-07-30 19:15,2026-07-30,KOCAELI,2,2,6,226475,19:30,14.9,11,NO MORE SORROW,19.75,5.21,0
2026-07-30 19:15,2026-07-30,KOCAELI,2,2,6,226475,19:30,14.9,12,BLACK BLAZE,50.2,1.07,0
2026-07-30 19:15,2026-07-30,KOCAELI,2,2,6,226475,19:30,14.9,13,DALYA LİNA,14.65,6.62,0
2026-07-30 19:15,2026-07-30,KOCAELI,2,2,6,226475,19:30,14.9,14,DR ZELİHA,39.85,1.74,0
2026-07-30 19:15,2026-07-30,KOCAELI,2,2,6,226475,19:30,14.9,15,LUNA DEL CUORE,12.9,5.02,0
2026-07-30 19:15,2026-07-30,KOCAELI,2,2,6,226475,19:30,14.9,16,QUEEN ASEL,25.85,2.98,0
2026-07-30 19:15,2026-07-30,KOCAELI,2,3,7,226491,20:00,44.9,1,KÖYCÜ BEY,13.35,,0
2026-07-30 19:15,2026-07-30,KOCAELI,2,3,7,226491,20:00,44.9,2,HER DAİM,8.15,,0
2026-07-30 19:15,2026-07-30,KOCAELI,2,3,7,226491,20:00,44.9,3,DEBDEBE,,,1
2026-07-30 19:15,2026-07-30,KOCAELI,2,3,7,226491,20:00,44.9,4,NUSRET OĞLU,4.55,,0
2026-07-30 19:15,2026-07-30,KOCAELI,2,3,7,226491,20:00,44.9,5,ÖZTAMER,19.95,,0
2026-07-30 19:15,2026-07-30,KOCAELI,2,3,7,226491,20:00,44.9,6,AVCI OĞLUM,11.15,,0
2026-07-30 19:15,2026-07-30,KOCAELI,2,3,7,226491,20:00,44.9,7,SANCARLI BEY,17.35,,0
2026-07-30 19:15,2026-07-30,KOCAELI,2,3,7,226491,20:00,44.9,8,SAPANCA AĞASI,5.55,,0
2026-07-30 19:15,2026-07-30,KOCAELI,2,3,7,226491,20:00,44.9,9,ESKİ TOPRAK,5.7,,0
2026-07-30 19:15,2026-07-30,KOCAELI,2,3,7,226491,20:00,44.9,10,KÖKŞUBAR,3.2,,0
2026-07-30 19:15,2026-07-30,KOCAELI,2,3,7,226491,20:00,44.9,11,BERTUĞHAN,16.9,,0
2026-07-30 19:31,2026-07-30,KOCAELI,2,3,7,226491,20:00,28.9,1,KÖYCÜ BEY,9.45,,0
2026-07-30 19:31,2026-07-30,KOCAELI,2,3,7,226491,20:00,28.9,2,HER DAİM,9.5,,0
2026-07-30 19:31,2026-07-30,KOCAELI,2,3,7,226491,20:00,28.9,3,DEBDEBE,,,1
2026-07-30 19:31,2026-07-30,KOCAELI,2,3,7,226491,20:00,28.9,4,NUSRET OĞLU,5.25,,0
2026-07-30 19:31,2026-07-30,KOCAELI,2,3,7,226491,20:00,28.9,5,ÖZTAMER,12.6,,0
2026-07-30 19:31,2026-07-30,KOCAELI,2,3,7,226491,20:00,28.9,6,AVCI OĞLUM,8.4,,0
2026-07-30 19:31,2026-07-30,KOCAELI,2,3,7,226491,20:00,28.9,7,SANCARLI BEY,19.0,,0
2026-07-30 19:31,2026-07-30,KOCAELI,2,3,7,226491,20:00,28.9,8,SAPANCA AĞASI,5.6,,0
2026-07-30 19:31,2026-07-30,KOCAELI,2,3,7,226491,20:00,28.9,9,ESKİ TOPRAK,5.5,,0
2026-07-30 19:31,2026-07-30,KOCAELI,2,3,7,226491,20:00,28.9,10,KÖKŞUBAR,3.75,,0
2026-07-30 19:31,2026-07-30,KOCAELI,2,3,7,226491,20:00,28.9,11,BERTUĞHAN,17.15,,0
2026-07-30 19:45,2026-07-30,KOCAELI,2,3,7,226491,20:00,14.5,1,KÖYCÜ BEY,10.0,,0
2026-07-30 19:45,2026-07-30,KOCAELI,2,3,7,226491,20:00,14.5,2,HER DAİM,17.75,,0
2026-07-30 19:45,2026-07-30,KOCAELI,2,3,7,226491,20:00,14.5,3,DEBDEBE,,,1
2026-07-30 19:45,2026-07-30,KOCAELI,2,3,7,226491,20:00,14.5,4,NUSRET OĞLU,5.5,,0
2026-07-30 19:45,2026-07-30,KOCAELI,2,3,7,226491,20:00,14.5,5,ÖZTAMER,9.65,,0
2026-07-30 19:45,2026-07-30,KOCAELI,2,3,7,226491,20:00,14.5,6,AVCI OĞLUM,2.85,,0
2026-07-30 19:45,2026-07-30,KOCAELI,2,3,7,226491,20:00,14.5,7,SANCARLI BEY,20.35,,0
2026-07-30 19:45,2026-07-30,KOCAELI,2,3,7,226491,20:00,14.5,8,SAPANCA AĞASI,9.1,,0
2026-07-30 19:45,2026-07-30,KOCAELI,2,3,7,226491,20:00,14.5,9,ESKİ TOPRAK,18.05,,0
2026-07-30 19:45,2026-07-30,KOCAELI,2,3,7,226491,20:00,14.5,10,KÖKŞUBAR,3.3,,0
2026-07-30 19:45,2026-07-30,KOCAELI,2,3,7,226491,20:00,14.5,11,BERTUĞHAN,36.2,,0
2026-07-30 19:45,2026-07-30,KOCAELI,2,4,8,226490,20:30,44.5,1,REYHAN GELİN,7.4,,0
2026-07-30 19:45,2026-07-30,KOCAELI,2,4,8,226490,20:30,44.5,2,ŞEHNAZ LONGA,14.5,,0
2026-07-30 19:45,2026-07-30,KOCAELI,2,4,8,226490,20:30,44.5,3,JALELA,3.0,,0
2026-07-30 19:45,2026-07-30,KOCAELI,2,4,8,226490,20:30,44.5,4,GİDEROS,4.0,,0
2026-07-30 19:45,2026-07-30,KOCAELI,2,4,8,226490,20:30,44.5,5,NERGİZLİ,12.25,,0
2026-07-30 19:45,2026-07-30,KOCAELI,2,4,8,226490,20:30,44.5,6,ÖYKÜLÜ KIZ,9.4,,0
2026-07-30 19:45,2026-07-30,KOCAELI,2,4,8,226490,20:30,44.5,7,YEK GÜLÜM,6.4,,0
2026-07-30 19:45,2026-07-30,KOCAELI,2,4,8,226490,20:30,44.5,8,ŞİRİN DE FAUST,41.0,,0
2026-07-30 19:45,2026-07-30,KOCAELI,2,4,8,226490,20:30,44.5,9,HOŞ ESİNTİ,18.0,,0
2026-07-30 19:45,2026-07-30,KOCAELI,2,4,8,226490,20:30,44.5,10,ŞIK LATİFEM,,,1
2026-07-30 19:45,2026-07-30,KOCAELI,2,4,8,226490,20:30,44.5,11,KANATLANAN,3.0,,0
2026-07-30 19:45,2026-07-30,KOCAELI,2,4,8,226490,20:30,44.5,12,FIGHT FOR ME,11.8,,0
2026-07-30 19:45,2026-07-30,KOCAELI,2,4,8,226490,20:30,44.5,13,AZUŞUN KIZI,23.2,,0
2026-07-30 20:00,2026-07-30,KOCAELI,2,4,8,226490,20:30,29.3,1,REYHAN GELİN,6.7,,0
2026-07-30 20:00,2026-07-30,KOCAELI,2,4,8,226490,20:30,29.3,2,ŞEHNAZ LONGA,13.2,,0
2026-07-30 20:00,2026-07-30,KOCAELI,2,4,8,226490,20:30,29.3,3,JALELA,2.95,,0
2026-07-30 20:00,2026-07-30,KOCAELI,2,4,8,226490,20:30,29.3,4,GİDEROS,4.45,,0
2026-07-30 20:00,2026-07-30,KOCAELI,2,4,8,226490,20:30,29.3,5,NERGİZLİ,12.85,,0
2026-07-30 20:00,2026-07-30,KOCAELI,2,4,8,226490,20:30,29.3,6,ÖYKÜLÜ KIZ,9.55,,0
2026-07-30 20:00,2026-07-30,KOCAELI,2,4,8,226490,20:30,29.3,7,YEK GÜLÜM,5.65,,0
2026-07-30 20:00,2026-07-30,KOCAELI,2,4,8,226490,20:30,29.3,8,ŞİRİN DE FAUST,44.3,,0
2026-07-30 20:00,2026-07-30,KOCAELI,2,4,8,226490,20:30,29.3,9,HOŞ ESİNTİ,19.55,,0
2026-07-30 20:00,2026-07-30,KOCAELI,2,4,8,226490,20:30,29.3,10,ŞIK LATİFEM,,,1
2026-07-30 20:00,2026-07-30,KOCAELI,2,4,8,226490,20:30,29.3,11,KANATLANAN,2.95,,0
2026-07-30 20:00,2026-07-30,KOCAELI,2,4,8,226490,20:30,29.3,12,FIGHT FOR ME,13.1,,0
2026-07-30 20:00,2026-07-30,KOCAELI,2,4,8,226490,20:30,29.3,13,AZUŞUN KIZI,24.9,,0
2026-07-30 20:15,2026-07-30,KOCAELI,2,4,8,226490,20:30,14.5,1,REYHAN GELİN,8.3,,0
2026-07-30 20:15,2026-07-30,KOCAELI,2,4,8,226490,20:30,14.5,2,ŞEHNAZ LONGA,13.95,,0
2026-07-30 20:15,2026-07-30,KOCAELI,2,4,8,226490,20:30,14.5,3,JALELA,3.7,,0
2026-07-30 20:15,2026-07-30,KOCAELI,2,4,8,226490,20:30,14.5,4,GİDEROS,6.3,,0
2026-07-30 20:15,2026-07-30,KOCAELI,2,4,8,226490,20:30,14.5,5,NERGİZLİ,8.3,,0
2026-07-30 20:15,2026-07-30,KOCAELI,2,4,8,226490,20:30,14.5,6,ÖYKÜLÜ KIZ,15.0,,0
2026-07-30 20:15,2026-07-30,KOCAELI,2,4,8,226490,20:30,14.5,7,YEK GÜLÜM,2.45,,0
2026-07-30 20:15,2026-07-30,KOCAELI,2,4,8,226490,20:30,14.5,8,ŞİRİN DE FAUST,50.3,,0
2026-07-30 20:15,2026-07-30,KOCAELI,2,4,8,226490,20:30,14.5,9,HOŞ ESİNTİ,29.55,,0
2026-07-30 20:15,2026-07-30,KOCAELI,2,4,8,226490,20:30,14.5,10,ŞIK LATİFEM,,,1
2026-07-30 20:15,2026-07-30,KOCAELI,2,4,8,226490,20:30,14.5,11,KANATLANAN,3.7,,0
2026-07-30 20:15,2026-07-30,KOCAELI,2,4,8,226490,20:30,14.5,12,FIGHT FOR ME,27.65,,0
2026-07-30 20:15,2026-07-30,KOCAELI,2,4,8,226490,20:30,14.5,13,AZUŞUN KIZI,32.75,,0
2026-07-30 20:15,2026-07-30,KOCAELI,2,5,9,226487,21:00,44.5,1,RACING RAPTURE,4.9,,0
2026-07-30 20:15,2026-07-30,KOCAELI,2,5,9,226487,21:00,44.5,2,ERKOÇUM,53.25,,0
2026-07-30 20:15,2026-07-30,KOCAELI,2,5,9,226487,21:00,44.5,3,AFTER YOU,6.3,,0
2026-07-30 20:15,2026-07-30,KOCAELI,2,5,9,226487,21:00,44.5,4,RİYAD,22.85,,0
2026-07-30 20:15,2026-07-30,KOCAELI,2,5,9,226487,21:00,44.5,5,SÖNMEZ YİĞİT,2.85,,0
2026-07-30 20:15,2026-07-30,KOCAELI,2,5,9,226487,21:00,44.5,6,TIZONA,14.55,,0
2026-07-30 20:15,2026-07-30,KOCAELI,2,5,9,226487,21:00,44.5,7,ADANALI KIZ,28.85,,0
2026-07-30 20:15,2026-07-30,KOCAELI,2,5,9,226487,21:00,44.5,8,CALEDONIE,4.75,,0
2026-07-30 20:15,2026-07-30,KOCAELI,2,5,9,226487,21:00,44.5,9,KUMKAPILI,4.0,,0
2026-07-30 20:30,2026-07-30,KOCAELI,2,5,9,226487,21:00,29.3,1,RACING RAPTURE,5.1,,0
2026-07-30 20:30,2026-07-30,KOCAELI,2,5,9,226487,21:00,29.3,2,ERKOÇUM,48.3,,0
2026-07-30 20:30,2026-07-30,KOCAELI,2,5,9,226487,21:00,29.3,3,AFTER YOU,6.8,,0
2026-07-30 20:30,2026-07-30,KOCAELI,2,5,9,226487,21:00,29.3,4,RİYAD,21.95,,0
2026-07-30 20:30,2026-07-30,KOCAELI,2,5,9,226487,21:00,29.3,5,SÖNMEZ YİĞİT,3.0,,0
2026-07-30 20:30,2026-07-30,KOCAELI,2,5,9,226487,21:00,29.3,6,TIZONA,15.9,,0
2026-07-30 20:30,2026-07-30,KOCAELI,2,5,9,226487,21:00,29.3,7,ADANALI KIZ,24.35,,0
2026-07-30 20:30,2026-07-30,KOCAELI,2,5,9,226487,21:00,29.3,8,CALEDONIE,3.8,,0
2026-07-30 20:30,2026-07-30,KOCAELI,2,5,9,226487,21:00,29.3,9,KUMKAPILI,4.4,,0
2026-07-30 20:45,2026-07-30,KOCAELI,2,5,9,226487,21:00,14.8,1,RACING RAPTURE,5.95,,0
2026-07-30 20:45,2026-07-30,KOCAELI,2,5,9,226487,21:00,14.8,2,ERKOÇUM,28.8,,0
2026-07-30 20:45,2026-07-30,KOCAELI,2,5,9,226487,21:00,14.8,3,AFTER YOU,4.85,,0
2026-07-30 20:45,2026-07-30,KOCAELI,2,5,9,226487,21:00,14.8,4,RİYAD,19.25,,0
2026-07-30 20:45,2026-07-30,KOCAELI,2,5,9,226487,21:00,14.8,5,SÖNMEZ YİĞİT,2.8,,0
2026-07-30 20:45,2026-07-30,KOCAELI,2,5,9,226487,21:00,14.8,6,TIZONA,9.25,,0
2026-07-30 20:45,2026-07-30,KOCAELI,2,5,9,226487,21:00,14.8,7,ADANALI KIZ,12.3,,0
2026-07-30 20:45,2026-07-30,KOCAELI,2,5,9,226487,21:00,14.8,8,CALEDONIE,7.5,,0
2026-07-30 20:45,2026-07-30,KOCAELI,2,5,9,226487,21:00,14.8,9,KUMKAPILI,4.95,,0
2026-07-30 20:45,2026-07-30,KOCAELI,2,6,10,226476,21:30,44.8,1,SENSEİ BAHA,21.0,,0
2026-07-30 20:45,2026-07-30,KOCAELI,2,6,10,226476,21:30,44.8,2,ABELARDO,2.05,,0
2026-07-30 20:45,2026-07-30,KOCAELI,2,6,10,226476,21:30,44.8,3,BARANIM KING,46.4,,0
2026-07-30 20:45,2026-07-30,KOCAELI,2,6,10,226476,21:30,44.8,4,COMPETITOR,22.7,,0
2026-07-30 20:45,2026-07-30,KOCAELI,2,6,10,226476,21:30,44.8,5,GO HER LED,10.3,,0
2026-07-30 20:45,2026-07-30,KOCAELI,2,6,10,226476,21:30,44.8,6,GRANDE TEMPESTA,13.8,,0
2026-07-30 20:45,2026-07-30,KOCAELI,2,6,10,226476,21:30,44.8,7,PRINCE VINCE,25.2,,0
2026-07-30 20:45,2026-07-30,KOCAELI,2,6,10,226476,21:30,44.8,8,SHADOW OF HEART,5.55,,0
2026-07-30 20:45,2026-07-30,KOCAELI,2,6,10,226476,21:30,44.8,9,BALABAN SÜMBÜLÜ,28.85,,0
2026-07-30 20:45,2026-07-30,KOCAELI,2,6,10,226476,21:30,44.8,10,DESTAN DORİNDA,71.45,,0
2026-07-30 20:45,2026-07-30,KOCAELI,2,6,10,226476,21:30,44.8,11,KAYLA MARLA,8.1,,0
2026-07-30 20:45,2026-07-30,KOCAELI,2,6,10,226476,21:30,44.8,12,LOVE FOR LIFE,28.7,,0
2026-07-30 20:45,2026-07-30,KOCAELI,2,6,10,226476,21:30,44.8,13,MY FOUNTAIN,37.4,,0
2026-07-30 20:45,2026-07-30,KOCAELI,2,6,10,226476,21:30,44.8,14,PEANUT,13.15,,0
2026-07-30 20:45,2026-07-30,KOCAELI,2,6,10,226476,21:30,44.8,15,PLIOSAUR,47.2,,0
2026-07-30 20:45,2026-07-30,KOCAELI,2,6,10,226476,21:30,44.8,16,SECRET SAVER,51.7,,0
2026-07-30 21:00,2026-07-30,KOCAELI,2,6,10,226476,21:30,29.5,1,SENSEİ BAHA,20.7,,0
2026-07-30 21:00,2026-07-30,KOCAELI,2,6,10,226476,21:30,29.5,2,ABELARDO,2.55,,0
2026-07-30 21:00,2026-07-30,KOCAELI,2,6,10,226476,21:30,29.5,3,BARANIM KING,49.4,,0
2026-07-30 21:00,2026-07-30,KOCAELI,2,6,10,226476,21:30,29.5,4,COMPETITOR,13.75,,0
2026-07-30 21:00,2026-07-30,KOCAELI,2,6,10,226476,21:30,29.5,5,GO HER LED,6.2,,0
2026-07-30 21:00,2026-07-30,KOCAELI,2,6,10,226476,21:30,29.5,6,GRANDE TEMPESTA,12.95,,0
2026-07-30 21:00,2026-07-30,KOCAELI,2,6,10,226476,21:30,29.5,7,PRINCE VINCE,29.05,,0
2026-07-30 21:00,2026-07-30,KOCAELI,2,6,10,226476,21:30,29.5,8,SHADOW OF HEART,6.7,,0
2026-07-30 21:00,2026-07-30,KOCAELI,2,6,10,226476,21:30,29.5,9,BALABAN SÜMBÜLÜ,30.9,,0
2026-07-30 21:00,2026-07-30,KOCAELI,2,6,10,226476,21:30,29.5,10,DESTAN DORİNDA,53.1,,0
2026-07-30 21:00,2026-07-30,KOCAELI,2,6,10,226476,21:30,29.5,11,KAYLA MARLA,7.35,,0
2026-07-30 21:00,2026-07-30,KOCAELI,2,6,10,226476,21:30,29.5,12,LOVE FOR LIFE,32.05,,0
2026-07-30 21:00,2026-07-30,KOCAELI,2,6,10,226476,21:30,29.5,13,MY FOUNTAIN,37.65,,0
2026-07-30 21:00,2026-07-30,KOCAELI,2,6,10,226476,21:30,29.5,14,PEANUT,10.5,,0
2026-07-30 21:00,2026-07-30,KOCAELI,2,6,10,226476,21:30,29.5,15,PLIOSAUR,49.15,,0
2026-07-30 21:00,2026-07-30,KOCAELI,2,6,10,226476,21:30,29.5,16,SECRET SAVER,39.7,,0
2026-07-30 21:15,2026-07-30,KOCAELI,2,6,10,226476,21:30,14.9,1,SENSEİ BAHA,24.85,,0
2026-07-30 21:15,2026-07-30,KOCAELI,2,6,10,226476,21:30,14.9,2,ABELARDO,4.5,,0
2026-07-30 21:15,2026-07-30,KOCAELI,2,6,10,226476,21:30,14.9,3,BARANIM KING,34.75,,0
2026-07-30 21:15,2026-07-30,KOCAELI,2,6,10,226476,21:30,14.9,4,COMPETITOR,11.15,,0
2026-07-30 21:15,2026-07-30,KOCAELI,2,6,10,226476,21:30,14.9,5,GO HER LED,6.45,,0
2026-07-30 21:15,2026-07-30,KOCAELI,2,6,10,226476,21:30,14.9,6,GRANDE TEMPESTA,6.05,,0
2026-07-30 21:15,2026-07-30,KOCAELI,2,6,10,226476,21:30,14.9,7,PRINCE VINCE,20.85,,0
2026-07-30 21:15,2026-07-30,KOCAELI,2,6,10,226476,21:30,14.9,8,SHADOW OF HEART,12.3,,0
2026-07-30 21:15,2026-07-30,KOCAELI,2,6,10,226476,21:30,14.9,9,BALABAN SÜMBÜLÜ,22.9,,0
2026-07-30 21:15,2026-07-30,KOCAELI,2,6,10,226476,21:30,14.9,10,DESTAN DORİNDA,67.35,,0
2026-07-30 21:15,2026-07-30,KOCAELI,2,6,10,226476,21:30,14.9,11,KAYLA MARLA,5.75,,0
2026-07-30 21:15,2026-07-30,KOCAELI,2,6,10,226476,21:30,14.9,12,LOVE FOR LIFE,42.05,,0
2026-07-30 21:15,2026-07-30,KOCAELI,2,6,10,226476,21:30,14.9,13,MY FOUNTAIN,44.3,,0
2026-07-30 21:15,2026-07-30,KOCAELI,2,6,10,226476,21:30,14.9,14,PEANUT,5.5,,0
2026-07-30 21:15,2026-07-30,KOCAELI,2,6,10,226476,21:30,14.9,15,PLIOSAUR,50.25,,0
2026-07-30 21:15,2026-07-30,KOCAELI,2,6,10,226476,21:30,14.9,16,SECRET SAVER,37.4,,0
