tarih,sehir,leg1,leg2,leg3,leg4,leg5,leg6,t6_div,t6_devir,t5_div,t5_devir,t4_div,t4_devir,t3_div,t3_devir
01/01/2021,IZMIR,182153,182164,182165,182161,182154,182166,29.54,,6.0,,1.89,,1.17,
01/01/2021,KOCAELI,182159,182155,182162,182160,182156,182168,198.1,,14.01,,9.8,,10.56,
02/01/2021,ADANA,182190,182171,182188,182199,182194,182172,2861.52,,195.28,,164.85,,166.11,
02/01/2021,ADANA,182194,182172,182200,182193,182173,182198,12669.99,,423.41,,341.64,,74.9,
02/01/2021,ISTANBUL,182195,182182,182192,182197,182196,182189,323.59,,86.27,,66.65,,17.38,
03/01/2021,ADANA,182181,182179,182191,182185,182187,182183,444.55,,143.91,,49.36,,37.17,
03/01/2021,IZMIR,182178,182184,182176,182174,182180,182175,33.93,,5.62,,0.97,,1.11,
04/01/2021,BURSA,182207,182213,182208,182210,182212,182211,118.21,,64.21,,7.82,,8.32,
04/01/2021,SANLIURFA,182204,182216,182217,182214,182205,182218,14228.23,,1598.93,,747.6,,52.16,
05/01/2021,ADANA,182229,182222,182228,182230,182219,182225,2834.31,,293.62,,120.38,,52.67,
05/01/2021,KOCAELI,182226,182227,182231,182224,182221,182220,265.51,,17.44,,4.54,,2.1,
06/01/2021,BURSA,182245,182247,182233,182244,182239,182248,49358.92,,6524.35,,2185.85,,82.81,
06/01/2021,ISTANBUL,182234,182240,182238,182237,182246,182243,261.65,,40.05,,7.81,,7.85,
07/01/2021,IZMIR,182255,182250,182256,182260,182254,182249,233.41,,69.44,,20.2,,15.08,
07/01/2021,SANLIURFA,182263,182262,182259,182251,182253,182261,540.68,,191.71,,117.74,,31.36,
08/01/2021,IZMIR,182269,182271,182266,182270,182267,182268,356.7,,47.93,,20.22,,21.8,
08/01/2021,KOCAELI,182274,182273,182264,182275,182272,182277,3253.37,,512.03,,211.55,,46.41,
09/01/2021,ADANA,182302,182285,182303,182305,182304,182306,3206.44,,291.74,,,,,
09/01/2021,ADANA,182305,182304,182306,182301,182284,182307,9830.26,,3812.91,,994.42,,68.13,
09/01/2021,ISTANBUL,182295,182280,182300,182298,182281,182293,3032.56,,964.55,,715.66,,218.03,
10/01/2021,ADANA,182312,182287,182309,182310,182308,182288,51.28,,9.27,,7.98,,2.08,
10/01/2021,IZMIR,182283,182297,182292,182296,182299,182289,538.34,,119.07,,,,,
10/01/2021,IZMIR,182296,182299,182289,182286,182282,182294,264.26,,50.15,,17.19,,7.45,
11/01/2021,BURSA,182324,182321,182314,182323,182322,182320,1050.64,,131.43,,39.16,,34.96,
11/01/2021,SANLIURFA,182330,182316,182329,182327,182318,182326,406586.28,,22155.48,,4952.64,,680.53,
12/01/2021,ADANA,182331,182338,182335,182339,182332,182340,99401.26,,9720.02,,1562.99,,480.26,
12/01/2021,KOCAELI,182342,182344,182343,182333,182337,182341,1255.54,,373.96,,34.34,,39.85,
13/01/2021,BURSA,182354,182347,182350,182355,182348,182359,497.93,,73.69,,83.76,,16.31,
13/01/2021,ISTANBUL,182356,182358,182345,182353,182352,182360,384.08,,100.8,,49.22,,15.31,
14/01/2021,IZMIR,182370,182361,182369,182367,182366,182368,3108.74,,307.17,,79.26,,19.15,
14/01/2021,SANLIURFA,182371,182365,182374,182375,182364,182372,74155.66,,9234.89,,3842.83,,166.91,
15/01/2021,IZMIR,182386,182377,182389,182388,182378,182381,132.55,,22.37,,14.85,,7.62,
15/01/2021,KOCAELI,182380,182384,182383,182385,182382,182387,493.52,,40.88,,14.1,,3.55,
16/01/2021,ADANA,182415,182417,182413,182411,182390,182416,4416.92,,587.54,,191.24,,10.58,
16/01/2021,ISTANBUL,182412,182406,182410,182403,182400,182414,27215.78,,1450.3,,338.67,,56.56,
17/01/2021,ADANA,182407,182393,182408,182402,182392,182404,2624.58,,472.4,,158.04,,137.98,
17/01/2021,IZMIR,182395,182399,182405,182398,182397,182394,3423.01,,222.56,,16.62,,6.48,
18/01/2021,SANLIURFA,182422,182426,182420,182430,182427,182425,3933.02,,966.38,,254.67,,62.42,
19/01/2021,ADANA,182439,182441,182437,182443,182440,182438,513.07,,111.55,,9.49,,5.0,
20/01/2021,ISTANBUL,182455,182451,182457,182454,182452,182460,187.43,,61.54,,26.83,,7.23,
21/01/2021,IZMIR,182472,182470,182469,182471,182467,182468,778.87,,91.74,,36.76,,10.81,
21/01/2021,SANLIURFA,182474,182466,182475,182473,182464,182476,572160.55,,26250.85,,12076.51,,225.08,
22/01/2021,IZMIR,182479,182492,182491,182487,182478,182490,850.03,,143.57,,14.98,,8.56,
22/01/2021,KOCAELI,182486,182481,182485,182482,182483,182480,71.14,,9.59,,1.99,,1.12,
23/01/2021,ADANA,182524,182501,182523,182516,182502,182521,3479.87,,186.03,,46.84,,6.8,
23/01/2021,ISTANBUL,182511,182496,182525,182507,182495,182510,122.83,,36.09,,10.37,,3.78,
24/01/2021,ADANA,182522,182497,182515,182520,182514,182519,126.58,,22.09,,3.6,,2.48,
24/01/2021,IZMIR,182494,182504,182508,182509,182517,182512,159.41,,138.73,,,,,
24/01/2021,IZMIR,182509,182517,182512,182513,182506,182493,9176.17,,379.4,,81.64,,25.35,
25/01/2021,BURSA,182530,182526,182528,182529,182527,182532,489.9,,76.6,,88.78,,66.01,
25/01/2021,SANLIURFA,182538,182537,182531,182536,182534,182533,6385.66,,521.51,,58.01,,15.33,
26/01/2021,ADANA,182544,182540,182547,182545,182539,182546,13812.84,,6139.25,,3043.66,,508.58,
26/01/2021,KOCAELI,182550,182549,182541,182542,182543,182551,4466.5,,617.34,,31.05,,9.5,
27/01/2021,BURSA,182560,182561,182562,182564,182559,182552,39008.63,,2754.18,,583.17,,49.12,
27/01/2021,ISTANBUL,182567,182556,182557,182565,182555,182566,195.66,,54.82,,,,,
27/01/2021,ISTANBUL,182565,182555,182566,182558,182554,182563,2534.79,,459.03,,212.48,,101.76,
28/01/2021,IZMIR,182571,182575,182574,182573,182572,182576,2577.29,,716.57,,255.25,,196.31,
28/01/2021,SANLIURFA,182570,182581,182578,182580,182568,182579,58923.75,,2540.93,,450.35,,94.93,
29/01/2021,IZMIR,182589,182586,182583,182590,182584,182582,275.87,,62.05,,23.39,,6.36,
29/01/2021,KOCAELI,182587,182594,182588,182585,182591,182595,154.69,,61.93,,39.39,,14.8,
30/01/2021,ADANA,182615,182597,182612,182610,182596,182605,6552.5,,395.48,,,,,
30/01/2021,ADANA,182610,182596,182605,182608,182613,182611,553.63,,50.62,,24.21,,17.22,
30/01/2021,ISTANBUL,182603,182619,182618,182604,182616,182607,4442.84,,324.11,,201.54,,83.12,
31/01/2021,ADANA,182627,182601,182626,182622,182600,182625,3368.37,,487.1,,339.3,,99.4,
31/01/2021,IZMIR,182599,182606,182609,182624,182620,182623,703.42,,328.99,,,,,
31/01/2021,IZMIR,182624,182620,182623,182602,182598,182614,5285.71,,516.16,,51.85,,21.73,
01/02/2021,BURSA,182661,182663,182649,182654,182650,182659,453.44,,137.82,,28.02,,7.61,
01/02/2021,SANLIURFA,182653,182662,182651,182656,182657,182658,136417.83,,1236.51,,438.76,,209.62,
02/02/2021,ADANA,182679,182668,182677,182675,182667,182683,16375.15,,2002.98,,518.33,,120.32,
02/02/2021,KOCAELI,182671,182666,182673,182670,182669,182665,3670.56,,282.49,,13.04,,3.57,
03/02/2021,BURSA,182689,182691,182688,182690,182685,182693,269.94,,64.75,,5.1,,1.2,
03/02/2021,ISTANBUL,182686,182699,182698,182694,182687,182696,853.21,,64.69,,52.76,,26.0,
04/02/2021,IZMIR,182707,182706,182710,182708,182711,182709,481.08,,132.99,,60.3,,45.98,
04/02/2021,SANLIURFA,182705,182716,182715,182714,182704,182717,108966.13,,3629.86,,519.23,,113.35,
05/02/2021,IZMIR,182720,182719,182718,182723,182729,182726,7495.35,,3343.55,,502.16,,107.38,
05/02/2021,KOCAELI,182725,182727,182722,182721,182728,182724,16055.04,,1984.27,,268.11,,55.11,
06/02/2021,ADANA,182734,182749,182753,182754,182733,182756,109471.29,,8996.07,,2358.94,,434.65,
06/02/2021,ADANA,182733,182756,182750,182752,182732,182751,10348.89,,222.94,,86.92,,48.31,
06/02/2021,ISTANBUL,182742,182730,182743,182746,182731,182739,1529.68,,90.88,,76.19,,39.06,
07/02/2021,ADANA,182759,182761,182757,182760,182755,182758,750.65,,172.47,,21.57,,2.83,
07/02/2021,IZMIR,182740,182744,182737,182735,182736,182748,323.19,,73.88,,21.23,,6.66,
08/02/2021,BURSA,182774,182773,182772,182770,182771,182775,2402.51,,697.19,,80.43,,13.15,
08/02/2021,SANLIURFA,182764,182767,182763,182766,182765,182768,14862.01,,9154.04,,2210.6,,408.91,
09/02/2021,ADANA,182786,182776,182783,182781,182777,182782,989.62,,29.28,,16.83,,12.41,
10/02/2021,BURSA,182803,182800,182794,182804,182797,182790,610.54,,99.58,,13.69,,5.66,
10/02/2021,ISTANBUL,182792,182798,182801,182799,182793,182795,155.16,,38.15,,,,,
10/02/2021,ISTANBUL,182799,182793,182795,182796,182791,182802,2177.84,,330.75,,79.4,,43.82,
11/02/2021,IZMIR,182811,182809,182812,182810,182807,182808,109.13,,16.78,,7.74,,3.83,
11/02/2021,SANLIURFA,182815,182813,182817,182816,182806,182814,5470.87,,2435.62,,518.64,,22.18,
12/02/2021,IZMIR,182825,182828,182826,182830,182822,182823,3485.41,,686.71,,91.92,,29.65,
12/02/2021,KOCAELI,182820,182831,182832,182824,182829,182821,84.26,,24.63,,7.05,,3.73,
13/02/2021,ADANA,182850,182846,182854,182857,182847,182859,40525.68,,4173.63,,208.62,,124.41,
13/02/2021,ISTANBUL,182866,182868,182870,182863,182865,182869,162.73,,26.46,,15.51,,2.78,
14/02/2021,ADANA,182844,182852,182860,182853,182845,182858,38632.16,,7859.02,,1868.99,,273.77,
14/02/2021,IZMIR,182848,182840,182842,182867,182861,182851,208.42,,78.98,,,,,
14/02/2021,IZMIR,182867,182861,182851,182855,182864,182841,1279.56,,174.36,,114.12,,48.31,
15/02/2021,BURSA,182891,182886,182888,182885,182882,182893,1784.38,,313.27,,115.8,,50.4,
15/02/2021,SANLIURFA,182880,182890,182881,182889,182884,182887,8725.53,,3592.84,,672.45,,99.05,
16/02/2021,ADANA,182902,182904,182895,182899,182900,182906,95.25,,34.47,,9.07,,6.2,
17/02/2021,BURSA,182922,182909,182921,182917,182919,182908,648.37,,114.74,,61.35,,12.32,
17/02/2021,ISTANBUL,182915,182913,182911,182916,182910,182912,87.8,,31.88,,24.06,,9.1,
18/02/2021,IZMIR,182928,182929,182933,182932,182926,182930,931.87,,49.89,,54.3,,56.9,
18/02/2021,SANLIURFA,182925,182936,182935,182937,182924,182934,2689.64,,604.2,,251.82,,22.23,
19/02/2021,IZMIR,182944,182945,182943,182942,182941,182940,41.54,,15.28,,7.95,,2.2,
19/02/2021,KOCAELI,182950,182947,182949,182946,182948,182951,150.77,,37.96,,42.46,,21.88,
20/02/2021,ADANA,182967,182990,182989,182995,182991,182994,103.34,,46.39,,,,,
20/02/2021,ADANA,182995,182991,182994,182993,182966,182992,112.57,,42.89,,11.88,,6.65,
20/02/2021,ISTANBUL,182985,182969,182980,182976,182984,182968,2065.11,,690.88,,673.93,,67.4,
21/02/2021,ADANA,182982,182988,182978,182986,182977,182981,775.83,,139.66,,43.56,,25.22,
21/02/2021,IZMIR,182979,182972,182971,182983,182974,182973,2027.46,,162.06,,85.02,,5.81,
22/02/2021,BURSA,182996,183004,182997,183005,183003,183002,1501.73,,261.71,,122.04,,39.26,
22/02/2021,SANLIURFA,183000,183008,183007,183010,182998,183006,31228.2,,16995.47,,7135.2,,1412.33,
23/02/2021,ADANA,183025,183014,183024,183017,183015,183020,381.0,,53.58,,21.84,,12.77,
23/02/2021,KOCAELI,183012,183023,183016,183019,183013,183027,21581.91,,3132.06,,279.15,,111.61,
24/02/2021,BURSA,183037,183032,183034,183035,183036,183040,6928.54,,483.01,,505.95,,125.03,
24/02/2021,ISTANBUL,183030,183033,183039,183042,183041,183028,9453.06,,2846.09,,1687.36,,470.96,
25/02/2021,IZMIR,183067,183061,183065,183066,183062,183069,2933.14,,308.25,,77.41,,27.82,
25/02/2021,SANLIURFA,183072,183063,183073,183071,183064,183074,143.31,,55.54,,33.09,,15.88,
26/02/2021,IZMIR,183097,183095,183103,183096,183100,183105,388.99,,72.42,,11.51,,8.58,
26/02/2021,KOCAELI,183094,183101,183098,183102,183093,183104,95.8,,36.61,,20.66,,16.52,
27/02/2021,ADANA,183155,183142,183153,183158,183157,183144,11371.04,,348.0,,154.59,,35.78,
27/02/2021,ISTANBUL,183166,183146,183150,183159,183152,183147,1699.24,,427.72,,,,,
27/02/2021,ISTANBUL,183159,183152,183147,183156,183162,183145,605.85,,154.89,,43.68,,26.75,
28/02/2021,ADANA,183167,183165,183164,183169,183163,183168,8371.12,,798.85,,52.56,,24.07,
28/02/2021,IZMIR,183151,183140,183149,183141,183171,183160,3794.08,,679.1,,,,,
28/02/2021,IZMIR,183141,183171,183160,183154,183148,183170,955.74,,130.73,,37.38,,22.65,
01/03/2021,BURSA,183210,183209,183195,183208,183196,183206,65.49,,16.26,,11.67,,8.01,
01/03/2021,SANLIURFA,183198,183203,183197,183204,183200,183202,10962.03,,2790.39,,1011.52,,313.22,
02/03/2021,ADANA,183219,183221,183211,183217,183222,183220,29964.92,,1955.48,,584.85,,133.75,
02/03/2021,KOCAELI,183216,183224,183223,183215,183213,183225,355.94,,83.31,,34.43,,8.17,
03/03/2021,BURSA,183239,183228,183236,183238,183237,183229,538.66,,86.4,,54.11,,3.48,
03/03/2021,ISTANBUL,183226,183233,183231,183232,183234,183240,748.63,,54.75,,10.62,,4.85,
04/03/2021,IZMIR,183280,183274,183271,183272,183276,183281,56.96,,14.95,,6.82,,2.28,
04/03/2021,SANLIURFA,183268,183277,183278,183279,183269,183275,65898.27,,7242.87,,1149.91,,209.83,
05/03/2021,IZMIR,183332,183333,183322,183321,183334,183329,214.57,,30.38,,7.29,,7.25,
05/03/2021,KOCAELI,183326,183337,183328,183324,183325,183336,126.24,,75.04,,19.01,,13.02,
06/03/2021,ADANA,183360,183396,183388,183391,183393,183399,2573.28,,454.47,,,,,
06/03/2021,ADANA,183391,183393,183399,183361,183398,183400,1595.66,,351.55,,122.68,,19.46,
06/03/2021,ISTANBUL,183377,183376,183383,183375,183379,183382,778.07,,112.14,,30.42,,10.8,
07/03/2021,ADANA,183394,183366,183389,183395,183365,183397,1924.32,,729.24,,,,,
07/03/2021,ADANA,183395,183365,183397,183390,183392,183364,91522.58,,7528.97,,1727.95,,395.05,
07/03/2021,IZMIR,183387,183385,183362,183378,183381,183384,1379.57,,44.88,,14.11,,9.21,
08/03/2021,BURSA,183434,183435,183422,183427,183428,183436,12001.3,,290.31,,22.53,,10.21,
08/03/2021,SANLIURFA,183429,183425,183433,183431,183424,183430,40428.23,,2592.29,,2099.52,,253.22,
09/03/2021,ADANA,183445,183449,183448,183444,183446,183443,688.18,,555.23,,168.78,,52.22,
09/03/2021,KOCAELI,183440,183437,183441,183442,183450,183438,7884.86,,1972.66,,392.54,,124.38,
10/03/2021,BURSA,183451,183457,183462,183458,183452,183459,133.67,,56.21,,28.62,,15.46,
10/03/2021,ISTANBUL,183454,183461,183465,183455,183453,183464,209.01,,113.73,,87.03,,33.36,
11/03/2021,IZMIR,183472,183469,183474,183473,183471,183475,3379.36,,502.92,,258.51,,57.43,
11/03/2021,SANLIURFA,183479,183478,183480,183476,183466,183477,6758.06,,1629.9,,225.32,,69.27,
12/03/2021,IZMIR,183496,183506,183493,183504,183503,183509,554.94,,132.47,,32.67,,25.78,
12/03/2021,KOCAELI,183500,183489,183502,183497,183498,183488,7312.73,,4112.56,,1460.55,,210.21,
13/03/2021,ADANA,183568,183542,183561,183560,183540,183570,769.44,,22.01,,10.69,,2.38,
13/03/2021,ADANA,183540,183570,183566,183564,183541,183567,202.72,,61.56,,48.43,,19.43,
13/03/2021,ISTANBUL,183558,183537,183551,183554,183536,183563,1318.39,,96.56,,60.18,,36.57,
14/03/2021,ADANA,183571,183569,183538,183557,183555,183559,214.43,,25.43,,10.98,,5.85,
14/03/2021,IZMIR,183556,183543,183548,183547,183565,183545,6042.41,,1020.73,,204.27,,121.01,
14/03/2021,IZMIR,183565,183545,183546,183550,183553,183544,10001.12,,1105.7,,65.33,,23.7,
15/03/2021,BURSA,183608,183610,183609,183606,183605,183611,768.16,,114.66,,42.27,,31.73,
15/03/2021,SANLIURFA,183607,183599,183603,183602,183600,183604,14149.36,,2004.11,,650.24,,118.83,
16/03/2021,ADANA,183617,183615,183625,183618,183614,183620,108.92,,117.78,,,,,
16/03/2021,ADANA,183618,183614,183620,183623,183622,183616,72140.89,,816.05,,512.42,,255.13,
16/03/2021,KOCAELI,183628,183627,183621,183624,183613,183626,1276.66,,59.42,,43.29,,15.15,
17/03/2021,BURSA,183643,183642,183629,183640,183630,183641,370.7,,56.8,,27.21,,16.2,
17/03/2021,ISTANBUL,183632,183639,183634,183638,183633,183637,2230.79,,149.15,,91.77,,40.92,
18/03/2021,IZMIR,183655,183648,183657,183656,183649,183654,23818.47,,563.14,,,,,
18/03/2021,IZMIR,183656,183649,183654,183653,183647,183658,1287.41,,124.37,,56.46,,13.22,
18/03/2021,SANLIURFA,183661,183650,183662,183663,183652,183660,14124.86,,562.22,,615.69,,44.45,
19/03/2021,IZMIR,183694,183683,183689,183687,183684,183695,1342.32,,138.11,,8.96,,8.45,
19/03/2021,KOCAELI,183692,183693,183686,183688,183691,183690,903.58,,53.83,,30.48,,15.98,
20/03/2021,ADANA,183761,183757,183760,183754,183759,183762,1931.83,,298.62,,212.91,,77.91,
20/03/2021,ISTANBUL,183740,183741,183744,183737,183738,183739,2882.01,,247.0,,191.53,,104.42,
21/03/2021,ADANA,183752,183751,183747,183748,183729,183749,278.21,,41.21,,10.23,,5.61,
21/03/2021,IZMIR,183726,183730,183727,183732,183743,183753,1246.74,,290.8,,,,,
21/03/2021,IZMIR,183732,183743,183753,183731,183736,183750,1700.31,,206.64,,77.01,,7.26,
22/03/2021,BURSA,183801,183800,183810,183802,183798,183809,1296.48,,151.65,,29.14,,22.27,
22/03/2021,SANLIURFA,183805,183803,183807,183808,183797,183806,399.35,,81.89,,8.27,,7.11,
23/03/2021,ADANA,183823,183824,183827,183825,183814,183822,2013.17,,277.25,,24.51,,14.03,
23/03/2021,KOCAELI,183819,183811,183821,183820,183812,183817,31.79,,10.83,,6.28,,,
24/03/2021,BURSA,183834,183828,183832,183839,183833,183837,483.5,,88.38,,90.92,,45.56,
24/03/2021,ISTANBUL,183831,183841,183840,183842,183830,183835,477.26,,53.63,,22.76,,2.67,
25/03/2021,IZMIR,183863,183865,183866,183857,183855,183864,84149.04,,7132.29,,757.38,,164.51,
25/03/2021,SANLIURFA,183852,183858,183856,183860,183853,183862,115530.59,,12353.52,,4098.51,,1078.01,
26/03/2021,IZMIR,183875,183882,183880,183877,183876,183874,20.54,,13.73,,1.53,,2.21,
26/03/2021,KOCAELI,183881,183883,183884,183879,183878,183885,1575.17,,78.15,,23.49,,21.73,
27/03/2021,ADANA,183940,183916,183932,183938,183917,183942,176.0,,81.66,,21.55,,11.33,
27/03/2021,ADANA,183917,183942,183933,183934,183918,183936,48835.92,,5358.23,,1193.32,,272.27,
27/03/2021,ISTANBUL,183911,183923,183927,183928,183913,183926,91.49,,15.68,,,,,
27/03/2021,ISTANBUL,183928,183913,183926,183924,183912,183930,601.88,,72.96,,37.48,,36.5,
28/03/2021,ADANA,183909,183943,183941,183935,183939,183944,281.43,,31.15,,9.95,,6.02,
28/03/2021,IZMIR,183919,183915,183925,183920,183931,183921,116.38,,37.89,,,,,
28/03/2021,IZMIR,183920,183931,183921,183929,183914,183922,36.44,,16.03,,3.94,,5.33,
29/03/2021,BURSA,183998,183987,183994,183993,183999,183986,1082.77,,157.14,,15.86,,15.66,
29/03/2021,SANLIURFA,183995,183991,183997,183990,183988,183992,43126.17,,5969.53,,1438.47,,99.51,
30/03/2021,ADANA,184000,184008,184012,184013,184009,184010,514.59,,132.35,,,,,
30/03/2021,ADANA,184013,184009,184010,184001,184014,184011,8182.32,,1058.63,,234.54,,35.12,
30/03/2021,KOCAELI,184002,184004,184006,184007,184005,184003,6873.14,,2208.09,,574.72,,217.83,
31/03/2021,BURSA,184024,184026,184025,184022,184023,184027,972802.42,,51012.58,,2611.2,,282.0,
31/03/2021,ISTANBUL,184020,184016,184021,184017,184015,184028,180178.2,,3099.51,,954.66,,244.26,
01/04/2021,IZMIR,184040,184043,184045,184044,184039,184049,672.95,,191.6,,172.17,,74.91,
01/04/2021,SANLIURFA,184048,184038,184046,184050,184036,184051,125.26,,50.29,,36.7,,8.7,
02/04/2021,IZMIR,184075,184069,184083,184081,184071,184084,325.71,,123.5,,,,,
02/04/2021,IZMIR,184081,184071,184084,184072,184070,184079,1126.05,,145.37,,143.51,,27.53,
02/04/2021,KOCAELI,184076,184067,184077,184073,184080,184082,2241.33,,50.03,,33.61,,25.95,
03/04/2021,ADANA,184114,184093,184110,184112,184115,184094,438.37,,39.14,,,,,
03/04/2021,ADANA,184112,184115,184094,184113,184095,184111,435391.77,,39891.34,,7269.91,,2067.85,
03/04/2021,ISTANBUL,184101,184098,184099,184097,184100,184096,224.93,,34.08,,14.22,,3.41,
04/04/2021,ADANA,184105,184106,184103,184104,184108,184109,226.6,,37.28,,4.02,,2.18,
04/04/2021,IZMIR,184122,184092,184118,184117,184120,184121,835.09,,92.63,,,,,
04/04/2021,IZMIR,184117,184120,184121,184116,184091,184119,79.41,,11.13,,6.42,,1.81,
05/04/2021,BURSA,184143,184149,184151,184154,184145,184158,4368.32,,747.43,,,,,
05/04/2021,BURSA,184154,184145,184158,184157,184144,184159,394.19,,104.05,,9.38,,7.9,
05/04/2021,SANLIURFA,184152,184146,184156,184153,184147,184155,9038.79,,1228.54,,1719.53,,366.43,
06/04/2021,ADANA,184162,184161,184168,184163,184166,184170,37297.58,,7689.08,,,,,
06/04/2021,ADANA,184163,184166,184170,184164,184172,184160,29538.72,,2177.28,,87.59,,49.83,
06/04/2021,KOCAELI,184165,184169,184171,184173,184167,184174,1236.11,,151.64,,19.58,,3.61,
07/04/2021,BURSA,184187,184176,184188,184185,184186,184189,28.27,,14.37,,10.47,,5.65,
07/04/2021,ISTANBUL,184178,184180,184181,184179,184177,184183,1052.45,,220.98,,38.52,,17.36,
08/04/2021,IZMIR,184211,184213,184212,184215,184219,184221,6526.76,,2418.51,,,,,
08/04/2021,IZMIR,184215,184219,184221,184210,184223,184220,23637.09,,2043.24,,273.48,,5.16,
08/04/2021,SANLIURFA,184209,184228,184232,184230,184208,184227,33791.95,,11461.32,,,,,
08/04/2021,SANLIURFA,184230,184208,184227,184231,184207,184229,350009.6,,21182.77,,9762.31,,573.02,
09/04/2021,IZMIR,184254,184261,184251,184256,184259,184262,1048.99,,349.7,,163.51,,71.13,
09/04/2021,KOCAELI,184255,184250,184263,184253,184264,184249,271.87,,41.1,,37.5,,3.61,
10/04/2021,ADANA,184285,184318,184319,184314,184286,184317,232.96,,120.68,,90.65,,48.02,
10/04/2021,ADANA,184286,184317,184315,184321,184287,184323,80.44,,10.3,,4.17,,,
10/04/2021,ISTANBUL,184299,184283,184307,184300,184302,184284,1701.31,,349.04,,285.35,,41.37,
11/04/2021,ADANA,184292,184320,184326,184324,184290,184322,264.79,,65.24,,,,,
11/04/2021,ADANA,184324,184290,184322,184316,184291,184325,1046.03,,231.69,,99.91,,3.67,
11/04/2021,IZMIR,184301,184297,184310,184289,184306,184309,8944.66,,1392.37,,,,,
11/04/2021,IZMIR,184289,184306,184309,184295,184312,184288,1158.61,,190.11,,61.53,,2.48,
12/04/2021,BURSA,184358,184351,184357,184361,184359,184367,6975.43,,550.76,,,,,
12/04/2021,BURSA,184361,184359,184367,184356,184352,184368,32398.91,,934.3,,238.88,,54.38,
12/04/2021,SANLIURFA,184366,184355,184364,184360,184354,184363,,488025.19,124573.32,,,,,
12/04/2021,SANLIURFA,184360,184354,184363,184365,184353,184362,427092.43,,60381.16,,2285.47,,339.7,
13/04/2021,ADANA,184373,184386,184385,184371,184389,184388,631.25,,110.91,,,,,
13/04/2021,ADANA,184371,184389,184388,184382,184372,184387,1108.8,,178.05,,19.87,,7.88,
13/04/2021,ANKARA,184370,184381,184378,184375,184380,184369,947.04,,145.05,,58.88,,22.63,
14/04/2021,ELAZIG,184390,184407,184408,184404,184406,184405,134456.83,,18713.91,,880.02,,107.18,
14/04/2021,ISTANBUL,184392,184398,184394,184397,184400,184396,1164.81,,69.05,,25.0,,12.06,
14/04/2021,ISTANBUL,184400,184396,184399,184395,184393,184403,3439.17,,1078.95,,218.92,,29.72,
15/04/2021,ANKARA,184419,184421,184422,184423,184428,184426,315.87,,82.65,,9.29,,2.53,
15/04/2021,IZMIR,184420,184416,184427,184418,184417,184430,11612.27,,1074.79,,345.52,,52.85,
16/04/2021,BURSA,184449,184461,184460,184458,184459,184465,2465.49,,322.89,,,,,
16/04/2021,BURSA,184458,184459,184465,184450,184468,184463,19134.97,,986.24,,349.05,,30.92,
16/04/2021,ISTANBUL,184447,184452,184457,184456,184448,184455,457.38,,79.27,,,,,
16/04/2021,ISTANBUL,184456,184448,184455,184453,184451,184454,2636.99,,458.2,,144.93,,44.78,
17/04/2021,ANKARA,184487,184478,184483,184480,184485,184479,91.36,,11.3,,7.59,,2.15,
17/04/2021,IZMIR,184488,184477,184482,184481,184502,184486,379.49,,164.49,,,,,
17/04/2021,IZMIR,184481,184502,184486,184476,184496,184497,19907.93,,2044.73,,533.66,,201.15,
18/04/2021,ADANA,184489,184493,184492,184490,184491,184495,98840.33,,5102.81,,480.57,,63.13,
18/04/2021,ISTANBUL,184499,184474,184503,184501,184475,184504,104.33,,43.48,,15.88,,15.05,
18/04/2021,ISTANBUL,184475,184504,184498,184500,184473,184505,2927.06,,702.11,,452.43,,349.36,
19/04/2021,BURSA,184506,184513,184509,184515,184507,184514,85.5,,41.77,,,,,
19/04/2021,BURSA,184515,184507,184514,184511,184510,184512,946.0,,327.54,,42.18,,34.33,
19/04/2021,SANLIURFA,184516,184518,184522,184519,184517,184520,35654.96,,3236.52,,1629.36,,121.18,
20/04/2021,ADANA,184536,184525,184534,184539,184526,184538,677.45,,99.99,,,,,
20/04/2021,ADANA,184539,184526,184538,184535,184537,184527,10573.66,,5182.12,,1432.56,,247.98,
20/04/2021,ANKARA,184530,184529,184524,184528,184533,184532,1857.11,,352.08,,239.92,,111.78,
21/04/2021,ELAZIG,184544,184548,184547,184542,184545,184549,92501.17,,3733.94,,957.51,,65.02,
21/04/2021,ISTANBUL,184555,184553,184546,184550,184540,184554,42185.18,,2067.31,,,,,
21/04/2021,ISTANBUL,184550,184540,184554,184552,184551,184541,20691.62,,4139.85,,706.43,,159.13,
22/04/2021,ANKARA,184577,184576,184578,184575,184573,184572,636.17,,81.6,,30.33,,5.77,
22/04/2021,IZMIR,184571,184587,184585,184579,184582,184583,13333.55,,5437.51,,,,,
22/04/2021,IZMIR,184579,184582,184583,184580,184570,184581,28708.84,,6774.11,,145.83,,86.92,
23/04/2021,BURSA,184614,184604,184618,184615,184617,184616,1076.28,,309.51,,,,,
23/04/2021,BURSA,184615,184617,184616,184613,184619,184603,628.46,,177.71,,21.78,,11.36,
23/04/2021,ISTANBUL,184607,184606,184605,184611,184612,184608,59.16,,25.02,,13.68,,2.96,
24/04/2021,ANKARA,184635,184633,184631,184637,184634,184632,197.0,,85.7,,41.4,,32.13,
24/04/2021,IZMIR,184643,184624,184641,184648,184653,184626,2606.75,,127.69,,99.98,,37.32,
24/04/2021,IZMIR,184653,184626,184642,184651,184625,184645,4739.71,,318.98,,203.53,,68.27,
25/04/2021,ADANA,184623,184649,184646,184650,184644,184652,1520.42,,253.06,,71.44,,17.42,
25/04/2021,ISTANBUL,184627,184621,184638,184630,184639,184629,1583.49,,197.8,,,,,
25/04/2021,ISTANBUL,184630,184639,184629,184628,184620,184640,15663.62,,10112.62,,1702.55,,194.76,
26/04/2021,BURSA,184669,184663,184668,184672,184673,184667,3261.25,,178.11,,,,,
26/04/2021,BURSA,184672,184673,184667,184671,184662,184670,466.96,,42.32,,12.93,,5.1,
26/04/2021,SANLIURFA,184665,184677,184678,184675,184664,184679,54854.14,,1619.1,,,,,
26/04/2021,SANLIURFA,184675,184664,184679,184674,184666,184676,184578.29,,81972.39,,6443.54,,2200.46,
27/04/2021,ADANA,184694,184692,184695,184693,184691,184681,7092.35,,1662.24,,283.41,,76.88,
27/04/2021,ANKARA,184687,184682,184686,184683,184685,184688,489.79,,119.93,,157.48,,56.95,
28/04/2021,ELAZIG,184710,184706,184711,184712,184699,184709,21800.39,,1882.44,,436.47,,92.33,
28/04/2021,ISTANBUL,184696,184703,184697,184714,184707,184700,219.88,,75.36,,,,,
28/04/2021,ISTANBUL,184714,184707,184700,184708,184701,184702,1699.24,,198.31,,34.77,,10.78,
29/04/2021,ANKARA,184734,184743,184739,184744,184741,184738,6710.25,,911.71,,141.23,,57.16,
29/04/2021,ANKARA,184741,184738,184733,184740,184742,184732,967.35,,131.01,,25.5,,13.62,
29/04/2021,IZMIR,184737,184751,184745,184753,184746,184735,44423.84,,1634.76,,1485.16,,340.91,
29/04/2021,IZMIR,184746,184735,184755,184747,184736,184748,101610.32,,9617.6,,495.63,,265.72,
30/04/2021,BURSA,184787,184773,184780,184774,184788,184772,2052.14,,320.88,,364.73,,136.58,
30/04/2021,BURSA,184788,184772,184789,184785,184778,184771,762.34,,104.69,,68.88,,32.33,
30/04/2021,ISTANBUL,184781,184777,184779,184776,184769,184775,5063.06,,145.01,,,,,
30/04/2021,ISTANBUL,184776,184769,184775,184782,184786,184770,19673.18,,1137.41,,241.53,,120.75,
01/05/2021,ANKARA,184809,184814,184816,184808,184807,184805,8078.1,,2521.94,,452.7,,372.56,
01/05/2021,IZMIR,184832,184803,184822,184823,184804,184824,248.28,,85.28,,31.23,,8.42,
01/05/2021,IZMIR,184804,184824,184821,184820,184802,184827,3018.36,,507.0,,124.84,,52.17,
02/05/2021,ADANA,184801,184829,184825,184831,184830,184800,3902.92,,1962.45,,,,,
02/05/2021,ADANA,184831,184830,184800,184826,184799,184828,110.08,,30.08,,5.64,,5.15,
02/05/2021,ISTANBUL,184797,184819,184798,184818,184810,184812,83551.85,,4901.04,,,,,
02/05/2021,ISTANBUL,184818,184810,184812,184813,184815,184817,46659.18,,4952.46,,134.03,,28.25,
03/05/2021,BURSA,184844,184847,184856,184845,184846,184850,1373.07,,227.75,,212.21,,253.5,
03/05/2021,BURSA,184846,184850,184848,184857,184843,184858,4479.34,,197.68,,105.76,,74.98,
03/05/2021,SANLIURFA,184841,184854,184852,184840,184853,184855,857.43,,146.32,,,,,
03/05/2021,SANLIURFA,184840,184853,184855,184851,184842,184849,1137.12,,297.76,,194.77,,28.48,
04/05/2021,ADANA,184873,184870,184872,184871,184859,184869,28890.31,,3379.72,,1618.17,,128.95,
04/05/2021,ANKARA,184864,184861,184866,184862,184865,184868,2089.16,,301.95,,32.29,,12.1,
05/05/2021,ELAZIG,184885,184880,184878,184877,184875,184891,1808.2,,82.1,,22.58,,13.38,
05/05/2021,ISTANBUL,184886,184888,184889,184883,184887,184884,4709.62,,755.96,,,,,
05/05/2021,ISTANBUL,184883,184887,184884,184890,184879,184881,115.72,,60.46,,17.46,,2.68,
06/05/2021,ANKARA,184903,184900,184904,184902,184896,184899,202.56,,43.96,,10.11,,5.56,
06/05/2021,IZMIR,184892,184907,184908,184894,184898,184905,9674.08,,4766.9,,101.38,,19.87,
06/05/2021,IZMIR,184898,184905,184906,184895,184893,184909,15571.57,,3382.59,,900.68,,43.31,
07/05/2021,BURSA,184937,184943,184927,184940,184945,184939,396.92,,45.89,,,,,
07/05/2021,BURSA,184940,184945,184939,184936,184926,184941,675.15,,68.06,,20.22,,15.66,
07/05/2021,ISTANBUL,184932,184934,184929,184930,184928,184935,435.11,,50.44,,4.95,,1.31,
08/05/2021,ANKARA,184952,184960,184962,184958,184963,184961,58014.02,,10764.61,,,,,
08/05/2021,ANKARA,184958,184963,184961,184957,184959,184951,2064.04,,247.28,,177.52,,23.91,
08/05/2021,IZMIR,184953,184971,184974,184968,184969,184973,1061.84,,227.57,,95.31,,2.66,
09/05/2021,ADANA,184997,184984,184992,184994,184998,184983,1178.77,,215.66,,67.95,,42.36,
09/05/2021,ISTANBUL,184995,184999,184988,184990,184986,185000,778.09,,100.13,,,,,
09/05/2021,ISTANBUL,184990,184986,185000,184987,184989,184985,71.67,,25.86,,10.56,,2.46,
10/05/2021,BURSA,185017,185010,185015,185027,185011,185021,1596.35,,,,,,,
10/05/2021,BURSA,185027,185011,185021,185024,185025,185026,20048.02,,4470.05,,672.3,,125.76,
10/05/2021,SANLIURFA,185014,185018,185016,185023,185012,185019,28349.27,,1404.48,,,,,
10/05/2021,SANLIURFA,185023,185012,185019,185013,185020,185022,978857.93,,29961.78,,12396.95,,1530.35,
11/05/2021,ADANA,185030,185042,185038,185043,185028,185039,66.81,,24.44,,,,,
11/05/2021,ADANA,185043,185028,185039,185041,185029,185040,34.63,,13.67,,7.9,,2.53,
11/05/2021,ANKARA,185044,185031,185036,185035,185032,185033,48178.66,,2012.95,,585.04,,142.25,
12/05/2021,ELAZIG,185050,185051,185060,185058,185048,185059,53.29,,24.91,,30.98,,13.51,
12/05/2021,ISTANBUL,185047,185046,185057,185049,185052,185054,160.65,,28.07,,,,,
12/05/2021,ISTANBUL,185049,185052,185054,185053,185045,185056,146.28,,43.17,,24.47,,6.38,
13/05/2021,ANKARA,185069,185064,185063,185065,185062,185066,175.76,,49.41,,,,,
13/05/2021,ANKARA,185065,185062,185066,185068,185067,185061,59.88,,20.65,,9.03,,2.51,
14/05/2021,BURSA,185100,185074,185097,185084,185095,185076,2701.28,,1878.38,,340.91,,63.93,
14/05/2021,BURSA,185095,185076,185099,185093,185091,185075,2552.05,,323.62,,38.87,,15.2,
14/05/2021,ISTANBUL,185083,185070,185080,185092,185089,185086,31.13,,11.53,,,,,
14/05/2021,ISTANBUL,185092,185089,185086,185081,185071,185087,102.23,,26.42,,6.77,,2.23,
15/05/2021,ANKARA,185072,185094,185096,185090,185085,185088,1059.38,,608.21,,,,,
15/05/2021,ANKARA,185090,185085,185088,185082,185073,185101,85360.84,,3732.88,,1348.39,,43.98,
15/05/2021,IZMIR,185079,185102,185107,185106,185078,185105,401.0,,91.85,,4.61,,2.1,
15/05/2021,IZMIR,185078,185105,185103,185104,185077,185108,1635.29,,462.81,,327.96,,60.35,
16/05/2021,ADANA,185112,185120,185118,185124,185117,185122,748.66,,348.21,,34.21,,42.63,
16/05/2021,ISTANBUL,185109,185114,185110,185123,185116,185113,2616.86,,662.47,,,,,
16/05/2021,ISTANBUL,185123,185116,185113,185119,185115,185111,1851.25,,123.4,,78.76,,26.3,
17/05/2021,BURSA,185127,185143,185133,185129,185135,185132,182.75,,101.44,,29.64,,12.25,
17/05/2021,BURSA,185135,185132,185131,185130,185128,185134,3644.97,,1087.81,,422.64,,98.08,
17/05/2021,SANLIURFA,185138,185142,185141,185137,185125,185136,19577.68,,5449.97,,1018.33,,21.9,
18/05/2021,ADANA,185146,185156,185158,185161,185148,185157,3857.16,,214.18,,,,,
18/05/2021,ADANA,185161,185148,185157,185160,185159,185147,6425.29,,1155.35,,107.28,,40.67,
18/05/2021,ANKARA,185145,185154,185152,185150,185151,185155,18875.11,,5547.86,,,,,
18/05/2021,ANKARA,185150,185151,185155,185149,185144,185153,1550.73,,200.65,,17.71,,7.13,
19/05/2021,ELAZIG,185169,185176,185178,185167,185164,185174,310.73,,29.36,,27.03,,4.05,
19/05/2021,ISTANBUL,185170,185168,185172,185163,185175,185166,4038.82,,1239.99,,,,,
19/05/2021,ISTANBUL,185163,185175,185166,185173,185177,185162,211288.37,,21422.47,,1370.01,,33.43,
20/05/2021,ANKARA,185185,185189,185187,185184,185183,185182,18528.57,,429.27,,72.78,,15.68,
20/05/2021,IZMIR,185192,185180,185191,185190,185193,185181,256.44,,65.71,,74.35,,31.36,
20/05/2021,IZMIR,185193,185181,185195,185196,185179,185194,8381.54,,348.18,,191.04,,103.21,
21/05/2021,BURSA,185205,185200,185203,185208,185199,185212,2219.27,,782.16,,,,,
21/05/2021,BURSA,185208,185199,185212,185206,185213,185211,749488.29,,19610.18,,2234.01,,219.73,
21/05/2021,ISTANBUL,185198,185207,185202,185197,185210,185204,4543.23,,1160.54,,,,,
21/05/2021,ISTANBUL,185197,185210,185204,185201,185209,185215,2505.19,,445.95,,216.11,,56.9,
22/05/2021,ANKARA,185217,185227,185221,185223,185226,185224,656.83,,64.65,,,,,
22/05/2021,ANKARA,185223,185226,185224,185222,185216,185225,1320.23,,241.53,,50.25,,15.03,
22/05/2021,IZMIR,185231,185219,185232,185228,185234,185218,71.96,,43.33,,41.72,,,
22/05/2021,IZMIR,185234,185218,185230,185233,185229,185220,1394.34,,307.55,,74.43,,6.67,
23/05/2021,ADANA,185247,185245,185236,185246,185248,185250,355.84,,62.79,,6.7,,2.32,
23/05/2021,ISTANBUL,185240,185238,185243,185241,185237,185239,433.47,,141.98,,27.42,,5.61,
24/05/2021,BURSA,185251,185257,185263,185264,185256,185259,143.83,,79.71,,,,,
24/05/2021,BURSA,185264,185256,185259,185252,185265,185261,25.7,,9.81,,2.73,,1.32,
24/05/2021,SANLIURFA,185255,185271,185269,185253,185270,185268,4709.31,,563.79,,,,,
24/05/2021,SANLIURFA,185253,185270,185268,185266,185254,185267,9782.06,,1590.45,,439.87,,155.7,
25/05/2021,ADANA,185286,185274,185287,185283,185272,185284,438.87,,126.33,,,,,
25/05/2021,ADANA,185283,185272,185284,185282,185273,185285,260.6,,15.51,,7.97,,7.22,
25/05/2021,ANKARA,185280,185277,185276,185279,185275,185288,595.98,,354.27,,92.28,,27.95,
26/05/2021,ELAZIG,185302,185294,185301,185307,185308,185296,683.73,,437.02,,,,,
26/05/2021,ELAZIG,185307,185308,185296,185309,185295,185305,15299.28,,1700.22,,803.99,,163.92,
26/05/2021,ISTANBUL,185300,185293,185306,185298,185291,185299,1048.74,,337.21,,133.88,,14.5,
26/05/2021,ISTANBUL,185291,185299,185303,185297,185292,185310,1132.06,,250.5,,135.0,,52.52,
27/05/2021,ANKARA,185318,185315,185316,185319,185311,185314,360.33,,133.43,,,,,
27/05/2021,ANKARA,185319,185311,185314,185313,185312,185324,2499.42,,259.98,,92.48,,24.31,
27/05/2021,IZMIR,185323,185326,185320,185322,185321,185327,674305.66,,62112.24,,13367.76,,3641.96,
28/05/2021,BURSA,185344,185360,185359,185355,185356,185358,1345.35,,537.76,,56.58,,16.12,
28/05/2021,ISTANBUL,185349,185348,185352,185346,185345,185350,164.36,,48.05,,3.83,,3.62,
29/05/2021,ANKARA,185368,185361,185364,185366,185362,185370,384.11,,25.93,,,,,
29/05/2021,ANKARA,185366,185362,185370,185369,185367,185376,53.08,,18.68,,14.41,,5.75,
29/05/2021,IZMIR,185373,185363,185371,185372,185375,185378,32859.31,,746.5,,329.96,,81.05,
30/05/2021,ADANA,185395,185381,185391,185392,185382,185394,23858.28,,988.02,,868.5,,153.03,
30/05/2021,ISTANBUL,185384,185386,185383,185380,185385,185388,889.49,,167.58,,,,,
30/05/2021,ISTANBUL,185380,185385,185388,185387,185379,185389,743.98,,245.88,,84.58,,28.36,
31/05/2021,BURSA,185402,185410,185411,185398,185400,185399,334.48,,56.78,,24.98,,6.3,
31/05/2021,SANLIURFA,185403,185408,185406,185396,185409,185407,70365.71,,4434.39,,1180.82,,169.27,
01/06/2021,ADANA,185414,185423,185413,185428,185425,185424,1088.29,,203.67,,,,,
01/06/2021,ADANA,185428,185425,185424,185427,185412,185426,156.08,,54.65,,23.77,,12.47,
01/06/2021,ANKARA,185419,185416,185417,185420,185415,185422,2110.21,,84.18,,33.59,,11.87,
02/06/2021,ELAZIG,185432,185443,185433,185444,185442,185446,2904.6,,1009.95,,,,,
02/06/2021,ELAZIG,185444,185442,185446,185441,185431,185445,24584.64,,3180.09,,331.78,,60.9,
02/06/2021,ISTANBUL,185430,185440,185434,185439,185437,185435,318.42,,72.6,,,,,
02/06/2021,ISTANBUL,185439,185437,185435,185438,185429,185436,8054.43,,486.83,,161.32,,85.58,
03/06/2021,ANKARA,185473,185467,185469,185468,185470,185471,284.15,,54.71,,27.6,,6.61,
03/06/2021,IZMIR,185477,185465,185476,185464,185478,185479,1206.22,,113.02,,58.13,,4.75,
03/06/2021,IZMIR,185478,185479,185475,185474,185463,185480,1726.43,,541.2,,171.61,,52.87,
04/06/2021,BURSA,185485,185488,185493,185496,185492,185484,,893487.86,730.15,,1115.88,,512.17,
04/06/2021,BURSA,185492,185484,185495,185489,185483,185499,863000.05,,121098.78,,3799.65,,149.81,
04/06/2021,ISTANBUL,185482,185490,185486,185491,185498,185497,1245.28,,331.77,,,,,
04/06/2021,ISTANBUL,185491,185498,185497,185487,185481,185494,1805.39,,238.83,,37.01,,14.21,
05/06/2021,ANKARA,185516,185517,185514,185508,185513,185511,4264.33,,202.36,,,,,
05/06/2021,ANKARA,185508,185513,185511,185512,185515,185507,28943.56,,2956.79,,767.45,,377.4,
05/06/2021,IZMIR,185520,185522,185519,185521,185509,185523,1875.97,,348.48,,166.49,,21.0,
06/06/2021,ADANA,185532,185538,185539,185537,185536,185542,407.93,,75.22,,17.16,,18.77,
06/06/2021,ISTANBUL,185535,185547,185548,185546,185534,185543,3907.3,,189.44,,,,,
06/06/2021,ISTANBUL,185546,185534,185543,185545,185544,185541,387.64,,115.88,,22.37,,21.18,
07/06/2021,BURSA,185551,185561,185560,185557,185549,185555,42.14,,16.53,,25.48,,3.87,
07/06/2021,BURSA,185549,185555,185558,185556,185550,185559,1280.7,,199.87,,89.11,,52.03,
07/06/2021,SANLIURFA,185552,185566,185562,185567,185565,185553,116.08,,40.79,,,,,
07/06/2021,SANLIURFA,185567,185565,185553,185563,185554,185564,5916.0,,450.38,,424.83,,133.57,
08/06/2021,ADANA,185579,185578,185582,185580,185583,185581,897.45,,341.4,,196.45,,134.05,
08/06/2021,ANKARA,185570,185577,185574,185571,185575,185576,13123.79,,1622.74,,389.53,,79.5,
09/06/2021,ELAZIG,185589,185593,185590,185586,185585,185587,95682.53,,12270.76,,2899.84,,162.27,
09/06/2021,ISTANBUL,185595,185592,185596,185598,185599,185594,341.12,,41.94,,33.24,,9.56,
10/06/2021,ANKARA,185610,185617,185615,185619,185616,185618,32435.51,,714.83,,,,,
10/06/2021,ANKARA,185619,185616,185618,185614,185609,185620,10390.7,,1457.76,,293.65,,37.63,
10/06/2021,IZMIR,185611,185626,185612,185622,185625,185621,411.14,,115.07,,,,,
10/06/2021,IZMIR,185622,185625,185621,185623,185613,185624,667.98,,117.44,,49.26,,5.9,
11/06/2021,BURSA,185654,185655,185656,185652,185653,185658,11994.56,,2724.61,,98.85,,41.28,
11/06/2021,ISTANBUL,185646,185650,185645,185659,185643,185648,512.58,,259.42,,,,,
11/06/2021,ISTANBUL,185659,185643,185648,185647,185649,185644,12697.33,,1580.01,,637.19,,253.72,
12/06/2021,ADANA,185689,185680,185687,185682,185684,185686,6892.82,,283.36,,25.83,,16.57,
12/06/2021,ISTANBUL,185678,185690,185677,185683,185679,185676,2716.92,,495.96,,134.67,,36.45,
13/06/2021,ANKARA,185700,185691,185696,185698,185692,185697,15538.87,,780.58,,,,,
13/06/2021,ANKARA,185698,185692,185697,185701,185699,185702,2645.57,,225.43,,67.85,,20.3,
13/06/2021,IZMIR,185693,185709,185694,185703,185704,185707,201.6,,51.6,,23.9,,6.9,
13/06/2021,IZMIR,185704,185707,185695,185705,185706,185708,709.33,,112.74,,35.85,,9.03,
14/06/2021,BURSA,185716,185713,185715,185714,185717,185720,275.6,,64.63,,,,,
14/06/2021,BURSA,185714,185717,185720,185718,185721,185719,5470.89,,269.08,,131.16,,57.22,
14/06/2021,SANLIURFA,185723,185710,185722,185725,185724,185727,424.26,,53.99,,,,,
14/06/2021,SANLIURFA,185725,185724,185727,185711,185726,185712,70348.47,,30042.36,,27439.53,,1501.62,
15/06/2021,ADANA,185744,185743,185742,185740,185730,185741,17614.3,,802.1,,86.8,,40.97,
15/06/2021,ANKARA,185737,185735,185732,185729,185736,185738,27.07,,21.42,,,,,
15/06/2021,ANKARA,185729,185736,185738,185733,185734,185728,165.38,,31.86,,11.07,,8.15,
16/06/2021,ELAZIG,185749,185751,185746,185752,185747,185748,125095.41,,6334.98,,706.99,,115.6,
16/06/2021,ISTANBUL,185754,185756,185755,185757,185759,185760,5104.34,,914.89,,355.65,,107.7,
17/06/2021,ANKARA,185764,185767,185770,185766,185765,185769,624.04,,105.76,,19.78,,16.05,
17/06/2021,IZMIR,185774,185762,185773,185775,185768,185761,6757.14,,130.36,,58.37,,38.8,
18/06/2021,BURSA,185811,185808,185809,185810,185799,185805,481958.37,,17775.01,,4297.5,,265.98,
18/06/2021,ISTANBUL,185792,185796,185797,185793,185795,185794,308.37,,79.08,,29.67,,13.02,
19/06/2021,ADANA,185823,185835,185832,185836,185834,185824,186.41,,18.76,,,,,
19/06/2021,ADANA,185836,185834,185824,185837,185838,185825,390.14,,65.52,,21.99,,6.67,
19/06/2021,ISTANBUL,185822,185826,185830,185821,185829,185831,373.23,,274.4,,,,,
19/06/2021,ISTANBUL,185821,185829,185831,185828,185827,185833,12292.04,,838.08,,132.0,,44.62,
20/06/2021,ANKARA,185846,185841,185850,185845,185848,185839,230.13,,115.94,,34.24,,3.07,
20/06/2021,ANKARA,185848,185839,185849,185847,185840,185852,1434.26,,811.51,,190.56,,43.45,
20/06/2021,IZMIR,185843,185854,185842,185851,185855,185853,607.24,,159.67,,71.22,,18.43,
20/06/2021,IZMIR,185855,185853,185857,185856,185844,185858,4761.92,,296.58,,50.22,,19.11,
21/06/2021,BURSA,185889,185885,185893,185891,185890,185892,25438.12,,12223.0,,274.13,,103.96,
21/06/2021,BURSA,185890,185892,185886,185888,185894,185887,5362.49,,288.12,,81.56,,30.62,
21/06/2021,SANLIURFA,185899,185882,185895,185898,185884,185896,38397.03,,1228.31,,,,,
21/06/2021,SANLIURFA,185898,185884,185896,185900,185883,185897,14820.21,,699.52,,183.61,,37.63,
22/06/2021,ADANA,185916,185915,185914,185910,185902,185913,4251.98,,162.05,,78.12,,54.83,
22/06/2021,ANKARA,185906,185911,185905,185908,185909,185904,6736.27,,714.14,,214.18,,69.28,
23/06/2021,ELAZIG,185921,185934,185928,185931,185919,185933,1255.58,,69.12,,,,,
23/06/2021,ELAZIG,185931,185919,185933,185930,185932,185920,953.68,,201.79,,121.17,,15.71,
23/06/2021,ISTANBUL,185917,185926,185927,185923,185929,185925,271.91,,161.0,,,,,
23/06/2021,ISTANBUL,185923,185929,185925,185924,185922,185918,5166.82,,1210.76,,497.63,,54.11,
24/06/2021,ANKARA,185939,185936,185937,185935,185948,185945,1637.87,,216.18,,,,,
24/06/2021,ANKARA,185935,185948,185945,185941,185938,185946,131.96,,34.0,,14.19,,4.36,
24/06/2021,IZMIR,185950,185947,185944,185942,185940,185943,419.78,,112.3,,7.88,,1.33,
25/06/2021,BURSA,185964,185952,185966,185963,185965,185969,15006.45,,1148.1,,216.18,,145.3,
25/06/2021,BURSA,185965,185969,185953,185967,185951,185968,540394.1,,14864.06,,2768.5,,69.83,
25/06/2021,ISTANBUL,185956,185955,185957,185960,185962,185959,2826.61,,484.14,,117.45,,16.2,
26/06/2021,ADANA,186001,185999,186000,185996,185998,185997,1406.47,,257.94,,74.17,,37.95,
26/06/2021,ISTANBUL,185986,185993,185987,185990,185988,185994,15253.86,,5072.21,,,,,
26/06/2021,ISTANBUL,185990,185988,185994,185991,185992,185989,1336.14,,259.3,,9.14,,2.5,
27/06/2021,ANKARA,186016,186013,186008,186011,186005,186009,5793.16,,358.23,,,,,
27/06/2021,ANKARA,186011,186005,186009,186010,186012,186004,1025.11,,135.56,,36.27,,12.66,
27/06/2021,IZMIR,186018,186015,186007,186014,186017,186006,17778.92,,1434.82,,427.04,,169.3,
28/06/2021,BURSA,186030,186032,186026,186029,186028,186033,3428.96,,209.43,,34.91,,36.12,
28/06/2021,SANLIURFA,186023,186025,186022,186020,186021,186034,4840.05,,1297.61,,167.84,,60.81,
29/06/2021,ADANA,186038,186036,186041,186043,186045,186049,3119.98,,847.47,,183.99,,62.87,
29/06/2021,ANKARA,186044,186048,186037,186042,186047,186040,14506.21,,1773.51,,324.74,,20.83,
30/06/2021,ELAZIG,186061,186058,186064,186055,186065,186060,9724.82,,1364.21,,125.46,,19.11,
30/06/2021,ISTANBUL,186053,186066,186062,186059,186068,186051,36490.59,,2236.52,,207.7,,13.2,
30/06/2021,ISTANBUL,186068,186051,186056,186067,186052,186057,32663.44,,3648.9,,660.51,,64.27,
01/07/2021,ANKARA,186071,186077,186072,186074,186078,186070,248.93,,55.94,,16.48,,17.91,
01/07/2021,ANKARA,186078,186070,186075,186076,186073,186069,6252.21,,970.72,,200.13,,49.2,
01/07/2021,KOCAELI,186083,186081,186084,186079,186085,186082,1981.19,,297.79,,67.98,,43.13,
02/07/2021,BURSA,186088,186098,186099,186097,186103,186101,2905.3,,375.81,,103.26,,28.66,
02/07/2021,BURSA,186103,186101,186087,186102,186086,186100,407.54,,81.15,,31.92,,10.73,
02/07/2021,ISTANBUL,186096,186095,186090,186094,186092,186093,459.05,,210.16,,63.63,,7.36,
03/07/2021,ANKARA,186135,186120,186132,186130,186129,186121,3279.18,,674.42,,,,,
03/07/2021,ANKARA,186130,186129,186121,186134,186128,186136,8672.29,,1028.48,,284.99,,55.31,
03/07/2021,IZMIR,186125,186123,186138,186122,186127,186126,3703.96,,562.81,,77.16,,63.83,
03/07/2021,IZMIR,186127,186126,186124,186133,186131,186137,11852.6,,372.82,,132.83,,27.4,
04/07/2021,ISTANBUL,186148,186150,186147,186154,186140,186146,2052.21,,193.8,,,,,
04/07/2021,ISTANBUL,186154,186140,186146,186139,186152,186153,2083.62,,533.84,,46.71,,17.92,
04/07/2021,IZMIR,186141,186149,186144,186155,186142,186151,207.55,,21.83,,,,,
04/07/2021,IZMIR,186155,186142,186151,186145,186143,186156,733.33,,183.61,,191.91,,79.5,
05/07/2021,BURSA,186162,186163,186158,186165,186166,186164,815.12,,210.58,,,,,
05/07/2021,BURSA,186165,186166,186164,186157,186167,186168,18711.56,,3526.02,,424.63,,95.82,
05/07/2021,ELAZIG,186161,186173,186170,186160,186171,186169,192195.77,,6514.53,,567.93,,163.96,
06/07/2021,ANKARA,186185,186183,186180,186182,186175,186188,9575.97,,842.9,,,,,
06/07/2021,ANKARA,186182,186175,186188,186186,186187,186174,16931.2,,1927.95,,493.93,,37.85,
06/07/2021,KOCAELI,186184,186189,186177,186178,186190,186191,616.4,,345.74,,121.1,,79.9,
07/07/2021,ELAZIG,186194,186199,186192,186196,186197,186195,578.03,,104.37,,56.91,,35.63,
07/07/2021,ISTANBUL,186206,186204,186203,186205,186207,186208,2736.08,,480.28,,269.78,,86.7,
08/07/2021,ANKARA,186223,186221,186219,186224,186218,186220,47841.61,,8316.45,,848.22,,179.96,
08/07/2021,KOCAELI,186209,186222,186212,186213,186210,186216,926.57,,168.57,,40.79,,14.57,
09/07/2021,BURSA,186237,186227,186241,186226,186238,186242,1894.2,,982.62,,59.6,,22.32,
09/07/2021,BURSA,186238,186242,186236,186240,186225,186239,2218.82,,458.7,,96.39,,42.63,
09/07/2021,ISTANBUL,186235,186229,186230,186233,186231,186234,9002.38,,280.82,,82.73,,14.81,
10/07/2021,ANKARA,186251,186250,186252,186254,186243,186255,52.12,,22.61,,,,,
10/07/2021,ANKARA,186254,186243,186255,186247,186253,186244,405.86,,83.66,,26.56,,8.76,
10/07/2021,IZMIR,186256,186258,186246,186257,186245,186259,197.04,,68.73,,33.82,,15.77,
11/07/2021,ISTANBUL,186268,186266,186271,186267,186272,186270,170.78,,40.27,,7.74,,1.16,
11/07/2021,IZMIR,186261,186273,186262,186274,186276,186269,11116.71,,1685.6,,,,,
11/07/2021,IZMIR,186274,186276,186269,186275,186263,186277,175178.58,,21879.98,,3434.79,,1298.12,
12/07/2021,BURSA,186280,186285,186281,186289,186282,186288,1524.44,,329.8,,,,,
12/07/2021,BURSA,186289,186282,186288,186287,186283,186286,15406.81,,294.55,,80.29,,135.72,
12/07/2021,ELAZIG,186294,186292,186279,186290,186291,186278,1963.74,,360.9,,86.04,,37.6,
13/07/2021,ANKARA,186301,186307,186308,186302,186306,186300,8755.87,,811.1,,309.44,,97.67,
13/07/2021,KOCAELI,186304,186296,186303,186299,186295,186310,4273.86,,461.5,,230.58,,80.7,
14/07/2021,ELAZIG,186313,186325,186321,186323,186314,186324,26259.11,,445.55,,91.62,,37.72,
14/07/2021,ISTANBUL,186311,186326,186322,186316,186327,186317,4829.9,,2100.5,,,,,
14/07/2021,ISTANBUL,186316,186327,186317,186312,186318,186320,19095.41,,631.97,,97.14,,20.77,
15/07/2021,ANKARA,186337,186329,186336,186340,186342,186338,33015.4,,4798.54,,,,,
15/07/2021,ANKARA,186340,186342,186338,186339,186328,186334,24845.76,,4712.72,,34.55,,18.03,
15/07/2021,KOCAELI,186332,186331,186330,186335,186341,186343,386.66,,115.16,,39.27,,18.51,
16/07/2021,BURSA,186349,186356,186360,186357,186361,186348,964.26,,222.55,,47.2,,20.17,
16/07/2021,BURSA,186361,186348,186358,186359,186362,186347,13063.21,,1852.27,,495.82,,136.4,
16/07/2021,ISTANBUL,186352,186345,186354,186350,186346,186351,1493.94,,52.78,,36.84,,1.45,
16/07/2021,ISTANBUL,186346,186351,186355,186353,186363,186344,971.26,,322.57,,124.18,,27.98,
17/07/2021,ANKARA,186364,186373,186370,186369,186371,186368,909.65,,222.81,,,,,
17/07/2021,ANKARA,186369,186371,186368,186372,186365,186374,1393.8,,317.27,,315.72,,28.5,
17/07/2021,IZMIR,186366,186376,186375,186379,186381,186380,312.24,,151.82,,,,,
17/07/2021,IZMIR,186379,186381,186380,186377,186367,186378,6194.32,,276.39,,105.38,,29.57,
18/07/2021,ISTANBUL,186394,186382,186388,186383,186393,186389,1049.41,,69.36,,,,,
18/07/2021,ISTANBUL,186383,186393,186389,186397,186391,186399,6509.2,,1278.54,,452.64,,336.51,
18/07/2021,IZMIR,186387,186386,186396,186385,186400,186398,253.01,,104.22,,,,,
18/07/2021,IZMIR,186385,186400,186398,186392,186390,186384,255.74,,74.95,,14.92,,5.81,
19/07/2021,BURSA,186416,186407,186405,186409,186406,186415,3335.98,,173.5,,56.47,,6.3,
19/07/2021,ELAZIG,186413,186401,186410,186403,186412,186411,5708.73,,479.63,,118.5,,31.55,
20/07/2021,ANKARA,186417,186418,186424,186421,186422,186423,34556.21,,4248.11,,2969.59,,972.13,
21/07/2021,ELAZIG,186440,186444,186436,186438,186425,186442,753.15,,135.95,,40.5,,14.38,
21/07/2021,ISTANBUL,186448,186451,186453,186447,186449,186452,704.87,,165.42,,84.76,,59.58,
22/07/2021,ANKARA,186427,186430,186434,186431,186428,186435,268.54,,48.8,,5.68,,2.15,
22/07/2021,KOCAELI,186439,186441,186443,186437,186433,186445,474.5,,95.43,,50.64,,4.23,
23/07/2021,BURSA,186455,186465,186458,186454,186462,186460,462.03,,202.13,,,,,
23/07/2021,BURSA,186454,186462,186460,186461,186459,186463,1823.74,,221.76,,53.63,,17.23,
23/07/2021,ISTANBUL,186469,186470,186464,186471,186456,186472,192.57,,25.05,,,,,
23/07/2021,ISTANBUL,186471,186456,186472,186467,186468,186457,1243.19,,295.3,,96.95,,58.32,
24/07/2021,ANKARA,186474,186485,186479,186484,186480,186483,4332.84,,140.36,,,,,
24/07/2021,ANKARA,186484,186480,186483,186481,186486,186473,434.8,,88.69,,33.11,,11.67,
24/07/2021,IZMIR,186489,186478,186482,186477,186476,186488,84.68,,28.58,,,,,
24/07/2021,IZMIR,186477,186476,186488,186487,186490,186475,3517.98,,932.13,,706.43,,224.46,
25/07/2021,ISTANBUL,186506,186504,186500,186492,186503,186505,1396.79,,163.74,,,,,
25/07/2021,ISTANBUL,186492,186503,186505,186501,186502,186491,2439.98,,307.4,,151.08,,28.43,
25/07/2021,IZMIR,186495,186508,186494,186496,186497,186499,2342.47,,281.29,,131.82,,33.1,
25/07/2021,IZMIR,186497,186499,186493,186507,186498,186509,850.07,,283.43,,52.62,,14.17,
26/07/2021,BURSA,186519,186520,186522,186521,186524,186523,6724.91,,1434.84,,293.64,,105.42,
26/07/2021,ELAZIG,186518,186511,186515,186514,186516,186510,40010.35,,3916.96,,636.67,,210.05,
27/07/2021,ANKARA,186530,186528,186533,186531,186527,186536,482.86,,100.7,,52.02,,15.2,
27/07/2021,KOCAELI,186540,186537,186538,186535,186525,186539,122698.3,,25557.82,,2183.22,,430.93,
28/07/2021,ELAZIG,186547,186548,186549,186546,186545,186550,42.95,,16.02,,8.19,,8.05,
28/07/2021,ISTANBUL,186551,186554,186543,186555,186544,186552,214.06,,80.2,,27.17,,21.57,
29/07/2021,ANKARA,186570,186569,186572,186565,186571,186566,68196.6,,1871.03,,877.63,,435.91,
29/07/2021,KOCAELI,186563,186558,186564,186562,186556,186559,4214.4,,1726.73,,,,,
29/07/2021,KOCAELI,186562,186556,186559,186561,186560,186557,263.88,,62.91,,12.31,,9.15,
30/07/2021,BURSA,186576,186592,186587,186590,186589,186586,904.12,,490.61,,59.36,,32.38,
30/07/2021,BURSA,186589,186586,186578,186588,186577,186591,1428.98,,66.56,,42.69,,11.46,
30/07/2021,ISTANBUL,186579,186575,186581,186584,186582,186580,1876.91,,304.45,,,,,
30/07/2021,ISTANBUL,186584,186582,186580,186583,186574,186585,67.49,,19.65,,3.54,,2.63,
31/07/2021,ANKARA,186601,186611,186606,186602,186608,186610,46.5,,9.83,,,,,
31/07/2021,ANKARA,186602,186608,186610,186605,186609,186607,972.2,,393.36,,193.9,,35.46,
31/07/2021,IZMIR,186604,186614,186617,186613,186603,186616,3676.53,,1289.84,,582.53,,360.66,
01/08/2021,ISTANBUL,186630,186619,186626,186618,186622,186623,701.95,,247.44,,,,,
01/08/2021,ISTANBUL,186618,186622,186623,186629,186625,186628,1157.12,,365.93,,25.1,,17.83,
01/08/2021,IZMIR,186620,186632,186621,186631,186635,186633,73.83,,12.52,,,,,
01/08/2021,IZMIR,186631,186635,186633,186634,186627,186624,1250.56,,356.96,,82.13,,62.21,
02/08/2021,BURSA,186638,186647,186639,186646,186651,186645,1070.43,,139.66,,,,,
02/08/2021,BURSA,186646,186651,186645,186650,186648,186649,20091.9,,1128.45,,123.42,,146.25,
02/08/2021,ELAZIG,186642,186641,186636,186644,186640,186643,6791.12,,417.02,,102.23,,55.28,
03/08/2021,ANKARA,186659,186657,186652,186658,186656,186654,1080.0,,296.67,,118.63,,19.62,
03/08/2021,KOCAELI,186655,186661,186664,186662,186663,186665,427.6,,93.45,,47.16,,3.0,
04/08/2021,ELAZIG,186676,186670,186671,186681,186669,186678,344.67,,38.67,,33.19,,7.52,
04/08/2021,ISTANBUL,186680,186667,186679,186675,186682,186674,254.64,,52.25,,,,,
04/08/2021,ISTANBUL,186675,186682,186674,186677,186666,186672,1593.37,,177.92,,56.62,,19.25,
05/08/2021,ANKARA,186684,186690,186697,186692,186689,186685,8273.23,,680.01,,116.22,,49.03,
05/08/2021,ANKARA,186689,186685,186696,186693,186695,186683,943.34,,113.02,,44.19,,6.9,
05/08/2021,KOCAELI,186691,186698,186686,186694,186688,186699,215212.47,,25114.1,,2429.7,,357.5,
06/08/2021,BURSA,186718,186710,186701,186716,186715,186714,7967.42,,520.44,,,,,
06/08/2021,BURSA,186716,186715,186714,186713,186700,186717,51438.45,,5311.63,,808.06,,142.83,
06/08/2021,ISTANBUL,186704,186709,186706,186705,186712,186702,8815.41,,2013.5,,573.99,,254.36,
06/08/2021,ISTANBUL,186712,186702,186711,186708,186703,186707,332.57,,86.54,,19.11,,5.08,
07/08/2021,ANKARA,186719,186724,186728,186729,186720,186731,893.56,,162.3,,,,,
07/08/2021,ANKARA,186729,186720,186731,186726,186727,186725,5773.77,,1112.79,,189.1,,55.47,
07/08/2021,IZMIR,186723,186735,186732,186722,186737,186733,2419.5,,424.32,,,,,
07/08/2021,IZMIR,186722,186737,186733,186734,186721,186736,1570.55,,243.52,,37.35,,15.21,
08/08/2021,ISTANBUL,186744,186745,186746,186743,186742,186747,6877.38,,770.7,,168.83,,32.15,
08/08/2021,IZMIR,186751,186752,186753,186739,186749,186750,332060.03,,49986.68,,19130.5,,1787.81,
09/08/2021,BURSA,186760,186755,186759,186761,186765,186763,7320.04,,3003.22,,,,,
09/08/2021,BURSA,186761,186765,186763,186762,186764,186754,20630.84,,5251.02,,900.98,,248.3,
09/08/2021,ELAZIG,186756,186770,186768,186769,186757,186767,22816.47,,1934.75,,872.34,,152.72,
10/08/2021,ANKARA,186780,186775,186776,186786,186772,186782,795.81,,139.71,,,,,
10/08/2021,ANKARA,186786,186772,186782,186781,186771,186785,394.98,,76.24,,25.86,,26.02,
10/08/2021,KOCAELI,186778,186774,186773,186784,186779,186783,1121.3,,127.42,,40.49,,31.98,
11/08/2021,ELAZIG,186794,186796,186790,186793,186797,186795,1773.58,,258.71,,57.34,,41.85,
11/08/2021,ISTANBUL,186802,186792,186798,186801,186788,186800,357.19,,85.88,,,,,
11/08/2021,ISTANBUL,186801,186788,186800,186799,186803,186789,210.7,,70.05,,31.14,,17.9,
12/08/2021,ANKARA,186809,186814,186810,186813,186812,186816,3346.69,,913.94,,128.95,,9.22,
12/08/2021,KOCAELI,186817,186818,186804,186807,186805,186819,1302.99,,117.17,,36.65,,11.27,
13/08/2021,BURSA,186842,186827,186844,186838,186828,186834,495.81,,80.36,,49.03,,22.17,
13/08/2021,BURSA,186828,186834,186841,186843,186829,186840,55.06,,9.71,,2.81,,2.91,
13/08/2021,ISTANBUL,186831,186839,186830,186835,186836,186837,1312.88,,69.33,,37.61,,21.41,
14/08/2021,ANKARA,186861,186860,186863,186854,186862,186858,2269.59,,229.12,,,,,
14/08/2021,ANKARA,186854,186862,186858,186859,186864,186853,5172.96,,828.82,,48.01,,26.58,
14/08/2021,IZMIR,186868,186856,186867,186855,186870,186869,31801.78,,8239.81,,,,,
14/08/2021,IZMIR,186855,186870,186869,186865,186857,186866,7078.9,,355.31,,4.67,,4.17,
15/08/2021,ISTANBUL,186883,186884,186886,186888,186878,186882,340.51,,45.89,,,,,
15/08/2021,ISTANBUL,186888,186878,186882,186885,186887,186879,175.88,,27.02,,7.38,,4.2,
15/08/2021,IZMIR,186889,186894,186893,186892,186881,186891,1757.4,,324.62,,112.8,,12.63,
16/08/2021,BURSA,186895,186901,186900,186906,186904,186903,692.59,,134.15,,,,,
16/08/2021,BURSA,186906,186904,186903,186902,186896,186911,1198.19,,192.44,,119.06,,24.46,
16/08/2021,ELAZIG,186910,186909,186897,186907,186899,186908,30061.0,,9741.72,,3370.74,,673.43,
17/08/2021,ANKARA,186921,186919,186917,186924,186920,186928,11760.74,,1432.66,,284.49,,97.61,
17/08/2021,KOCAELI,186927,186922,186913,186916,186915,186914,21358.92,,2451.66,,742.33,,58.36,
18/08/2021,ELAZIG,186933,186931,186935,186934,186929,186936,237397.6,,16836.95,,4562.17,,214.81,
18/08/2021,ISTANBUL,186938,186942,186941,186939,186940,186943,2034.51,,521.82,,135.41,,18.22,
19/08/2021,ANKARA,186948,186949,186951,186950,186947,186952,4382.16,,715.08,,193.72,,61.42,
19/08/2021,KOCAELI,186946,186958,186959,186956,186945,186957,8678.04,,1397.61,,114.01,,24.63,
20/08/2021,BURSA,186963,186971,186974,186962,186972,186973,2343.78,,615.4,,,,,
20/08/2021,BURSA,186962,186972,186973,186970,186977,186976,5903.38,,1258.03,,226.8,,101.47,
20/08/2021,ISTANBUL,186966,186964,186968,186961,186967,186965,1359.63,,705.87,,,,,
20/08/2021,ISTANBUL,186961,186967,186965,186969,186960,186975,421.0,,96.63,,56.55,,3.72,
21/08/2021,ANKARA,186988,186979,186983,186987,186985,186984,93.16,,19.67,,,,,
21/08/2021,ANKARA,186987,186985,186984,186986,186978,186989,296.87,,87.14,,21.53,,18.33,
21/08/2021,IZMIR,186982,186993,186990,186991,186981,186994,113882.8,,11081.61,,,,,
21/08/2021,IZMIR,186991,186981,186994,186995,186992,186980,11381.68,,2099.29,,299.92,,35.05,
22/08/2021,ISTANBUL,187006,187015,187008,187010,187014,187016,243.89,,72.0,,,,,
22/08/2021,ISTANBUL,187010,187014,187016,187009,187007,187012,1173.08,,105.34,,57.7,,36.01,
22/08/2021,IZMIR,187017,187005,187011,187018,187013,187020,631.88,,119.3,,,,,
22/08/2021,IZMIR,187018,187013,187020,187004,187019,187021,35620.48,,2854.49,,545.59,,329.26,
23/08/2021,BURSA,187030,187045,187043,187042,187040,187035,667.1,,283.66,,,,,
23/08/2021,BURSA,187042,187040,187035,187044,187031,187046,14226.09,,2556.49,,213.2,,68.73,
23/08/2021,ELAZIG,187039,187034,187037,187038,187041,187033,63526.44,,10251.88,,929.85,,94.21,
24/08/2021,ANKARA,187047,187058,187061,187050,187060,187049,166.44,,53.11,,33.4,,9.06,
24/08/2021,ANKARA,187060,187049,187052,187051,187048,187062,1540.18,,167.46,,76.07,,9.25,
24/08/2021,KOCAELI,187064,187059,187054,187055,187065,187063,215.92,,88.01,,55.71,,31.02,
25/08/2021,ELAZIG,187080,187081,187078,187079,187066,187077,1179.01,,160.53,,77.51,,30.97,
25/08/2021,ISTANBUL,187072,187075,187071,187070,187068,187073,69.81,,23.17,,,,,
25/08/2021,ISTANBUL,187070,187068,187073,187074,187069,187076,636.96,,112.14,,54.68,,41.41,
26/08/2021,ANKARA,187085,187087,187092,187091,187084,187089,175.93,,64.85,,,,,
26/08/2021,ANKARA,187091,187084,187089,187086,187088,187090,640.61,,196.89,,23.19,,9.23,
26/08/2021,KOCAELI,187098,187082,187099,187095,187083,187097,5027.77,,373.54,,86.11,,20.37,
27/08/2021,BURSA,187115,187102,187108,187113,187105,187116,12003.96,,2128.92,,294.18,,165.92,
27/08/2021,ISTANBUL,187110,187106,187107,187111,187101,187104,41150.99,,2938.0,,,,,
27/08/2021,ISTANBUL,187111,187101,187104,187109,187114,187100,2993.04,,428.96,,29.55,,2.7,
28/08/2021,ANKARA,187134,187143,187139,187140,187141,187144,1332.79,,649.86,,,,,
28/08/2021,ANKARA,187140,187141,187144,187142,187135,187146,37544.19,,1491.62,,186.58,,60.46,
28/08/2021,IZMIR,187149,187137,187147,187136,187151,187145,1040.48,,283.86,,25.65,,4.52,
28/08/2021,IZMIR,187151,187145,187148,187150,187138,187152,119.13,,26.74,,22.11,,10.43,
29/08/2021,ISTANBUL,187163,187154,187159,187153,187162,187157,195.72,,32.87,,,,,
29/08/2021,ISTANBUL,187153,187162,187157,187161,187158,187160,664.82,,98.36,,38.74,,43.56,
29/08/2021,IZMIR,187155,187164,187156,187168,187167,187165,1972.03,,508.77,,,,,
29/08/2021,IZMIR,187168,187167,187165,187170,187166,187169,6755.94,,746.02,,52.89,,19.26,
30/08/2021,BURSA,187180,187176,187182,187183,187171,187185,4887.82,,483.56,,,,,
30/08/2021,BURSA,187183,187171,187185,187186,187187,187172,9114.59,,1210.94,,108.53,,21.5,
30/08/2021,ELAZIG,187177,187174,187179,187181,187184,187173,6902.85,,1880.52,,327.93,,203.66,
31/08/2021,ANKARA,187191,187188,187197,187195,187189,187196,9069.82,,1267.23,,,,,
31/08/2021,ANKARA,187195,187189,187196,187190,187193,187198,34511.63,,2555.28,,554.93,,171.37,
31/08/2021,KOCAELI,187201,187200,187204,187194,187199,187205,39693.63,,4346.54,,305.28,,126.83,
01/09/2021,DIYARBAKIR,187208,187222,187220,187221,187218,187207,3292.35,,800.64,,,,,
01/09/2021,DIYARBAKIR,187221,187218,187207,187217,187219,187206,3028.38,,320.92,,127.2,,40.27,
01/09/2021,ISTANBUL,187212,187215,187209,187213,187210,187211,2332.86,,184.79,,52.56,,23.15,
02/09/2021,ANKARA,187224,187234,187232,187230,187225,187229,1082.99,,69.3,,27.86,,10.5,
02/09/2021,ANKARA,187225,187229,187233,187235,187231,187223,1941.08,,821.11,,86.78,,26.03,
02/09/2021,IZMIR,187226,187238,187241,187239,187228,187242,61051.7,,3734.03,,1210.35,,786.72,
02/09/2021,IZMIR,187228,187242,187237,187236,187227,187240,1469.06,,123.02,,30.85,,14.88,
03/09/2021,BURSA,187253,187251,187249,187250,187256,187259,1204.21,,211.78,,163.1,,22.07,
03/09/2021,IZMIR,187245,187248,187254,187258,187246,187252,633.12,,142.45,,41.43,,8.72,
04/09/2021,ANKARA,187262,187266,187264,187263,187267,187268,199.95,,30.0,,,,,
04/09/2021,ANKARA,187263,187267,187268,187270,187269,187265,1461.48,,574.26,,647.46,,143.3,
04/09/2021,ISTANBUL,187272,187273,187275,187274,187276,187271,446.54,,71.03,,25.86,,6.5,
05/09/2021,ADANA,187279,187296,187280,187293,187294,187291,355.15,,200.15,,,,,
05/09/2021,ADANA,187293,187294,187291,187290,187295,187292,10105.81,,1956.32,,156.84,,80.47,
05/09/2021,ISTANBUL,187288,187284,187282,187289,187285,187287,281.24,,102.35,,,,,
05/09/2021,ISTANBUL,187289,187285,187287,187283,187286,187281,1162.04,,62.8,,43.75,,7.22,
06/09/2021,BURSA,187299,187314,187310,187298,187315,187313,576.99,,103.91,,30.73,,,
06/09/2021,BURSA,187315,187313,187311,187312,187297,187309,170508.48,,15357.39,,4094.36,,601.45,
06/09/2021,ELAZIG,187301,187306,187304,187303,187308,187302,81.06,,,,,,,
06/09/2021,ELAZIG,187303,187308,187302,187305,187300,187307,4761.23,,952.06,,487.51,,139.18,
07/09/2021,ANKARA,187320,187323,187318,187316,187321,187319,128.35,,39.61,,,,,
07/09/2021,ANKARA,187316,187321,187319,187322,187317,187324,116.31,,25.29,,5.14,,4.81,
07/09/2021,KOCAELI,187325,187330,187329,187331,187327,187332,632.42,,265.68,,104.1,,28.5,
08/09/2021,DIYARBAKIR,187343,187341,187337,187335,187344,187342,6220.45,,817.17,,414.0,,60.81,
08/09/2021,ISTANBUL,187334,187347,187339,187346,187333,187348,2559.27,,602.56,,,,,
08/09/2021,ISTANBUL,187346,187333,187348,187340,187345,187349,359.21,,77.72,,30.78,,3.31,
09/09/2021,ANKARA,187352,187355,187356,187353,187357,187361,6254.01,,1220.88,,201.69,,26.12,
09/09/2021,IZMIR,187351,187365,187364,187366,187350,187363,1169.34,,350.2,,140.98,,6.42,
10/09/2021,BURSA,187368,187379,187381,187382,187367,187371,738.04,,188.6,,,,,
10/09/2021,BURSA,187382,187367,187371,187384,187380,187383,1864.94,,305.53,,163.23,,26.33,
10/09/2021,ISTANBUL,187370,187373,187372,187377,187369,187375,451.35,,29.16,,,,,
10/09/2021,ISTANBUL,187377,187369,187375,187374,187376,187378,121.03,,59.24,,16.08,,10.95,
11/09/2021,ANKARA,187393,187388,187395,187391,187389,187392,7806.35,,690.72,,146.4,,84.13,
11/09/2021,IZMIR,187386,187396,187400,187399,187387,187398,2123.36,,,,,,,
11/09/2021,IZMIR,187399,187387,187398,187397,187385,187401,3219.78,,199.54,,89.89,,29.9,
12/09/2021,ADANA,187408,187427,187424,187407,187426,187425,691.74,,165.99,,80.82,,21.67,
12/09/2021,ADANA,187426,187425,187421,187422,187406,187423,8641.04,,1387.24,,405.48,,217.76,
12/09/2021,ELAZIG,187419,187417,187420,187418,187428,187416,4060.08,,432.9,,187.84,,26.6,
12/09/2021,ISTANBUL,187405,187411,187413,187404,187412,187414,70.16,,16.19,,,,,
12/09/2021,ISTANBUL,187404,187412,187414,187409,187415,187410,4169.39,,508.02,,198.81,,104.3,
13/09/2021,BURSA,187431,187443,187441,187433,187440,187444,5668.39,,3786.5,,1354.03,,358.82,
13/09/2021,BURSA,187440,187444,187442,187439,187432,187445,7886.56,,381.2,,135.98,,38.77,
13/09/2021,ELAZIG,187438,187437,187436,187430,187434,187435,11079.98,,1277.01,,311.12,,112.55,
14/09/2021,ANKARA,187454,187455,187450,187452,187449,187453,1777.91,,221.32,,,,,
14/09/2021,ANKARA,187452,187449,187453,187451,187456,187448,1578.29,,239.05,,56.38,,20.63,
14/09/2021,KOCAELI,187447,187459,187458,187463,187462,187460,18224.34,,653.96,,,,,
14/09/2021,KOCAELI,187463,187462,187460,187457,187446,187461,3195.98,,91.18,,14.09,,6.85,
15/09/2021,DIYARBAKIR,187464,187479,187477,187465,187480,187478,,475161.61,34288.13,,,,,
15/09/2021,DIYARBAKIR,187465,187480,187478,187482,187466,187481,78845.66,,4020.05,,963.54,,137.92,
15/09/2021,ISTANBUL,187472,187467,187476,187470,187473,187469,146.31,,47.33,,20.1,,13.87,
15/09/2021,ISTANBUL,187473,187469,187475,187474,187471,187468,893.27,,117.06,,46.91,,32.76,
16/09/2021,ANKARA,187491,187489,187494,187492,187490,187486,804.31,,99.08,,30.09,,8.56,
16/09/2021,IZMIR,187485,187499,187496,187483,187498,187493,27273.02,,3836.22,,802.91,,43.25,
17/09/2021,BURSA,187500,187505,187516,187513,187507,187511,4496.4,,1006.78,,,,,
17/09/2021,BURSA,187513,187507,187511,187506,187501,187515,2695.34,,515.71,,57.49,,46.47,
17/09/2021,ISTANBUL,187514,187509,187510,187512,187502,187508,14245.12,,2403.34,,850.77,,90.5,
18/09/2021,ANKARA,187521,187525,187526,187532,187522,187534,207.93,,121.27,,,,,
18/09/2021,ANKARA,187532,187522,187534,187528,187530,187535,1071.89,,216.21,,94.56,,12.55,
18/09/2021,IZMIR,187523,187533,187527,187536,187524,187537,2282.32,,407.43,,,,,
18/09/2021,IZMIR,187536,187524,187537,187529,187538,187531,1700.42,,371.63,,81.68,,56.37,
19/09/2021,ADANA,187546,187562,187563,187565,187566,187547,1860.04,,357.07,,,,,
19/09/2021,ADANA,187565,187566,187547,187567,187564,187568,48959.2,,4434.41,,1770.49,,154.72,
19/09/2021,ELAZIG,187551,187552,187553,187550,187554,187557,8067.02,,1122.32,,223.15,,117.93,
19/09/2021,ISTANBUL,187549,187560,187559,187556,187555,187561,7129.51,,276.78,,148.62,,51.82,
20/09/2021,BURSA,187571,187584,187575,187570,187586,187579,540.6,,148.03,,102.96,,94.72,
20/09/2021,BURSA,187586,187579,187569,187577,187585,187576,118332.47,,5600.05,,1376.85,,414.9,
20/09/2021,ELAZIG,187583,187580,187573,187582,187572,187581,3004.34,,242.88,,68.55,,27.16,
21/09/2021,ANKARA,187588,187600,187589,187593,187590,187597,65.08,,17.14,,,,,
21/09/2021,ANKARA,187593,187590,187597,187598,187587,187594,893.57,,164.02,,105.59,,77.21,
21/09/2021,KOCAELI,187592,187602,187595,187601,187599,187603,1639.69,,420.37,,71.94,,27.26,
22/09/2021,DIYARBAKIR,187618,187607,187619,187608,187621,187616,2451.9,,688.48,,,,,
22/09/2021,DIYARBAKIR,187608,187621,187616,187620,187606,187617,255359.64,,2893.09,,879.99,,297.3,
22/09/2021,ISTANBUL,187612,187605,187609,187610,187615,187614,1476.73,,150.98,,,,,
22/09/2021,ISTANBUL,187610,187615,187614,187611,187604,187613,938.52,,199.06,,13.44,,9.23,
23/09/2021,ANKARA,187632,187630,187627,187633,187628,187624,161.96,,44.46,,,,,
23/09/2021,ANKARA,187633,187628,187624,187629,187631,187623,90.82,,15.44,,2.84,,2.28,
23/09/2021,IZMIR,187626,187640,187634,187635,187625,187636,1257.72,,272.18,,,,,
23/09/2021,IZMIR,187635,187625,187636,187637,187638,187639,17044.68,,2108.4,,300.24,,106.15,
24/09/2021,BURSA,187651,187655,187652,187654,187653,187650,1189.04,,202.26,,48.91,,18.48,
24/09/2021,ISTANBUL,187648,187645,187642,187644,187643,187656,46903.44,,2533.48,,1141.32,,400.38,
25/09/2021,ANKARA,187658,187668,187670,187671,187667,187666,1441.5,,227.69,,,,,
25/09/2021,ANKARA,187671,187667,187666,187665,187664,187657,492.71,,117.48,,48.78,,58.17,
25/09/2021,IZMIR,187676,187659,187672,187675,187662,187660,5714.9,,1325.35,,123.89,,16.1,
25/09/2021,IZMIR,187662,187660,187673,187663,187661,187674,1136.6,,108.88,,147.7,,46.78,
26/09/2021,ADANA,187678,187698,187694,187696,187699,187695,176.14,,120.16,,,,,
26/09/2021,ADANA,187696,187699,187695,187677,187693,187697,245.48,,69.52,,19.63,,9.93,
26/09/2021,ELAZIG,187692,187691,187680,187689,187683,187686,2290.15,,492.64,,266.52,,148.16,
26/09/2021,ISTANBUL,187688,187679,187682,187685,187690,187684,1061.76,,99.97,,64.14,,,
27/09/2021,BURSA,187709,187723,187722,187721,187720,187716,68674.72,,42104.75,,,,,
27/09/2021,BURSA,187721,187720,187716,187719,187708,187718,4192.2,,240.08,,53.28,,5.71,
27/09/2021,ELAZIG,187714,187713,187712,187715,187710,187717,965.35,,259.35,,44.49,,14.56,
28/09/2021,ANKARA,187733,187732,187730,187728,187729,187736,22130.67,,3704.78,,953.59,,36.08,
28/09/2021,KOCAELI,187724,187740,187725,187731,187737,187741,2114.7,,432.29,,134.76,,34.11,
28/09/2021,KOCAELI,187737,187741,187735,187738,187726,187739,828.58,,218.55,,97.44,,7.37,
29/09/2021,DIYARBAKIR,187755,187757,187752,187758,187747,187753,1974.68,,276.34,,122.72,,17.66,
29/09/2021,ISTANBUL,187744,187743,187748,187751,187745,187749,97522.85,,2768.05,,,,,
29/09/2021,ISTANBUL,187751,187745,187749,187746,187756,187742,30564.52,,6188.86,,999.38,,61.3,
30/09/2021,ANKARA,187770,187771,187772,187765,187762,187764,340.1,,107.51,,85.68,,18.53,
30/09/2021,IZMIR,187775,187761,187767,187774,187776,187769,363.82,,65.23,,,,,
30/09/2021,IZMIR,187774,187776,187769,187760,187763,187773,501.58,,64.23,,24.55,,29.57,
01/10/2021,BURSA,187782,187791,187788,187786,187792,187796,2473.38,,318.62,,174.88,,59.48,
01/10/2021,BURSA,187792,187796,187781,187790,187795,187780,6041.86,,901.26,,237.26,,57.38,
01/10/2021,ISTANBUL,187778,187794,187783,187784,187777,187789,847.22,,34.83,,16.33,,7.31,
01/10/2021,ISTANBUL,187777,187789,187793,187787,187785,187779,92.98,,33.99,,9.96,,5.62,
02/10/2021,ANKARA,187802,187807,187805,187803,187809,187806,164.55,,39.8,,36.33,,32.1,
02/10/2021,IZMIR,187799,187813,187800,187797,187812,187811,3184.41,,1360.86,,168.51,,84.87,
02/10/2021,IZMIR,187812,187811,187810,187814,187798,187801,309.49,,75.42,,19.83,,6.15,
03/10/2021,ADANA,187835,187816,187836,187839,187837,187815,2081.8,,137.36,,36.45,,16.43,
03/10/2021,ADANA,187837,187815,187831,187838,187817,187833,689.36,,217.52,,47.13,,71.05,
03/10/2021,ELAZIG,187821,187822,187824,187820,187823,187827,4649.26,,833.92,,291.3,,14.3,
03/10/2021,ISTANBUL,187834,187825,187829,187819,187832,187818,642.3,,130.72,,61.08,,18.23,
04/10/2021,BURSA,187854,187840,187853,187856,187852,187849,6422.12,,1417.8,,,,,
04/10/2021,BURSA,187856,187852,187849,187850,187841,187855,6061.6,,558.86,,73.81,,5.13,
04/10/2021,KOCAELI,187843,187846,187847,187842,187844,187851,981.17,,64.35,,19.0,,6.53,
05/10/2021,ADANA,187859,187874,187861,187868,187872,187873,578.65,,165.14,,19.65,,10.21,
05/10/2021,ADANA,187872,187873,187870,187871,187860,187869,2186.75,,261.74,,168.36,,107.53,
05/10/2021,DIYARBAKIR,187867,187866,187862,187857,187863,187865,33624.57,,2716.32,,613.69,,69.8,
06/10/2021,ELAZIG,187877,187880,187879,187875,187878,187876,33174.98,,2865.93,,1127.01,,241.98,
06/10/2021,ISTANBUL,187883,187881,187884,187887,187882,187886,2157.59,,321.68,,220.45,,24.28,
07/10/2021,ANKARA,187890,187896,187895,187894,187899,187893,4875.6,,708.72,,,,,
07/10/2021,ANKARA,187894,187899,187893,187898,187889,187897,234.53,,60.03,,15.42,,4.55,
07/10/2021,IZMIR,187900,187902,187905,187901,187892,187904,1084.11,,126.59,,58.31,,40.26,
08/10/2021,BURSA,187920,187910,187918,187919,187923,187909,1529.83,,522.86,,379.98,,64.78,
08/10/2021,BURSA,187923,187909,187922,187921,187908,187924,28365.51,,1741.22,,216.56,,53.05,
08/10/2021,ISTANBUL,187913,187912,187917,187915,187907,187914,1304.0,,165.57,,,,,
08/10/2021,ISTANBUL,187915,187907,187914,187911,187916,187906,649.41,,243.55,,55.5,,11.37,
09/10/2021,ANKARA,187942,187946,187937,187947,187945,187943,250.64,,40.15,,,,,
09/10/2021,ANKARA,187947,187945,187943,187948,187936,187941,578.47,,93.8,,10.27,,4.76,
09/10/2021,IZMIR,187935,187949,187954,187953,187938,187951,1111.37,,536.85,,,,,
09/10/2021,IZMIR,187953,187938,187951,187934,187939,187957,10801.08,,4542.26,,203.67,,45.82,
10/10/2021,ADANA,187981,187962,187977,187983,187963,187978,250.53,,54.94,,,,,
10/10/2021,ADANA,187983,187963,187978,187982,187979,187980,119351.64,,6557.84,,1157.14,,341.67,
10/10/2021,ELAZIG,187966,187965,187967,187964,187969,187975,4762.85,,384.64,,53.41,,2.91,
10/10/2021,ISTANBUL,187976,187960,187972,187961,187974,187971,9540.09,,2255.32,,,,,
10/10/2021,ISTANBUL,187961,187974,187971,187970,187968,187973,11145.48,,1182.18,,459.94,,32.02,
11/10/2021,BURSA,187984,187994,187990,187995,187999,187996,118.4,,69.64,,,,,
11/10/2021,BURSA,187995,187999,187996,187998,187985,187989,77.17,,10.03,,2.72,,2.68,
11/10/2021,KOCAELI,188000,187992,187988,187993,187991,187997,2164.12,,609.06,,155.07,,36.76,
12/10/2021,ADANA,188004,188018,188019,188013,188016,188017,267.7,,38.53,,24.59,,14.65,
12/10/2021,ADANA,188016,188017,188005,188015,188014,188006,2873.29,,621.86,,100.14,,40.46,
12/10/2021,DIYARBAKIR,188003,188009,188007,188010,188011,188001,,500645.52,9074.48,,,,,
12/10/2021,DIYARBAKIR,188010,188011,188001,188008,188012,188002,154546.83,,4120.91,,1527.02,,136.9,
13/10/2021,ELAZIG,188030,188029,188021,188033,188032,188020,3343.16,,1395.21,,348.47,,100.28,
13/10/2021,ISTANBUL,188031,188026,188023,188024,188035,188036,1347.63,,138.96,,55.26,,13.76,
14/10/2021,ANKARA,188038,188047,188045,188048,188046,188049,255.88,,103.57,,72.55,,33.32,
14/10/2021,ANKARA,188046,188049,188039,188044,188043,188037,2707.68,,249.08,,41.01,,19.43,
14/10/2021,IZMIR,188052,188040,188051,188055,188042,188050,162490.06,,2989.57,,,,,
14/10/2021,IZMIR,188055,188042,188050,188054,188053,188041,2731.0,,517.85,,62.2,,20.77,
15/10/2021,BURSA,188068,188070,188071,188072,188057,188066,4017.38,,645.14,,,,,
15/10/2021,BURSA,188072,188057,188066,188069,188056,188067,3530.94,,73.27,,35.4,,25.83,
15/10/2021,ISTANBUL,188058,188062,188059,188061,188064,188065,645.73,,64.42,,19.21,,14.96,
16/10/2021,ANKARA,188089,188090,188082,188088,188091,188092,265.0,,142.68,,,,,
16/10/2021,ANKARA,188088,188091,188092,188087,188081,188093,2889.85,,773.18,,210.87,,75.52,
16/10/2021,IZMIR,188098,188085,188095,188099,188094,188084,200.54,,53.23,,4.25,,5.53,
16/10/2021,IZMIR,188094,188084,188086,188097,188083,188096,738.8,,142.06,,74.64,,24.35,
17/10/2021,ADANA,188101,188116,188118,188119,188117,188121,548.75,,349.32,,,,,
17/10/2021,ADANA,188119,188117,188121,188120,188100,188122,1670.51,,67.53,,53.49,,20.11,
17/10/2021,DIYARBAKIR,188111,188110,188106,188115,188108,188113,9985.95,,331.7,,44.7,,23.98,
17/10/2021,ISTANBUL,188107,188102,188112,188104,188109,188114,1037.89,,161.17,,84.37,,23.31,
18/10/2021,BURSA,188142,188126,188143,188131,188144,188127,89.13,,25.06,,20.99,,12.7,
18/10/2021,BURSA,188144,188127,188138,188130,188140,188125,1738.98,,249.85,,124.78,,22.65,
18/10/2021,KOCAELI,188124,188132,188129,188141,188133,188135,405.88,,198.32,,,,,
18/10/2021,KOCAELI,188141,188133,188135,188128,188123,188139,93.89,,20.63,,6.17,,4.38,
19/10/2021,ADANA,188150,188151,188145,188154,188152,188155,762.09,,417.37,,,,,
19/10/2021,ADANA,188154,188152,188155,188156,188146,188153,9217.24,,2317.36,,335.34,,52.25,
19/10/2021,DIYARBAKIR,188147,188160,188149,188158,188161,188162,353.1,,26.02,,,,,
19/10/2021,DIYARBAKIR,188158,188161,188162,188148,188159,188157,308.21,,109.88,,37.65,,33.76,
20/10/2021,ELAZIG,188168,188174,188170,188172,188163,188169,10337.56,,332.5,,470.24,,190.48,
20/10/2021,ISTANBUL,188177,188166,188176,188167,188175,188180,72.0,,13.07,,10.93,,,
20/10/2021,ISTANBUL,188175,188180,188165,188179,188178,188173,359.4,,85.04,,55.9,,60.38,
21/10/2021,ANKARA,188194,188190,188186,188193,188191,188192,3453.27,,475.84,,175.15,,179.72,
21/10/2021,IZMIR,188182,188184,188181,188189,188197,188196,624.38,,307.59,,,,,
21/10/2021,IZMIR,188189,188197,188196,188183,188185,188195,100332.43,,16241.32,,2643.96,,456.73,
22/10/2021,BURSA,188205,188211,188198,188215,188212,188213,1493.16,,176.15,,,,,
22/10/2021,BURSA,188215,188212,188213,188214,188199,188209,1749.22,,876.9,,339.27,,47.48,
22/10/2021,ISTANBUL,188208,188201,188206,188204,188200,188207,732.04,,218.32,,,,,
22/10/2021,ISTANBUL,188204,188200,188207,188202,188203,188210,1344.3,,249.79,,113.67,,9.71,
23/10/2021,ANKARA,188223,188226,188225,188222,188224,188221,585.6,,45.02,,30.84,,18.87,
23/10/2021,IZMIR,188217,188231,188219,188218,188233,188232,10889.41,,4867.73,,498.95,,24.17,
23/10/2021,IZMIR,188233,188232,188228,188220,188216,188234,9262.04,,2059.63,,436.27,,57.33,
24/10/2021,ADANA,188258,188251,188235,188257,188254,188247,171.76,,42.35,,,,,
24/10/2021,ADANA,188257,188254,188247,188255,188236,188249,13150.48,,2050.69,,540.23,,1461.68,
24/10/2021,DIYARBAKIR,188246,188243,188244,188240,188242,188245,241.18,,77.29,,21.69,,16.8,
24/10/2021,ISTANBUL,188250,188238,188248,188253,188256,188239,32212.61,,4206.32,,,,,
24/10/2021,ISTANBUL,188253,188256,188239,188241,188237,188259,40822.74,,1945.37,,60.31,,22.75,
25/10/2021,BURSA,188260,188274,188261,188278,188277,188276,12306.71,,11039.44,,,,,
25/10/2021,BURSA,188278,188277,188276,188271,188272,188275,14229.58,,1037.59,,29.31,,6.22,
25/10/2021,KOCAELI,188264,188267,188265,188263,188269,188266,9285.93,,2931.91,,835.2,,65.47,
25/10/2021,KOCAELI,188269,188266,188270,188268,188262,188273,161473.03,,40314.0,,2585.1,,504.8,
26/10/2021,ADANA,188284,188292,188283,188291,188294,188295,3953.69,,703.13,,64.82,,8.3,
26/10/2021,ADANA,188294,188295,188297,188293,188282,188296,278.06,,95.07,,31.92,,8.03,
26/10/2021,DIYARBAKIR,188280,188285,188281,188287,188286,188288,2579.67,,35.16,,,,,
26/10/2021,DIYARBAKIR,188287,188286,188288,188290,188279,188289,1522.5,,241.38,,123.48,,64.76,
27/10/2021,ELAZIG,188307,188306,188302,188301,188304,188303,2638.69,,405.29,,167.01,,32.51,
27/10/2021,ISTANBUL,188310,188298,188308,188309,188312,188311,157.55,,50.83,,,,,
27/10/2021,ISTANBUL,188309,188312,188311,188313,188299,188314,102.02,,13.56,,8.41,,2.87,
28/10/2021,ANKARA,188326,188315,188324,188325,188316,188322,399.59,,99.87,,,,,
28/10/2021,ANKARA,188325,188316,188322,188320,188323,188321,1231.99,,235.29,,127.74,,43.38,
28/10/2021,IZMIR,188327,188319,188332,188328,188331,188318,11515.32,,2176.03,,76.92,,50.95,
28/10/2021,IZMIR,188331,188318,188333,188329,188317,188330,436.78,,51.37,,13.71,,13.3,
29/10/2021,BURSA,188334,188348,188343,188349,188352,188351,23746.08,,1930.22,,,,,
29/10/2021,BURSA,188349,188352,188351,188345,188335,188350,3374.3,,315.66,,77.66,,27.95,
29/10/2021,ISTANBUL,188336,188339,188337,188341,188340,188344,281.9,,34.54,,12.81,,13.31,
29/10/2021,ISTANBUL,188340,188344,188346,188342,188338,188347,16063.58,,1468.28,,1257.38,,159.31,
30/10/2021,ANKARA,188355,188359,188354,188362,188363,188360,297.55,,84.64,,,,,
30/10/2021,ANKARA,188362,188363,188360,188365,188364,188353,13884.76,,2273.67,,154.11,,60.87,
30/10/2021,IZMIR,188369,188361,188370,188366,188357,188367,5826.46,,619.01,,,,,
30/10/2021,IZMIR,188366,188357,188367,188368,188358,188356,1147.75,,239.86,,24.53,,3.72,
31/10/2021,ADANA,188372,188389,188382,188371,188393,188383,10136.57,,771.66,,592.66,,302.45,
31/10/2021,ADANA,188393,188383,188384,188387,188373,188385,21943.52,,2084.78,,110.97,,69.97,
31/10/2021,DIYARBAKIR,188390,188394,188392,188386,188391,188388,2923.23,,617.92,,285.69,,137.85,
31/10/2021,ISTANBUL,188379,188381,188376,188380,188375,188378,1011.32,,40.82,,6.36,,4.22,
01/11/2021,BURSA,188407,188396,188413,188411,188397,188409,1241.54,,396.06,,129.33,,101.36,
01/11/2021,BURSA,188397,188409,188408,188410,188395,188412,313.83,,30.84,,16.08,,6.16,
01/11/2021,KOCAELI,188403,188400,188398,188401,188405,188406,17501.22,,1708.6,,428.61,,80.82,
02/11/2021,ADANA,188431,188416,188428,188426,188429,188415,190.89,,68.81,,21.57,,9.32,
02/11/2021,ADANA,188429,188415,188432,188430,188427,188414,31168.41,,5418.39,,1621.02,,438.22,
02/11/2021,DIYARBAKIR,188420,188418,188424,188422,188417,188423,,578562.37,199400.59,,,,,
02/11/2021,DIYARBAKIR,188422,188417,188423,188425,188421,188419,,1512931.52,169555.29,,6910.25,,426.51,
03/11/2021,ELAZIG,188438,188442,188440,188439,188433,188441,339.44,,103.38,,38.28,,15.95,
03/11/2021,ISTANBUL,188443,188436,188448,188449,188445,188447,890.25,,336.56,,,,,
03/11/2021,ISTANBUL,188449,188445,188447,188446,188435,188444,7135.12,,831.54,,453.79,,139.31,
04/11/2021,ANKARA,188451,188457,188456,188454,188460,188455,5519.33,,791.93,,,,,
04/11/2021,ANKARA,188454,188460,188455,188450,188459,188458,119834.81,,15199.29,,2327.41,,774.07,
04/11/2021,IZMIR,188466,188464,188465,188452,188463,188462,753.91,,42.65,,8.96,,5.67,
05/11/2021,BURSA,188488,188478,188491,188493,188490,188479,207333.47,,26592.3,,3565.19,,225.31,
05/11/2021,BURSA,188490,188479,188492,188489,188480,188494,27977.59,,4756.94,,911.96,,444.67,
06/11/2021,ANKARA,188518,188519,188514,188517,188507,188516,35915.92,,3447.52,,,,,
06/11/2021,ANKARA,188517,188507,188516,188512,188515,188506,216.19,,55.75,,25.98,,3.46,
06/11/2021,IZMIR,188505,188522,188508,188504,188521,188520,197.92,,69.41,,21.42,,23.33,
06/11/2021,IZMIR,188521,188520,188510,188511,188503,188513,2106.19,,264.44,,102.5,,38.3,
07/11/2021,ADANA,188540,188524,188545,188542,188546,188543,458.38,,137.19,,,,,
07/11/2021,ADANA,188542,188546,188543,188541,188523,188544,852.09,,114.21,,24.27,,25.95,
07/11/2021,DIYARBAKIR,188529,188531,188532,188533,188534,188536,9995.13,,752.08,,338.83,,96.73,
07/11/2021,ISTANBUL,188530,188538,188525,188526,188527,188528,1605.66,,248.76,,60.59,,23.42,
08/11/2021,BURSA,188572,188557,188565,188570,188558,188567,2843.51,,457.67,,,,,
08/11/2021,BURSA,188570,188558,188567,188568,188571,188566,32276.06,,1064.08,,246.39,,,
08/11/2021,KOCAELI,188556,188569,188563,188561,188574,188560,2710.81,,458.83,,,,,
08/11/2021,KOCAELI,188561,188574,188560,188559,188555,188573,3759.19,,179.7,,63.13,,41.71,
09/11/2021,ADANA,188579,188588,188580,188589,188593,188587,1909.16,,485.69,,328.09,,222.68,
09/11/2021,ADANA,188593,188587,188590,188592,188591,188578,7030.32,,1512.85,,140.39,,17.87,
09/11/2021,DIYARBAKIR,188577,188583,188581,188586,188575,188584,3419.67,,143.44,,,,,
09/11/2021,DIYARBAKIR,188586,188575,188584,188582,188576,188585,1858.21,,332.33,,126.51,,16.23,
09/11/2021,ISTANBUL,188481,188482,188486,188484,188476,188487,145.29,,42.08,,,,,
09/11/2021,ISTANBUL,188484,188476,188487,188485,188483,188477,1697.85,,495.56,,116.61,,31.03,
10/11/2021,ELAZIG,188596,188600,188603,188601,188598,188599,3780.42,,631.48,,217.12,,111.82,
10/11/2021,ISTANBUL,188595,188606,188608,188610,188609,188607,60.69,,46.38,,,,,
10/11/2021,ISTANBUL,188610,188609,188607,188604,188594,188605,5425.92,,757.6,,154.69,,52.96,
11/11/2021,ANKARA,188612,188617,188618,188622,188623,188620,1384.53,,188.97,,,,,
11/11/2021,ANKARA,188622,188623,188620,188616,188611,188619,7810.61,,415.29,,53.33,,27.78,
11/11/2021,IZMIR,188614,188624,188627,188629,188613,188621,5952.94,,75.29,,34.62,,17.31,
11/11/2021,IZMIR,188613,188621,188628,188625,188615,188626,16329.55,,1903.56,,568.6,,97.56,
12/11/2021,BURSA,188631,188646,188641,188644,188645,188643,827.87,,92.26,,,,,
12/11/2021,BURSA,188644,188645,188643,188642,188630,188640,460.99,,50.28,,20.1,,18.85,
12/11/2021,ISTANBUL,188636,188634,188639,188635,188637,188632,1409.31,,291.86,,44.67,,3.17,
13/11/2021,ANKARA,188655,188658,188654,188647,188656,188652,293.95,,59.49,,,,,
13/11/2021,ANKARA,188647,188656,188652,188657,188648,188653,15389.9,,710.88,,451.11,,211.82,
13/11/2021,IZMIR,188649,188664,188662,188651,188665,188663,2270.85,,295.98,,118.89,,30.55,
13/11/2021,IZMIR,188665,188663,188661,188659,188650,188660,51117.35,,3166.09,,698.12,,222.9,
14/11/2021,ADANA,188668,188684,188683,188667,188686,188689,207.51,,41.27,,13.08,,8.7,
14/11/2021,ADANA,188686,188689,188688,188685,188666,188687,153.78,,46.27,,14.44,,11.78,
14/11/2021,DIYARBAKIR,188676,188675,188673,188677,188678,188690,782.71,,61.3,,58.49,,61.58,
14/11/2021,ISTANBUL,188669,188679,188670,188672,188674,188682,6504.52,,346.41,,112.39,,136.37,
15/11/2021,BURSA,188694,188697,188696,188695,188701,188698,433.76,,78.89,,22.98,,9.77,
15/11/2021,SANLIURFA,188691,188700,188702,188704,188693,188703,14140.17,,2729.69,,111.16,,33.37,
16/11/2021,ADANA,188712,188717,188707,188715,188710,188719,9870.73,,1407.86,,91.26,,60.82,
16/11/2021,DIYARBAKIR,188705,188716,188709,188714,188711,188718,16567.6,,2329.98,,481.53,,49.88,
17/11/2021,BURSA,188721,188731,188733,188729,188720,188732,2872.52,,204.35,,60.61,,27.57,
17/11/2021,ISTANBUL,188724,188722,188726,188728,188727,188723,608.25,,209.97,,78.25,,20.28,
18/11/2021,IZMIR,188742,188746,188737,188738,188739,188736,1007.91,,192.52,,47.9,,38.05,
18/11/2021,SANLIURFA,188745,188734,188741,188744,188743,188735,22885.43,,2299.32,,777.56,,334.98,
19/11/2021,IZMIR,188757,188771,188770,188769,188758,188762,291.6,,77.44,,27.1,,18.63,
19/11/2021,KOCAELI,188765,188755,188760,188766,188772,188767,25986.44,,5098.85,,,,,
19/11/2021,KOCAELI,188766,188772,188767,188756,188764,188761,13486.74,,2113.94,,141.88,,20.63,
20/11/2021,ADANA,188783,188793,188791,188797,188792,188794,13003.57,,328.77,,,,,
20/11/2021,ADANA,188797,188792,188794,188795,188784,188796,282342.23,,6455.54,,529.23,,171.06,
20/11/2021,ISTANBUL,188782,188787,188788,188789,188781,188790,23312.06,,4988.43,,852.29,,177.37,
21/11/2021,ADANA,188817,188816,188799,188813,188815,188814,116.58,,43.97,,10.26,,3.82,
21/11/2021,DIYARBAKIR,188807,188810,188812,188809,188808,188811,5854.58,,262.23,,187.16,,14.47,
21/11/2021,IZMIR,188803,188798,188802,188805,188806,188804,403.45,,90.04,,15.78,,6.11,
22/11/2021,BURSA,188836,188834,188838,188835,188837,188833,46289.1,,364.44,,64.42,,43.68,
22/11/2021,SANLIURFA,188829,188826,188830,188832,188831,188825,1271.7,,170.59,,161.68,,20.97,
23/11/2021,ADANA,188849,188840,188854,188846,188839,188848,42.73,,9.36,,3.46,,0.65,
23/11/2021,DIYARBAKIR,188842,188851,188855,188844,188850,188853,38976.16,,5222.09,,,,,
23/11/2021,DIYARBAKIR,188844,188850,188853,188845,188843,188847,79869.14,,2518.56,,1204.75,,271.72,
24/11/2021,BURSA,188867,188856,188865,188861,188857,188871,612.99,,72.45,,22.69,,9.56,
24/11/2021,ISTANBUL,188868,188860,188869,188859,188866,188863,2282.2,,330.28,,,,,
24/11/2021,ISTANBUL,188859,188866,188863,188870,188858,188864,745.99,,140.55,,51.87,,27.78,
25/11/2021,IZMIR,188878,188884,188874,188883,188876,188885,1727.86,,170.19,,34.5,,4.9,
25/11/2021,SANLIURFA,188880,188872,188879,188882,188873,188877,449.82,,94.88,,70.87,,15.98,
26/11/2021,IZMIR,188897,188900,188899,188889,188890,188894,231.38,,67.3,,21.94,,16.38,
26/11/2021,KOCAELI,188895,188886,188888,188891,188896,188892,844.18,,74.17,,,,,
26/11/2021,KOCAELI,188891,188896,188892,188893,188887,188898,658.48,,131.97,,51.39,,11.72,
27/11/2021,ADANA,188916,188902,188913,188915,188901,188914,16534.64,,1789.23,,173.54,,41.05,
27/11/2021,ISTANBUL,188903,188906,188911,188904,188909,188908,2753.03,,781.74,,,,,
27/11/2021,ISTANBUL,188904,188909,188908,188907,188905,188910,1342.05,,243.5,,43.62,,13.76,
28/11/2021,ADANA,188938,188931,188917,188928,188936,188934,5229.09,,846.88,,359.65,,16.27,
28/11/2021,DIYARBAKIR,188929,188923,188926,188932,188933,188930,7601.56,,1357.47,,357.19,,208.16,
28/11/2021,IZMIR,188919,188940,188922,188939,188927,188920,1608.81,,897.64,,,,,
28/11/2021,IZMIR,188939,188927,188920,188921,188937,188925,15450.28,,5253.2,,410.24,,24.68,
29/11/2021,BURSA,188949,188944,188947,188951,188945,188946,95559.4,,8000.88,,498.0,,83.95,
29/11/2021,SANLIURFA,188943,188948,188954,188950,188941,188953,1060.67,,365.12,,125.91,,41.02,
30/11/2021,ADANA,188968,188961,188964,188969,188955,188970,1349.32,,88.15,,21.31,,8.43,
01/12/2021,BURSA,188979,188978,188972,188977,188971,188976,1613.25,,332.52,,69.57,,32.85,
01/12/2021,ISTANBUL,188981,188974,188983,188984,188973,188985,2160.94,,106.43,,49.34,,27.86,
02/12/2021,IZMIR,188989,188991,188992,188990,188994,188988,291.1,,65.52,,21.45,,11.45,
02/12/2021,SANLIURFA,188987,188996,188995,188997,188986,188999,52701.02,,7100.34,,330.42,,140.25,
03/12/2021,IZMIR,189014,189012,189008,189002,189013,189015,27265.37,,2002.86,,381.29,,137.22,
03/12/2021,KOCAELI,189006,189001,189004,189010,189000,189007,1381.4,,413.9,,,,,
03/12/2021,KOCAELI,189010,189000,189007,189011,189005,189009,2214.34,,427.64,,285.18,,16.53,
04/12/2021,ADANA,189030,189029,189028,189027,189026,189032,23459.36,,4471.43,,901.94,,44.85,
04/12/2021,ISTANBUL,189022,189024,189021,189020,189019,189023,4284.54,,561.03,,135.24,,50.33,
05/12/2021,ADANA,189043,189035,189039,189038,189042,189034,,2119211.35,24788.44,,3041.67,,234.6,
05/12/2021,DIYARBAKIR,188963,188966,188958,188960,188965,188962,326.55,,43.23,,16.29,,5.78,
05/12/2021,IZMIR,189044,189036,189045,189037,189048,189040,5308.2,,663.44,,206.88,,154.13,
06/12/2021,BURSA,189057,189050,189051,189059,189052,189049,5973.4,,1182.34,,378.45,,,
06/12/2021,SANLIURFA,189056,189055,189054,189061,189053,189058,439087.37,,43791.25,,6343.28,,842.07,
07/12/2021,ADANA,189062,189073,189069,189076,189067,189063,1093.96,,81.23,,53.62,,19.76,
07/12/2021,DIYARBAKIR,189066,189071,189072,189074,189065,189077,3104.14,,339.24,,65.34,,55.22,
08/12/2021,BURSA,189085,189080,189087,189083,189082,189084,17732.48,,1237.0,,456.57,,89.85,
08/12/2021,ISTANBUL,189090,189078,189089,189091,189079,189092,15753.66,,920.99,,235.38,,15.23,
09/12/2021,IZMIR,189100,189097,189102,189099,189101,189096,5987.2,,1464.84,,113.67,,98.42,
09/12/2021,SANLIURFA,189105,189093,189103,189104,189095,189106,11722.75,,883.84,,207.42,,30.93,
10/12/2021,IZMIR,189120,189110,189116,189121,189122,189118,2076.89,,190.35,,80.46,,52.13,
10/12/2021,KOCAELI,189112,189111,189113,189119,189108,189114,218.94,,39.45,,,,,
10/12/2021,KOCAELI,189119,189108,189114,189117,189109,189115,450.78,,82.6,,56.49,,13.67,
11/12/2021,ADANA,189124,189138,189133,189132,189136,189135,13906.55,,757.91,,,,,
11/12/2021,ADANA,189132,189136,189135,189123,189134,189137,296.32,,103.58,,68.01,,18.12,
11/12/2021,ISTANBUL,189126,189131,189127,189128,189125,189129,292.93,,90.9,,10.82,,12.15,
12/12/2021,ADANA,189139,189150,189154,189151,189140,189153,12303.34,,1259.18,,378.82,,51.22,
12/12/2021,IZMIR,189142,189144,189145,189141,189146,189149,4704.62,,2698.01,,,,,
12/12/2021,IZMIR,189141,189146,189149,189143,189147,189152,3418.8,,881.84,,71.53,,13.66,
13/12/2021,BURSA,189169,189162,189163,189160,189155,189161,1937.88,,214.23,,71.55,,16.0,
13/12/2021,SANLIURFA,189165,189168,189159,189167,189157,189166,5408.85,,1167.37,,324.5,,95.26,
14/12/2021,ADANA,189183,189185,189181,189182,189172,189184,675.29,,106.67,,34.88,,11.47,
14/12/2021,DIYARBAKIR,189175,189178,189179,189176,189174,189180,9342.71,,379.6,,151.62,,61.21,
15/12/2021,BURSA,189200,189191,189195,189187,189190,189199,371.33,,64.32,,30.91,,15.97,
15/12/2021,ISTANBUL,189193,189194,189198,189192,189189,189196,387.79,,64.18,,25.14,,4.16,
16/12/2021,IZMIR,189212,189213,189209,189206,189211,189203,1456.88,,141.81,,40.59,,15.88,
16/12/2021,SANLIURFA,189205,189207,189210,189204,189201,189208,4994.79,,609.65,,166.45,,41.03,
17/12/2021,IZMIR,189220,189217,189223,189228,189218,189219,168.6,,31.26,,29.19,,16.11,
17/12/2021,KOCAELI,189225,189215,189229,189214,189226,189227,6949.23,,861.72,,,,,
17/12/2021,KOCAELI,189214,189226,189227,189221,189222,189230,3917.93,,630.09,,61.15,,8.18,
18/12/2021,ADANA,189234,189242,189241,189244,189245,189243,263.59,,91.5,,,,,
18/12/2021,ADANA,189244,189245,189243,189240,189233,189246,176.18,,28.28,,10.68,,7.22,
18/12/2021,ISTANBUL,189238,189239,189232,189236,189235,189237,115.82,,32.28,,8.73,,2.32,
19/12/2021,ADANA,189258,189250,189261,189260,189262,189249,22313.98,,3392.79,,596.42,,58.32,
19/12/2021,IZMIR,189259,189254,189247,189255,189251,189253,722.38,,149.81,,,,,
19/12/2021,IZMIR,189255,189251,189253,189248,189257,189252,2969.11,,919.22,,293.34,,156.5,
20/12/2021,BURSA,189270,189271,189268,189269,189272,189263,49695.46,,5065.69,,374.12,,112.2,
20/12/2021,SANLIURFA,189267,189273,189276,189274,189265,189277,5169.71,,520.63,,178.36,,26.6,
21/12/2021,ADANA,189287,189291,189289,189290,189288,189286,701.28,,228.26,,41.88,,18.71,
21/12/2021,DIYARBAKIR,189284,189279,189282,189280,189283,189278,26253.7,,4202.12,,961.41,,273.22,
22/12/2021,BURSA,189304,189301,189303,189302,189297,189298,5764.25,,252.37,,55.69,,4.76,
22/12/2021,ISTANBUL,189300,189292,189295,189299,189293,189296,2812.48,,401.78,,184.29,,66.4,
23/12/2021,IZMIR,189305,189312,189317,189308,189306,189309,1099.63,,139.76,,39.92,,8.67,
23/12/2021,SANLIURFA,189316,189311,189314,189315,189310,189313,7170.63,,1327.63,,281.45,,78.58,
24/12/2021,IZMIR,189331,189333,189328,189321,189332,189320,84.76,,16.52,,9.54,,2.28,
24/12/2021,KOCAELI,189318,189326,189322,189327,189319,189324,272.89,,108.05,,,,,
24/12/2021,KOCAELI,189327,189319,189324,189325,189323,189330,13536.8,,1182.2,,577.94,,201.7,
25/12/2021,ADANA,189336,189349,189347,189345,189337,189350,35400.24,,7941.02,,1580.43,,243.58,
25/12/2021,ADANA,189337,189350,189346,189344,189338,189348,17394.73,,601.66,,58.39,,10.75,
25/12/2021,ISTANBUL,189339,189334,189340,189342,189335,189341,2325.42,,1213.94,,534.45,,210.72,
26/12/2021,ADANA,189351,189360,189358,189356,189352,189361,1538.59,,247.95,,68.18,,26.12,
26/12/2021,IZMIR,189363,189362,189359,189355,189353,189364,12570.56,,3739.48,,484.62,,95.91,
27/12/2021,BURSA,189372,189366,189375,189371,189365,189373,131.0,,44.78,,37.29,,17.67,
27/12/2021,SANLIURFA,189374,189367,189376,189377,189369,189379,5763.33,,2545.5,,1843.62,,216.31,
28/12/2021,ADANA,189381,189386,189389,189384,189380,189392,9146.08,,525.25,,61.56,,17.85,
28/12/2021,DIYARBAKIR,189385,189396,189387,189391,189393,189394,16581.39,,4599.23,,290.03,,81.75,
29/12/2021,BURSA,189398,189400,189410,189401,189397,189405,21849.21,,4252.82,,506.45,,292.66,
29/12/2021,ISTANBUL,189407,189406,189409,189402,189404,189408,8400.14,,371.85,,199.87,,66.56,
30/12/2021,IZMIR,189428,189427,189417,189418,189419,189420,7078.96,,1593.58,,201.61,,62.22,
30/12/2021,SANLIURFA,189423,189421,189414,189426,189425,189424,15016.17,,933.84,,229.31,,86.07,
31/12/2021,IZMIR,189436,189444,189442,189443,189432,189445,677.85,,287.67,,35.35,,19.26,
31/12/2021,KOCAELI,189435,189440,189434,189429,189437,189441,1427.07,,344.24,,,,,
31/12/2021,KOCAELI,189429,189437,189441,189433,189430,189438,3756.7,,354.04,,110.95,,22.85,
01/01/2022,ADANA,189449,189456,189454,189451,189457,189450,17.86,,14.09,,11.05,,10.81,
01/01/2022,ADANA,189457,189450,189453,189452,189448,189455,6344.43,,868.55,,261.27,,16.21,
01/01/2022,ISTANBUL,189447,189460,189462,189458,189461,189459,2549.79,,154.29,,40.44,,13.71,
02/01/2022,ADANA,189474,189478,189475,189476,189472,189477,329.73,,44.03,,24.99,,8.07,
02/01/2022,IZMIR,189469,189465,189467,189466,189471,189464,53.05,,18.12,,,,,
02/01/2022,IZMIR,189466,189471,189464,189473,189470,189468,22.51,,8.72,,2.29,,1.4,
03/01/2022,BURSA,189480,189488,189483,189486,189479,189487,466.43,,164.37,,34.85,,6.63,
03/01/2022,SANLIURFA,189492,189493,189490,189482,189489,189494,512.01,,86.76,,17.25,,7.82,
04/01/2022,ADANA,189502,189506,189496,189509,189500,189508,3621.15,,576.54,,111.66,,58.42,
04/01/2022,KOCAELI,189499,189507,189504,189498,189497,189505,81.48,,45.29,,22.99,,10.26,
05/01/2022,BURSA,189522,189512,189524,189521,189513,189525,1069.56,,314.26,,104.16,,16.93,
05/01/2022,ISTANBUL,189516,189510,189518,189517,189511,189519,1099.95,,168.23,,35.11,,11.42,
06/01/2022,IZMIR,189534,189530,189536,189532,189533,189535,8527.9,,1368.71,,627.41,,102.77,
06/01/2022,SANLIURFA,189526,189540,189527,189531,189541,189537,2852.3,,367.24,,,,,
06/01/2022,SANLIURFA,189531,189541,189537,189539,189528,189538,71928.69,,3155.14,,532.92,,89.87,
07/01/2022,IZMIR,189544,189554,189553,189556,189551,189545,267.55,,24.23,,4.49,,1.18,
07/01/2022,KOCAELI,189552,189542,189555,189547,189550,189543,294.15,,49.34,,24.51,,14.7,
08/01/2022,ADANA,189568,189559,189571,189560,189565,189572,116958.27,,835.36,,193.4,,57.5,
08/01/2022,ISTANBUL,189566,189557,189567,189569,189562,189558,146.03,,20.54,,8.35,,4.6,
09/01/2022,ADANA,189581,189574,189579,189583,189573,189580,910.41,,222.85,,54.54,,43.03,
09/01/2022,IZMIR,189585,189588,189576,189584,189577,189587,512.98,,75.21,,23.87,,14.21,
10/01/2022,BURSA,189592,189601,189595,189593,189598,189596,698.33,,221.65,,108.84,,60.26,
10/01/2022,SANLIURFA,189599,189590,189602,189597,189600,189603,13459.88,,597.06,,221.28,,82.35,
11/01/2022,ADANA,189614,189611,189610,189613,189612,189605,4535.79,,221.5,,61.45,,26.88,
11/01/2022,KOCAELI,189615,189607,189617,189609,189616,189618,108520.8,,3649.69,,864.69,,189.95,
12/01/2022,BURSA,189630,189632,189631,189629,189619,189633,1167.88,,349.95,,47.22,,19.86,
12/01/2022,ISTANBUL,189624,189628,189626,189622,189623,189625,45938.25,,1314.33,,553.6,,180.36,
13/01/2022,IZMIR,189635,189647,189641,189640,189634,189642,170.69,,102.52,,37.26,,23.81,
13/01/2022,SANLIURFA,189638,189646,189643,189645,189636,189649,7163.69,,701.69,,,,,
13/01/2022,SANLIURFA,189645,189636,189649,189648,189637,189644,2853.33,,336.18,,139.13,,14.22,
14/01/2022,IZMIR,189662,189663,189660,189657,189653,189659,1569.04,,719.81,,172.65,,60.45,
14/01/2022,KOCAELI,189661,189650,189655,189656,189658,189651,3110.26,,504.3,,123.48,,51.4,
15/01/2022,ADANA,189665,189673,189664,189679,189677,189676,1188.09,,276.65,,,,,
15/01/2022,ADANA,189679,189677,189676,189675,189674,189678,8954.67,,589.47,,105.58,,53.83,
15/01/2022,ISTANBUL,189666,189672,189667,189669,189671,189668,16560.98,,200.81,,38.58,,14.65,
16/01/2022,ADANA,189689,189681,189690,189686,189687,189680,343.58,,52.8,,16.8,,2.25,
16/01/2022,IZMIR,189692,189683,189684,189694,189682,189693,212.01,,54.93,,,,,
16/01/2022,IZMIR,189694,189682,189693,189691,189688,189695,127.33,,15.06,,10.31,,5.12,
17/01/2022,BURSA,189700,189704,189711,189698,189707,189702,264.98,,58.35,,11.49,,2.73,
17/01/2022,SANLIURFA,189709,189705,189701,189703,189696,189708,1622.1,,338.48,,121.71,,37.08,
18/01/2022,ADANA,189713,189724,189726,189725,189722,189712,2070.39,,269.89,,34.98,,4.01,
18/01/2022,KOCAELI,189718,189721,189717,189716,189719,189720,1225.54,,285.26,,86.89,,40.1,
19/01/2022,ANTALYA,189737,189740,189739,189728,189734,189735,383.04,,49.8,,10.35,,2.06,
19/01/2022,ISTANBUL,189732,189738,189729,189733,189730,189741,848.19,,80.68,,27.27,,10.7,
20/01/2022,IZMIR,189748,189747,189746,189749,189745,189751,387.47,,42.32,,18.05,,5.81,
20/01/2022,SANLIURFA,189742,189750,189753,189754,189743,189756,142.87,,50.58,,,,,
20/01/2022,SANLIURFA,189754,189743,189756,189755,189752,189744,6030.08,,1066.77,,350.58,,89.37,
21/01/2022,ANTALYA,189766,189769,189768,189764,189765,189767,131.31,,27.69,,10.28,,3.08,
21/01/2022,IZMIR,189762,189757,189759,189761,189758,189760,398.49,,75.54,,18.84,,5.33,
22/01/2022,ADANA,189781,189782,189786,189785,189773,189783,14073.12,,1039.89,,,,,
22/01/2022,ADANA,189785,189773,189783,189780,189784,189772,2267.76,,77.2,,24.05,,2.78,
22/01/2022,ISTANBUL,189777,189778,189779,189774,189770,189776,199.91,,35.17,,29.47,,13.12,
23/01/2022,ADANA,189810,189797,189812,189807,189796,189811,7321.66,,549.92,,174.12,,98.4,
23/01/2022,IZMIR,189801,189803,189814,189800,189808,189813,163.28,,112.81,,,,,
23/01/2022,IZMIR,189800,189808,189813,189804,189802,189805,216.55,,21.71,,7.5,,5.58,
24/01/2022,SANLIURFA,189817,189822,189826,189821,189819,189825,1981.75,,258.4,,,,,
24/01/2022,SANLIURFA,189821,189819,189825,189828,189818,189824,1021.48,,379.5,,189.75,,15.78,
25/01/2022,ADANA,189845,189846,189842,189843,189834,189847,24719.03,,1805.39,,232.99,,38.81,
25/01/2022,KOCAELI,189838,189844,189837,189840,189836,189835,5334.44,,605.14,,176.13,,57.65,
26/01/2022,ANTALYA,189855,189856,189854,189852,189853,189849,50.6,,6.53,,2.43,,2.02,
26/01/2022,ISTANBUL,189859,189850,189861,189858,189862,189851,6923.58,,468.85,,103.98,,7.86,
27/01/2022,BURSA,189827,189823,189820,189829,189816,189832,739.02,,173.3,,,,,
27/01/2022,BURSA,189829,189816,189832,189831,189815,189830,17086.96,,1003.58,,192.81,,91.77,
27/01/2022,IZMIR,189869,189867,189868,189870,189866,189865,1884.77,,251.57,,60.46,,9.72,
27/01/2022,SANLIURFA,189871,189876,189873,189875,189863,189874,1026360.18,,102994.68,,10337.24,,2148.57,
28/01/2022,ANTALYA,189878,189881,189887,189879,189877,189888,81.39,,35.63,,8.04,,7.81,
28/01/2022,IZMIR,189885,189886,189882,189883,189884,189889,196.25,,41.09,,10.86,,4.08,
29/01/2022,ADANA,189899,189904,189907,189909,189905,189908,3599.19,,1025.91,,,,,
29/01/2022,ADANA,189909,189905,189908,189898,189903,189906,6130.33,,480.72,,27.32,,24.76,
29/01/2022,ISTANBUL,189912,189900,189913,189910,189902,189914,195.16,,53.19,,21.42,,12.82,
30/01/2022,ADANA,189929,189928,189926,189925,189924,189927,38938.98,,836.92,,315.45,,57.2,
30/01/2022,IZMIR,189933,189935,189930,189936,189922,189932,488.06,,60.64,,,,,
30/01/2022,IZMIR,189936,189922,189932,189931,189934,189923,152.05,,41.79,,16.85,,5.26,
31/01/2022,BURSA,189945,189939,189941,189944,189942,189943,3075.85,,528.89,,,,,
31/01/2022,BURSA,189944,189942,189943,189940,189953,189952,862.81,,244.7,,34.65,,9.76,
31/01/2022,SANLIURFA,189937,189948,189951,189946,189938,189949,986.76,,177.86,,104.76,,36.97,
01/02/2022,ADANA,189969,189963,189967,189961,189957,189965,149.34,,34.33,,9.66,,4.47,
01/02/2022,KOCAELI,189954,189958,189959,189960,189966,189962,519.12,,134.76,,,,,
01/02/2022,KOCAELI,189960,189966,189962,189964,189955,189968,410.02,,66.63,,29.93,,13.83,
02/02/2022,ANTALYA,189976,189983,189973,189975,189974,189977,34.83,,9.25,,2.04,,2.37,
02/02/2022,ISTANBUL,189985,189971,189981,189978,189970,189982,3089.9,,506.27,,104.2,,59.97,
03/02/2022,IZMIR,189995,189992,189991,189997,189993,189989,316.23,,39.43,,14.81,,18.47,
03/02/2022,SANLIURFA,189986,190000,189996,189998,189987,189999,1265.54,,173.1,,,,,
03/02/2022,SANLIURFA,189998,189987,189999,189994,189988,190001,24831.46,,3129.45,,896.09,,217.01,
04/02/2022,ANTALYA,190007,190011,190004,190005,190009,190003,350.42,,68.22,,14.6,,5.07,
04/02/2022,IZMIR,190012,190006,190014,190008,190010,190013,17717.8,,2689.46,,468.51,,166.58,
05/02/2022,ADANA,190030,190018,190029,190026,190031,190028,464.81,,201.11,,,,,
05/02/2022,ADANA,190026,190031,190028,190025,190017,190027,152.35,,21.9,,12.51,,2.95,
05/02/2022,ISTANBUL,190022,190015,190019,190021,190016,190020,367.01,,25.77,,22.3,,16.56,
06/02/2022,ADANA,190046,190033,190045,190043,190042,190032,292.09,,21.44,,5.97,,0.92,
06/02/2022,IZMIR,190041,190038,190034,190039,190036,190040,178.58,,11.28,,8.76,,3.51,
07/02/2022,BURSA,190047,190062,190058,190057,190063,190060,4186.81,,320.27,,,,,
07/02/2022,BURSA,190057,190063,190060,190064,190048,190061,1150.39,,358.61,,28.71,,2.73,
07/02/2022,SANLIURFA,190049,190055,190059,190054,190050,190053,14156.68,,1191.98,,,,,
07/02/2022,SANLIURFA,190054,190050,190053,190056,190051,190052,17890.03,,1122.47,,473.53,,74.33,
08/02/2022,ADANA,190077,190078,190065,190075,190079,190066,1629.83,,289.5,,50.33,,3.71,
08/02/2022,KOCAELI,190071,190072,190074,190067,190070,190068,1269.76,,332.62,,47.73,,10.16,
09/02/2022,ANTALYA,190093,190090,190082,190088,190083,190094,4436.55,,346.56,,116.23,,38.13,
09/02/2022,ISTANBUL,190080,190085,190086,190091,190087,190089,219.03,,76.1,,15.57,,9.88,
10/02/2022,IZMIR,190107,190109,190108,190103,190106,190098,3851.99,,451.45,,34.94,,7.95,
10/02/2022,SANLIURFA,190100,190099,190101,190104,190097,190102,947.26,,252.77,,67.66,,36.38,
11/02/2022,ANTALYA,190131,190130,190125,190126,190119,190129,1202.42,,160.23,,81.17,,63.57,
11/02/2022,IZMIR,190120,190122,190121,190128,190123,190124,121.96,,35.14,,8.61,,1.3,
12/02/2022,ADANA,190152,190148,190146,190150,190142,190141,6681.34,,1141.41,,252.34,,11.41,
12/02/2022,ISTANBUL,190155,190154,190151,190145,190147,190153,92666.78,,2130.22,,173.46,,45.02,
13/02/2022,ADANA,190165,190177,190170,190171,190163,190175,1346.28,,639.83,,119.92,,78.53,
13/02/2022,DIYARBAKIR,190176,190174,190172,190169,190168,190182,1879.57,,494.97,,209.27,,52.3,
13/02/2022,IZMIR,190166,190183,190179,190180,190185,190181,91.65,,27.41,,,,,
13/02/2022,IZMIR,190180,190185,190181,190178,190184,190167,159.24,,50.68,,15.09,,2.02,
14/02/2022,BURSA,190196,190200,190203,190206,190202,190204,175.71,,33.29,,,,,
14/02/2022,BURSA,190206,190202,190204,190201,190195,190210,12188.81,,1263.02,,205.06,,112.98,
14/02/2022,SANLIURFA,190198,190207,190209,190197,190211,190205,882.82,,216.47,,,,,
14/02/2022,SANLIURFA,190197,190211,190205,190212,190199,190208,3798.44,,2104.56,,172.83,,97.3,
15/02/2022,ADANA,190213,190225,190219,190218,190222,190226,143.4,,15.16,,4.35,,5.48,
15/02/2022,KOCAELI,190221,190224,190216,190217,190214,190220,315.39,,59.27,,4.56,,1.72,
16/02/2022,ANTALYA,190227,190236,190239,190238,190228,190232,2818.92,,319.59,,202.61,,32.07,
16/02/2022,ISTANBUL,190234,190235,190233,190237,190230,190240,163.83,,76.75,,23.73,,30.47,
17/02/2022,IZMIR,190244,190251,190248,190254,190247,190245,2216.16,,465.0,,156.61,,28.81,
17/02/2022,SANLIURFA,190241,190252,190253,190243,190255,190256,3140.97,,991.84,,,,,
17/02/2022,SANLIURFA,190243,190255,190256,190257,190242,190250,4352.33,,787.1,,225.82,,26.45,
18/02/2022,ANTALYA,190266,190258,190268,190265,190259,190264,171.49,,34.0,,20.7,,10.43,
18/02/2022,IZMIR,190269,190261,190263,190271,190260,190267,311.65,,60.53,,27.9,,16.21,
19/02/2022,ADANA,190276,190284,190273,190286,190272,190279,219.86,,42.42,,,,,
19/02/2022,ADANA,190286,190272,190279,190289,190282,190280,8170.94,,1784.97,,647.6,,127.9,
19/02/2022,ISTANBUL,190285,190287,190288,190281,190275,190283,773.99,,41.72,,15.81,,11.15,
20/02/2022,ADANA,190296,190294,190297,190293,190295,190300,2926.35,,250.32,,54.46,,28.18,
20/02/2022,DIYARBAKIR,190304,190308,190298,190302,190307,190305,22565.18,,3302.31,,886.95,,415.25,
20/02/2022,IZMIR,190312,190303,190299,190310,190291,190309,9099.65,,1034.58,,,,,
20/02/2022,IZMIR,190310,190291,190309,190311,190292,190290,4926.37,,139.16,,30.81,,38.91,
21/02/2022,BURSA,190314,190322,190319,190328,190325,190318,811.65,,135.61,,,,,
21/02/2022,BURSA,190328,190325,190318,190320,190313,190321,1007.74,,404.41,,87.15,,38.78,
21/02/2022,SANLIURFA,190317,190323,190330,190327,190315,190329,3098.8,,1634.68,,,,,
21/02/2022,SANLIURFA,190327,190315,190329,190324,190316,190326,2385.34,,119.4,,91.24,,15.51,
22/02/2022,ADANA,190346,190333,190345,190342,190334,190344,362.2,,73.71,,5.1,,3.35,
22/02/2022,KOCAELI,190331,190335,190336,190341,190340,190337,4918.9,,656.7,,,,,
22/02/2022,KOCAELI,190341,190340,190337,190339,190332,190338,15988.79,,723.95,,106.87,,8.77,
23/02/2022,ANTALYA,190355,190348,190352,190354,190353,190356,378.92,,18.59,,4.08,,3.36,
23/02/2022,ISTANBUL,190358,190351,190359,190349,190361,190363,8855.79,,695.98,,,,,
23/02/2022,ISTANBUL,190349,190361,190363,190362,190350,190360,5452.55,,849.57,,79.32,,29.61,
24/02/2022,IZMIR,190375,190374,190378,190376,190377,190379,268.03,,37.46,,2.51,,2.36,
24/02/2022,SANLIURFA,190373,190381,190382,190387,190388,190372,3806.72,,351.19,,137.07,,26.72,
25/02/2022,ANTALYA,190447,190444,190442,190445,190440,190448,1130.03,,101.61,,24.15,,12.12,
25/02/2022,IZMIR,190450,190446,190441,190443,190438,190449,246.93,,48.91,,16.01,,5.91,
26/02/2022,ADANA,190491,190486,190490,190488,190477,190489,2929.5,,599.37,,,,,
26/02/2022,ADANA,190488,190477,190489,190487,190484,190478,518.83,,102.6,,29.32,,4.4,
26/02/2022,ISTANBUL,190474,190483,190479,190482,190476,190480,509.08,,44.95,,,,,
26/02/2022,ISTANBUL,190482,190476,190480,190481,190485,190475,2772.75,,368.83,,124.02,,22.82,
27/02/2022,ADANA,190497,190502,190496,190493,190504,190500,2562.95,,645.32,,130.51,,26.1,
27/02/2022,DIYARBAKIR,190511,190509,190503,190499,190510,190508,15756.94,,2716.26,,295.88,,60.02,
27/02/2022,IZMIR,190507,190498,190501,190494,190512,190505,544.48,,339.1,,,,,
27/02/2022,IZMIR,190494,190512,190505,190506,190495,190513,2683.93,,911.81,,226.59,,3.98,
28/02/2022,BURSA,190526,190543,190542,190540,190541,190537,5522.75,,959.64,,,,,
28/02/2022,BURSA,190540,190541,190537,190539,190527,190538,325.64,,170.0,,32.86,,10.77,
28/02/2022,SANLIURFA,190529,190536,190531,190528,190533,190535,25801.74,,860.12,,,,,
28/02/2022,SANLIURFA,190528,190533,190535,190532,190530,190534,28364.8,,967.52,,326.16,,82.42,
01/03/2022,ADANA,190557,190558,190546,190556,190560,190554,11876.77,,1319.13,,48.84,,21.45,
01/03/2022,KOCAELI,190553,190545,190549,190544,190550,190551,138.79,,35.9,,,,,
01/03/2022,KOCAELI,190544,190550,190551,190548,190552,190559,3136.52,,311.67,,67.6,,50.88,
03/03/2022,ANTALYA,190567,190562,190566,190572,190561,190568,197.78,,25.7,,12.27,,2.88,
03/03/2022,IZMIR,190582,190587,190583,190581,190586,190584,577.37,,46.51,,24.26,,19.88,
03/03/2022,SANLIURFA,190576,190589,190590,190594,190578,190593,1338.46,,,,,,,
03/03/2022,SANLIURFA,190594,190578,190593,190591,190577,190592,31957.09,,6009.01,,1188.99,,475.57,
04/03/2022,ANTALYA,190608,190610,190611,190606,190604,190613,104.92,,28.69,,10.74,,3.46,
04/03/2022,IZMIR,190617,190615,190609,190616,190605,190612,565.52,,130.28,,42.76,,18.48,
05/03/2022,ADANA,190634,190621,190631,190636,190635,190633,2779.7,,629.7,,,,,
05/03/2022,ADANA,190636,190635,190633,190630,190622,190632,174.89,,89.36,,20.6,,9.46,
05/03/2022,ISTANBUL,190627,190628,190624,190629,190623,190625,53290.38,,21085.06,,2047.43,,370.05,
06/03/2022,ADANA,190656,190665,190657,190674,190673,190667,159.36,,63.55,,,,,
06/03/2022,ADANA,190674,190673,190667,190671,190658,190668,7165.81,,1112.82,,163.81,,136.81,
06/03/2022,DIYARBAKIR,190672,190662,190679,190663,190666,190680,13265.39,,1750.22,,1478.34,,392.27,
06/03/2022,IZMIR,190675,190677,190676,190670,190659,190664,1149.83,,301.59,,,,,
06/03/2022,IZMIR,190670,190659,190664,190661,190660,190678,100.61,,26.71,,2.74,,1.28,
07/03/2022,BURSA,190695,190710,190711,190708,190707,190709,2596.49,,156.2,,,,,
07/03/2022,BURSA,190708,190707,190709,190706,190694,190712,227.09,,59.63,,14.19,,11.88,
07/03/2022,SANLIURFA,190697,190705,190699,190700,190696,190704,5206.94,,541.99,,,,,
07/03/2022,SANLIURFA,190700,190696,190704,190703,190698,190702,157886.38,,7213.95,,1026.83,,311.15,
08/03/2022,ADANA,190725,190723,190728,190727,190715,190724,61.8,,48.52,,,,,
08/03/2022,ADANA,190727,190715,190724,190726,190730,190716,112.82,,34.38,,4.47,,1.58,
08/03/2022,KOCAELI,190720,190714,190718,190721,190719,190717,325.52,,89.14,,,,7.98,
08/03/2022,KOCAELI,190721,190719,190717,190722,190713,190729,4127.5,,538.62,,276.69,,60.17,
09/03/2022,ANTALYA,190736,190737,190740,190738,190733,190739,3757.18,,602.28,,119.76,,12.68,
09/03/2022,ISTANBUL,190743,190746,190731,190741,190744,190745,11058.4,,1881.03,,93.2,,24.48,
10/03/2022,IZMIR,190765,190768,190763,190764,190770,190778,125.85,,31.06,,12.48,,4.17,
10/03/2022,SANLIURFA,190776,190777,190774,190772,190761,190775,4883.09,,541.37,,104.67,,10.68,
11/03/2022,ANTALYA,190815,190828,190825,190824,190816,190837,442.2,,88.36,,21.18,,11.5,
11/03/2022,IZMIR,190833,190832,190830,190827,190819,190835,3788.98,,303.01,,36.42,,18.45,
12/03/2022,ADANA,190883,190895,190891,190882,190892,190889,315.59,,45.78,,,,,
12/03/2022,ADANA,190882,190892,190889,190886,190894,190887,4050.93,,613.57,,181.83,,71.02,
13/03/2022,ADANA,190933,190935,190931,190932,190934,190937,2194.58,,158.63,,24.45,,8.01,
13/03/2022,DIYARBAKIR,190925,190939,190922,190927,190923,190936,13531.52,,1120.89,,171.56,,18.71,
13/03/2022,IZMIR,190921,190941,190928,190938,190919,190940,165.69,,49.31,,13.65,,7.75,
13/03/2022,IZMIR,190919,190940,190926,190930,190924,190920,10464.73,,1452.88,,304.85,,65.96,
14/03/2022,BURSA,190957,190956,190958,190953,190955,190954,11203.87,,151.37,,33.79,,9.15,
14/03/2022,ISTANBUL,190893,190884,190896,190885,190880,190897,287.13,,57.34,,21.18,,1.82,
14/03/2022,SANLIURFA,190942,190949,190946,190950,190945,190943,1479.58,,519.67,,,,,
14/03/2022,SANLIURFA,190950,190945,190943,190947,190944,190948,1399.81,,205.85,,80.31,,13.37,
15/03/2022,ADANA,190973,190960,190972,190971,190968,190959,9896.08,,2110.45,,11.19,,4.55,
15/03/2022,KOCAELI,190967,190974,190970,190964,190975,190961,1485.27,,202.54,,30.82,,13.13,
16/03/2022,ANTALYA,190981,190978,190980,190979,190976,190982,48.43,,18.42,,6.61,,6.48,
16/03/2022,ISTANBUL,190987,190986,190984,190988,190985,190989,113.62,,49.03,,17.64,,19.16,
17/03/2022,IZMIR,191015,191027,191019,191020,191024,191016,275.98,,214.38,,,,,
17/03/2022,IZMIR,191020,191024,191016,191018,191021,191017,17804.15,,6043.94,,1489.54,,380.92,
17/03/2022,SANLIURFA,191014,191025,191022,191013,191026,191023,26.84,,17.12,,,,,
17/03/2022,SANLIURFA,191013,191026,191023,191028,191012,191029,480.25,,199.4,,140.41,,57.11,
18/03/2022,ANTALYA,191065,191064,191067,191068,191063,191058,41.7,,19.31,,12.4,,5.77,
18/03/2022,IZMIR,191071,191059,191062,191070,191060,191061,11361.4,,2209.28,,359.97,,30.82,
19/03/2022,ADANA,191116,191120,191114,191115,191121,191118,6218.18,,1187.77,,202.01,,79.2,
19/03/2022,ISTANBUL,191113,191112,191107,191110,191108,191111,1503.77,,126.24,,30.57,,6.56,
20/03/2022,ADANA,191191,191194,191188,191186,191189,191192,1838.02,,158.59,,58.63,,7.52,
20/03/2022,DIYARBAKIR,191179,191177,191178,191176,191181,191183,495.67,,88.79,,29.82,,9.33,
20/03/2022,IZMIR,191185,191184,191182,191193,191190,191195,210.39,,50.14,,15.42,,14.23,
21/03/2022,BURSA,191235,191246,191238,191251,191239,191242,1482.53,,338.41,,,,,
21/03/2022,BURSA,191251,191239,191242,191234,191240,191249,6260.07,,1097.33,,166.98,,49.27,
21/03/2022,SANLIURFA,191244,191245,191248,191241,191236,191250,12762.69,,845.26,,235.47,,48.43,
22/03/2022,ADANA,191259,191268,191266,191264,191254,191262,373.83,,155.66,,35.42,,22.63,
22/03/2022,KOCAELI,191258,191253,191263,191261,191256,191265,152.63,,78.24,,,,,
22/03/2022,KOCAELI,191261,191256,191265,191260,191252,191267,1229.49,,457.81,,50.41,,42.61,
23/03/2022,ANTALYA,191270,191276,191275,191283,191269,191284,10571.94,,806.91,,236.4,,86.48,
23/03/2022,ISTANBUL,191271,191280,191277,191282,191278,191281,124.81,,22.76,,6.99,,4.65,
24/03/2022,IZMIR,191311,191326,191314,191307,191330,191324,11481.1,,720.54,,63.06,,34.75,
24/03/2022,SANLIURFA,191306,191323,191321,191319,191305,191317,3179.54,,592.39,,92.85,,13.02,
25/03/2022,ANTALYA,191366,191380,191371,191372,191365,191374,4543.81,,1004.72,,158.6,,66.67,
25/03/2022,IZMIR,191376,191381,191379,191373,191370,191378,57.48,,21.6,,2.3,,1.93,
26/03/2022,ADANA,191416,191424,191429,191425,191417,191428,2876.01,,1865.73,,337.37,,191.71,
26/03/2022,ADANA,191417,191428,191426,191430,191427,191415,3045.38,,50.67,,12.99,,2.83,
26/03/2022,ISTANBUL,191413,191418,191422,191419,191414,191423,1151.65,,251.6,,4.03,,2.63,
27/03/2022,ADANA,191471,191473,191465,191468,191466,191472,109.47,,18.3,,9.75,,6.38,
27/03/2022,DIYARBAKIR,191463,191470,191462,191464,191469,191467,712.02,,74.46,,24.71,,21.75,
27/03/2022,IZMIR,191459,191480,191475,191476,191481,191474,166.6,,93.23,,,,,
27/03/2022,IZMIR,191476,191481,191474,191458,191477,191478,159.7,,36.1,,3.15,,2.55,
28/03/2022,BURSA,191504,191510,191502,191500,191498,191511,935.31,,86.82,,10.54,,2.65,
28/03/2022,SANLIURFA,191506,191509,191505,191499,191501,191503,1163.85,,193.52,,40.49,,2.98,
29/03/2022,ADANA,191525,191527,191523,191528,191520,191526,277.13,,56.86,,48.41,,11.05,
29/03/2022,KOCAELI,191515,191513,191516,191517,191521,191514,23.94,,7.53,,,,,
29/03/2022,KOCAELI,191517,191521,191514,191518,191512,191519,51.68,,8.03,,3.43,,3.26,
30/03/2022,ANTALYA,191536,191533,191532,191538,191534,191540,104.06,,44.36,,7.22,,1.48,
30/03/2022,ISTANBUL,191543,191530,191541,191535,191542,191529,4765.27,,665.95,,257.75,,146.21,
31/03/2022,IZMIR,191548,191552,191546,191551,191554,191549,4085.59,,1896.2,,,,,
31/03/2022,IZMIR,191551,191554,191549,191550,191547,191560,813.17,,149.92,,46.93,,19.97,
31/03/2022,SANLIURFA,191555,191556,191557,191544,191553,191558,791.58,,231.82,,68.76,,12.21,
01/04/2022,ANTALYA,191581,191576,191579,191578,191580,191582,659.63,,66.74,,40.25,,12.08,
01/04/2022,IZMIR,191572,191583,191586,191574,191584,191577,12571.0,,1567.89,,,,,
01/04/2022,IZMIR,191574,191584,191577,191575,191573,191585,14481.61,,3340.47,,748.95,,85.2,
02/04/2022,ADANA,191599,191611,191607,191609,191612,191608,671.21,,264.32,,220.14,,109.13,
02/04/2022,ADANA,191612,191608,191598,191610,191597,191613,267976.46,,12118.63,,1116.4,,27.81,
02/04/2022,ISTANBUL,191601,191600,191605,191604,191606,191602,482.32,,266.95,,99.35,,45.78,
03/04/2022,ADANA,191627,191623,191621,191622,191628,191630,6961.87,,715.15,,169.79,,91.47,
03/04/2022,DIYARBAKIR,191619,191620,191618,191617,191616,191625,200.64,,108.71,,45.63,,18.1,
03/04/2022,IZMIR,191634,191624,191631,191626,191633,191635,395.55,,77.82,,25.68,,5.68,
04/04/2022,BURSA,191638,191644,191642,191643,191649,191647,289.15,,95.51,,,,,
04/04/2022,BURSA,191643,191649,191647,191646,191639,191645,499.9,,118.59,,23.1,,8.75,
04/04/2022,SANLIURFA,191650,191653,191651,191654,191640,191652,14454.38,,1894.21,,560.59,,82.11,
05/04/2022,ADANA,191662,191677,191675,191672,191674,191671,15.42,,5.38,,,,,
05/04/2022,ADANA,191672,191674,191671,191673,191663,191676,2818.81,,805.12,,440.45,,229.48,
05/04/2022,KOCAELI,191668,191660,191667,191661,191666,191670,46.44,,13.83,,,,,
05/04/2022,KOCAELI,191661,191666,191670,191664,191665,191669,160.95,,54.25,,19.6,,12.18,
07/04/2022,IZMIR,191701,191711,191709,191705,191706,191700,2179.3,,421.41,,,,,
07/04/2022,IZMIR,191705,191706,191700,191707,191710,191708,412.11,,28.23,,9.78,,5.1,
07/04/2022,SANLIURFA,191703,191713,191714,191704,191715,191716,18910.89,,1880.54,,,,,
07/04/2022,SANLIURFA,191704,191715,191716,191712,191702,191717,70228.08,,8218.81,,1657.19,,149.32,
08/04/2022,ANTALYA,191758,191751,191754,191762,191748,191757,422.41,,46.5,,66.12,,37.41,
08/04/2022,IZMIR,191750,191756,191753,191755,191752,191759,14.85,,8.87,,0.8,,0.97,
09/04/2022,ADANA,191783,191790,191793,191792,191782,191795,1596.1,,231.05,,,,,
09/04/2022,ADANA,191792,191782,191795,191785,191794,191796,2972.81,,255.73,,62.13,,40.26,
09/04/2022,ISTANBUL,191781,191786,191784,191779,191791,191787,332.07,,21.29,,,,,
09/04/2022,ISTANBUL,191779,191791,191787,191788,191789,191780,125.67,,34.91,,14.02,,6.61,
11/04/2022,BURSA,191848,191834,191847,191835,191851,191852,534.66,,253.77,,46.35,,21.17,
11/04/2022,BURSA,191851,191852,191845,191850,191836,191849,7054.09,,1638.04,,349.4,,181.62,
11/04/2022,SANLIURFA,191837,191844,191841,191838,191842,191846,130471.82,,8395.74,,,,,
11/04/2022,SANLIURFA,191838,191842,191846,191843,191840,191839,586208.48,,10911.89,,1566.31,,288.43,
12/04/2022,ADANA,191870,191858,191866,191868,191872,191857,1869.88,,229.94,,223.66,,49.96,
12/04/2022,ADANA,191872,191857,191867,191871,191856,191869,8366.88,,708.75,,182.56,,48.67,
12/04/2022,KOCAELI,191859,191853,191862,191854,191863,191864,60.05,,48.38,,21.27,,22.48,
12/04/2022,KOCAELI,191863,191864,191860,191861,191855,191865,2062.65,,497.97,,100.1,,23.45,
13/04/2022,ELAZIG,191877,191886,191890,191876,191891,191885,30591.14,,3213.34,,,,,
13/04/2022,ELAZIG,191876,191891,191885,191889,191878,191888,290264.08,,17385.25,,1602.29,,136.53,
13/04/2022,ISTANBUL,191881,191875,191882,191884,191874,191880,450.11,,70.66,,80.65,,9.77,
13/04/2022,ISTANBUL,191874,191880,191883,191879,191873,191887,293.06,,73.35,,17.28,,14.66,
14/04/2022,ANKARA,191912,191904,191911,191915,191903,191917,149.97,,23.36,,,,,
14/04/2022,ANKARA,191915,191903,191917,191913,191916,191920,192.48,,25.94,,17.91,,6.42,
14/04/2022,IZMIR,191910,191905,191921,191918,191909,191906,2363.43,,674.77,,139.27,,114.17,
15/04/2022,BURSA,191965,191978,191966,191972,191974,191981,1430.8,,608.96,,,,,
15/04/2022,BURSA,191972,191974,191981,191976,191970,191982,47787.99,,6346.03,,233.85,,55.21,
15/04/2022,ISTANBUL,191967,191979,191971,191980,191973,191977,47.81,,34.04,,,,,
15/04/2022,ISTANBUL,191980,191973,191977,191969,191968,191975,284.76,,67.75,,42.63,,38.86,
16/04/2022,ANKARA,192022,192028,192024,192026,192027,192021,2537.78,,621.08,,99.17,,47.32,
16/04/2022,IZMIR,192032,192018,192030,192019,192034,192033,12649.06,,213.39,,,,,
16/04/2022,IZMIR,192019,192034,192033,192031,192017,192020,12948.85,,651.08,,60.39,,25.26,
17/04/2022,ADANA,192069,192051,192067,192063,192071,192061,5416.86,,834.54,,,,,
17/04/2022,ADANA,192063,192071,192061,192050,192062,192065,16822.65,,198.61,,76.92,,36.28,
17/04/2022,DIYARBAKIR,192064,192070,192068,192066,192073,192072,13520.24,,2632.49,,622.32,,119.83,
17/04/2022,ISTANBUL,192054,192059,192056,192052,192060,192055,118.64,,36.4,,27.9,,2.83,
17/04/2022,ISTANBUL,192060,192055,192057,192058,192053,192074,233.27,,69.81,,31.15,,14.85,
18/04/2022,BURSA,192079,192089,192084,192090,192091,192086,2575.3,,89.8,,,,,
18/04/2022,BURSA,192090,192091,192086,192085,192080,192088,6863.05,,607.88,,128.25,,38.57,
18/04/2022,SANLIURFA,192082,192094,192093,192081,192087,192092,246.21,,37.1,,,,,
18/04/2022,SANLIURFA,192081,192087,192092,192095,192083,192096,749.73,,280.03,,143.7,,45.55,
19/04/2022,ADANA,192115,192124,192129,192126,192125,192114,24255.29,,641.37,,407.46,,100.07,
19/04/2022,ADANA,192125,192114,192127,192128,192113,192130,493.2,,93.6,,23.35,,10.46,
19/04/2022,KOCAELI,192119,192121,192118,192117,192120,192123,1216.89,,215.53,,44.94,,18.56,
20/04/2022,ELAZIG,192134,192138,192139,192141,192137,192144,761.67,,306.86,,45.01,,38.13,
20/04/2022,ISTANBUL,192147,192145,192133,192135,192131,192146,9696.42,,1855.45,,,,,
20/04/2022,ISTANBUL,192135,192131,192146,192142,192140,192132,4757.15,,167.67,,79.43,,,
21/04/2022,ANKARA,192180,192176,192178,192175,192165,192174,635.98,,78.35,,,,,
21/04/2022,ANKARA,192175,192165,192174,192181,192179,192164,634.22,,247.24,,4.97,,4.02,
21/04/2022,IZMIR,192177,192167,192166,192187,192185,192182,3046.12,,130.56,,,,,
21/04/2022,IZMIR,192187,192185,192182,192184,192173,192186,748.62,,138.94,,23.43,,5.55,
22/04/2022,BURSA,192243,192233,192242,192234,192245,192246,6741.41,,2068.09,,839.3,,175.91,
22/04/2022,BURSA,192245,192246,192247,192244,192232,192248,223555.0,,12120.63,,465.81,,32.61,
22/04/2022,ISTANBUL,192238,192230,192235,192231,192240,192241,49.15,,15.39,,19.01,,10.82,
22/04/2022,ISTANBUL,192240,192241,192237,192236,192239,192229,274.02,,142.17,,10.92,,3.7,
23/04/2022,ANKARA,192285,192286,192290,192291,192287,192284,121605.54,,4671.46,,1268.45,,185.41,
23/04/2022,IZMIR,192282,192298,192293,192292,192283,192295,506.0,,182.91,,127.46,,79.62,
23/04/2022,IZMIR,192283,192295,192294,192296,192281,192297,7576.09,,860.67,,291.06,,46.91,
24/04/2022,ADANA,192346,192336,192352,192344,192349,192337,1095.13,,128.95,,53.22,,9.57,
24/04/2022,ADANA,192349,192337,192347,192350,192348,192338,3070.04,,285.14,,157.42,,76.88,
24/04/2022,DIYARBAKIR,192341,192345,192339,192342,192340,192343,29543.04,,2917.53,,30.14,,25.51,
24/04/2022,ISTANBUL,192357,192334,192351,192335,192355,192358,2785.24,,64.27,,93.14,,54.72,
24/04/2022,ISTANBUL,192355,192358,192354,192353,192333,192356,708.24,,63.66,,9.63,,,
25/04/2022,BURSA,192364,192359,192369,192365,192360,192367,14000.43,,1280.3,,,,,
25/04/2022,BURSA,192365,192360,192367,192363,192368,192366,4373.95,,917.39,,84.57,,78.12,
25/04/2022,SANLIURFA,192370,192375,192362,192371,192372,192373,1998200.24,,129146.32,,6604.26,,1014.58,
26/04/2022,ADANA,192387,192377,192391,192392,192376,192390,3908.49,,1683.83,,,,,
26/04/2022,ADANA,192392,192376,192390,192386,192388,192389,9748.95,,1125.06,,330.48,,67.27,
26/04/2022,KOCAELI,192383,192384,192378,192379,192380,192385,953.01,,149.69,,55.68,,45.95,
27/04/2022,ELAZIG,192399,192397,192400,192396,192404,192403,3604.94,,466.02,,,,,
27/04/2022,ELAZIG,192396,192404,192403,192401,192398,192402,18430.12,,957.73,,114.92,,31.07,
27/04/2022,ISTANBUL,192408,192393,192406,192394,192410,192409,452.39,,40.06,,82.54,,14.7,
27/04/2022,ISTANBUL,192410,192409,192411,192405,192395,192407,205.57,,75.16,,20.06,,11.61,
28/04/2022,ANKARA,192432,192443,192445,192448,192452,192434,49117.19,,7712.68,,778.05,,267.53,
28/04/2022,ANKARA,192452,192434,192447,192446,192450,192433,9889.81,,211.62,,77.86,,53.8,
28/04/2022,IZMIR,192437,192438,192458,192436,192451,192441,97333.16,,5377.79,,1006.51,,661.76,
28/04/2022,IZMIR,192451,192441,192435,192442,192444,192449,32010.7,,2191.42,,370.62,,38.71,
29/04/2022,BURSA,192487,192490,192486,192489,192478,192491,104.94,,64.87,,,,,
29/04/2022,BURSA,192489,192478,192491,192488,192492,192477,1029.11,,230.87,,42.99,,14.56,
29/04/2022,ISTANBUL,192482,192475,192484,192485,192479,192481,2803.64,,721.92,,,,,
29/04/2022,ISTANBUL,192485,192479,192481,192480,192476,192483,109731.57,,3698.05,,348.2,,344.52,
30/04/2022,ANKARA,192511,192521,192520,192522,192518,192516,295.29,,16.12,,16.55,,11.72,
30/04/2022,ANKARA,192518,192516,192510,192515,192519,192517,20620.76,,1714.38,,392.2,,120.85,
30/04/2022,IZMIR,192514,192524,192528,192526,192513,192529,1081.55,,129.16,,21.36,,30.77,
30/04/2022,IZMIR,192513,192529,192527,192523,192525,192512,2459.27,,246.43,,66.16,,20.66,
01/05/2022,ADANA,192552,192566,192570,192571,192567,192550,167.39,,37.23,,14.01,,8.88,
01/05/2022,ADANA,192567,192550,192569,192568,192551,192572,4521.16,,486.92,,344.04,,126.88,
01/05/2022,DIYARBAKIR,192553,192559,192555,192554,192557,192565,18469.81,,1159.28,,385.79,,234.26,
01/05/2022,ISTANBUL,192558,192547,192563,192549,192561,192564,4328.04,,158.28,,58.26,,23.17,
01/05/2022,ISTANBUL,192561,192564,192556,192560,192548,192562,714.33,,147.99,,19.61,,10.06,
02/05/2022,BURSA,192596,192589,192598,192593,192590,192592,30949.39,,3183.87,,381.6,,90.33,
02/05/2022,BURSA,192590,192592,192594,192597,192591,192595,1234.3,,42.85,,16.63,,6.08,
03/05/2022,ANKARA,192624,192599,192622,192615,192620,192618,59.2,,25.5,,,,,
03/05/2022,ANKARA,192615,192620,192618,192611,192600,192626,203.71,,42.79,,11.9,,11.9,
03/05/2022,KOCAELI,192602,192627,192614,192601,192625,192629,1296.6,,217.43,,,,,
03/05/2022,KOCAELI,192601,192625,192629,192628,192619,192630,643.11,,36.28,,10.04,,4.72,
04/05/2022,ELAZIG,192616,192609,192610,192612,192608,192621,4990.62,,907.26,,159.3,,54.93,
04/05/2022,ISTANBUL,192604,192632,192634,192623,192631,192636,1598.8,,278.19,,20.37,,26.58,
04/05/2022,ISTANBUL,192631,192636,192635,192637,192603,192633,221.24,,77.8,,4.62,,3.06,
05/05/2022,ANKARA,192638,192650,192645,192649,192640,192647,244.44,,54.01,,20.13,,21.27,
05/05/2022,ANKARA,192640,192647,192646,192648,192639,192651,372.18,,86.68,,34.38,,6.75,
05/05/2022,IZMIR,192641,192656,192654,192652,192642,192644,283.81,,108.33,,,,,
05/05/2022,IZMIR,192652,192642,192644,192643,192655,192653,7959.66,,1166.53,,723.66,,230.98,
06/05/2022,BURSA,192672,192671,192661,192659,192658,192670,1281.1,,207.88,,57.0,,36.93,
06/05/2022,ISTANBUL,192665,192663,192664,192669,192667,192662,700.2,,183.03,,,,,
06/05/2022,ISTANBUL,192669,192667,192662,192668,192660,192666,1287.21,,229.7,,46.54,,16.92,
07/05/2022,ANKARA,192675,192678,192681,192676,192677,192682,336.19,,222.62,,43.79,,25.58,
07/05/2022,ANKARA,192677,192682,192679,192674,192680,192683,281.26,,42.29,,4.94,,4.21,
07/05/2022,IZMIR,192684,192688,192687,192685,192689,192691,6689.46,,317.56,,24.14,,13.82,
08/05/2022,ADANA,192714,192709,192695,192711,192710,192713,954.12,,193.7,,,,,
08/05/2022,ADANA,192711,192710,192713,192712,192694,192716,24482.41,,2734.67,,1540.86,,358.88,
08/05/2022,DIYARBAKIR,192705,192708,192700,192707,192706,192715,37476.42,,3685.56,,113.04,,,
08/05/2022,ISTANBUL,192701,192693,192703,192702,192697,192696,2687.88,,524.96,,125.76,,15.68,
08/05/2022,ISTANBUL,192697,192696,192704,192698,192699,192692,15411.69,,2496.43,,332.36,,101.98,
09/05/2022,BURSA,192735,192748,192750,192751,192734,192752,93.12,,39.9,,,,,
09/05/2022,BURSA,192751,192734,192752,192754,192749,192753,433.62,,78.68,,40.17,,53.16,
09/05/2022,SANLIURFA,192740,192746,192742,192741,192747,192743,8498.21,,4224.65,,,,,
09/05/2022,SANLIURFA,192741,192747,192743,192744,192739,192745,,1848863.33,11466.57,,725.43,,119.05,
10/05/2022,ANKARA,192758,192769,192761,192765,192770,192757,189.27,,19.59,,7.71,,2.43,
10/05/2022,KOCAELI,192756,192766,192768,192762,192763,192767,181.92,,56.85,,,,,
10/05/2022,KOCAELI,192762,192763,192767,192755,192760,192771,11331.98,,2965.09,,370.3,,328.97,
11/05/2022,ELAZIG,192780,192782,192777,192779,192773,192778,8867.54,,605.01,,63.17,,17.72,
11/05/2022,ISTANBUL,192775,192784,192774,192789,192786,192785,68.83,,22.28,,12.36,,13.32,
11/05/2022,ISTANBUL,192786,192785,192787,192783,192776,192788,1361.54,,191.32,,40.2,,18.05,
12/05/2022,ANKARA,192801,192805,192800,192804,192790,192802,2043.7,,123.15,,,,,
12/05/2022,ANKARA,192804,192790,192802,192810,192808,192791,316.59,,56.66,,24.7,,3.1,
12/05/2022,IZMIR,192797,192812,192811,192796,192799,192803,1555.75,,321.08,,7.78,,5.85,
12/05/2022,IZMIR,192799,192803,192795,192809,192806,192798,4761.9,,1478.24,,579.24,,110.17,
13/05/2022,BURSA,192839,192826,192840,192834,192836,192825,399.86,,56.67,,17.08,,1.0,
13/05/2022,BURSA,192836,192825,192838,192837,192835,192824,57.7,,28.02,,17.57,,4.1,
13/05/2022,ISTANBUL,192832,192831,192827,192823,192833,192830,1161.51,,142.89,,,,,
13/05/2022,ISTANBUL,192823,192833,192830,192828,192829,192822,8037.12,,1019.13,,238.51,,123.7,
14/05/2022,ANKARA,192841,192850,192852,192842,192851,192846,723.4,,67.42,,37.29,,25.57,
14/05/2022,ANKARA,192851,192846,192843,192848,192847,192849,140507.99,,9219.8,,909.02,,22.61,
14/05/2022,IZMIR,192845,192858,192855,192854,192859,192857,748.26,,256.75,,,,,
14/05/2022,IZMIR,192854,192859,192857,192856,192844,192860,14821.82,,2887.84,,1366.32,,54.58,
15/05/2022,ADANA,192907,192904,192885,192906,192902,192901,883.15,,231.51,,,,,
15/05/2022,ADANA,192906,192902,192901,192903,192884,192905,17791.46,,2397.82,,464.68,,201.8,
15/05/2022,DIYARBAKIR,192889,192898,192895,192892,192896,192891,132975.49,,2612.36,,755.06,,77.41,
15/05/2022,ISTANBUL,192887,192899,192886,192893,192900,192888,230.06,,91.89,,,,,
15/05/2022,ISTANBUL,192893,192900,192888,192897,192894,192890,496.98,,48.15,,13.77,,11.15,
16/05/2022,BURSA,192910,192924,192923,192921,192918,192911,5864.48,,495.57,,,,,
16/05/2022,BURSA,192921,192918,192911,192920,192919,192922,15284.8,,1250.56,,234.51,,63.28,
16/05/2022,SANLIURFA,192915,192917,192916,192912,192908,192913,56576.42,,4497.8,,1023.35,,153.58,
17/05/2022,ANKARA,192930,192925,192935,192933,192936,192934,1439.32,,341.14,,,,,
17/05/2022,ANKARA,192933,192936,192934,192926,192932,192931,729.25,,125.35,,72.99,,10.13,
17/05/2022,KOCAELI,192929,192940,192927,192939,192941,192943,327.92,,95.08,,66.29,,116.13,
17/05/2022,KOCAELI,192941,192943,192937,192938,192928,192942,22690.78,,853.04,,50.79,,51.07,
18/05/2022,ELAZIG,192949,192947,192953,192951,192946,192950,27613.96,,2550.52,,250.8,,58.41,
18/05/2022,ISTANBUL,192955,192956,192957,192959,192944,192960,201.61,,55.69,,,,,
18/05/2022,ISTANBUL,192959,192944,192960,192958,192945,192954,223.45,,66.8,,5.85,,3.0,
19/05/2022,ANKARA,192968,192971,192969,192966,192967,192964,889.25,,291.21,,36.31,,14.96,
19/05/2022,IZMIR,192962,192975,192973,192961,192972,192976,336.68,,63.41,,37.0,,25.58,
19/05/2022,IZMIR,192972,192976,192978,192974,192963,192977,6211.79,,1224.72,,304.41,,109.2,
20/05/2022,BURSA,192989,192986,192983,192994,192979,192996,2969.03,,301.15,,,,,
20/05/2022,BURSA,192994,192979,192996,192995,192980,192992,669.43,,139.41,,4.2,,4.36,
20/05/2022,ISTANBUL,192981,192985,192991,192982,192993,192987,42346.55,,2793.23,,,,,
20/05/2022,ISTANBUL,192982,192993,192987,192984,192990,192988,1123090.23,,71189.04,,4995.6,,749.96,
21/05/2022,ANKARA,193004,193006,193001,193007,192997,193005,693.37,,85.33,,,,,
21/05/2022,ANKARA,193007,192997,193005,193002,193008,192998,203321.15,,10934.6,,4889.23,,1342.98,
21/05/2022,IZMIR,193010,193009,193003,193000,193014,193011,335.51,,95.38,,,,,
21/05/2022,IZMIR,193000,193014,193011,193012,193013,192999,439.89,,59.86,,21.45,,11.25,
22/05/2022,ADANA,193018,193034,193017,193039,193033,193036,38.28,,25.79,,,,,
22/05/2022,ADANA,193039,193033,193036,193038,193035,193037,108.31,,20.55,,12.66,,10.7,
22/05/2022,DIYARBAKIR,193027,193023,193031,193025,193032,193029,347.26,,78.86,,39.22,,21.61,
22/05/2022,ISTANBUL,193022,193016,193030,193020,193028,193021,518.98,,54.28,,,,,
22/05/2022,ISTANBUL,193020,193028,193021,193015,193024,193026,576.02,,198.88,,33.88,,18.31,
23/05/2022,BURSA,193044,193048,193045,193049,193047,193050,282.96,,38.16,,,,,
23/05/2022,BURSA,193049,193047,193050,193046,193043,193051,5970.75,,1025.82,,242.56,,121.17,
23/05/2022,SANLIURFA,193040,193055,193056,193041,193052,193057,389.72,,170.25,,,,,
23/05/2022,SANLIURFA,193041,193052,193057,193053,193042,193054,5092.03,,1612.91,,858.44,,163.76,
24/05/2022,ANKARA,193065,193071,193070,193075,193073,193067,255.93,,83.16,,,,,
24/05/2022,ANKARA,193075,193073,193067,193074,193069,193072,293.65,,83.31,,16.86,,16.32,
24/05/2022,KOCAELI,193061,193063,193060,193058,193064,193068,135.3,,88.35,,,,,
24/05/2022,KOCAELI,193058,193064,193068,193062,193066,193059,596.44,,112.69,,19.26,,6.9,
25/05/2022,ELAZIG,193091,193076,193089,193086,193077,193092,119.1,,41.04,,28.46,,11.27,
25/05/2022,ISTANBUL,193087,193080,193084,193079,193090,193082,2547.91,,689.84,,56.51,,24.2,
25/05/2022,ISTANBUL,193090,193082,193088,193085,193093,193078,515.94,,168.14,,17.34,,27.78,
26/05/2022,ANKARA,193113,193109,193117,193105,193118,193119,77.65,,12.44,,,,,
26/05/2022,ANKARA,193105,193118,193119,193115,193111,193104,16069.34,,2545.06,,707.35,,279.21,
26/05/2022,IZMIR,193112,193106,193110,193116,193108,193120,8266.71,,2268.27,,,,,
26/05/2022,IZMIR,193116,193108,193120,193114,193107,193121,5293.16,,1369.68,,151.44,,43.63,
27/05/2022,BURSA,193164,193165,193159,193160,193154,193162,1403.62,,508.22,,72.38,,18.96,
27/05/2022,ISTANBUL,193155,193156,193153,193151,193150,193161,165.08,,36.7,,6.78,,3.12,
28/05/2022,ANKARA,193190,193191,193194,193197,193185,193189,255.79,,61.85,,,,,
28/05/2022,ANKARA,193197,193185,193189,193195,193193,193186,255.15,,18.55,,7.76,,6.87,
28/05/2022,IZMIR,193188,193196,193192,193199,193198,193201,85784.2,,12580.6,,810.86,,144.42,
29/05/2022,ADANA,193228,193250,193246,193236,193243,193230,1319.38,,325.52,,51.2,,47.7,
29/05/2022,ADANA,193243,193230,193240,193238,193242,193229,18085.7,,4493.93,,263.72,,80.26,
29/05/2022,DIYARBAKIR,193241,193245,193237,193239,193247,193248,15270.8,,1612.88,,979.19,,157.35,
29/05/2022,ISTANBUL,193232,193231,193234,193233,193226,193244,6870.96,,1140.56,,,,,
29/05/2022,ISTANBUL,193233,193226,193244,193249,193227,193235,2411.63,,530.98,,110.18,,31.21,
30/05/2022,BURSA,193266,193268,193269,193267,193264,193270,13239.18,,672.77,,122.21,,42.55,
30/05/2022,SANLIURFA,193276,193262,193274,193277,193261,193273,876.06,,242.89,,,,,
30/05/2022,SANLIURFA,193277,193261,193273,193272,193263,193275,6809.48,,1299.04,,233.24,,39.06,
31/05/2022,ANKARA,193285,193278,193283,193287,193286,193288,50.11,,17.54,,,,,
31/05/2022,ANKARA,193287,193286,193288,193284,193279,193289,1300.87,,176.68,,55.1,,20.81,
31/05/2022,KOCAELI,193292,193282,193294,193280,193293,193296,1800.63,,342.84,,155.79,,95.32,
31/05/2022,KOCAELI,193293,193296,193281,193290,193295,193291,8221.56,,2175.54,,115.35,,64.35,
01/06/2022,ELAZIG,193304,193303,193299,193301,193305,193302,1053.3,,212.48,,44.25,,40.04,
01/06/2022,ISTANBUL,193309,193312,193307,193298,193313,193310,1230.78,,772.29,,,,,
01/06/2022,ISTANBUL,193298,193313,193310,193311,193308,193297,37760.13,,2187.52,,90.87,,79.04,
02/06/2022,ANKARA,193324,193315,193321,193329,193314,193327,2755.48,,1129.06,,,,,
02/06/2022,ANKARA,193329,193314,193327,193323,193326,193330,7189.54,,532.13,,13.81,,6.61,
02/06/2022,IZMIR,193325,193319,193318,193320,193316,193328,58665.23,,9646.74,,1067.2,,473.25,
03/06/2022,BURSA,193365,193368,193363,193370,193353,193367,170.08,,42.75,,,,,
03/06/2022,BURSA,193370,193353,193367,193364,193354,193371,219.45,,87.66,,43.81,,8.36,
03/06/2022,ISTANBUL,193357,193350,193369,193351,193359,193358,100.43,,22.89,,11.47,,5.68,
03/06/2022,ISTANBUL,193359,193358,193360,193355,193352,193374,56.05,,28.91,,13.28,,8.73,
04/06/2022,ANKARA,193416,193406,193414,193405,193412,193413,377.77,,72.88,,,,,
04/06/2022,ANKARA,193405,193412,193413,193417,193418,193419,36082.39,,5595.34,,941.25,,196.71,
04/06/2022,IZMIR,193408,193425,193415,193423,193421,193424,5798.91,,880.98,,,,,
04/06/2022,IZMIR,193423,193421,193424,193410,193407,193427,3064.08,,602.58,,64.62,,49.1,
05/06/2022,ADANA,193479,193459,193481,193482,193480,193475,9294.15,,1330.51,,,,,
05/06/2022,ADANA,193482,193480,193475,193458,193476,193477,103370.08,,9767.57,,1068.55,,195.93,
05/06/2022,DIYARBAKIR,193487,193488,193485,193484,193483,193486,6233.1,,730.33,,170.71,,8.13,
05/06/2022,ISTANBUL,193471,193460,193470,193469,193461,193466,1873.65,,241.3,,,,,
05/06/2022,ISTANBUL,193469,193461,193466,193472,193467,193465,528.02,,122.14,,6.76,,7.78,
06/06/2022,BURSA,193506,193515,193514,193505,193513,193516,6926.61,,200.28,,,,,
06/06/2022,BURSA,193505,193513,193516,193510,193511,193512,4417.28,,725.51,,104.6,,102.95,
06/06/2022,SANLIURFA,193518,193509,193517,193520,193508,193522,671.53,,196.42,,,,,
06/06/2022,SANLIURFA,193520,193508,193522,193521,193507,193519,4095.69,,1007.23,,208.73,,50.52,
07/06/2022,ANKARA,193536,193537,193529,193535,193530,193538,2133.48,,,,,,,
07/06/2022,ANKARA,193535,193530,193538,193533,193532,193540,3499.14,,918.54,,420.67,,91.66,
07/06/2022,KOCAELI,193531,193524,193525,193528,193534,193527,70.93,,6.21,,,,,
07/06/2022,KOCAELI,193528,193534,193527,193526,193523,193539,634.34,,128.08,,57.06,,38.27,
08/06/2022,ELAZIG,193541,193544,193547,193543,193548,193546,864.85,,271.53,,218.05,,93.53,
08/06/2022,ISTANBUL,193553,193550,193551,193552,193556,193555,823.32,,95.66,,26.0,,11.95,
09/06/2022,ANKARA,193574,193582,193587,193585,193576,193581,216.04,,51.65,,46.92,,34.61,
09/06/2022,ANKARA,193576,193581,193584,193583,193575,193592,15024.18,,1510.26,,423.78,,54.23,
09/06/2022,IZMIR,193577,193588,193591,193579,193593,193590,1602.87,,468.87,,166.02,,4.76,
09/06/2022,IZMIR,193593,193590,193580,193586,193578,193589,7437.9,,1158.72,,299.24,,33.16,
10/06/2022,BURSA,193638,193620,193640,193632,193641,193636,39436.6,,3922.14,,87.46,,53.46,
10/06/2022,BURSA,193641,193636,193634,193619,193633,193637,60592.61,,8952.42,,1283.23,,18.69,
10/06/2022,ISTANBUL,193622,193624,193621,193630,193628,193629,629.82,,89.69,,33.38,,28.63,
10/06/2022,ISTANBUL,193628,193629,193627,193626,193623,193625,264.25,,53.91,,20.79,,4.46,
11/06/2022,ANKARA,193676,193671,193670,193666,193677,193674,10988.53,,5865.64,,,,,
11/06/2022,ANKARA,193666,193677,193674,193672,193665,193675,97136.22,,2363.42,,89.12,,20.49,
11/06/2022,IZMIR,193682,193668,193673,193669,193680,193681,481.54,,196.78,,89.29,,100.36,
11/06/2022,IZMIR,193680,193681,193679,193678,193667,193683,4629.93,,1190.92,,154.73,,144.84,
13/06/2022,BURSA,193766,193776,193774,193769,193765,193779,1900.29,,308.99,,82.31,,31.83,
13/06/2022,BURSA,193765,193779,193777,193768,193767,193771,541.17,,56.5,,11.07,,8.8,
13/06/2022,SANLIURFA,193772,193763,193773,193770,193778,193780,276447.29,,7329.48,,1126.59,,390.51,
14/06/2022,ANKARA,193792,193790,193786,193787,193781,193791,929.3,,167.86,,,,,
14/06/2022,ANKARA,193787,193781,193791,193793,193782,193789,168.16,,45.39,,22.16,,6.38,
14/06/2022,KOCAELI,193785,193794,193784,193802,193797,193799,499.24,,354.88,,138.89,,11.49,
14/06/2022,KOCAELI,193797,193799,193801,193795,193783,193800,9563.72,,1458.87,,428.11,,105.61,
15/06/2022,ELAZIG,193803,193811,193805,193807,193808,193810,9867.76,,1224.85,,,,,
15/06/2022,ELAZIG,193807,193808,193810,193809,193804,193806,340668.66,,5886.37,,3815.33,,449.13,
15/06/2022,ISTANBUL,193814,193816,193815,193818,193817,193819,13030.46,,1304.34,,472.79,,103.74,
16/06/2022,ANKARA,193838,193852,193849,193841,193850,193845,3349.59,,759.15,,,,,
16/06/2022,ANKARA,193841,193850,193845,193843,193853,193846,1315.47,,244.38,,91.75,,7.94,
16/06/2022,IZMIR,193840,193830,193847,193844,193855,193839,225.35,,68.26,,,,,
16/06/2022,IZMIR,193844,193855,193839,193829,193842,193835,907.9,,219.41,,95.14,,50.71,
17/06/2022,BURSA,193884,193890,193889,193885,193880,193888,11062.03,,1536.84,,498.71,,148.83,
17/06/2022,ISTANBUL,193879,193874,193882,193878,193876,193875,795.58,,225.52,,,,,
17/06/2022,ISTANBUL,193878,193876,193875,193877,193881,193883,1925.23,,344.25,,35.51,,21.61,
18/06/2022,ANKARA,193929,193942,193947,193950,193930,193951,7079.65,,810.33,,374.04,,180.09,
18/06/2022,ANKARA,193930,193951,193948,193944,193943,193928,1233.76,,64.3,,18.2,,10.74,
18/06/2022,IZMIR,193933,193941,193932,193946,193952,193949,367.27,,85.69,,,,,
18/06/2022,IZMIR,193946,193952,193949,193958,193931,193953,1509.61,,86.42,,43.16,,14.36,
19/06/2022,ADANA,194061,194033,194062,194060,194065,194034,72.37,,15.86,,18.42,,12.7,
19/06/2022,ADANA,194065,194034,194066,194063,194035,194068,695.54,,86.26,,20.49,,11.13,
19/06/2022,DIYARBAKIR,194048,194043,194044,194047,194050,194052,384543.52,,21998.05,,3093.45,,209.38,
19/06/2022,ISTANBUL,194055,194023,194046,194021,194053,194049,189.06,,88.49,,118.37,,66.79,
19/06/2022,ISTANBUL,194053,194049,194057,194045,194056,194022,604.62,,71.41,,27.58,,6.72,
20/06/2022,BURSA,194074,194081,194089,194080,194075,194091,526.04,,80.13,,24.08,,31.5,
20/06/2022,BURSA,194075,194091,194082,194079,194073,194083,58639.28,,9163.0,,1801.73,,493.18,
20/06/2022,SANLIURFA,194076,194087,194084,194078,194086,194088,736.65,,222.43,,,,,
20/06/2022,SANLIURFA,194078,194086,194088,194085,194077,194090,10440.65,,554.03,,142.68,,45.57,
21/06/2022,ANKARA,194100,194094,194103,194097,194108,194101,3643.6,,1388.53,,,,,
21/06/2022,ANKARA,194097,194108,194101,194105,194095,194096,37219.69,,1355.55,,230.42,,71.48,
21/06/2022,KOCAELI,194093,194104,194098,194099,194102,194106,3702.15,,428.7,,,,,
21/06/2022,KOCAELI,194099,194102,194106,194107,194092,194109,13782.55,,1838.94,,339.71,,353.43,
22/06/2022,ELAZIG,194116,194112,194119,194118,194113,194115,211980.42,,7310.95,,1105.78,,880.72,
22/06/2022,ISTANBUL,194111,194122,194121,194110,194127,194123,1114.27,,571.2,,,,,
22/06/2022,ISTANBUL,194110,194127,194123,194126,194124,194125,1269.04,,460.53,,26.22,,12.11,
23/06/2022,ANKARA,194149,194143,194147,194148,194142,194146,2165.81,,404.13,,129.19,,14.52,
23/06/2022,ANKARA,194142,194146,194150,194145,194144,194156,4106.47,,1006.08,,251.22,,14.03,
23/06/2022,IZMIR,194159,194158,194155,194154,194152,194157,1100.05,,171.67,,85.09,,25.21,
24/06/2022,BURSA,194178,194188,194189,194180,194192,194193,55.14,,54.73,,36.36,,53.41,
24/06/2022,BURSA,194192,194193,194190,194191,194179,194194,3472.25,,259.34,,72.84,,30.57,
24/06/2022,ISTANBUL,194177,194186,194184,194176,194187,194185,401.76,,198.93,,,,,
24/06/2022,ISTANBUL,194176,194187,194185,194183,194181,194182,3430.92,,241.4,,59.97,,80.16,
25/06/2022,ANKARA,194223,194215,194216,194218,194219,194221,8598.82,,2228.51,,450.11,,57.03,
25/06/2022,IZMIR,194222,194226,194225,194234,194211,194228,41324.11,,5896.33,,1461.88,,41.49,
26/06/2022,ADANA,194249,194256,194254,194251,194253,194248,1610.13,,284.29,,70.82,,8.89,
26/06/2022,ISTANBUL,194243,194258,194244,194255,194247,194245,327746.83,,15751.89,,,,,
26/06/2022,ISTANBUL,194255,194247,194245,194252,194259,194250,382601.82,,23674.12,,894.82,,174.26,
27/06/2022,BURSA,194266,194269,194264,194267,194262,194272,555.71,,102.95,,8.71,,6.19,
27/06/2022,SANLIURFA,194274,194268,194271,194270,194260,194275,2295.05,,90.46,,55.04,,7.68,
28/06/2022,ANKARA,194284,194280,194279,194281,194285,194282,12482.79,,1501.17,,,,,
28/06/2022,ANKARA,194281,194285,194282,194283,194278,194293,6591.72,,1374.78,,551.55,,33.44,
28/06/2022,KOCAELI,194277,194286,194276,194287,194291,194290,56.32,,53.5,,,,,
28/06/2022,KOCAELI,194287,194291,194290,194288,194289,194292,627.01,,145.36,,34.11,,10.51,
29/06/2022,ELAZIG,194299,194304,194302,194303,194295,194301,353.02,,93.08,,15.01,,6.45,
29/06/2022,ISTANBUL,194298,194308,194311,194305,194296,194306,3624.46,,1170.38,,1021.69,,253.01,
29/06/2022,ISTANBUL,194296,194306,194310,194307,194297,194309,85398.54,,848.68,,151.84,,103.14,
30/06/2022,ANKARA,194332,194327,194326,194329,194322,194331,2082.43,,818.32,,,,,
30/06/2022,ANKARA,194329,194322,194331,194328,194330,194321,55554.25,,6610.96,,155.7,,38.15,
30/06/2022,IZMIR,194325,194341,194335,194336,194323,194340,1899.15,,916.06,,89.56,,8.83,
30/06/2022,IZMIR,194323,194340,194339,194337,194324,194338,787.19,,444.69,,115.39,,17.95,
01/07/2022,BURSA,194357,194361,194371,194368,194366,194356,7250.58,,1354.17,,765.64,,219.17,
01/07/2022,BURSA,194366,194356,194369,194370,194372,194355,79761.8,,2266.26,,316.85,,358.19,
01/07/2022,ISTANBUL,194363,194360,194362,194365,194358,194359,4380.27,,319.82,,146.2,,13.38,
02/07/2022,ANKARA,194374,194386,194380,194385,194383,194381,2931.16,,474.31,,,,,
02/07/2022,ANKARA,194385,194383,194381,194384,194373,194382,8159.32,,1472.5,,186.58,,65.73,
02/07/2022,IZMIR,194375,194376,194395,194390,194379,194396,11934.82,,661.47,,162.14,,68.61,
02/07/2022,IZMIR,194379,194396,194378,194392,194387,194377,4313.58,,212.05,,69.37,,42.71,
02/07/2022,SANLIURFA,194393,194394,194389,194388,194391,194397,105.35,,27.44,,4.98,,4.88,
03/07/2022,DIYARBAKIR,194441,194443,194442,194445,194439,194444,3717.49,,364.77,,86.35,,17.69,
03/07/2022,ISTANBUL,194437,194420,194433,194435,194440,194432,130.72,,57.91,,,,,
03/07/2022,ISTANBUL,194435,194440,194432,194436,194421,194438,5028.11,,589.95,,156.6,,68.93,
03/07/2022,IZMIR,194424,194434,194430,194422,194419,194427,19069.3,,2528.81,,,,,
03/07/2022,IZMIR,194422,194419,194427,194431,194425,194423,170941.91,,1722.87,,898.63,,265.09,
04/07/2022,BURSA,194472,194459,194471,194475,194470,194474,1026.16,,229.95,,,,,
04/07/2022,BURSA,194475,194470,194474,194458,194473,194469,511.85,,95.31,,36.22,,34.17,
04/07/2022,ELAZIG,194462,194465,194463,194466,194460,194464,10047.37,,719.99,,,,,
04/07/2022,ELAZIG,194466,194460,194464,194468,194467,194461,176218.49,,28531.6,,4616.98,,1239.59,
05/07/2022,ANKARA,194477,194484,194481,194482,194485,194483,6817.09,,1184.41,,,,,
05/07/2022,ANKARA,194482,194485,194483,194487,194490,194476,253623.12,,39810.44,,6159.83,,1174.07,
05/07/2022,KOCAELI,194478,194493,194479,194491,194492,194495,625.87,,338.38,,257.6,,67.34,
05/07/2022,KOCAELI,194492,194495,194494,194489,194480,194488,610.07,,79.38,,7.81,,3.62,
06/07/2022,ELAZIG,194498,194504,194499,194500,194497,194501,345.96,,79.8,,13.89,,2.71,
06/07/2022,ISTANBUL,194510,194505,194511,194508,194512,194507,32158.18,,318.55,,,,,
06/07/2022,ISTANBUL,194508,194512,194507,194509,194503,194506,53897.95,,5073.6,,500.71,,112.28,
07/07/2022,ANKARA,194516,194525,194515,194529,194519,194524,2314.61,,111.52,,,,,
07/07/2022,ANKARA,194529,194519,194524,194521,194522,194528,1027.33,,166.0,,31.6,,31.44,
07/07/2022,KOCAELI,194523,194527,194513,194518,194530,194520,21600.66,,1732.86,,372.74,,130.63,
08/07/2022,BURSA,194572,194558,194570,194571,194560,194575,1402.71,,246.85,,59.05,,87.16,
08/07/2022,BURSA,194560,194575,194573,194576,194559,194574,708.63,,360.09,,14.14,,8.34,
08/07/2022,ISTANBUL,194562,194566,194563,194565,194564,194567,5185.35,,683.92,,,,,
08/07/2022,ISTANBUL,194565,194564,194567,194569,194561,194568,278.14,,14.85,,3.43,,1.54,
09/07/2022,ANKARA,194578,194586,194579,194582,194584,194581,1136.0,,177.37,,99.54,,90.23,
09/07/2022,ANKARA,194584,194581,194580,194583,194577,194585,3721.94,,988.38,,321.91,,112.89,
10/07/2022,DIYARBAKIR,194624,194626,194632,194620,194622,194629,1682.5,,216.83,,76.12,,20.58,
10/07/2022,ISTANBUL,194627,194623,194625,194633,194628,194630,7276.21,,1783.72,,242.94,,41.82,
10/07/2022,IZMIR,194611,194614,194616,194618,194631,194602,4785.31,,681.54,,205.28,,65.03,
11/07/2022,BURSA,194601,194610,194612,194613,194595,194619,311.92,,88.27,,30.64,,11.65,
11/07/2022,ELAZIG,194597,194603,194609,194604,194598,194608,4444.72,,642.19,,277.84,,73.34,
12/07/2022,ANKARA,194648,194634,194643,194640,194639,194638,272.08,,88.03,,,,,
12/07/2022,ANKARA,194640,194639,194638,194641,194635,194642,2853.96,,501.41,,106.3,,109.44,
12/07/2022,KOCAELI,194637,194644,194646,194650,194649,194636,6489.66,,3534.15,,753.11,,127.01,
13/07/2022,ELAZIG,194656,194659,194657,194658,194654,194660,31971.37,,3210.41,,,,,
13/07/2022,ELAZIG,194658,194654,194660,194662,194661,194655,10659.62,,745.98,,308.83,,13.79,
13/07/2022,ISTANBUL,194653,194665,194652,194666,194669,194664,6992.07,,1789.61,,,,,
13/07/2022,ISTANBUL,194666,194669,194664,194667,194663,194668,34759.33,,8779.03,,818.1,,73.2,
14/07/2022,ANKARA,194670,194681,194671,194676,194683,194673,81.74,,48.51,,,,,
14/07/2022,ANKARA,194676,194683,194673,194678,194674,194680,599.37,,202.05,,34.98,,16.1,
14/07/2022,KOCAELI,194672,194684,194679,194675,194682,194685,10439.43,,1152.06,,134.63,,35.91,
15/07/2022,BURSA,194702,194691,194705,194699,194703,194690,2221.36,,542.37,,233.0,,31.81,
15/07/2022,BURSA,194703,194690,194700,194701,194704,194689,4550.66,,659.62,,236.77,,35.92,
15/07/2022,ISTANBUL,194687,194694,194697,194698,194695,194688,597.46,,158.41,,34.21,,22.31,
15/07/2022,ISTANBUL,194695,194688,194692,194693,194696,194686,12298.8,,1767.88,,443.21,,95.0,
16/07/2022,ANKARA,194723,194729,194732,194728,194733,194727,24236.37,,2359.77,,,,,
16/07/2022,ANKARA,194728,194733,194727,194730,194731,194722,2929.27,,258.88,,30.32,,12.95,
16/07/2022,IZMIR,194726,194743,194734,194724,194745,194735,35579.54,,678.9,,580.86,,204.22,
16/07/2022,IZMIR,194745,194735,194746,194725,194739,194747,19676.05,,2465.89,,263.19,,97.09,
16/07/2022,SANLIURFA,194742,194740,194737,194741,194738,194744,1186.74,,317.33,,164.99,,56.05,
17/07/2022,DIYARBAKIR,194787,194781,194784,194783,194786,194785,9346.14,,1732.78,,210.2,,27.84,
17/07/2022,ISTANBUL,194782,194767,194779,194766,194778,194777,71.35,,40.34,,,,,
17/07/2022,ISTANBUL,194766,194778,194777,194775,194774,194788,436.0,,103.6,,89.22,,30.29,
17/07/2022,IZMIR,194771,194768,194770,194772,194773,194776,19691.21,,1859.92,,1281.03,,347.98,
18/07/2022,BURSA,194801,194805,194798,194803,194804,194800,3069.61,,1710.1,,358.58,,500.32,
18/07/2022,ELAZIG,194792,194789,194794,194791,194790,194796,42533.29,,2434.51,,341.21,,42.92,
19/07/2022,ANKARA,194815,194806,194823,194813,194822,194821,106.26,,15.1,,,,,
19/07/2022,ANKARA,194813,194822,194821,194817,194807,194824,1902.54,,338.09,,156.29,,74.63,
19/07/2022,KOCAELI,194825,194808,194819,194818,194811,194809,2468.04,,135.81,,66.73,,52.86,
20/07/2022,ELAZIG,194832,194831,194828,194833,194826,194830,4405.58,,574.39,,169.0,,23.39,
20/07/2022,ISTANBUL,194840,194837,194839,194835,194836,194841,277.73,,150.47,,67.28,,29.57,
21/07/2022,ANKARA,194864,194873,194860,194865,194862,194871,124.9,,24.21,,28.38,,41.72,
21/07/2022,ANKARA,194862,194871,194872,194868,194859,194866,153.0,,40.26,,12.49,,6.3,
21/07/2022,KOCAELI,194875,194874,194863,194867,194857,194869,1584.22,,310.05,,151.54,,146.44,
22/07/2022,BURSA,194922,194907,194920,194921,194923,194908,194.59,,4.39,,3.73,,2.66,
22/07/2022,BURSA,194923,194908,194925,194926,194909,194924,4620.71,,1738.73,,806.96,,193.97,
22/07/2022,ISTANBUL,194914,194911,194919,194913,194910,194918,3299.58,,1629.22,,750.54,,298.84,
22/07/2022,ISTANBUL,194910,194918,194916,194915,194912,194917,5121.25,,102.42,,21.89,,7.61,
23/07/2022,ANKARA,194940,194942,194939,194943,194946,194941,180.74,,72.09,,28.58,,11.88,
23/07/2022,IZMIR,194936,194950,194938,194947,194957,194951,1873.05,,639.64,,148.08,,114.32,
23/07/2022,IZMIR,194957,194951,194949,194948,194937,194954,2092.62,,73.3,,10.85,,4.55,
24/07/2022,DIYARBAKIR,194999,194998,194997,194995,195000,195002,24283.57,,747.78,,446.95,,124.14,
24/07/2022,ISTANBUL,194992,194978,194986,194987,194979,194989,3179.26,,924.22,,,,,
24/07/2022,ISTANBUL,194987,194979,194989,194993,194990,194994,35054.47,,3161.31,,502.25,,58.36,
24/07/2022,IZMIR,194980,194983,194981,194985,194991,195001,94.89,,34.1,,15.25,,12.6,
24/07/2022,IZMIR,194991,195001,194984,194988,194982,194996,129.78,,67.49,,22.73,,9.76,
25/07/2022,BURSA,195044,195035,195042,195030,195041,195031,66.13,,18.42,,,,,
25/07/2022,BURSA,195030,195041,195031,195038,195043,195040,590.22,,89.34,,27.05,,12.61,
25/07/2022,ELAZIG,195032,195028,195036,195034,195029,195033,24721.78,,24596.92,,,,,
25/07/2022,ELAZIG,195034,195029,195033,195037,195039,195027,26001.64,,4169.72,,367.71,,107.73,
26/07/2022,ANKARA,195053,195050,195045,195051,195052,195057,143261.55,,17586.2,,,,,
26/07/2022,ANKARA,195051,195052,195057,195055,195046,195059,27561.63,,1327.47,,21.94,,9.15,
26/07/2022,KOCAELI,195049,195054,195048,195060,195062,195058,365.71,,,,,,,
26/07/2022,KOCAELI,195060,195062,195058,195061,195047,195063,1479.0,,767.67,,234.93,,173.7,
27/07/2022,ELAZIG,195066,195067,195069,195068,195065,195072,2857.45,,333.14,,40.65,,32.69,
27/07/2022,ISTANBUL,195076,195077,195070,195079,195075,195071,79.95,,20.61,,,,,
27/07/2022,ISTANBUL,195079,195075,195071,195073,195074,195078,404.94,,64.64,,40.48,,41.91,
28/07/2022,ANKARA,195106,195107,195104,195109,195103,195096,4396.39,,238.57,,262.41,,,
28/07/2022,ANKARA,195103,195096,195102,195100,195097,195101,1099.05,,232.0,,62.9,,25.83,
28/07/2022,KOCAELI,195113,195099,195112,195110,195108,195098,10256.46,,1537.63,,53.04,,42.91,
29/07/2022,BURSA,195173,195167,195172,195181,195177,195165,3595.16,,837.72,,113.61,,20.52,
29/07/2022,BURSA,195177,195165,195175,195179,195166,195182,14165.62,,2347.41,,982.01,,278.11,
29/07/2022,ISTANBUL,195174,195168,195164,195178,195180,195171,5163.4,,227.7,,99.81,,15.61,
29/07/2022,ISTANBUL,195180,195171,195169,195176,195163,195170,2086.36,,374.52,,98.44,,28.19,
30/07/2022,ANKARA,195241,195252,195239,195253,195248,195249,366.85,,111.74,,25.41,,20.75,
30/07/2022,ANKARA,195248,195249,195250,195251,195247,195240,248.01,,84.81,,52.04,,14.17,
30/07/2022,IZMIR,195244,195259,195243,195257,195258,195256,145.04,,15.27,,,,,
30/07/2022,IZMIR,195257,195258,195256,195255,195254,195242,282.1,,64.24,,45.14,,32.16,
31/07/2022,DIYARBAKIR,195341,195342,195335,195339,195337,195343,61550.81,,6526.07,,1464.65,,934.65,
31/07/2022,ISTANBUL,195332,195321,195331,195322,195328,195345,715.84,,232.92,,,,,
31/07/2022,ISTANBUL,195322,195328,195345,195334,195329,195340,81305.04,,12257.21,,3913.34,,658.4,
31/07/2022,IZMIR,195325,195338,195323,195326,195324,195327,1821.7,,331.35,,,,,
31/07/2022,IZMIR,195326,195324,195327,195330,195333,195344,1061.88,,153.37,,133.54,,53.69,
01/08/2022,BURSA,195377,195385,195380,195378,195383,195379,373.5,,84.7,,,,,
01/08/2022,BURSA,195378,195383,195379,195381,195382,195384,1429.18,,536.13,,95.63,,49.64,
01/08/2022,ELAZIG,195386,195387,195389,195390,195375,195391,28767.16,,4398.05,,290.5,,68.02,
02/08/2022,ANKARA,195395,195406,195403,195408,195405,195407,600.01,,326.83,,,,,
02/08/2022,ANKARA,195408,195405,195407,195401,195394,195404,19946.43,,615.12,,158.06,,149.18,
02/08/2022,KOCAELI,195398,195399,195397,195400,195393,195402,4040.01,,283.71,,34.8,,16.15,
03/08/2022,ELAZIG,195411,195414,195415,195417,195413,195416,801.15,,208.16,,,,,
03/08/2022,ELAZIG,195417,195413,195416,195418,195412,195419,396.23,,92.92,,25.27,,8.75,
03/08/2022,ISTANBUL,195426,195409,195425,195410,195421,195424,1104.45,,74.02,,,,,
03/08/2022,ISTANBUL,195410,195421,195424,195420,195423,195422,12376.96,,2131.33,,796.7,,186.93,
04/08/2022,ANKARA,195429,195437,195433,195438,195428,195432,586.26,,161.28,,34.61,,26.81,
04/08/2022,ANKARA,195428,195432,195442,195441,195435,195430,1827.7,,83.5,,58.51,,15.85,
04/08/2022,KOCAELI,195436,195439,195440,195434,195431,195443,1360.58,,561.02,,138.42,,19.7,
05/08/2022,BURSA,195450,195467,195470,195451,195471,195464,2661.25,,1203.5,,,,,
05/08/2022,BURSA,195451,195471,195464,195466,195468,195472,14073.82,,981.96,,586.5,,259.63,
05/08/2022,ISTANBUL,195460,195461,195458,195462,195447,195459,155572.14,,15587.81,,,,,
05/08/2022,ISTANBUL,195462,195447,195459,195455,195457,195448,344.99,,21.34,,9.07,,3.29,
06/08/2022,ANKARA,195480,195475,195479,195476,195481,195487,2195.01,,526.36,,110.13,,,
06/08/2022,IZMIR,195474,195486,195483,195484,195485,195488,1479.16,,421.51,,80.99,,51.67,
07/08/2022,DIYARBAKIR,195509,195512,195507,195508,195510,195511,15603.86,,3756.54,,702.87,,265.44,
07/08/2022,ISTANBUL,195503,195500,195499,195504,195502,195505,1561.76,,161.29,,30.06,,21.96,
07/08/2022,IZMIR,195491,195494,195490,195492,195497,195495,166.19,,106.2,,,,,
07/08/2022,IZMIR,195492,195497,195495,195506,195501,195493,626.5,,142.61,,15.69,,13.23,
08/08/2022,BURSA,195528,195525,195530,195529,195516,195527,148.05,,66.89,,,,,
08/08/2022,BURSA,195529,195516,195527,195526,195520,195517,8076.85,,1234.2,,475.46,,144.97,
08/08/2022,ELAZIG,195515,195522,195513,195524,195523,195521,1179.62,,771.68,,,,,
08/08/2022,ELAZIG,195524,195523,195521,195519,195514,195518,1652.25,,225.82,,92.94,,37.88,
09/08/2022,ANKARA,195541,195536,195534,195539,195532,195538,679.09,,67.83,,,,,
09/08/2022,ANKARA,195539,195532,195538,195537,195531,195544,5738.5,,488.13,,182.07,,94.25,
09/08/2022,KOCAELI,195533,195540,195542,195543,195545,195546,258.61,,120.73,,40.87,,18.06,
10/08/2022,ELAZIG,195547,195564,195555,195563,195554,195560,5250.76,,1259.19,,607.21,,156.73,
10/08/2022,ISTANBUL,195552,195561,195562,195559,195549,195557,18061.95,,480.15,,,,,
10/08/2022,ISTANBUL,195559,195549,195557,195553,195551,195550,106230.12,,28628.68,,508.7,,195.47,
11/08/2022,ANKARA,195594,195600,195597,195598,195596,195599,12011.34,,4838.49,,,,,
11/08/2022,ANKARA,195598,195596,195599,195601,195602,195603,169622.58,,29254.94,,4558.46,,621.21,
11/08/2022,KOCAELI,195589,195590,195591,195593,195588,195592,1023.26,,243.34,,,,,
11/08/2022,KOCAELI,195593,195588,195592,195595,195587,195604,2749.35,,327.62,,71.63,,25.77,
12/08/2022,BURSA,195622,195629,195631,195624,195628,195623,5756.65,,1016.71,,329.8,,54.23,
12/08/2022,BURSA,195628,195623,195630,195626,195632,195621,7084.22,,476.8,,216.45,,139.54,
12/08/2022,ISTANBUL,195636,195619,195638,195635,195627,195634,584.94,,27.21,,9.14,,4.77,
12/08/2022,ISTANBUL,195627,195634,195625,195633,195637,195620,72.54,,19.94,,18.14,,3.44,
13/08/2022,ANKARA,195681,195680,195676,195674,195678,195679,6922.14,,641.65,,206.32,,29.1,
13/08/2022,IZMIR,195684,195672,195688,195685,195682,195673,4151.35,,806.92,,245.78,,37.03,
13/08/2022,IZMIR,195682,195673,195687,195686,195675,195671,5031.61,,625.89,,178.78,,109.69,
14/08/2022,DIYARBAKIR,195737,195736,195734,195735,195739,195738,956.7,,196.15,,70.02,,63.85,
14/08/2022,ISTANBUL,195725,195716,195727,195715,195730,195728,542.58,,283.2,,,,,
14/08/2022,ISTANBUL,195715,195730,195728,195729,195731,195733,2570.08,,1015.68,,490.43,,298.21,
14/08/2022,IZMIR,195718,195722,195724,195721,195732,195719,19117.63,,1556.15,,276.09,,78.01,
14/08/2022,IZMIR,195732,195719,195720,195723,195717,195726,1646.71,,327.49,,84.54,,41.86,
15/08/2022,BURSA,195755,195767,195759,195761,195765,195763,1853.34,,189.56,,,,,
15/08/2022,BURSA,195761,195765,195763,195762,195756,195760,6361.03,,1204.17,,209.99,,224.26,
15/08/2022,ELAZIG,195770,195768,195766,195769,195758,195771,14761.57,,2045.3,,425.04,,276.25,
16/08/2022,ANKARA,195787,195780,195772,195783,195786,195784,22.19,,,,,,,
16/08/2022,ANKARA,195786,195784,195782,195785,195773,195781,572.14,,124.83,,52.81,,43.47,
16/08/2022,KOCAELI,195778,195775,195788,195777,195779,195774,2035.14,,440.27,,44.95,,25.63,
17/08/2022,ELAZIG,195800,195790,195797,195799,195793,195795,3548.14,,266.46,,174.87,,102.16,
17/08/2022,ISTANBUL,195806,195798,195805,195803,195792,195801,3483.67,,208.14,,,,,
17/08/2022,ISTANBUL,195803,195792,195801,195796,195794,195804,32651.96,,5474.64,,1393.34,,148.52,
18/08/2022,ANKARA,195841,195837,195838,195833,195840,195839,196.18,,55.79,,,,,
18/08/2022,ANKARA,195833,195840,195839,195835,195834,195842,182.52,,56.85,,7.26,,3.95,
18/08/2022,KOCAELI,195827,195843,195845,195847,195836,195848,38799.36,,17597.13,,458.46,,643.09,
19/08/2022,BURSA,195905,195901,195889,195902,195906,195890,2871.47,,232.54,,256.77,,117.0,
19/08/2022,BURSA,195906,195890,195900,195904,195888,195903,32789.06,,10876.44,,620.57,,62.24,
19/08/2022,ISTANBUL,195891,195895,195893,195897,195896,195894,138.34,,36.04,,,,,
19/08/2022,ISTANBUL,195897,195896,195894,195898,195892,195899,1339.53,,572.13,,184.69,,67.0,
20/08/2022,ANKARA,195934,195946,195935,195938,195944,195937,3087.03,,2037.89,,275.39,,284.79,
20/08/2022,IZMIR,195929,195941,195949,195928,195950,195952,12453.19,,2014.71,,434.45,,,
20/08/2022,IZMIR,195950,195952,195939,195943,195930,195947,16396.65,,3235.42,,64.5,,27.19,
21/08/2022,DIYARBAKIR,196015,196021,196019,196022,196018,196023,78059.35,,6851.58,,8034.93,,1359.82,
21/08/2022,ISTANBUL,195994,195999,196000,196005,196003,196006,134.99,,55.89,,,,,
21/08/2022,ISTANBUL,196005,196003,196006,196002,196001,195993,426.66,,98.22,,64.44,,9.6,
21/08/2022,IZMIR,196007,195992,196004,196012,196014,196016,571.0,,267.25,,,,,
21/08/2022,IZMIR,196012,196014,196016,196013,195991,196020,111418.9,,11173.54,,1474.15,,898.22,
22/08/2022,BURSA,196036,196024,196039,196041,196040,196034,3217.6,,241.83,,,,,
22/08/2022,BURSA,196041,196040,196034,196038,196025,196033,454.15,,50.71,,16.16,,8.12,
22/08/2022,ELAZIG,196027,196030,196032,196029,196028,196037,1485.9,,91.98,,,,,
22/08/2022,ELAZIG,196029,196028,196037,196031,196026,196035,6513.39,,5073.81,,1490.43,,538.54,
23/08/2022,ANKARA,196056,196046,196057,196048,196052,196045,7220.04,,1250.25,,576.47,,168.91,
23/08/2022,ANKARA,196052,196045,196051,196050,196053,196044,2096.99,,142.69,,24.51,,8.94,
23/08/2022,KOCAELI,196058,196054,196060,196043,196047,196059,1509.1,,108.1,,15.5,,7.98,
24/08/2022,ELAZIG,196072,196074,196061,196076,196077,196078,7733.27,,490.4,,171.1,,89.3,
24/08/2022,ISTANBUL,196073,196066,196065,196067,196064,196068,1426.15,,909.9,,,,,
24/08/2022,ISTANBUL,196067,196064,196068,196071,196075,196063,60647.88,,2075.78,,205.89,,88.84,
25/08/2022,ANKARA,196120,196117,196114,196099,196121,196119,820.02,,200.59,,,,,
25/08/2022,ANKARA,196099,196121,196119,196123,196100,196122,1486.9,,244.22,,50.31,,18.21,
25/08/2022,KOCAELI,196124,196103,196116,196118,196101,196115,1636.43,,225.76,,,,,
25/08/2022,KOCAELI,196118,196101,196115,196112,196113,196102,2796.01,,159.72,,23.54,,19.18,
26/08/2022,BURSA,196157,196153,196155,196158,196160,196156,12016.0,,1638.17,,,,,
26/08/2022,BURSA,196158,196160,196156,196159,196154,196161,3030.25,,625.06,,436.58,,219.97,
26/08/2022,ISTANBUL,196152,196151,196147,196148,196144,196146,4683.94,,256.09,,,,,
26/08/2022,ISTANBUL,196148,196144,196146,196150,196149,196145,2052.5,,407.36,,89.26,,67.51,
27/08/2022,ANKARA,196196,196205,196207,196208,196201,196206,440.55,,313.29,,,,,
27/08/2022,ANKARA,196208,196201,196206,196203,196197,196204,1152.94,,107.68,,42.48,,3.29,
27/08/2022,IZMIR,196200,196211,196199,196202,196212,196214,58.99,,10.91,,5.08,,2.64,
27/08/2022,IZMIR,196212,196214,196209,196213,196198,196217,845.62,,250.52,,109.88,,80.37,
28/08/2022,DIYARBAKIR,196280,196284,196281,196282,196278,196283,2471.03,,387.71,,105.16,,49.33,
28/08/2022,ISTANBUL,196263,196270,196274,196264,196271,196268,59.74,,10.27,,,,,
28/08/2022,ISTANBUL,196264,196271,196268,196267,196273,196276,178.8,,22.95,,8.22,,6.61,
28/08/2022,IZMIR,196266,196286,196269,196277,196265,196272,166.24,,64.84,,,,,
28/08/2022,IZMIR,196277,196265,196272,196275,196279,196285,1855.81,,514.26,,205.79,,26.65,
29/08/2022,BURSA,196308,196295,196299,196310,196296,196297,1113.31,,372.22,,,,,
29/08/2022,BURSA,196310,196296,196297,196300,196309,196306,4014.33,,1072.35,,453.6,,138.93,
29/08/2022,ELAZIG,196303,196301,196302,196304,196305,196307,628.36,,74.69,,17.32,,5.61,
30/08/2022,ANKARA,196317,196319,196323,196325,196320,196324,41027.2,,2959.72,,128.94,,10.13,
30/08/2022,KOCAELI,196322,196314,196311,196315,196313,196326,2690.77,,848.29,,144.15,,43.75,
31/08/2022,ELAZIG,196329,196331,196328,196333,196335,196332,564.54,,52.35,,,,,
31/08/2022,ELAZIG,196333,196335,196332,196334,196330,196336,10592.54,,2269.03,,857.26,,302.61,
31/08/2022,ISTANBUL,196339,196344,196340,196345,196342,196338,13487.07,,875.83,,254.28,,90.86,
01/09/2022,ANKARA,196385,196384,196382,196376,196387,196383,44442.18,,5427.72,,,,,
01/09/2022,ANKARA,196376,196387,196383,196386,196377,196381,8645.92,,774.39,,256.53,,28.17,
01/09/2022,IZMIR,196379,196390,196380,196391,196392,196388,216.45,,81.21,,,,,
01/09/2022,IZMIR,196391,196392,196388,196389,196378,196393,3900.21,,905.28,,817.96,,215.81,
02/09/2022,BURSA,196394,196403,196402,196405,196410,196409,2158.74,,121.29,,,,,
02/09/2022,BURSA,196405,196410,196409,196399,196395,196408,10087.58,,1698.56,,508.86,,185.9,
02/09/2022,IZMIR,196397,196407,196398,196406,196400,196401,689.17,,59.76,,,,,
02/09/2022,IZMIR,196406,196400,196401,196404,196396,196411,652.31,,169.82,,44.13,,37.87,
03/09/2022,ANKARA,196432,196441,196435,196431,196438,196444,1758.51,,319.11,,,,,
03/09/2022,ANKARA,196431,196438,196444,196448,196442,196436,73610.08,,6161.82,,553.72,,244.98,
03/09/2022,ISTANBUL,196447,196437,196439,196433,196434,196443,120.6,,16.35,,,,,
03/09/2022,ISTANBUL,196433,196434,196443,196440,196445,196449,371.56,,65.61,,47.67,,24.48,
04/09/2022,ADANA,196476,196492,196490,196478,196491,196488,3140.41,,575.17,,229.11,,51.13,
04/09/2022,ADANA,196491,196488,196493,196487,196477,196489,1294.44,,172.08,,49.21,,18.81,
04/09/2022,ISTANBUL,196482,196475,196485,196479,196486,196484,497.44,,36.66,,34.72,,11.07,
04/09/2022,ISTANBUL,196486,196484,196481,196483,196480,196474,1087.08,,104.02,,40.1,,16.8,
05/09/2022,BURSA,196512,196525,196521,196520,196524,196511,1107.39,,202.05,,46.23,,33.74,
05/09/2022,BURSA,196524,196511,196522,196523,196513,196526,10899.2,,1083.7,,116.04,,60.23,
05/09/2022,ELAZIG,196515,196509,196518,196517,196514,196519,16255.95,,1083.13,,49.34,,42.5,
06/09/2022,ANKARA,196532,196527,196533,196529,196535,196530,35345.53,,9940.6,,,,,
06/09/2022,ANKARA,196529,196535,196530,196534,196528,196531,3407.1,,337.71,,39.69,,15.01,
06/09/2022,KOCAELI,196541,196536,196540,196542,196538,196543,31919.85,,4814.66,,439.36,,375.11,
07/09/2022,DIYARBAKIR,196548,196557,196547,196551,196553,196549,10749.28,,4537.9,,,,,
07/09/2022,DIYARBAKIR,196551,196553,196549,196546,196559,196565,363756.67,,14333.36,,5223.66,,1524.35,
07/09/2022,ISTANBUL,196545,196562,196552,196558,196556,196554,264.1,,46.39,,,,,
07/09/2022,ISTANBUL,196558,196556,196554,196560,196544,196563,472.98,,115.84,,21.33,,31.02,
08/09/2022,ANKARA,196587,196583,196579,196584,196580,196586,3127.06,,102.07,,,,,
08/09/2022,ANKARA,196584,196580,196586,196582,196581,196578,1264.17,,52.96,,57.61,,38.02,
08/09/2022,IZMIR,196588,196585,196576,196592,196591,196593,350.3,,157.45,,,,,
08/09/2022,IZMIR,196592,196591,196593,196589,196577,196590,564.18,,97.79,,21.97,,,
09/09/2022,BURSA,196608,196602,196614,196618,196617,196612,512.62,,100.91,,,,,
09/09/2022,BURSA,196618,196617,196612,196611,196601,196615,2124.02,,706.64,,334.98,,63.17,
09/09/2022,ISTANBUL,196607,196606,196610,196613,196604,196609,7255.14,,,,,,,
09/09/2022,ISTANBUL,196613,196604,196609,196605,196603,196616,720.82,,37.58,,12.9,,12.18,
10/09/2022,ANKARA,196647,196637,196648,196638,196645,196642,11283.61,,3670.42,,,,,
10/09/2022,ANKARA,196638,196645,196642,196644,196643,196646,1284.66,,359.31,,25.54,,3.08,
10/09/2022,IZMIR,196641,196653,196649,196652,196640,196650,364.66,,165.9,,,,,
10/09/2022,IZMIR,196652,196640,196650,196651,196639,196654,2680.2,,403.63,,134.54,,91.17,
11/09/2022,ADANA,196666,196682,196683,196681,196684,196686,4142.28,,1779.19,,109.56,,70.92,
11/09/2022,ADANA,196684,196686,196667,196687,196685,196665,895.1,,251.82,,30.18,,22.82,
11/09/2022,ELAZIG,196677,196673,196678,196674,196675,196676,4994.64,,452.29,,110.79,,31.48,
11/09/2022,ISTANBUL,196664,196671,196663,196670,196680,196668,508.07,,424.15,,,,,
11/09/2022,ISTANBUL,196670,196680,196668,196672,196669,196679,4244.83,,437.46,,87.62,,41.66,
12/09/2022,BURSA,196692,196704,196701,196691,196705,196702,415.02,,86.93,,55.99,,44.18,
12/09/2022,BURSA,196705,196702,196703,196693,196690,196699,18544.69,,1117.38,,355.74,,56.35,
12/09/2022,ELAZIG,196700,196696,196695,196698,196688,196694,9395.44,,1271.81,,137.69,,56.45,
13/09/2022,ANKARA,196713,196714,196712,196711,196706,196715,435.25,,45.03,,,,,
13/09/2022,ANKARA,196711,196706,196715,196710,196716,196707,1494.84,,151.03,,46.5,,25.35,
13/09/2022,KOCAELI,196722,196708,196723,196720,196721,196718,903.61,,274.97,,,,,
13/09/2022,KOCAELI,196720,196721,196718,196717,196719,196709,13046.62,,1327.83,,317.46,,89.33,
14/09/2022,DIYARBAKIR,196740,196728,196737,196735,196727,196738,1711.53,,831.71,,,,,
14/09/2022,DIYARBAKIR,196735,196727,196738,196739,196726,196741,9175.26,,2716.02,,1298.58,,208.37,
14/09/2022,ISTANBUL,196731,196724,196734,196736,196732,196733,12848.64,,2883.88,,,,,
14/09/2022,ISTANBUL,196736,196732,196733,196729,196725,196730,35975.79,,10339.15,,2801.19,,155.27,
15/09/2022,ANKARA,196753,196744,196746,196749,196748,196745,74071.15,,7229.92,,160.75,,,
15/09/2022,ANKARA,196748,196745,196755,196754,196750,196747,22483.86,,816.7,,68.03,,28.73,
15/09/2022,IZMIR,196742,196752,196743,196756,196758,196761,54197.75,,5671.52,,,,,
15/09/2022,IZMIR,196756,196758,196761,196760,196757,196759,12818.34,,621.9,,251.29,,44.41,
16/09/2022,BURSA,196787,196798,196799,196802,196800,196804,5338.51,,4493.42,,,,,
16/09/2022,BURSA,196802,196800,196804,196801,196788,196803,2483.51,,291.21,,59.37,,7.56,
16/09/2022,ISTANBUL,196796,196793,196792,196794,196795,196797,33388.99,,2774.01,,420.07,,89.88,
17/09/2022,ANKARA,196824,196829,196831,196836,196834,196833,810.01,,120.98,,,,31.23,
17/09/2022,ANKARA,196836,196834,196833,196830,196825,196832,9881.05,,590.28,,200.64,,28.59,
17/09/2022,IZMIR,196837,196826,196842,196835,196838,196828,947.89,,101.57,,103.08,,23.87,
17/09/2022,IZMIR,196838,196828,196839,196841,196827,196840,27699.54,,3895.33,,963.8,,66.69,
18/09/2022,ADANA,196862,196850,196864,196851,196863,196860,278.19,,91.54,,56.26,,24.51,
18/09/2022,ADANA,196863,196860,196849,196866,196859,196868,962.88,,163.3,,38.13,,20.05,
18/09/2022,ELAZIG,196856,196857,196855,196852,196854,196853,577.22,,96.15,,50.34,,14.73,
18/09/2022,ISTANBUL,196873,196867,196872,196869,196870,196858,21.41,,13.66,,,,,
18/09/2022,ISTANBUL,196869,196870,196858,196865,196871,196861,268.84,,133.03,,49.07,,15.78,
19/09/2022,BURSA,196874,196886,196892,196875,196893,196895,6140.35,,424.14,,119.92,,101.48,
19/09/2022,BURSA,196893,196895,196891,196894,196876,196890,32548.2,,2982.98,,526.32,,58.11,
19/09/2022,ELAZIG,196879,196883,196881,196877,196880,196882,1918.52,,498.21,,,,,
19/09/2022,ELAZIG,196877,196880,196882,196885,196884,196878,1164.63,,254.62,,51.39,,28.08,
20/09/2022,ANKARA,196897,196898,196902,196896,196900,196901,26931.99,,2872.21,,,,,
20/09/2022,ANKARA,196896,196900,196901,196904,196903,196899,14454.81,,1086.31,,129.58,,13.59,
20/09/2022,KOCAELI,196909,196908,196905,196907,196910,196912,200185.38,,41628.66,,4427.81,,274.19,
22/09/2022,ANKARA,196935,196939,196940,196937,196932,196941,186.94,,28.51,,,,,
22/09/2022,ANKARA,196937,196932,196941,196938,196936,196931,312.58,,62.68,,47.31,,25.63,
22/09/2022,IZMIR,196933,196947,196942,196945,196943,196946,2013.53,,67.6,,,,,
22/09/2022,IZMIR,196945,196943,196946,196944,196934,196948,1510.92,,246.28,,171.39,,121.03,
23/09/2022,BURSA,196977,196971,196981,196988,196989,196987,3708.19,,2560.64,,,,,
23/09/2022,BURSA,196988,196989,196987,196978,196975,196986,93316.45,,5698.02,,1561.84,,377.38,
23/09/2022,ISTANBUL,196984,196966,196983,196985,196965,196976,156.51,,88.36,,,,,
23/09/2022,ISTANBUL,196985,196965,196976,196982,196974,196980,889.57,,116.17,,24.55,,17.34,
24/09/2022,ANKARA,196990,197001,196991,196999,196998,196997,231.9,,64.6,,,,,
24/09/2022,ANKARA,196999,196998,196997,196995,197000,196996,257.68,,40.28,,15.04,,7.08,
24/09/2022,IZMIR,196992,197011,197005,196994,197010,197009,7952.16,,128.85,,34.16,,18.27,
24/09/2022,IZMIR,197010,197009,197007,197008,196993,197006,7852.35,,944.18,,380.41,,183.62,
25/09/2022,ADANA,197065,197046,197061,197066,197060,197062,109.84,,67.66,,,,,
25/09/2022,ADANA,197066,197060,197062,197064,197045,197063,4918.06,,537.25,,151.9,,108.92,
25/09/2022,ELAZIG,197053,197051,197048,197050,197049,197054,154061.23,,19284.29,,4689.27,,433.16,
25/09/2022,ISTANBUL,197044,197058,197047,197059,197057,197056,478.91,,175.8,,,,,
25/09/2022,ISTANBUL,197059,197057,197056,197052,197043,197055,9252.52,,427.41,,90.62,,121.46,
26/09/2022,BURSA,197076,197074,197070,197075,197071,197069,380.83,,73.86,,8.22,,5.11,
26/09/2022,ELAZIG,197077,197072,197073,197081,197068,197079,1258.25,,166.94,,85.4,,41.86,
27/09/2022,ANKARA,197090,197093,197089,197087,197091,197088,2182.3,,238.03,,56.53,,26.93,
27/09/2022,KOCAELI,197084,197095,197085,197097,197096,197099,74.32,,,,,,,
27/09/2022,KOCAELI,197096,197099,197098,197094,197083,197100,66212.77,,9868.14,,2372.73,,1012.69,
29/09/2022,ANKARA,197118,197129,197123,197119,197122,197127,554.73,,227.94,,40.16,,34.93,
29/09/2022,ANKARA,197122,197127,197125,197126,197128,197124,427.53,,102.53,,30.29,,10.51,
29/09/2022,IZMIR,197120,197135,197130,197131,197134,197132,3087.43,,124.83,,,,,
29/09/2022,IZMIR,197131,197134,197132,197136,197121,197133,937.96,,219.16,,61.09,,34.17,
30/09/2022,BURSA,197140,197151,197155,197141,197152,197150,329.97,,122.51,,47.33,,48.52,
30/09/2022,BURSA,197152,197150,197149,197153,197139,197154,311002.21,,28924.24,,4031.52,,1036.21,
30/09/2022,ISTANBUL,197146,197148,197142,197143,197138,197147,1129.37,,210.21,,,,,
30/09/2022,ISTANBUL,197143,197138,197147,197145,197144,197137,1294.32,,247.36,,106.02,,61.47,
01/10/2022,ANKARA,197156,197166,197157,197168,197162,197165,829.77,,55.75,,,,,
01/10/2022,ANKARA,197168,197162,197165,197161,197167,197163,15226.46,,2147.36,,473.56,,36.66,
01/10/2022,IZMIR,197158,197171,197160,197173,197159,197164,34775.67,,8786.93,,,,,
01/10/2022,IZMIR,197173,197159,197164,197169,197170,197172,20922.25,,4868.52,,434.83,,353.27,
02/10/2022,ADANA,197177,197197,197198,197176,197195,197196,38296.09,,1493.95,,804.49,,60.44,
02/10/2022,ADANA,197195,197196,197192,197191,197178,197190,1116.32,,293.17,,9.63,,9.17,
02/10/2022,ELAZIG,197181,197185,197182,197179,197187,197183,1676.14,,820.25,,98.76,,14.94,
02/10/2022,ISTANBUL,197186,197174,197189,197194,197188,197193,39973.18,,4591.06,,,,,
02/10/2022,ISTANBUL,197194,197188,197193,197180,197175,197184,16209.36,,2436.67,,347.05,,41.26,
03/10/2022,BURSA,197214,197199,197213,197215,197211,197200,372.23,,106.47,,,,,
03/10/2022,BURSA,197215,197211,197200,197209,197210,197212,630.69,,132.72,,20.51,,13.3,
03/10/2022,KOCAELI,197201,197208,197205,197206,197204,197202,58377.43,,3651.26,,627.07,,125.09,
04/10/2022,ADANA,197218,197235,197217,197222,197223,197229,552.88,,199.66,,60.09,,17.51,
04/10/2022,ADANA,197223,197229,197224,197234,197216,197232,1624.57,,401.29,,261.63,,103.98,
04/10/2022,DIYARBAKIR,197227,197220,197225,197226,197219,197230,27692.49,,5406.19,,,,,
04/10/2022,DIYARBAKIR,197226,197219,197230,197228,197221,197233,38109.37,,1106.69,,242.18,,53.88,
05/10/2022,ELAZIG,197242,197244,197245,197240,197238,197246,11658.26,,1439.99,,653.01,,90.8,
05/10/2022,ISTANBUL,197237,197249,197250,197236,197247,197248,688.27,,134.94,,,,,
05/10/2022,ISTANBUL,197236,197247,197248,197251,197241,197252,319.27,,92.8,,38.17,,14.08,
06/10/2022,ANKARA,197261,197262,197253,197260,197259,197258,2474.91,,946.71,,,,,
06/10/2022,ANKARA,197260,197259,197258,197257,197254,197263,88.41,,23.79,,8.55,,2.71,
06/10/2022,IZMIR,197264,197256,197268,197270,197269,197266,1336.39,,430.09,,,,,
06/10/2022,IZMIR,197270,197269,197266,197265,197255,197267,10478.26,,844.2,,265.46,,64.08,
07/10/2022,BURSA,197282,197290,197284,197295,197297,197294,454.74,,212.49,,144.98,,18.16,
07/10/2022,BURSA,197297,197294,197289,197296,197283,197298,3383.88,,686.98,,211.7,,80.3,
07/10/2022,ISTANBUL,197281,197292,197279,197285,197287,197293,2918.1,,264.26,,63.16,,12.23,
07/10/2022,ISTANBUL,197287,197293,197291,197288,197286,197280,424.84,,38.27,,14.9,,9.31,
08/10/2022,ANKARA,197311,197313,197307,197312,197310,197314,291.75,,62.59,,6.93,,1.55,
08/10/2022,IZMIR,197306,197322,197321,197320,197317,197319,2777.83,,592.8,,,,,
08/10/2022,IZMIR,197320,197317,197319,197316,197318,197305,7551.16,,1313.27,,386.2,,74.83,
09/10/2022,ADANA,197352,197334,197351,197353,197355,197333,588.34,,160.24,,207.55,,33.44,
09/10/2022,ADANA,197355,197333,197349,197350,197335,197354,1620.01,,109.06,,47.95,,20.28,
09/10/2022,ELAZIG,197337,197339,197338,197343,197342,197336,2687.31,,181.71,,105.34,,19.7,
09/10/2022,ISTANBUL,197332,197348,197331,197345,197347,197344,603.67,,331.6,,,,,
09/10/2022,ISTANBUL,197345,197347,197344,197341,197340,197346,612.2,,104.15,,57.29,,10.32,
10/10/2022,BURSA,197377,197357,197374,197373,197375,197372,1204.47,,711.36,,,,,
10/10/2022,BURSA,197373,197375,197372,197376,197356,197370,10844.35,,1202.85,,376.52,,25.51,
10/10/2022,KOCAELI,197359,197361,197364,197369,197371,197360,22267.2,,,,,,,
10/10/2022,KOCAELI,197369,197371,197360,197362,197358,197363,3960.27,,682.45,,309.94,,15.87,
11/10/2022,ADANA,197384,197382,197390,197383,197389,197380,3175.09,,393.46,,299.23,,122.18,
11/10/2022,ADANA,197389,197380,197392,197385,197387,197381,1432.86,,53.52,,27.46,,19.35,
11/10/2022,DIYARBAKIR,197393,197394,197386,197378,197395,197391,11837.1,,2262.58,,446.17,,156.32,
12/10/2022,ELAZIG,197397,197411,197412,197413,197396,197410,7701.1,,968.52,,,,,
12/10/2022,ELAZIG,197413,197396,197410,197408,197398,197409,7641.88,,1631.99,,114.93,,23.08,
12/10/2022,ISTANBUL,197418,197419,197415,197417,197420,197421,53540.03,,2474.59,,294.38,,598.02,
13/10/2022,ANKARA,197447,197430,197449,197450,197442,197445,420.61,,153.99,,,,,
13/10/2022,ANKARA,197450,197442,197445,197446,197431,197444,14894.42,,2273.65,,1211.27,,481.96,
13/10/2022,IZMIR,197433,197452,197434,197454,197456,197451,5175.51,,1027.08,,,,,
13/10/2022,IZMIR,197454,197456,197451,197448,197455,197432,5699.38,,872.26,,357.15,,111.23,
14/10/2022,BURSA,197481,197466,197479,197482,197472,197478,2551.9,,735.87,,174.16,,11.83,
14/10/2022,BURSA,197472,197478,197467,197480,197483,197465,5304.56,,2247.37,,427.09,,107.11,
14/10/2022,ISTANBUL,197475,197476,197469,197468,197477,197471,797.89,,185.38,,,,,
14/10/2022,ISTANBUL,197468,197477,197471,197473,197474,197470,657.57,,214.08,,25.06,,27.91,
15/10/2022,ANKARA,197497,197484,197494,197485,197495,197490,589.74,,150.29,,18.27,,20.45,
15/10/2022,ANKARA,197495,197490,197493,197496,197492,197491,735.65,,114.38,,38.31,,15.26,
15/10/2022,IZMIR,197503,197488,197498,197487,197489,197499,2003.34,,384.45,,115.46,,65.92,
15/10/2022,IZMIR,197489,197499,197502,197501,197486,197500,4514.17,,349.58,,54.77,,10.95,
16/10/2022,ADANA,197535,197555,197552,197553,197554,197551,120.91,,49.69,,,,,
16/10/2022,ADANA,197553,197554,197551,197556,197534,197557,566.56,,187.67,,102.34,,51.52,
16/10/2022,ELAZIG,197540,197543,197537,197542,197538,197544,32.72,,10.17,,6.41,,3.02,
16/10/2022,ISTANBUL,197545,197548,197539,197541,197549,197547,559.51,,38.62,,,,,
16/10/2022,ISTANBUL,197541,197549,197547,197546,197536,197550,1633.86,,706.23,,159.96,,137.63,
17/10/2022,BURSA,197570,197582,197584,197580,197583,197571,3019.03,,996.03,,,,,
17/10/2022,BURSA,197580,197583,197571,197579,197581,197585,3896.81,,1139.23,,94.36,,35.24,
17/10/2022,KOCAELI,197573,197587,197586,197577,197578,197576,1126.13,,61.15,,,,,
17/10/2022,KOCAELI,197577,197578,197576,197574,197575,197572,3539.4,,381.04,,302.15,,85.33,
18/10/2022,ADANA,197590,197599,197604,197603,197591,197601,1453.85,,397.8,,,,,
18/10/2022,ADANA,197603,197591,197601,197600,197597,197602,18230.16,,1003.68,,402.6,,164.27,
18/10/2022,DIYARBAKIR,197592,197596,197598,197595,197594,197588,715.63,,90.72,,40.77,,5.04,
19/10/2022,ELAZIG,197615,197614,197612,197613,197606,197610,2033.45,,467.64,,140.11,,34.17,
19/10/2022,ISTANBUL,197609,197620,197621,197608,197619,197618,830.52,,227.12,,71.59,,,
19/10/2022,ISTANBUL,197619,197618,197617,197622,197607,197616,26875.68,,9260.34,,1530.64,,600.68,
20/10/2022,ANKARA,197623,197636,197628,197624,197630,197634,20077.89,,457.24,,75.5,,22.62,
20/10/2022,ANKARA,197630,197634,197635,197629,197632,197631,2353.18,,388.22,,64.6,,62.56,
20/10/2022,IZMIR,197627,197641,197638,197625,197639,197637,92.52,,38.85,,22.39,,12.46,
20/10/2022,IZMIR,197639,197637,197633,197640,197626,197642,1844.87,,1030.26,,380.93,,126.5,
21/10/2022,BURSA,197651,197661,197650,197659,197665,197664,167594.13,,11941.46,,4308.59,,864.11,
21/10/2022,BURSA,197665,197664,197662,197663,197666,197660,18824.38,,201.37,,54.75,,9.57,
21/10/2022,ISTANBUL,197656,197648,197654,197655,197649,197652,1947.5,,452.71,,,,,
21/10/2022,ISTANBUL,197655,197649,197652,197657,197653,197658,93.17,,46.51,,18.06,,30.57,
22/10/2022,ANKARA,197682,197668,197683,197684,197679,197674,201.72,,59.32,,,,,
22/10/2022,ANKARA,197684,197679,197674,197678,197681,197667,5134.06,,707.07,,159.85,,116.67,
22/10/2022,IZMIR,197670,197680,197671,197673,197677,197675,74527.93,,1551.63,,550.52,,333.83,
22/10/2022,IZMIR,197677,197675,197685,197672,197669,197676,67325.64,,4231.62,,1004.93,,25.63,
23/10/2022,ADANA,197715,197688,197712,197690,197713,197716,132.94,,49.39,,19.26,,16.27,
23/10/2022,ADANA,197713,197716,197714,197709,197689,197710,15077.25,,1644.72,,331.87,,253.47,
23/10/2022,ELAZIG,197698,197697,197693,197695,197694,197696,28341.55,,1424.86,,251.23,,117.58,
23/10/2022,ISTANBUL,197705,197703,197707,197702,197687,197699,11749.51,,820.95,,,,,
23/10/2022,ISTANBUL,197702,197687,197699,197701,197706,197686,18215.64,,2247.1,,508.47,,143.48,
24/10/2022,BURSA,197752,197737,197748,197749,197755,197750,9145.05,,1299.84,,,,,
24/10/2022,BURSA,197749,197755,197750,197754,197738,197753,154995.4,,35340.16,,8727.62,,758.04,
24/10/2022,KOCAELI,197746,197747,197741,197739,197745,197744,2067.44,,473.41,,,,,
24/10/2022,KOCAELI,197739,197745,197744,197743,197740,197742,974.94,,417.86,,96.98,,70.08,
25/10/2022,ADANA,197760,197773,197759,197770,197774,197775,99.84,,54.48,,29.6,,19.12,
25/10/2022,ADANA,197774,197775,197769,197768,197771,197761,3457.27,,505.01,,150.6,,49.66,
25/10/2022,DIYARBAKIR,197767,197757,197762,197765,197763,197756,,811270.45,58741.35,,,,,
25/10/2022,DIYARBAKIR,197765,197763,197756,197764,197758,197766,365248.46,,33257.28,,2190.46,,281.38,
26/10/2022,ELAZIG,197789,197792,197791,197793,197787,197788,2627.39,,563.45,,68.94,,28.61,
26/10/2022,ISTANBUL,197777,197799,197796,197800,197801,197794,256.18,,73.78,,42.87,,8.15,
26/10/2022,ISTANBUL,197801,197794,197795,197797,197776,197798,188.56,,30.01,,14.87,,3.11,
27/10/2022,ANKARA,197821,197834,197838,197831,197836,197833,8498.6,,1028.97,,,,,
27/10/2022,ANKARA,197831,197836,197833,197837,197832,197820,220.77,,50.71,,16.19,,13.42,
27/10/2022,IZMIR,197822,197845,197844,197824,197847,197826,4734.87,,172.58,,51.92,,75.42,
27/10/2022,IZMIR,197847,197826,197839,197825,197843,197823,74691.55,,9425.37,,1172.93,,149.88,
28/10/2022,BURSA,197870,197876,197871,197878,197862,197869,1051.32,,158.44,,,,,
28/10/2022,BURSA,197878,197862,197869,197867,197863,197874,275.56,,46.2,,11.14,,6.51,
28/10/2022,ISTANBUL,197866,197877,197868,197865,197872,197875,203.37,,65.63,,11.79,,13.23,
28/10/2022,ISTANBUL,197872,197875,197873,197879,197864,197880,2019.25,,741.22,,112.42,,28.7,
29/10/2022,ANKARA,197884,197894,197882,197903,197898,197896,456.35,,89.13,,,,,
29/10/2022,ANKARA,197903,197898,197896,197902,197899,197883,2614.68,,432.75,,140.74,,66.76,
29/10/2022,IZMIR,197886,197897,197888,197887,197909,197892,2010.82,,222.54,,85.53,,38.39,
29/10/2022,IZMIR,197909,197892,197904,197900,197885,197905,1714.94,,154.21,,27.63,,24.08,
30/10/2022,ADANA,197961,197946,197962,197955,197964,197947,153.64,,56.5,,11.35,,9.1,
30/10/2022,ADANA,197964,197947,197960,197958,197948,197956,73.62,,27.74,,16.22,,9.95,
30/10/2022,ELAZIG,197950,197949,197952,197953,197951,197954,940.51,,164.52,,61.52,,26.96,
30/10/2022,ISTANBUL,197963,197944,197957,197968,197966,197967,1451.5,,262.38,,,,,
30/10/2022,ISTANBUL,197968,197966,197967,197965,197945,197959,231.23,,32.77,,9.48,,2.81,
31/10/2022,BURSA,197970,197983,197984,197982,197985,197980,12244.44,,4793.62,,,,,
31/10/2022,BURSA,197982,197985,197980,197981,197969,197979,1081.13,,97.05,,32.63,,10.85,
31/10/2022,KOCAELI,197973,197975,197978,197976,197972,197971,137102.55,,10022.69,,1855.57,,86.2,
01/11/2022,ADANA,197999,197988,198003,197996,198000,197986,63250.05,,32894.74,,3748.65,,955.43,
01/11/2022,ADANA,198000,197986,197997,198004,198001,197987,3729.31,,567.72,,44.93,,55.21,
01/11/2022,DIYARBAKIR,197989,197992,197994,197990,198002,197993,26662.57,,3029.6,,,,,
01/11/2022,DIYARBAKIR,197990,198002,197993,197998,197995,197991,27895.07,,673.36,,160.53,,22.52,
02/11/2022,ELAZIG,198014,198011,198010,198013,198006,198009,13622.05,,1304.19,,1099.62,,122.62,
02/11/2022,ISTANBUL,198008,198020,198015,198021,198017,198018,349.17,,94.8,,,,,
02/11/2022,ISTANBUL,198021,198017,198018,198019,198007,198016,95.86,,38.22,,17.71,,5.28,
03/11/2022,ANKARA,198053,198045,198054,198051,198050,198052,1638.01,,365.94,,,,,
03/11/2022,ANKARA,198051,198050,198052,198055,198044,198049,1566.67,,295.63,,67.62,,35.52,
03/11/2022,IZMIR,198062,198048,198056,198047,198059,198058,7564.44,,940.96,,150.64,,22.76,
03/11/2022,IZMIR,198059,198058,198060,198061,198046,198057,8616.42,,1561.08,,216.84,,56.94,
04/11/2022,BURSA,198087,198095,198085,198089,198080,198092,607.77,,321.95,,,,,
04/11/2022,BURSA,198089,198080,198092,198091,198081,198098,6000.96,,1320.69,,56.9,,17.78,
04/11/2022,ISTANBUL,198082,198088,198084,198086,198090,198096,12682.56,,1987.59,,533.51,,56.28,
04/11/2022,ISTANBUL,198090,198096,198094,198097,198083,198093,2444.74,,376.17,,171.72,,82.75,
05/11/2022,ANKARA,198107,198118,198108,198115,198117,198116,103.47,,63.76,,,,,
05/11/2022,ANKARA,198115,198117,198116,198113,198120,198121,92.2,,18.23,,12.31,,3.23,
05/11/2022,IZMIR,198110,198125,198124,198111,198119,198122,808.45,,172.7,,70.56,,36.78,
05/11/2022,IZMIR,198119,198122,198112,198114,198109,198123,4120.36,,437.22,,110.15,,31.88,
06/11/2022,ADANA,198161,198160,198164,198163,198145,198165,8352.19,,317.94,,,,,
06/11/2022,ADANA,198163,198145,198165,198162,198146,198166,1499.62,,220.3,,128.55,,18.37,
06/11/2022,ELAZIG,198148,198152,198153,198149,198147,198150,1614.46,,73.46,,30.57,,15.29,
06/11/2022,ISTANBUL,198157,198159,198156,198158,198143,198154,14471.45,,3966.1,,,,,
06/11/2022,ISTANBUL,198158,198143,198154,198151,198144,198155,14216.88,,2601.66,,185.45,,69.14,
07/11/2022,BURSA,198194,198192,198178,198188,198193,198191,62.99,,47.8,,,,,
07/11/2022,BURSA,198188,198193,198191,198189,198177,198190,3096.15,,479.13,,98.6,,42.96,
07/11/2022,KOCAELI,198183,198180,198182,198179,198184,198186,656.38,,168.15,,,,,
07/11/2022,KOCAELI,198179,198184,198186,198181,198185,198187,4115.43,,1397.49,,360.99,,89.54,
08/11/2022,ADANA,198198,198210,198207,198197,198212,198208,4483.8,,1285.71,,344.75,,70.59,
08/11/2022,ADANA,198212,198208,198206,198211,198209,198199,2228.46,,174.49,,49.49,,33.53,
08/11/2022,DIYARBAKIR,198203,198204,198205,198201,198195,198202,10258.96,,1350.9,,385.76,,17.53,
09/11/2022,ELAZIG,198215,198218,198214,198219,198220,198217,1940.27,,1446.76,,425.86,,75.7,
09/11/2022,ISTANBUL,198222,198228,198224,198221,198227,198226,6399.64,,497.02,,82.3,,14.19,
10/11/2022,ANKARA,198242,198230,198244,198238,198243,198239,763.14,,369.82,,210.08,,34.68,
10/11/2022,ANKARA,198243,198239,198241,198240,198229,198237,721.11,,138.58,,22.03,,6.21,
10/11/2022,IZMIR,198236,198247,198250,198252,198248,198234,74.21,,55.53,,10.61,,9.39,
10/11/2022,IZMIR,198248,198234,198251,198245,198235,198249,27135.93,,1909.02,,1173.41,,411.67,
11/11/2022,BURSA,198284,198281,198283,198282,198269,198280,44609.52,,4468.41,,,,,
11/11/2022,BURSA,198282,198269,198280,198279,198285,198268,22942.19,,917.1,,542.49,,19.65,
11/11/2022,ISTANBUL,198278,198271,198274,198286,198270,198275,28.57,,12.77,,6.55,,5.35,
11/11/2022,ISTANBUL,198270,198275,198277,198273,198276,198272,1610.07,,724.75,,170.58,,48.98,
12/11/2022,ANKARA,198293,198288,198296,198297,198292,198294,189.18,,40.45,,,,,
12/11/2022,ANKARA,198297,198292,198294,198298,198287,198295,1091.5,,239.42,,56.94,,23.15,
12/11/2022,IZMIR,198291,198304,198299,198290,198303,198305,64707.72,,7924.65,,823.25,,145.68,
12/11/2022,IZMIR,198303,198305,198289,198301,198302,198300,1792.26,,320.5,,73.46,,29.5,
13/11/2022,ADANA,198315,198338,198333,198314,198337,198335,296.46,,127.36,,33.21,,36.26,
13/11/2022,ADANA,198337,198335,198332,198334,198316,198336,229.48,,37.19,,5.29,,2.43,
13/11/2022,ELAZIG,198317,198320,198322,198318,198321,198323,4738.57,,404.69,,185.32,,123.16,
13/11/2022,ISTANBUL,198329,198330,198328,198325,198324,198327,654.45,,109.04,,64.79,,14.89,
14/11/2022,BURSA,198339,198347,198344,198346,198355,198345,6184.17,,2862.42,,,,,
14/11/2022,BURSA,198346,198355,198345,198349,198340,198353,121618.45,,9860.49,,950.43,,308.15,
14/11/2022,SANLIURFA,198354,198341,198348,198342,198352,198351,26681.41,,4483.54,,,,,
14/11/2022,SANLIURFA,198342,198352,198351,198356,198343,198350,10840.54,,583.74,,65.6,,31.16,
15/11/2022,ADANA,198361,198364,198362,198365,198363,198368,1677.67,,294.38,,155.44,,39.58,
15/11/2022,DIYARBAKIR,198360,198370,198367,198366,198371,198359,3721.16,,1228.39,,,,,
15/11/2022,DIYARBAKIR,198366,198371,198359,198369,198358,198372,6801.73,,612.3,,138.42,,54.88,
16/11/2022,ANTALYA,198373,198387,198383,198386,198374,198378,509.75,,161.06,,90.56,,28.57,
16/11/2022,ISTANBUL,198385,198375,198384,198380,198381,198376,3480.33,,415.72,,154.9,,37.48,
17/11/2022,IZMIR,198395,198401,198392,198402,198390,198397,2597.22,,729.25,,370.47,,117.32,
17/11/2022,SANLIURFA,198394,198396,198393,198399,198389,198400,15033.11,,1055.51,,358.53,,40.33,
18/11/2022,ANTALYA,198430,198427,198428,198426,198416,198429,82.48,,23.33,,5.86,,2.41,
18/11/2022,IZMIR,198421,198432,198434,198433,198422,198435,458.52,,82.8,,39.83,,62.07,
19/11/2022,ADANA,198450,198449,198443,198445,198439,198444,440.36,,62.58,,,,,
19/11/2022,ADANA,198445,198439,198444,198447,198452,198438,2082.14,,427.52,,187.12,,38.09,
19/11/2022,ISTANBUL,198441,198446,198448,198451,198437,198442,43170.61,,3550.3,,181.93,,42.63,
20/11/2022,ADANA,198465,198463,198458,198462,198453,198459,656.87,,69.78,,34.43,,9.76,
20/11/2022,IZMIR,198456,198461,198469,198460,198464,198467,236.17,,42.38,,,,,
20/11/2022,IZMIR,198460,198464,198467,198455,198468,198466,1758.4,,759.19,,194.75,,69.45,
21/11/2022,BURSA,198481,198488,198492,198490,198493,198483,1162.21,,873.27,,,,,
21/11/2022,BURSA,198490,198493,198483,198480,198491,198485,22885.18,,440.86,,218.76,,50.48,
21/11/2022,SANLIURFA,198494,198478,198489,198484,198482,198486,441.74,,85.41,,34.54,,5.81,
22/11/2022,ADANA,198501,198495,198505,198506,198508,198503,661.71,,27.96,,6.24,,2.32,
22/11/2022,DIYARBAKIR,198499,198500,198507,198502,198498,198504,21979.51,,3973.35,,370.42,,74.91,
23/11/2022,ANTALYA,198526,198520,198512,198518,198519,198513,437.94,,166.21,,9.05,,7.5,
23/11/2022,ISTANBUL,198523,198516,198528,198525,198517,198527,68005.13,,11315.77,,5555.74,,202.56,
24/11/2022,IZMIR,198549,198535,198545,198551,198542,198534,311.35,,97.1,,51.81,,19.09,
24/11/2022,SANLIURFA,198559,198536,198541,198558,198538,198544,9217.84,,1237.56,,,,,
24/11/2022,SANLIURFA,198558,198538,198544,198540,198548,198537,17871.05,,1359.79,,238.59,,83.37,
25/11/2022,ANTALYA,198592,198594,198593,198595,198584,198597,5491.92,,470.42,,520.39,,217.8,
25/11/2022,IZMIR,198591,198596,198589,198600,198587,198599,2072.95,,385.96,,177.29,,94.67,
26/11/2022,ADANA,198615,198625,198627,198628,198622,198626,1118.8,,190.91,,,,,
26/11/2022,ADANA,198628,198622,198626,198621,198614,198623,223.7,,19.51,,15.05,,8.47,
26/11/2022,ISTANBUL,198611,198616,198619,198613,198618,198617,70.45,,15.93,,,,,
26/11/2022,ISTANBUL,198613,198618,198617,198620,198612,198624,288.73,,127.53,,126.99,,14.5,
27/11/2022,ADANA,198633,198639,198637,198644,198640,198634,168.54,,36.19,,4.56,,3.78,
27/11/2022,IZMIR,198643,198636,198646,198641,198648,198645,402.46,,94.6,,,,,
27/11/2022,IZMIR,198641,198648,198645,198638,198635,198647,14364.34,,1763.83,,401.19,,188.16,
28/11/2022,BURSA,198671,198658,198669,198672,198674,198675,536.36,,28.35,,,,,
28/11/2022,BURSA,198672,198674,198675,198673,198659,198670,92.49,,33.18,,19.32,,13.12,
28/11/2022,SANLIURFA,198665,198661,198666,198668,198662,198667,25655.6,,4781.34,,,,,
28/11/2022,SANLIURFA,198668,198662,198667,198663,198664,198660,911.25,,175.34,,81.74,,14.99,
29/11/2022,ADANA,198691,198694,198693,198695,198681,198692,1066.29,,220.98,,97.9,,14.0,
29/11/2022,DIYARBAKIR,198690,198689,198688,198686,198687,198684,2250.83,,432.07,,98.26,,43.36,
30/11/2022,ANTALYA,198710,198701,198708,198707,198706,198711,40365.67,,3704.25,,1216.83,,984.69,
30/11/2022,ISTANBUL,198696,198703,198699,198709,198697,198704,1729.86,,85.92,,,,,
30/11/2022,ISTANBUL,198709,198697,198704,198705,198698,198702,2882.08,,725.59,,319.82,,106.8,
02/12/2022,ANTALYA,198760,198762,198754,198758,198757,198764,10364.25,,2400.73,,263.35,,165.55,
02/12/2022,IZMIR,198759,198753,198756,198761,198752,198763,418.1,,101.06,,58.99,,14.61,
03/12/2022,ADANA,198789,198794,198791,198792,198793,198796,1358.95,,348.43,,169.83,,24.06,
03/12/2022,ISTANBUL,198785,198784,198786,198782,198787,198788,55117.66,,1360.84,,569.88,,93.66,
04/12/2022,ADANA,198818,198816,198812,198815,198820,198811,3250.47,,532.31,,36.15,,5.47,
04/12/2022,IZMIR,198821,198825,198814,198823,198822,198826,227.19,,61.86,,,,,
04/12/2022,IZMIR,198823,198822,198826,198819,198813,198824,191.82,,35.59,,5.88,,2.18,
05/12/2022,BURSA,198837,198847,198846,198838,198848,198851,525087.81,,3954.43,,4850.7,,117.79,
05/12/2022,BURSA,198848,198851,198849,198850,198836,198845,4568.53,,464.84,,100.88,,25.81,
05/12/2022,SANLIURFA,198843,198841,198844,198834,198839,198842,4920.28,,1055.2,,265.1,,65.24,
06/12/2022,ADANA,198858,198860,198853,198856,198857,198852,3487.14,,456.36,,90.74,,53.04,
06/12/2022,DIYARBAKIR,198866,198863,198865,198864,198855,198862,14162.65,,2896.05,,669.89,,149.25,
07/12/2022,ANTALYA,198889,198891,198890,198883,198878,198884,2979.34,,192.01,,92.32,,28.28,
07/12/2022,ISTANBUL,198875,198881,198882,198876,198885,198886,3630.82,,689.31,,,,,
07/12/2022,ISTANBUL,198876,198885,198886,198888,198877,198887,137732.49,,18820.2,,3329.9,,564.65,
08/12/2022,IZMIR,198902,198894,198896,198897,198900,198895,1163.05,,154.54,,25.29,,9.41,
08/12/2022,SANLIURFA,198899,198892,198901,198903,198893,198904,30240.21,,470.66,,244.82,,113.75,
09/12/2022,ANTALYA,198920,198919,198916,198911,198917,198913,2230.21,,320.63,,130.77,,9.83,
09/12/2022,IZMIR,198912,198915,198918,198921,198914,198922,16354.18,,1178.82,,343.03,,138.72,
10/12/2022,ADANA,198931,198938,198933,198924,198935,198929,671.11,,257.43,,,,,
10/12/2022,ADANA,198924,198935,198929,198937,198923,198936,2203.93,,655.93,,178.95,,68.6,
10/12/2022,ISTANBUL,198934,198928,198926,198927,198925,198930,10323.12,,1999.62,,514.14,,104.93,
11/12/2022,ADANA,198962,198969,198972,198963,198971,198976,12047.25,,4826.61,,1076.26,,7.82,
11/12/2022,IZMIR,198981,198960,198980,198970,198973,198978,116.2,,40.75,,,,,
11/12/2022,IZMIR,198970,198973,198978,198959,198967,198968,67.26,,19.03,,6.25,,5.37,
12/12/2022,BURSA,199013,199022,199026,199024,199023,199012,74518.36,,1266.15,,235.35,,34.3,
12/12/2022,BURSA,199023,199012,199027,199021,199011,199025,2191.47,,573.72,,57.68,,56.29,
12/12/2022,SANLIURFA,199015,199010,199019,199018,199009,199017,2122.4,,145.57,,54.45,,22.59,
13/12/2022,ADANA,199044,199046,199035,199047,199045,199048,2143.92,,214.2,,68.28,,34.61,
13/12/2022,DIYARBAKIR,199038,199039,199040,199043,199036,199041,30829.13,,1710.64,,527.46,,150.51,
14/12/2022,ANTALYA,199054,199055,199059,199053,199051,199058,23375.01,,939.0,,79.94,,21.85,
14/12/2022,ISTANBUL,199064,199050,199061,199063,199057,199049,1518.44,,269.73,,90.73,,113.29,
15/12/2022,IZMIR,199068,199074,199067,199070,199069,199072,1957.52,,620.83,,152.52,,15.13,
15/12/2022,SANLIURFA,199077,199073,199076,199075,199065,199071,36085.89,,6514.43,,545.73,,156.1,
16/12/2022,ANTALYA,199093,199098,199096,199099,199092,199101,30141.48,,1639.15,,453.14,,137.79,
16/12/2022,IZMIR,199094,199102,199104,199105,199100,199095,4498.87,,1085.26,,339.51,,151.28,
17/12/2022,ADANA,199116,199111,199112,199118,199121,199119,81.87,,25.67,,3.23,,4.06,
17/12/2022,ISTANBUL,199117,199107,199115,199110,199106,199109,14941.93,,1263.73,,107.14,,21.52,
18/12/2022,ADANA,199133,199122,199135,199137,199132,199123,106.59,,12.47,,7.16,,4.44,
18/12/2022,IZMIR,199129,199124,199130,199131,199127,199126,2243.38,,699.06,,,,,
18/12/2022,IZMIR,199131,199127,199126,199128,199125,199134,18105.67,,3730.06,,381.85,,189.91,
19/12/2022,BURSA,199142,199147,199152,199141,199154,199153,23808.92,,4478.75,,1022.28,,313.09,
19/12/2022,BURSA,199154,199153,199156,199155,199143,199149,18362.86,,1567.11,,98.9,,21.26,
19/12/2022,SANLIURFA,199138,199148,199150,199145,199139,199144,11297.29,,808.25,,,,,
19/12/2022,SANLIURFA,199145,199139,199144,199146,199140,199151,2479.65,,401.27,,179.78,,52.55,
20/12/2022,ADANA,199164,199168,199165,199169,199167,199166,421.17,,98.02,,24.77,,8.57,
20/12/2022,DIYARBAKIR,199162,199161,199159,199157,199163,199160,20098.35,,4228.43,,694.8,,99.9,
21/12/2022,ANTALYA,199181,199188,199189,199191,199180,199192,13969.29,,959.94,,325.37,,65.8,
21/12/2022,ISTANBUL,199187,199178,199185,199186,199184,199179,9282.11,,621.96,,193.09,,24.16,
22/12/2022,IZMIR,199197,199196,199204,199202,199195,199207,595.18,,121.24,,128.65,,19.58,
22/12/2022,SANLIURFA,199206,199194,199205,199198,199201,199193,16553.55,,2725.41,,536.19,,121.15,
23/12/2022,ANTALYA,199247,199245,199222,199242,199224,199246,381.18,,99.82,,52.58,,21.98,
23/12/2022,IZMIR,199238,199239,199243,199241,199237,199240,135.89,,76.64,,18.58,,6.38,
24/12/2022,ADANA,199259,199270,199268,199273,199269,199267,367.71,,57.63,,,,,
24/12/2022,ADANA,199273,199269,199267,199260,199272,199271,1282.02,,55.27,,57.13,,39.46,
24/12/2022,ISTANBUL,199256,199262,199266,199263,199257,199261,7459.19,,1565.87,,,,,
24/12/2022,ISTANBUL,199263,199257,199261,199265,199258,199264,12549.55,,2030.12,,486.4,,40.33,
25/12/2022,ADANA,199274,199289,199288,199287,199275,199292,4876.97,,2334.63,,1009.2,,208.53,
25/12/2022,IZMIR,199291,199290,199285,199294,199280,199283,492.84,,75.49,,,,,
25/12/2022,IZMIR,199294,199280,199283,199293,199295,199281,2753.08,,655.18,,264.32,,211.1,
26/12/2022,BURSA,199309,199323,199311,199319,199308,199313,2927.86,,1465.04,,531.07,,137.44,
26/12/2022,BURSA,199308,199313,199321,199315,199310,199322,110094.1,,9245.46,,1799.92,,201.95,
26/12/2022,SANLIURFA,199312,199316,199307,199314,199318,199306,200107.6,,15353.24,,854.11,,273.61,
27/12/2022,ADANA,199328,199330,199332,199331,199325,199329,265.09,,99.76,,71.42,,10.25,
27/12/2022,DIYARBAKIR,199334,199336,199338,199326,199333,199335,11594.82,,1320.02,,312.31,,106.01,
28/12/2022,ANTALYA,199342,199348,199353,199351,199344,199354,19962.25,,1474.89,,633.96,,136.27,
28/12/2022,ISTANBUL,199345,199349,199347,199346,199339,199352,5006.31,,1740.37,,252.19,,106.45,
29/12/2022,IZMIR,199367,199363,199359,199360,199368,199358,1646.4,,340.22,,50.2,,31.67,
29/12/2022,SANLIURFA,199362,199365,199369,199364,199356,199371,177470.01,,18505.81,,752.57,,89.95,
30/12/2022,ANTALYA,199383,199389,199391,199390,199375,199388,55253.09,,67503.33,,6159.28,,2644.25,
30/12/2022,IZMIR,199379,199387,199380,199381,199377,199386,670.4,,141.34,,,,,
30/12/2022,IZMIR,199381,199377,199386,199384,199378,199382,606.16,,316.92,,136.99,,13.4,
31/12/2022,ADANA,199402,199406,199407,199403,199395,199404,5765.99,,847.11,,,,,
31/12/2022,ADANA,199403,199395,199404,199408,199405,199394,47621.47,,6773.67,,979.18,,578.25,
31/12/2022,ISTANBUL,199397,199398,199393,199396,199399,199400,611.1,,259.54,,68.25,,51.46,
01/01/2023,ADANA,199410,199422,199424,199427,199423,199409,3823.47,,378.99,,187.93,,103.29,
01/01/2023,IZMIR,199412,199419,199425,199418,199429,199417,128.54,,61.5,,33.2,,19.35,
02/01/2023,BURSA,199433,199444,199439,199443,199445,199441,1118.4,,236.23,,,,,
02/01/2023,BURSA,199443,199445,199441,199442,199432,199446,16646.19,,2651.07,,589.92,,204.43,
02/01/2023,SANLIURFA,199437,199430,199434,199435,199438,199440,3282.8,,335.36,,104.66,,63.76,
03/01/2023,ADANA,199462,199463,199456,199459,199451,199457,28251.59,,3264.69,,627.45,,295.08,
03/01/2023,ANTALYA,199454,199448,199449,199460,199461,199450,368.79,,97.38,,,,,
03/01/2023,ANTALYA,199460,199461,199450,199452,199447,199458,475.83,,176.78,,58.9,,23.73,
04/01/2023,ISTANBUL,199476,199477,199479,199475,199474,199478,1354.63,,134.04,,43.71,,38.81,
04/01/2023,SANLIURFA,199466,199467,199465,199472,199470,199468,440278.99,,5160.79,,,,,
04/01/2023,SANLIURFA,199472,199470,199468,199471,199464,199469,68455.06,,9059.18,,618.63,,53.68,
05/01/2023,IZMIR,199487,199494,199488,199485,199482,199490,557.38,,196.29,,99.71,,8.64,
05/01/2023,KOCAELI,199481,199495,199493,199486,199489,199492,6553.55,,1074.68,,,,,
05/01/2023,KOCAELI,199486,199489,199492,199484,199491,199480,1545.54,,243.9,,153.37,,27.15,
06/01/2023,ANTALYA,199506,199499,199509,199503,199500,199508,71.77,,23.03,,6.96,,5.53,
06/01/2023,IZMIR,199507,199505,199504,199498,199501,199496,343.38,,25.26,,17.32,,10.03,
07/01/2023,ADANA,199525,199527,199523,199511,199521,199526,812.19,,112.96,,,,,
07/01/2023,ADANA,199511,199521,199526,199519,199524,199510,2933.58,,576.69,,174.6,,51.99,
07/01/2023,ISTANBUL,199514,199516,199522,199513,199517,199515,247.28,,37.65,,,,,
07/01/2023,ISTANBUL,199513,199517,199515,199520,199512,199518,4083.38,,1299.13,,537.73,,300.69,
08/01/2023,ADANA,199539,199529,199541,199538,199530,199542,1109.04,,163.5,,,,,
08/01/2023,ADANA,199538,199530,199542,199540,199536,199528,5351.79,,1476.75,,283.68,,112.34,
08/01/2023,IZMIR,199545,199532,199534,199543,199544,199535,10916.31,,1524.45,,,,,
08/01/2023,IZMIR,199543,199544,199535,199533,199537,199531,2695.92,,168.2,,41.31,,17.28,
09/01/2023,BURSA,199554,199547,199553,199556,199557,199552,426.14,,88.66,,,,,
09/01/2023,BURSA,199556,199557,199552,199551,199546,199555,287.64,,86.28,,13.17,,10.19,
09/01/2023,SANLIURFA,199563,199550,199558,199562,199548,199561,9732.12,,1925.5,,,,,
09/01/2023,SANLIURFA,199562,199548,199561,199560,199549,199559,113272.97,,6271.38,,3943.08,,748.8,
10/01/2023,ADANA,199577,199565,199576,199575,199574,199564,5122.98,,1397.49,,212.3,,84.89,
10/01/2023,ANTALYA,199566,199570,199568,199569,199571,199579,838.33,,182.77,,,,,
10/01/2023,ANTALYA,199569,199571,199579,199572,199567,199578,895.67,,131.29,,53.37,,21.06,
11/01/2023,ISTANBUL,199594,199591,199587,199589,199593,199592,3093.54,,199.26,,28.23,,35.28,
11/01/2023,SANLIURFA,199583,199580,199590,199584,199581,199586,233230.33,,8536.12,,1029.63,,217.8,
12/01/2023,IZMIR,199607,199604,199602,199599,199606,199609,7745.7,,306.19,,230.21,,62.91,
12/01/2023,KOCAELI,199598,199605,199597,199600,199595,199603,19304.13,,3981.04,,,,,
12/01/2023,KOCAELI,199600,199595,199603,199601,199596,199610,4555.53,,662.7,,147.28,,86.28,
13/01/2023,ANTALYA,199632,199626,199633,199631,199634,199636,1902.03,,370.62,,443.72,,61.42,
13/01/2023,IZMIR,199638,199628,199640,199635,199629,199637,2570.94,,385.11,,140.3,,35.5,
14/01/2023,ADANA,199669,199684,199677,199685,199682,199681,3256.83,,536.64,,,,,
14/01/2023,ADANA,199685,199682,199681,199670,199679,199683,1271.16,,70.27,,34.0,,24.95,
14/01/2023,ISTANBUL,199678,199675,199680,199673,199676,199674,1384.41,,320.4,,96.6,,43.98,
15/01/2023,ADANA,199751,199754,199750,199753,199748,199739,1106.73,,148.8,,44.05,,14.53,
15/01/2023,IZMIR,199749,199741,199743,199744,199752,199740,118.14,,29.28,,29.28,,31.32,
15/01/2023,IZMIR,199752,199740,199745,199747,199742,199746,8992.86,,691.89,,190.11,,18.54,
16/01/2023,BURSA,199758,199769,199760,199761,199759,199767,842.12,,81.05,,10.66,,11.27,
16/01/2023,BURSA,199759,199767,199764,199766,199757,199772,1194.2,,230.51,,104.38,,20.13,
16/01/2023,SANLIURFA,199756,199770,199771,199763,199762,199765,481092.1,,51477.23,,3139.78,,257.62,
17/01/2023,ADANA,199785,199783,199781,199778,199787,199780,5353.79,,1031.76,,57.87,,4.09,
17/01/2023,ANTALYA,199784,199782,199777,199776,199786,199779,2392.25,,442.22,,48.81,,28.48,
19/01/2023,IZMIR,199819,199817,199808,199820,199811,199812,176.15,,14.01,,2.8,,3.26,
19/01/2023,KOCAELI,199805,199814,199810,199816,199823,199822,1180.97,,498.41,,,,,
19/01/2023,KOCAELI,199816,199823,199822,199806,199815,199818,1694.11,,131.94,,49.21,,4.9,
20/01/2023,ANTALYA,199854,199851,199855,199853,199844,199857,129285.54,,12080.05,,1477.68,,1148.1,
20/01/2023,IZMIR,199852,199848,199846,199850,199849,199847,79.72,,35.42,,6.0,,2.76,
21/01/2023,ADANA,199859,199872,199870,199869,199873,199868,4619.62,,1026.02,,,,,
21/01/2023,ADANA,199869,199873,199868,199874,199858,199871,65362.17,,1089.18,,204.68,,145.77,
21/01/2023,ISTANBUL,199867,199864,199866,199862,199865,199861,2796.55,,357.93,,7.28,,2.54,
22/01/2023,ADANA,199884,199896,199893,199898,199883,199897,501.42,,93.54,,34.26,,60.93,
22/01/2023,IZMIR,199892,199888,199887,199890,199886,199894,4709.2,,1161.79,,,,,
22/01/2023,IZMIR,199890,199886,199894,199889,199899,199885,380.52,,80.21,,19.95,,16.29,
23/01/2023,BURSA,199920,199924,199922,199933,199921,199925,1451.09,,486.72,,,,,
23/01/2023,BURSA,199933,199921,199925,199923,199931,199927,50805.74,,1892.38,,347.03,,,
23/01/2023,SANLIURFA,199930,199929,199928,199918,199932,199934,510537.22,,11878.69,,3166.35,,527.82,
24/01/2023,ADANA,199954,199945,199955,199953,199956,199952,2526.33,,141.03,,49.57,,15.59,
24/01/2023,ANTALYA,199947,199951,199959,199957,199948,199958,34004.12,,5594.03,,1148.83,,336.12,
25/01/2023,ISTANBUL,199963,199970,199964,199969,199967,199966,650.43,,138.11,,,,,
25/01/2023,ISTANBUL,199969,199967,199966,199965,199972,199962,3890.54,,449.01,,84.05,,52.47,
25/01/2023,SANLIURFA,199961,199973,199976,199971,199968,199974,368260.63,,21941.69,,16742.65,,1248.52,
26/01/2023,IZMIR,199988,199979,199984,199990,199980,199992,1628.67,,424.42,,303.13,,158.46,
26/01/2023,KOCAELI,199989,199991,199983,199985,199978,199987,5617.82,,757.99,,,,,
26/01/2023,KOCAELI,199985,199978,199987,199981,199986,199977,1223.19,,239.75,,40.18,,11.16,
27/01/2023,IZMIR,200004,200000,200001,200002,200003,200007,7294.49,,956.94,,78.76,,53.57,
28/01/2023,ADANA,200055,200059,200057,200045,200058,200056,1084.54,,206.68,,,,,
28/01/2023,ADANA,200045,200058,200056,200051,200053,200044,329.92,,48.18,,12.23,,5.73,
28/01/2023,ISTANBUL,200052,200054,200047,200050,200046,200048,6155.98,,355.81,,52.68,,34.08,
29/01/2023,ADANA,200079,200070,200080,200084,200071,200082,2195.08,,137.87,,53.63,,37.95,
29/01/2023,IZMIR,200085,200077,200075,200078,200072,200076,531.21,,87.16,,,,,
29/01/2023,IZMIR,200078,200072,200076,200074,200073,200086,15597.57,,5061.0,,1089.22,,424.35,
30/01/2023,BURSA,200124,200138,200134,200125,200135,200136,11001.95,,691.27,,,,,
30/01/2023,BURSA,200125,200135,200136,200137,200127,200133,10526.6,,700.88,,140.25,,32.51,
30/01/2023,SANLIURFA,200128,200130,200126,200132,200123,200131,1254.3,,109.74,,62.36,,17.28,
31/01/2023,ADANA,200141,200152,200149,200151,200142,200150,562.17,,46.34,,15.26,,13.7,
31/01/2023,ANTALYA,200140,200153,200146,200145,200139,200147,5707.77,,266.12,,69.93,,53.97,
01/02/2023,ISTANBUL,200159,200166,200157,200156,200158,200160,1034.13,,180.26,,85.03,,26.61,
01/02/2023,SANLIURFA,200161,200170,200164,200167,200154,200169,32680.13,,1732.44,,450.5,,92.29,
02/02/2023,IZMIR,200176,200179,200183,200173,200174,200175,224.01,,40.23,,16.58,,7.56,
02/02/2023,KOCAELI,200177,200180,200172,200184,200182,200181,231.61,,22.88,,,,,
02/02/2023,KOCAELI,200184,200182,200181,200185,200171,200178,84.3,,13.64,,5.08,,4.9,
03/02/2023,ANTALYA,200194,200189,200192,200198,200195,200197,3126.42,,1331.1,,45.45,,8.14,
03/02/2023,IZMIR,200193,200186,200196,200190,200187,200188,6226.28,,669.9,,89.6,,9.94,
04/02/2023,ADANA,200216,200214,200215,200212,200200,200213,953.43,,221.4,,,,,
04/02/2023,ADANA,200212,200200,200213,200211,200210,200199,4030.29,,474.51,,122.53,,24.0,
04/02/2023,ISTANBUL,200203,200208,200204,200201,200206,200209,555.43,,59.97,,,,,
04/02/2023,ISTANBUL,200201,200206,200209,200207,200202,200205,2226.93,,251.52,,141.97,,51.21,
05/02/2023,ADANA,200233,200230,200231,200227,200219,200229,6087.87,,485.72,,141.83,,36.33,
05/02/2023,IZMIR,200224,200221,200223,200226,200232,200228,3044.13,,292.12,,,,,
05/02/2023,IZMIR,200226,200232,200228,200225,200222,200234,4287.32,,867.35,,303.57,,82.37,
18/02/2023,ADANA,200407,200412,200411,200408,200410,200405,3407.55,,1739.8,,447.65,,44.28,
18/02/2023,ISTANBUL,200418,200403,200406,200416,200417,200402,74.31,,15.45,,9.83,,3.44,
19/02/2023,ADANA,200438,200437,200427,200436,200439,200426,2004.88,,229.59,,110.55,,48.33,
19/02/2023,IZMIR,200432,200441,200428,200433,200429,200434,9911.9,,5062.3,,,,,
19/02/2023,IZMIR,200433,200429,200434,200430,200431,200440,1604.79,,167.28,,47.71,,36.13,
20/02/2023,BURSA,200469,200473,200484,200480,200470,200477,653.27,,248.65,,,,,
20/02/2023,BURSA,200480,200470,200477,200482,200471,200483,18742.41,,863.76,,658.02,,192.89,
20/02/2023,SANLIURFA,200479,200476,200474,200475,200481,200478,899549.11,,64593.94,,7301.82,,2425.07,
21/02/2023,ADANA,200490,200494,200498,200489,200493,200496,468.9,,84.83,,22.23,,12.91,
21/02/2023,ANTALYA,200485,200492,200487,200488,200497,200495,15845.61,,2064.58,,260.33,,37.28,
22/02/2023,ISTANBUL,200513,200509,200502,200514,200511,200512,2173.97,,162.13,,94.23,,57.51,
22/02/2023,SANLIURFA,200500,200508,200507,200504,200506,200505,8724.43,,1882.66,,456.98,,160.49,
23/02/2023,IZMIR,200522,200515,200526,200523,200516,200525,4688.27,,787.72,,312.85,,68.71,
23/02/2023,KOCAELI,200527,200530,200520,200528,200521,200529,7265.34,,297.37,,54.22,,23.4,
24/02/2023,ANTALYA,200568,200556,200565,200563,200555,200562,4725.51,,950.45,,,,,
24/02/2023,ANTALYA,200563,200555,200562,200564,200569,200566,21605.19,,1969.37,,200.71,,98.3,
24/02/2023,IZMIR,200561,200567,200570,200559,200560,200571,321.45,,115.08,,17.11,,16.08,
25/02/2023,ADANA,200608,200600,200614,200601,200613,200612,3418.65,,57.66,,72.1,,31.83,
25/02/2023,ADANA,200613,200612,200611,200610,200599,200609,11523.9,,1399.45,,507.1,,197.77,
25/02/2023,ISTANBUL,200603,200597,200602,200605,200598,200606,1426.63,,737.42,,,,,
25/02/2023,ISTANBUL,200605,200598,200606,200604,200607,200596,3539.92,,308.2,,114.95,,34.04,
26/02/2023,ADANA,200638,200639,200636,200642,200624,200641,19430.8,,1519.64,,329.61,,90.76,
26/02/2023,IZMIR,200628,200635,200637,200643,200648,200644,743.16,,284.86,,,,,
26/02/2023,IZMIR,200643,200648,200644,200645,200629,200640,808.61,,195.04,,15.05,,17.59,
27/02/2023,BURSA,200665,200668,200672,200664,200676,200680,1516.98,,562.1,,372.57,,65.9,
27/02/2023,BURSA,200676,200680,200679,200678,200663,200677,2340.05,,263.15,,96.48,,18.85,
27/02/2023,SANLIURFA,200669,200675,200673,200666,200671,200670,679503.04,,41072.64,,5567.72,,203.46,
28/02/2023,ADANA,200702,200691,200704,200700,200703,200701,1741.03,,320.34,,,,,
28/02/2023,ADANA,200700,200703,200701,200699,200690,200698,2100.7,,290.51,,58.63,,11.97,
28/02/2023,ANTALYA,200697,200694,200688,200695,200692,200696,890.87,,169.65,,45.92,,11.02,
01/03/2023,ISTANBUL,200718,200716,200713,200714,200708,200715,4484.79,,387.71,,71.56,,30.48,
01/03/2023,SANLIURFA,200705,200711,200709,200712,200710,200706,6954.95,,1002.22,,173.52,,43.22,
02/03/2023,IZMIR,200729,200736,200724,200727,200732,200731,31927.56,,2106.29,,439.91,,88.33,
02/03/2023,KOCAELI,200719,200728,200734,200735,200733,200726,538.75,,112.35,,,,,
02/03/2023,KOCAELI,200735,200733,200726,200730,200720,200739,1719.21,,300.91,,68.73,,30.28,
03/03/2023,ANTALYA,200742,200751,200752,200754,200753,200755,503.33,,119.81,,69.07,,24.43,
03/03/2023,IZMIR,200757,200758,200760,200761,200759,200750,553.77,,116.78,,94.45,,59.01,
04/03/2023,ADANA,200767,200785,200784,200783,200766,200780,1469.66,,260.77,,,,,
04/03/2023,ADANA,200783,200766,200780,200781,200782,200786,124599.6,,12169.57,,2994.03,,1083.75,
04/03/2023,DIYARBAKIR,200779,200777,200778,200774,200776,200775,1839.85,,342.33,,112.3,,12.33,
04/03/2023,ISTANBUL,200762,200772,200771,200768,200773,200770,59.47,,20.65,,5.07,,3.28,
05/03/2023,ADANA,200789,200799,200805,200802,200791,200801,25505.61,,6798.12,,255.77,,100.73,
05/03/2023,ADANA,200791,200801,200804,200800,200803,200790,2708.17,,136.86,,52.35,,36.72,
05/03/2023,IZMIR,200793,200787,200795,200798,200796,200792,188.05,,52.68,,,,,
05/03/2023,IZMIR,200798,200796,200792,200788,200797,200794,72.03,,17.54,,10.67,,16.17,
06/03/2023,BURSA,200806,200815,200812,200817,200816,200813,322.5,,82.49,,,,,
06/03/2023,BURSA,200817,200816,200813,200811,200807,200814,9456.84,,3968.39,,503.03,,308.4,
06/03/2023,SANLIURFA,200823,200810,200818,200808,200821,200820,15240.54,,1752.52,,,,,
06/03/2023,SANLIURFA,200808,200821,200820,200822,200809,200819,36630.74,,5022.32,,779.56,,39.8,
07/03/2023,ADANA,200835,200825,200833,200840,200837,200838,108.42,,26.92,,,,,
07/03/2023,ADANA,200840,200837,200838,200836,200839,200824,89.5,,22.36,,6.41,,7.15,
07/03/2023,ANTALYA,200831,200842,200828,200829,200830,200841,4020.15,,843.87,,80.12,,456.32,
08/03/2023,ISTANBUL,200847,200853,200851,200845,200846,200854,10384.25,,1514.75,,112.45,,112.45,
08/03/2023,SANLIURFA,200843,200852,200856,200850,200857,200855,2177.07,,661.69,,168.93,,53.73,
09/03/2023,IZMIR,200866,200862,200864,200868,200873,200875,484.54,,61.54,,48.78,,4.34,
09/03/2023,KOCAELI,200859,200863,200860,200869,200874,200867,9291.79,,807.48,,,,,
09/03/2023,KOCAELI,200869,200874,200867,200861,200858,200865,207277.0,,18254.85,,1080.0,,525.19,
10/03/2023,ANTALYA,200894,200888,200893,200878,200890,200887,375.93,,63.93,,,,,
10/03/2023,ANTALYA,200878,200890,200887,200891,200877,200892,2043.48,,400.07,,138.15,,151.76,
10/03/2023,IZMIR,200880,200883,200882,200881,200889,200884,306.99,,62.22,,,,,
10/03/2023,IZMIR,200881,200889,200884,200885,200879,200886,1514.25,,643.05,,144.05,,185.26,
11/03/2023,ADANA,200897,200918,200915,200913,200917,200914,190.28,,135.78,,,,,
11/03/2023,ADANA,200913,200917,200914,200912,200898,200916,1434.78,,267.58,,99.66,,34.65,
11/03/2023,DIYARBAKIR,200903,200909,200900,200905,200899,200908,2825.68,,492.34,,193.45,,66.53,
11/03/2023,ISTANBUL,200906,200896,200911,200907,200902,200895,176.31,,38.95,,37.71,,25.87,
12/03/2023,ADANA,200924,200930,200926,200925,200921,200929,522122.79,,37787.29,,3046.06,,243.29,
12/03/2023,IZMIR,200923,200933,200931,200932,200934,200919,90.63,,48.89,,,,,
12/03/2023,IZMIR,200932,200934,200919,200928,200922,200935,505.7,,206.58,,47.22,,17.68,
13/03/2023,BURSA,200962,200965,200958,200953,200964,200963,1404.51,,164.23,,76.68,,71.37,
13/03/2023,SANLIURFA,200961,200952,200955,200956,200954,200959,59888.71,,2578.67,,647.92,,137.07,
14/03/2023,ADANA,200971,200968,200975,200981,200977,200982,1219.62,,82.35,,48.12,,17.66,
14/03/2023,ANTALYA,200976,200970,200973,200974,200980,200967,3805.71,,479.18,,,,,
14/03/2023,ANTALYA,200974,200980,200967,200969,200978,200966,1239.45,,271.5,,35.98,,15.43,
15/03/2023,ISTANBUL,200986,200991,200985,200990,200987,200988,3874.68,,349.7,,55.05,,44.59,
16/03/2023,IZMIR,201016,201019,201017,201013,200998,201018,6111.76,,2692.74,,251.35,,103.41,
16/03/2023,KOCAELI,201008,201011,201006,201010,201015,201012,29507.96,,824.28,,62.77,,18.56,
17/03/2023,ANTALYA,201040,201039,201042,201037,201033,201043,1791.22,,539.0,,359.58,,232.58,
17/03/2023,IZMIR,201031,201041,201038,201046,201032,201044,786.75,,202.97,,43.41,,27.87,
18/03/2023,ADANA,201054,201075,201055,201072,201073,201069,8896.38,,2871.06,,,,,
18/03/2023,ADANA,201072,201073,201069,201071,201070,201074,9447.03,,1799.17,,119.35,,42.88,
18/03/2023,DIYARBAKIR,201065,201067,201064,201066,201063,201068,393.91,,104.58,,33.81,,28.1,
18/03/2023,ISTANBUL,201062,201058,201061,201060,201056,201057,580.26,,55.64,,18.02,,2.04,
19/03/2023,ADANA,201087,201079,201091,201086,201092,201078,3837.14,,758.46,,319.12,,205.67,
19/03/2023,IZMIR,201076,201083,201080,201081,201082,201085,51.13,,25.86,,,,,
19/03/2023,IZMIR,201081,201082,201085,201084,201077,201088,903.84,,244.2,,92.31,,110.31,
20/03/2023,BURSA,201108,201097,201107,201109,201110,201096,11869.06,,790.87,,629.78,,218.11,
20/03/2023,BURSA,201110,201096,201106,201101,201103,201095,32669.23,,2838.63,,198.38,,185.4,
20/03/2023,SANLIURFA,201100,201102,201098,201105,201094,201104,287919.12,,24382.11,,3374.62,,567.56,
21/03/2023,ADANA,201111,201124,201126,201123,201125,201127,635.88,,254.85,,,,,
21/03/2023,ADANA,201123,201125,201127,201112,201122,201128,3541.7,,972.0,,130.98,,73.37,
21/03/2023,ANTALYA,201117,201120,201118,201113,201121,201115,7988.61,,2531.71,,,,,
21/03/2023,ANTALYA,201113,201121,201115,201116,201114,201119,10121.13,,1691.55,,72.37,,20.67,
22/03/2023,ISTANBUL,201131,201141,201142,201137,201133,201144,469.75,,120.52,,,,,
22/03/2023,ISTANBUL,201137,201133,201144,201145,201140,201132,1476.31,,194.07,,57.31,,75.57,
22/03/2023,SANLIURFA,201135,201129,201134,201136,201138,201143,90145.08,,6430.0,,363.15,,63.56,
23/03/2023,IZMIR,201162,201166,201161,201158,201157,201164,3223.53,,497.22,,56.52,,41.73,
23/03/2023,KOCAELI,201150,201147,201154,201156,201152,201146,1178.27,,352.53,,,,,
23/03/2023,KOCAELI,201156,201152,201146,201151,201149,201163,5151.84,,633.74,,126.65,,46.48,
24/03/2023,ANTALYA,201200,201208,201188,201199,201206,201212,335.07,,51.71,,15.81,,10.77,
24/03/2023,IZMIR,201207,201211,201205,201203,201210,201209,1698.99,,379.37,,85.66,,59.6,
25/03/2023,ADANA,201247,201260,201266,201263,201269,201248,378.18,,125.62,,42.06,,23.04,
25/03/2023,ADANA,201269,201248,201267,201265,201249,201268,152.3,,43.58,,15.16,,10.48,
25/03/2023,DIYARBAKIR,201261,201259,201258,201264,201262,201257,4352.41,,401.56,,195.62,,45.74,
25/03/2023,ISTANBUL,201250,201244,201254,201246,201253,201252,605.58,,,,,,,
25/03/2023,ISTANBUL,201246,201253,201252,201255,201245,201256,1539.78,,591.35,,368.52,,126.87,
26/03/2023,ADANA,201306,201309,201302,201299,201298,201305,318.09,,107.91,,30.82,,11.27,
26/03/2023,IZMIR,201294,201297,201304,201295,201300,201307,2593.62,,189.07,,86.52,,60.75,
26/03/2023,IZMIR,201300,201307,201293,201296,201301,201310,58997.14,,5021.56,,1815.75,,487.62,
27/03/2023,BURSA,201343,201350,201348,201340,201336,201347,9659.0,,1094.58,,214.6,,83.11,
27/03/2023,SANLIURFA,201334,201345,201344,201338,201346,201349,4266.78,,983.94,,175.46,,47.63,
28/03/2023,ADANA,201364,201363,201357,201361,201360,201362,6832.33,,1956.32,,634.65,,395.07,
28/03/2023,ANTALYA,201356,201354,201352,201358,201353,201355,2410.01,,233.77,,24.35,,15.25,
29/03/2023,ISTANBUL,201375,201373,201370,201369,201366,201372,1378.34,,310.84,,66.02,,45.92,
29/03/2023,SANLIURFA,201380,201376,201377,201378,201368,201374,7229.56,,919.33,,124.21,,59.13,
30/03/2023,IZMIR,201382,201386,201391,201393,201398,201381,537.43,,140.75,,,,,
30/03/2023,IZMIR,201393,201398,201381,201389,201383,201396,8454.43,,1142.78,,279.87,,93.57,
30/03/2023,KOCAELI,201390,201399,201397,201388,201387,201400,101143.77,,16143.0,,3223.93,,212.24,
31/03/2023,ANTALYA,201435,201448,201442,201447,201434,201444,2588.78,,287.99,,,,,
31/03/2023,ANTALYA,201447,201434,201444,201445,201446,201443,184.13,,48.05,,48.42,,15.14,
31/03/2023,IZMIR,201441,201454,201449,201440,201451,201452,1495.96,,380.94,,,,,
31/03/2023,IZMIR,201440,201451,201452,201450,201439,201453,944.13,,166.98,,88.96,,53.37,
01/04/2023,ADANA,201491,201508,201504,201505,201510,201507,12608.39,,6639.44,,,,,
01/04/2023,ADANA,201505,201510,201507,201509,201490,201506,17222.39,,903.83,,68.72,,60.14,
01/04/2023,DIYARBAKIR,201500,201503,201498,201501,201499,201502,823.66,,137.58,,40.7,,17.7,
01/04/2023,ISTANBUL,201496,201493,201488,201492,201497,201494,460.35,,94.83,,92.23,,18.33,
02/04/2023,ADANA,201541,201540,201539,201544,201536,201545,4187.35,,670.88,,390.58,,198.83,
02/04/2023,IZMIR,201538,201547,201534,201533,201532,201546,4532.13,,395.04,,36.93,,10.84,
03/04/2023,BURSA,201549,201555,201548,201551,201557,201554,1096.78,,452.95,,,,,
03/04/2023,BURSA,201551,201557,201554,201550,201552,201562,2085.85,,239.22,,21.88,,21.03,
03/04/2023,SANLIURFA,201563,201559,201558,201560,201553,201556,16218.64,,988.88,,293.52,,55.1,
04/04/2023,ADANA,201579,201566,201575,201576,201567,201577,26009.28,,1537.66,,,,,
04/04/2023,ADANA,201576,201567,201577,201578,201581,201580,2435.52,,206.89,,51.38,,8.59,
04/04/2023,ANTALYA,201564,201572,201565,201573,201571,201570,528.65,,70.85,,,,,
04/04/2023,ANTALYA,201573,201571,201570,201568,201569,201574,1600.92,,713.44,,145.05,,66.39,
05/04/2023,ISTANBUL,201588,201591,201587,201585,201586,201589,1789.07,,328.59,,49.13,,22.14,
05/04/2023,SANLIURFA,201582,201593,201583,201592,201594,201595,635.93,,305.37,,,,,
05/04/2023,SANLIURFA,201592,201594,201595,201597,201584,201596,9256.3,,2703.72,,1059.93,,451.8,
06/04/2023,IZMIR,201615,201600,201616,201602,201613,201612,78.42,,38.82,,,,,
06/04/2023,IZMIR,201602,201613,201612,201606,201601,201614,187.19,,36.41,,16.13,,6.7,
06/04/2023,KOCAELI,201607,201608,201604,201605,201599,201609,1248.53,,143.52,,,,,
06/04/2023,KOCAELI,201605,201599,201609,201603,201610,201598,637.03,,126.09,,36.27,,18.96,
07/04/2023,ANTALYA,201655,201647,201650,201659,201652,201658,711.75,,148.96,,45.95,,,
07/04/2023,IZMIR,201651,201645,201654,201653,201648,201657,347.64,,107.28,,89.25,,66.06,
08/04/2023,ADANA,201678,201694,201696,201695,201677,201692,371.89,,73.0,,,,,
08/04/2023,ADANA,201695,201677,201692,201697,201698,201693,3062.78,,1178.55,,265.85,,220.88,
08/04/2023,DIYARBAKIR,201687,201683,201689,201686,201691,201688,8287.48,,769.91,,263.66,,49.18,
08/04/2023,ISTANBUL,201681,201675,201680,201682,201685,201676,1501.47,,601.53,,144.11,,84.66,
09/04/2023,ADANA,201725,201746,201748,201745,201726,201744,1912.09,,363.3,,22.25,,16.96,
09/04/2023,ADANA,201726,201744,201750,201747,201724,201749,1015.98,,113.73,,59.83,,8.79,
09/04/2023,IZMIR,201723,201738,201741,201742,201743,201730,538.77,,45.52,,,,,
09/04/2023,IZMIR,201742,201743,201730,201740,201722,201739,5975.99,,1024.85,,178.18,,127.35,
10/04/2023,BURSA,201762,201774,201773,201772,201761,201776,17600.06,,1854.72,,503.36,,587.65,
10/04/2023,BURSA,201761,201776,201775,201777,201760,201778,,3887661.97,1892566.99,,15919.43,,7277.26,
10/04/2023,SANLIURFA,201767,201765,201766,201769,201763,201771,4251.4,,811.56,,,,,
10/04/2023,SANLIURFA,201769,201763,201771,201770,201768,201764,27618.63,,2231.23,,611.92,,404.57,
11/04/2023,ADANA,201783,201795,201798,201784,201791,201792,32631.18,,2296.14,,783.35,,377.79,
11/04/2023,ADANA,201791,201792,201793,201782,201790,201796,32565.44,,1731.39,,774.55,,197.95,
11/04/2023,KOCAELI,201780,201786,201781,201789,201785,201779,2355.23,,63.3,,40.15,,32.01,
11/04/2023,KOCAELI,201785,201779,201787,201794,201797,201788,28186.96,,13056.27,,2041.71,,498.71,
12/04/2023,ELAZIG,201814,201813,201802,201811,201810,201803,2541.16,,602.47,,507.73,,175.18,
12/04/2023,ISTANBUL,201801,201808,201806,201815,201799,201807,925.42,,86.01,,67.22,,46.41,
12/04/2023,ISTANBUL,201799,201807,201804,201805,201800,201816,2833.44,,323.1,,140.25,,78.81,
13/04/2023,ANKARA,201818,201834,201822,201829,201817,201838,14201.06,,6801.44,,,,,
13/04/2023,ANKARA,201829,201817,201838,201825,201827,201836,30230.19,,1141.45,,172.9,,83.04,
13/04/2023,IZMIR,201826,201823,201830,201819,201828,201832,112.08,,60.01,,,,,
13/04/2023,IZMIR,201819,201828,201832,201824,201820,201835,662.37,,153.48,,45.45,,18.49,
14/04/2023,BURSA,201886,201885,201867,201881,201884,201882,668.92,,131.52,,,,,
14/04/2023,BURSA,201881,201884,201882,201880,201868,201883,1942.11,,324.2,,67.16,,28.41,
14/04/2023,ISTANBUL,201872,201878,201879,201876,201875,201877,76.47,,27.96,,,,,
14/04/2023,ISTANBUL,201876,201875,201877,201871,201874,201873,647.73,,159.14,,105.13,,60.07,
15/04/2023,ANKARA,201888,201919,201921,201917,201920,201901,5686.0,,1468.53,,557.03,,179.86,
15/04/2023,ANKARA,201920,201901,201922,201914,201910,201887,780.87,,219.28,,20.86,,6.23,
15/04/2023,DIYARBAKIR,201916,201911,201918,201906,201915,201904,853.35,,152.53,,50.0,,40.5,
15/04/2023,IZMIR,201893,201895,201925,201908,201924,201923,981.54,,319.69,,14.45,,10.62,
16/04/2023,ADANA,201942,201932,201945,201944,201943,201941,1277.05,,259.92,,,,,
16/04/2023,ADANA,201944,201943,201941,201947,201933,201946,4100.33,,631.54,,334.67,,87.3,
16/04/2023,ISTANBUL,201930,201935,201938,201937,201931,201939,51.31,,18.56,,9.2,,6.68,
16/04/2023,ISTANBUL,201931,201939,201934,201936,201929,201940,4576.7,,1320.53,,436.8,,41.55,
17/04/2023,BURSA,201951,201954,201957,201953,201950,201965,896.12,,203.13,,55.03,,66.28,
17/04/2023,BURSA,201950,201965,201964,201955,201952,201960,7992.01,,436.58,,147.88,,,
17/04/2023,SANLIURFA,201949,201961,201963,201958,201948,201956,524140.05,,73066.78,,7521.97,,764.59,
18/04/2023,ADANA,201978,201968,201982,201980,201979,201969,1006.41,,197.34,,42.57,,28.98,
18/04/2023,ADANA,201979,201969,201981,201983,201970,201989,1824.98,,609.68,,200.66,,57.48,
18/04/2023,KOCAELI,201966,201973,201974,201972,201971,201976,8044.63,,1045.84,,,,,
18/04/2023,KOCAELI,201972,201971,201976,201977,201967,201975,5957.7,,108.45,,120.33,,27.63,
19/04/2023,ELAZIG,201995,201996,201994,201993,201997,201998,3869.01,,919.45,,313.1,,143.1,
19/04/2023,ISTANBUL,202005,202003,201999,202000,201990,202001,303.04,,134.16,,,,,
19/04/2023,ISTANBUL,202000,201990,202001,202004,202002,201991,1486.74,,653.22,,100.65,,61.67,
20/04/2023,ANKARA,202017,202010,202015,202009,202012,202008,415.08,,94.44,,37.28,,22.18,
20/04/2023,IZMIR,202014,202021,202018,202020,202006,202019,57574.06,,5819.22,,1334.32,,252.13,
21/04/2023,ISTANBUL,202022,202030,202027,202023,202028,202029,27734.25,,3207.8,,180.96,,111.73,
21/04/2023,ISTANBUL,202028,202029,202031,202025,202026,202024,805.14,,146.63,,34.37,,6.57,
22/04/2023,ANKARA,202052,202050,202045,202055,202054,202044,838.98,,303.9,,,,,
22/04/2023,ANKARA,202055,202054,202044,202048,202053,202047,7872.9,,1239.83,,436.08,,47.63,
22/04/2023,DIYARBAKIR,202058,202060,202061,202057,202056,202059,1264.44,,188.56,,56.82,,21.89,
22/04/2023,IZMIR,202037,202075,202073,202038,202072,202070,96462.04,,11219.5,,1405.12,,678.53,
22/04/2023,IZMIR,202072,202070,202071,202069,202074,202039,6227.82,,767.58,,496.76,,165.06,
23/04/2023,ADANA,202036,202062,202065,202068,202035,202063,18532.92,,1514.53,,291.52,,109.41,
23/04/2023,ADANA,202035,202063,202066,202067,202064,202034,6868.05,,438.84,,88.51,,65.2,
23/04/2023,ISTANBUL,202033,202040,202032,202041,202051,202042,1866.14,,595.38,,,,,
23/04/2023,ISTANBUL,202041,202051,202042,202043,202049,202046,1310.15,,393.03,,123.03,,17.05,
24/04/2023,BURSA,202090,202083,202077,202087,202085,202091,1481.55,,108.41,,,,,
24/04/2023,BURSA,202087,202085,202091,202076,202086,202092,845.5,,42.32,,18.72,,8.46,
24/04/2023,SANLIURFA,202084,202079,202081,202088,202082,202078,3014.55,,659.53,,391.35,,170.57,
25/04/2023,ADANA,202109,202095,202105,202106,202107,202104,2126.95,,1442.07,,,,,
25/04/2023,ADANA,202106,202107,202104,202108,202110,202096,3297.24,,556.47,,92.83,,,
25/04/2023,KOCAELI,202102,202094,202103,202099,202100,202098,967.64,,197.47,,,,,
25/04/2023,KOCAELI,202099,202100,202098,202097,202093,202101,400.47,,63.5,,29.73,,11.09,
26/04/2023,ELAZIG,202114,202116,202115,202122,202113,202120,2761.01,,678.48,,105.95,,51.25,
26/04/2023,ISTANBUL,202126,202112,202123,202121,202125,202117,241.92,,132.5,,,,,
26/04/2023,ISTANBUL,202121,202125,202117,202127,202119,202111,1077.61,,112.83,,27.87,,3.71,
27/04/2023,ANKARA,202128,202140,202138,202137,202129,202142,148.83,,61.67,,71.46,,16.83,
27/04/2023,ANKARA,202129,202142,202139,202136,202141,202130,7799.51,,2622.89,,834.56,,204.0,
27/04/2023,IZMIR,202144,202132,202143,202135,202146,202131,2338.95,,659.49,,429.03,,237.69,
27/04/2023,IZMIR,202146,202131,202145,202134,202147,202133,644.11,,93.03,,48.91,,19.28,
28/04/2023,BURSA,202150,202160,202161,202164,202152,202163,1732.99,,145.01,,103.71,,20.97,
28/04/2023,BURSA,202152,202163,202165,202162,202151,202166,235.93,,49.53,,32.81,,31.41,
28/04/2023,ISTANBUL,202158,202148,202156,202159,202157,202154,2738.69,,1283.09,,,,,
28/04/2023,ISTANBUL,202159,202157,202154,202155,202149,202153,9691.64,,1585.44,,405.45,,254.76,
29/04/2023,ANKARA,202178,202176,202175,202177,202171,202173,54.01,,25.77,,,,,
29/04/2023,ANKARA,202177,202171,202173,202172,202174,202170,2073.3,,168.51,,57.65,,52.29,
29/04/2023,DIYARBAKIR,202180,202181,202182,202184,202183,202179,19639.69,,1583.88,,555.21,,258.81,
29/04/2023,IZMIR,202191,202169,202187,202190,202186,202188,4080.55,,712.41,,167.33,,195.59,
29/04/2023,IZMIR,202186,202188,202167,202189,202185,202168,3190.39,,543.42,,63.57,,13.83,
30/04/2023,ADANA,202197,202209,202203,202210,202211,202195,401.54,,172.9,,29.13,,14.71,
30/04/2023,ADANA,202211,202195,202204,202205,202196,202207,2593.08,,1212.6,,427.77,,92.36,
30/04/2023,ISTANBUL,202193,202206,202198,202194,202202,202201,205.04,,,,,,,
30/04/2023,ISTANBUL,202202,202201,202199,202200,202208,202192,15864.12,,1841.48,,444.16,,70.65,
01/05/2023,BURSA,202231,202238,202236,202242,202229,202240,636668.31,,6067.02,,1633.62,,80.88,
01/05/2023,BURSA,202229,202240,202243,202239,202230,202244,4453.24,,825.67,,201.51,,83.34,
01/05/2023,SANLIURFA,202241,202234,202237,202232,202246,202245,6935.64,,873.79,,,,,
01/05/2023,SANLIURFA,202232,202246,202245,202247,202233,202235,18255.36,,6097.39,,3599.18,,917.12,
02/05/2023,ANKARA,202263,202274,202279,202269,202280,202278,1008.08,,78.22,,,,,
02/05/2023,ANKARA,202269,202280,202278,202273,202264,202276,6374.79,,1078.51,,218.38,,135.13,
02/05/2023,KOCAELI,202265,202272,202268,202277,202267,202275,33537.63,,3261.26,,,,,
02/05/2023,KOCAELI,202277,202267,202275,202266,202271,202281,2684.82,,510.08,,20.85,,13.32,
03/05/2023,ELAZIG,202289,202288,202284,202286,202287,202291,10774.61,,958.0,,305.1,,7.15,
03/05/2023,ISTANBUL,202295,202292,202296,202282,202293,202298,21.09,,13.26,,,,,
03/05/2023,ISTANBUL,202282,202293,202298,202297,202283,202294,1106.78,,181.77,,77.9,,63.72,
04/05/2023,ANKARA,202300,202309,202311,202312,202305,202308,211.92,,170.61,,,,,
04/05/2023,ANKARA,202312,202305,202308,202307,202304,202299,2206.86,,210.27,,64.12,,47.63,
04/05/2023,IZMIR,202313,202302,202310,202306,202314,202316,2731.14,,264.23,,,,,
04/05/2023,IZMIR,202306,202314,202316,202303,202301,202315,2474.73,,365.89,,91.51,,12.91,
05/05/2023,BURSA,202337,202341,202334,202338,202340,202342,11534.97,,2719.85,,,,,
05/05/2023,BURSA,202338,202340,202342,202335,202336,202339,31687.08,,686.28,,217.92,,32.49,
05/05/2023,ISTANBUL,202327,202329,202331,202333,202325,202326,411.21,,18.93,,,,,
05/05/2023,ISTANBUL,202333,202325,202326,202328,202332,202330,3032.84,,574.05,,206.18,,136.39,
06/05/2023,ANKARA,202353,202343,202358,202348,202349,202352,3358.36,,176.19,,134.51,,39.84,
06/05/2023,ANKARA,202349,202352,202344,202354,202350,202356,80544.48,,7505.61,,1470.93,,781.94,
06/05/2023,DIYARBAKIR,202365,202367,202368,202366,202363,202364,2712.64,,278.12,,73.07,,62.12,
06/05/2023,IZMIR,202346,202357,202360,202361,202359,202355,719.74,,62.61,,,,,
06/05/2023,IZMIR,202361,202359,202355,202345,202351,202362,42903.0,,3948.98,,780.92,,734.89,
07/05/2023,ADANA,202383,202371,202380,202382,202384,202385,172.65,,125.61,,,,,
07/05/2023,ADANA,202382,202384,202385,202381,202372,202386,1326.27,,398.2,,152.6,,43.15,
07/05/2023,ISTANBUL,202379,202377,202378,202374,202369,202375,355.83,,63.81,,,,,
07/05/2023,ISTANBUL,202374,202369,202375,202373,202376,202370,2931.51,,552.55,,250.48,,246.53,
08/05/2023,BURSA,202391,202403,202401,202398,202389,202404,87.38,,41.87,,7.47,,7.26,
08/05/2023,BURSA,202389,202404,202402,202399,202390,202400,626.99,,158.35,,73.36,,16.33,
08/05/2023,SANLIURFA,202388,202395,202394,202397,202393,202392,8140.96,,2797.44,,1379.77,,450.9,
09/05/2023,ANKARA,202417,202416,202418,202421,202414,202419,470.97,,70.08,,,,,
09/05/2023,ANKARA,202421,202414,202419,202413,202415,202411,34978.53,,6278.11,,2267.05,,1191.96,
09/05/2023,KOCAELI,202409,202412,202410,202405,202406,202420,1420.43,,224.7,,77.46,,20.65,
10/05/2023,ELAZIG,202437,202438,202435,202423,202436,202433,1410.16,,228.39,,84.9,,15.16,
10/05/2023,ISTANBUL,202425,202429,202426,202428,202427,202431,252.69,,75.24,,,,,
10/05/2023,ISTANBUL,202428,202427,202431,202434,202424,202432,1738.94,,325.08,,78.13,,18.0,
11/05/2023,ANKARA,202449,202450,202444,202445,202440,202446,239.33,,18.27,,,,,
11/05/2023,ANKARA,202445,202440,202446,202447,202451,202439,262.08,,107.6,,34.65,,20.7,
11/05/2023,IZMIR,202448,202442,202452,202456,202453,202441,1498.27,,,,,,,
11/05/2023,IZMIR,202453,202441,202455,202454,202457,202443,9678.12,,633.73,,304.63,,71.95,
12/05/2023,BURSA,202472,202461,202476,202470,202474,202462,275.21,,67.34,,53.38,,50.58,
12/05/2023,BURSA,202474,202462,202478,202475,202463,202477,9600.87,,1603.45,,176.52,,24.95,
12/05/2023,ISTANBUL,202458,202471,202464,202460,202467,202473,1061.4,,100.24,,56.12,,25.44,
12/05/2023,ISTANBUL,202467,202473,202468,202466,202459,202469,509.34,,118.78,,30.47,,14.1,
13/05/2023,ANKARA,202480,202489,202486,202487,202484,202485,2385.23,,421.71,,,,,
13/05/2023,ANKARA,202487,202484,202485,202479,202488,202499,18935.31,,3714.39,,756.95,,192.84,
13/05/2023,DIYARBAKIR,202495,202493,202491,202492,202494,202490,25881.75,,2588.91,,603.58,,263.58,
13/05/2023,IZMIR,202500,202482,202502,202501,202497,202483,337.43,,33.9,,31.32,,11.56,
13/05/2023,IZMIR,202497,202483,202498,202496,202481,202503,313.34,,117.57,,20.31,,7.33,
15/05/2023,BURSA,202508,202514,202524,202522,202507,202513,4590.52,,102.83,,34.9,,17.51,
15/05/2023,BURSA,202507,202513,202512,202509,202531,202519,1088.79,,495.8,,219.74,,138.48,
15/05/2023,ISTANBUL,202510,202517,202511,202523,202528,202515,19486.6,,2222.32,,,,,
15/05/2023,ISTANBUL,202523,202528,202515,202520,202527,202516,23521.82,,4177.1,,1164.78,,41.4,
15/05/2023,SANLIURFA,202506,202529,202526,202504,202530,202525,1082.28,,903.07,,,,,
15/05/2023,SANLIURFA,202504,202530,202525,202518,202505,202521,143921.51,,34641.24,,4510.1,,971.58,
16/05/2023,ADANA,202538,202556,202537,202554,202558,202552,127.77,,12.52,,,,,
16/05/2023,ADANA,202554,202558,202552,202555,202553,202557,139.15,,39.12,,20.68,,32.66,
16/05/2023,ANKARA,202536,202543,202535,202544,202546,202540,147.22,,122.36,,49.38,,16.44,
16/05/2023,ANKARA,202546,202540,202534,202541,202547,202551,1556.8,,220.98,,58.76,,23.17,
16/05/2023,KOCAELI,202542,202545,202532,202548,202549,202550,15139.75,,5382.72,,,,,
16/05/2023,KOCAELI,202548,202549,202550,202539,202533,202559,21876.26,,4870.58,,381.46,,43.64,
17/05/2023,ELAZIG,202575,202568,202565,202572,202570,202566,277528.28,,18256.17,,1129.14,,81.83,
17/05/2023,ISTANBUL,202569,202562,202573,202577,202567,202574,6438.06,,1281.27,,,,,
17/05/2023,ISTANBUL,202577,202567,202574,202571,202563,202576,665705.52,,148701.93,,7516.3,,,
18/05/2023,ANKARA,202578,202586,202581,202580,202579,202583,488.8,,298.91,,95.88,,,
18/05/2023,IZMIR,202590,202593,202592,202587,202588,202591,55474.29,,10967.26,,921.8,,171.82,
19/05/2023,BURSA,202607,202604,202612,202600,202613,202611,8692.61,,1970.45,,,,,
19/05/2023,BURSA,202600,202613,202611,202609,202614,202599,1120.22,,306.36,,19.32,,15.04,
19/05/2023,ISTANBUL,202610,202606,202608,202602,202598,202603,723.22,,89.27,,,,,
19/05/2023,ISTANBUL,202602,202598,202603,202601,202605,202597,310.24,,134.66,,37.88,,19.89,
20/05/2023,ANKARA,202622,202615,202624,202620,202627,202621,954.44,,119.11,,51.48,,26.39,
20/05/2023,ANKARA,202627,202621,202626,202623,202616,202640,2028.05,,297.3,,140.4,,28.92,
20/05/2023,DIYARBAKIR,202630,202635,202629,202634,202628,202633,47347.88,,9720.96,,2860.58,,648.6,
20/05/2023,IZMIR,202618,202625,202632,202637,202619,202636,69.51,,58.27,,22.48,,12.51,
20/05/2023,IZMIR,202619,202636,202631,202639,202617,202638,957.73,,292.13,,183.22,,171.24,
21/05/2023,ADANA,202655,202657,202651,202652,202650,202654,484.47,,109.97,,17.16,,4.77,
21/05/2023,ISTANBUL,202647,202642,202645,202644,202646,202641,116.95,,92.62,,,,,
21/05/2023,ISTANBUL,202644,202646,202641,202649,202648,202643,2419.89,,791.51,,179.3,,101.72,
22/05/2023,BURSA,202665,202670,202660,202664,202676,202659,2807.52,,203.06,,30.24,,13.58,
22/05/2023,BURSA,202676,202659,202675,202674,202658,202666,1715.01,,192.36,,118.4,,,
22/05/2023,SANLIURFA,202668,202661,202667,202672,202663,202669,6146.16,,3393.46,,,,,
22/05/2023,SANLIURFA,202672,202663,202669,202673,202662,202671,98517.98,,16475.26,,539.3,,141.24,
23/05/2023,ANKARA,202686,202689,202680,202682,202693,202685,54591.75,,14863.17,,,,,
23/05/2023,ANKARA,202682,202693,202685,202692,202691,202694,23661.68,,1049.27,,79.72,,41.92,
23/05/2023,KOCAELI,202688,202681,202679,202695,202690,202684,2413.92,,771.21,,,,,
23/05/2023,KOCAELI,202695,202690,202684,202678,202683,202677,3745.89,,1751.83,,82.96,,37.79,
24/05/2023,ELAZIG,202704,202706,202702,202705,202700,202703,8591.76,,903.09,,495.8,,55.57,
24/05/2023,ISTANBUL,202696,202710,202707,202698,202713,202708,430.12,,241.21,,58.62,,51.15,
24/05/2023,ISTANBUL,202713,202708,202712,202709,202697,202711,8248.0,,1258.71,,265.84,,198.96,
25/05/2023,ANKARA,202723,202718,202720,202722,202717,202716,40987.76,,7552.75,,127.2,,61.71,
25/05/2023,IZMIR,202726,202729,202724,202728,202715,202727,1968.98,,291.11,,,,,
25/05/2023,IZMIR,202728,202715,202727,202725,202730,202714,1970.8,,207.67,,57.46,,31.03,
26/05/2023,BURSA,202732,202742,202747,202745,202749,202743,25909.88,,2589.11,,320.82,,156.74,
26/05/2023,BURSA,202749,202743,202746,202731,202748,202744,94871.07,,3161.05,,937.82,,61.1,
26/05/2023,ISTANBUL,202733,202740,202738,202741,202734,202736,68712.68,,7884.12,,,,,
26/05/2023,ISTANBUL,202741,202734,202736,202735,202737,202739,52997.13,,1047.62,,211.78,,91.48,
27/05/2023,ANKARA,202764,202765,202762,202751,202763,202766,3667.9,,469.88,,,,,
27/05/2023,ANKARA,202751,202763,202766,202767,202750,202768,13563.62,,5956.61,,2794.36,,109.75,
27/05/2023,DIYARBAKIR,202781,202778,202777,202780,202776,202774,10393.51,,879.94,,288.22,,106.01,
27/05/2023,IZMIR,202752,202772,202753,202769,202779,202775,4228.98,,3404.67,,,,,
27/05/2023,IZMIR,202769,202779,202775,202771,202770,202773,112962.88,,23157.96,,1778.32,,541.48,
29/05/2023,BURSA,202819,202830,202822,202820,202834,202827,31557.09,,3631.78,,,,,
29/05/2023,BURSA,202820,202834,202827,202818,202824,202823,903.04,,137.58,,36.04,,9.13,
29/05/2023,ISTANBUL,202828,202816,202837,202835,202832,202839,125999.64,,35272.6,,,,,
29/05/2023,ISTANBUL,202835,202832,202839,202821,202840,202817,20867.82,,3196.6,,371.18,,92.36,
29/05/2023,SANLIURFA,202826,202833,202831,202836,202815,202838,1698710.6,,54456.24,,11771.82,,319.63,
30/05/2023,ADANA,202846,202870,202866,202862,202868,202848,2144.87,,,,,,,
30/05/2023,ADANA,202868,202848,202864,202865,202847,202869,845.13,,386.56,,19.12,,6.82,
30/05/2023,ANKARA,202841,202852,202850,202858,202860,202859,36836.49,,19974.31,,,,,
30/05/2023,ANKARA,202858,202860,202859,202842,202849,202855,18872.2,,672.15,,248.04,,65.74,
30/05/2023,KOCAELI,202844,202857,202851,202861,202843,202854,11162.12,,2424.36,,2277.2,,385.12,
30/05/2023,KOCAELI,202843,202854,202853,202856,202845,202863,72097.63,,2500.43,,505.36,,265.16,
31/05/2023,ELAZIG,202889,202873,202896,202895,202874,202894,8259.05,,1721.9,,495.72,,69.94,
31/05/2023,ISTANBUL,202872,202888,202884,202886,202892,202890,597.36,,314.47,,,,,
31/05/2023,ISTANBUL,202886,202892,202890,202885,202871,202893,4836.57,,1910.61,,299.96,,187.94,
01/06/2023,ANKARA,202923,202904,202919,202928,202924,202920,50035.97,,10976.48,,,,,
01/06/2023,ANKARA,202928,202924,202920,202927,202903,202925,5584.04,,1268.93,,449.58,,174.33,
01/06/2023,IZMIR,202906,202931,202929,202905,202932,202914,100.02,,82.46,,15.06,,4.81,
01/06/2023,IZMIR,202932,202914,202907,202922,202926,202917,258.69,,124.37,,63.6,,21.71,
02/06/2023,BURSA,202977,202983,202979,202981,202959,202985,5931.7,,494.13,,,,,
02/06/2023,BURSA,202981,202959,202985,202984,202976,202958,623.42,,136.51,,106.46,,33.5,
02/06/2023,ISTANBUL,202960,202974,202982,202962,202973,202972,2554.1,,1510.48,,719.16,,123.01,
02/06/2023,ISTANBUL,202973,202972,202980,202975,202961,202978,2320.23,,575.21,,100.04,,9.91,
03/06/2023,ANKARA,203005,203006,203009,203008,202995,203002,406.01,,85.1,,,,,
03/06/2023,ANKARA,203008,202995,203002,203004,203010,202994,2448.75,,2276.9,,758.6,,237.44,
03/06/2023,DIYARBAKIR,203012,203014,203017,203018,203011,203016,2892.1,,589.62,,53.78,,22.62,
03/06/2023,IZMIR,202997,203015,203003,203022,203023,203007,453.0,,141.06,,,,,
03/06/2023,IZMIR,203022,203023,203007,202996,203020,203025,8215.23,,2906.81,,862.44,,488.21,
04/06/2023,ADANA,203045,203067,203044,203065,203069,203064,536.98,,211.55,,,,,
04/06/2023,ADANA,203065,203069,203064,203070,203063,203068,1868.3,,560.62,,184.48,,69.48,
04/06/2023,ISTANBUL,203061,203046,203066,203060,203047,203057,14646.41,,1430.35,,,,,
04/06/2023,ISTANBUL,203060,203047,203057,203062,203059,203054,14341.18,,7361.23,,584.16,,145.66,
05/06/2023,BURSA,203097,203109,203104,203113,203112,203100,5152.02,,727.08,,,,,
05/06/2023,BURSA,203113,203112,203100,203101,203096,203111,1349.26,,380.73,,79.2,,47.8,
05/06/2023,SANLIURFA,203107,203110,203106,203108,203098,203105,32922.04,,3823.29,,824.8,,209.78,
06/06/2023,ANKARA,203128,203126,203116,203120,203129,203119,105580.21,,5720.05,,,,,
06/06/2023,ANKARA,203120,203129,203119,203127,203124,203122,6632.45,,2338.5,,424.58,,67.01,
06/06/2023,KOCAELI,203115,203121,203130,203118,203125,203131,55538.41,,4864.46,,961.34,,240.33,
07/06/2023,ELAZIG,203150,203147,203146,203143,203132,203152,480.82,,113.33,,32.22,,14.69,
07/06/2023,ISTANBUL,203148,203153,203155,203157,203156,203149,3221.37,,1112.11,,,,,
07/06/2023,ISTANBUL,203157,203156,203149,203154,203158,203151,31405.97,,1539.91,,969.2,,265.98,
08/06/2023,ANKARA,203181,203188,203189,203186,203180,203191,3023.95,,1132.52,,,,,
08/06/2023,ANKARA,203186,203180,203191,203187,203190,203185,1732.98,,81.38,,69.44,,36.82,
08/06/2023,IZMIR,203182,203196,203197,203184,203193,203183,2523.73,,335.02,,344.92,,132.79,
08/06/2023,IZMIR,203193,203183,203195,203194,203192,203198,21589.81,,1243.98,,410.34,,222.85,
09/06/2023,BURSA,203213,203202,203214,203215,203212,203204,39457.78,,3149.51,,,,,
09/06/2023,BURSA,203215,203212,203204,203208,203206,203211,24697.81,,3386.2,,43.58,,30.38,
09/06/2023,ISTANBUL,203201,203207,203203,203199,203217,203205,21422.15,,466.01,,194.28,,112.87,
09/06/2023,ISTANBUL,203217,203205,203209,203210,203200,203216,900.12,,203.22,,23.32,,22.75,
10/06/2023,ANKARA,203223,203228,203227,203224,203222,203221,50081.23,,8804.73,,1230.12,,398.74,
10/06/2023,DIYARBAKIR,203234,203239,203235,203236,203238,203233,13846.12,,1739.9,,268.18,,72.57,
10/06/2023,IZMIR,203232,203218,203240,203225,203237,203219,4411.68,,1404.45,,180.34,,41.04,
10/06/2023,IZMIR,203237,203219,203230,203231,203220,203241,501.42,,143.72,,51.12,,11.7,
11/06/2023,ADANA,203252,203253,203257,203256,203251,203254,2852.67,,410.35,,,,,
11/06/2023,ADANA,203256,203251,203254,203255,203259,203258,2338.37,,189.16,,21.78,,19.46,
11/06/2023,ISTANBUL,203243,203249,203242,203245,203246,203248,1730.81,,751.97,,,,,
11/06/2023,ISTANBUL,203245,203246,203248,203244,203250,203247,14034.28,,2042.61,,272.12,,62.14,
12/06/2023,BURSA,203276,203261,203274,203271,203277,203260,26022.11,,8531.96,,1103.98,,430.85,
12/06/2023,BURSA,203277,203260,203278,203272,203275,203262,3495.11,,364.07,,18.82,,10.53,
12/06/2023,SANLIURFA,203266,203265,203269,203270,203263,203268,37048.9,,24412.09,,,,,
12/06/2023,SANLIURFA,203270,203263,203268,203267,203273,203264,87580.32,,8670.64,,2930.28,,251.55,
13/06/2023,ANKARA,203286,203283,203287,203285,203292,203284,3904.73,,1556.15,,198.74,,84.72,
13/06/2023,ANKARA,203292,203284,203293,203288,203290,203282,1617.35,,172.57,,45.28,,13.16,
13/06/2023,KOCAELI,203298,203280,203297,203295,203296,203281,22130.83,,3211.17,,40.36,,21.22,
13/06/2023,KOCAELI,203296,203281,203294,203291,203279,203289,100554.75,,27245.08,,4388.94,,199.74,
14/06/2023,ELAZIG,203310,203314,203299,203313,203309,203311,8025.23,,1720.11,,321.66,,119.08,
14/06/2023,ISTANBUL,203302,203308,203303,203307,203305,203304,3071.06,,904.67,,307.42,,109.81,
15/06/2023,ANKARA,203324,203325,203316,203322,203323,203327,67869.47,,18345.47,,840.48,,126.52,
15/06/2023,ANKARA,203323,203327,203328,203321,203317,203326,50345.16,,12753.63,,384.18,,88.59,
15/06/2023,IZMIR,203318,203332,203319,203330,203331,203334,1504.52,,183.01,,,,,
15/06/2023,IZMIR,203330,203331,203334,203329,203333,203320,10385.37,,1351.52,,299.08,,66.26,
16/06/2023,BURSA,203346,203352,203345,203347,203353,203348,1136.48,,578.11,,,,,
16/06/2023,BURSA,203347,203353,203348,203349,203350,203351,11442.32,,2084.66,,399.02,,114.85,
16/06/2023,ISTANBUL,203336,203340,203341,203337,203342,203339,1608.48,,1078.25,,,,,
16/06/2023,ISTANBUL,203337,203342,203339,203343,203338,203344,216984.63,,28505.31,,30035.38,,,
17/06/2023,ANKARA,203356,203376,203371,203361,203354,203372,38772.56,,2769.32,,1012.32,,299.55,
17/06/2023,ANKARA,203354,203372,203363,203362,203364,203355,8103.67,,302.55,,64.36,,30.38,
17/06/2023,DIYARBAKIR,203370,203368,203365,203366,203369,203367,19794.05,,1771.93,,275.48,,136.92,
17/06/2023,IZMIR,203360,203357,203377,203373,203374,203358,4859.86,,,,,,,
17/06/2023,IZMIR,203374,203358,203379,203378,203359,203375,1729.02,,868.53,,28.58,,24.53,
18/06/2023,ADANA,203383,203394,203393,203396,203399,203384,274.41,,42.08,,28.68,,14.0,
18/06/2023,ADANA,203399,203384,203397,203395,203385,203398,34333.84,,2246.77,,2235.3,,456.98,
18/06/2023,ISTANBUL,203387,203390,203386,203382,203392,203381,3358.27,,532.82,,190.4,,43.45,
18/06/2023,ISTANBUL,203392,203381,203391,203388,203389,203380,1097.44,,228.82,,44.34,,41.82,
19/06/2023,BURSA,203410,203416,203408,203411,203403,203413,2573.44,,1504.75,,,,,
19/06/2023,BURSA,203411,203403,203413,203414,203415,203402,2061.01,,912.63,,83.62,,51.57,
19/06/2023,SANLIURFA,203407,203400,203409,203406,203401,203412,53653.81,,9450.63,,511.2,,182.35,
20/06/2023,ANKARA,203418,203434,203428,203435,203419,203430,6823.65,,,,,,,
20/06/2023,ANKARA,203419,203430,203433,203431,203429,203417,40003.86,,31792.28,,804.84,,66.69,
20/06/2023,KOCAELI,203420,203425,203424,203427,203422,203436,20612.64,,2218.97,,374.26,,187.52,
20/06/2023,KOCAELI,203422,203436,203423,203426,203421,203432,17651.2,,4275.7,,230.18,,130.22,
21/06/2023,ELAZIG,203444,203443,203445,203437,203442,203446,6013.32,,513.21,,181.0,,108.45,
21/06/2023,ISTANBUL,203452,203450,203447,203448,203451,203439,6887.39,,1981.08,,150.84,,85.11,
22/06/2023,ANKARA,203470,203465,203471,203468,203466,203472,3314.83,,317.5,,139.54,,70.29,
22/06/2023,ANKARA,203466,203472,203469,203467,203464,203478,3598.56,,660.13,,145.0,,70.23,
22/06/2023,IZMIR,203476,203479,203463,203473,203480,203475,5270.54,,2176.92,,,,,
22/06/2023,IZMIR,203473,203480,203475,203474,203462,203477,11557.3,,2768.06,,266.78,,22.06,
23/06/2023,BURSA,203484,203496,203483,203487,203482,203488,1779.57,,711.53,,69.96,,24.66,
23/06/2023,BURSA,203482,203488,203495,203491,203493,203498,13306.34,,6174.53,,1848.12,,335.36,
23/06/2023,IZMIR,203486,203497,203485,203490,203500,203494,19652.46,,8432.93,,,,,
23/06/2023,IZMIR,203490,203500,203494,203492,203489,203499,12610.06,,2917.36,,420.2,,14.56,
24/06/2023,ANKARA,203513,203519,203503,203518,203509,203520,112721.8,,3447.55,,,,,
24/06/2023,ANKARA,203518,203509,203520,203514,203516,203505,39049.06,,10154.08,,2946.74,,232.05,
24/06/2023,DIYARBAKIR,203524,203521,203522,203515,203517,203523,24424.54,,10805.02,,4356.5,,920.85,
24/06/2023,ISTANBUL,203508,203501,203511,203512,203506,203504,442.32,,264.2,,,,,
24/06/2023,ISTANBUL,203512,203506,203504,203510,203507,203502,2550.18,,653.22,,80.94,,69.35,
25/06/2023,ADANA,203541,203539,203536,203537,203538,203540,191.41,,72.37,,18.46,,9.58,
25/06/2023,ISTANBUL,203525,203533,203526,203532,203528,203527,172008.12,,49543.7,,,,,
25/06/2023,ISTANBUL,203532,203528,203527,203531,203534,203530,24318.81,,5244.78,,599.6,,23.98,
26/06/2023,BURSA,203553,203552,203550,203554,203556,203555,2683.99,,347.43,,,,,
26/06/2023,BURSA,203554,203556,203555,203557,203551,203558,1378.26,,239.22,,192.54,,55.93,
26/06/2023,SANLIURFA,203547,203549,203545,203548,203542,203546,151482.13,,27056.71,,1731.04,,229.19,
27/06/2023,ANKARA,203564,203566,203568,203570,203572,203571,1724.07,,1150.72,,,,,
27/06/2023,ANKARA,203570,203572,203571,203573,203565,203575,108041.67,,19650.92,,5417.22,,910.03,
27/06/2023,KOCAELI,203569,203560,203559,203561,203562,203574,1006.77,,101.41,,59.3,,30.12,
28/06/2023,ISTANBUL,203577,203580,203585,203581,203579,203576,3858.37,,602.32,,95.56,,75.62,
28/06/2023,ISTANBUL,203579,203576,203584,203582,203578,203583,7903.62,,703.47,,113.36,,53.56,
29/06/2023,ANKARA,203588,203600,203587,203595,203596,203597,7160.28,,1121.31,,321.14,,42.05,
29/06/2023,ANKARA,203596,203597,203599,203598,203586,203601,1269.57,,183.9,,75.9,,31.13,
29/06/2023,IZMIR,203591,203610,203607,203603,203589,203616,1237.77,,380.58,,60.4,,56.87,
29/06/2023,IZMIR,203589,203616,203620,203604,203590,203602,5133.57,,1288.9,,237.12,,37.99,
30/06/2023,BURSA,203611,203592,203606,203617,203614,203593,3543.87,,229.62,,46.3,,60.45,
30/06/2023,BURSA,203614,203593,203618,203608,203605,203594,25174.34,,5328.53,,995.54,,232.47,
30/06/2023,ISTANBUL,203623,203619,203615,203622,203624,203621,32795.44,,5720.41,,1947.28,,91.35,
01/07/2023,ANKARA,203639,203628,203636,203640,203634,203637,2440.88,,441.0,,,,,
01/07/2023,ANKARA,203640,203634,203637,203633,203627,203635,8481.77,,1969.17,,460.74,,179.92,
01/07/2023,DIYARBAKIR,203645,203647,203650,203646,203644,203649,19794.91,,4265.89,,499.58,,98.11,
01/07/2023,IZMIR,203631,203643,203642,203638,203651,203641,1889.79,,460.9,,190.46,,42.83,
01/07/2023,IZMIR,203651,203641,203630,203648,203632,203629,313.5,,154.13,,23.84,,13.42,
02/07/2023,ADANA,203655,203670,203654,203664,203666,203668,702.33,,335.4,,40.5,,6.63,
02/07/2023,ADANA,203666,203668,203667,203669,203656,203665,187.6,,96.95,,32.28,,8.54,
02/07/2023,ISTANBUL,203653,203660,203658,203663,203661,203657,3793.78,,598.68,,,,,
02/07/2023,ISTANBUL,203663,203661,203657,203659,203662,203652,12223.27,,7843.97,,853.76,,679.6,
03/07/2023,BURSA,203684,203687,203681,203671,203683,203685,8704.03,,3796.47,,,,,
03/07/2023,BURSA,203671,203683,203685,203682,203672,203686,3416.09,,895.06,,201.62,,53.78,
03/07/2023,ELAZIG,203677,203673,203676,203680,203674,203679,19742.83,,6028.17,,3022.94,,843.08,
04/07/2023,ANKARA,203700,203704,203702,203703,203695,203698,13609.68,,2832.92,,328.88,,139.49,
04/07/2023,KOCAELI,203688,203691,203696,203694,203699,203705,3590.93,,1626.38,,1437.62,,413.85,
04/07/2023,KOCAELI,203699,203705,203690,203693,203692,203689,13174.22,,2100.01,,157.86,,16.34,
05/07/2023,ELAZIG,203710,203717,203716,203712,203707,203720,1965.68,,794.02,,168.2,,59.6,
05/07/2023,ISTANBUL,203721,203718,203708,203724,203709,203719,1320.14,,241.81,,,,,
05/07/2023,ISTANBUL,203724,203709,203719,203714,203713,203723,4267.88,,555.3,,338.08,,146.28,
06/07/2023,ANKARA,203735,203740,203727,203739,203733,203737,36669.41,,1790.6,,78.06,,16.02,
06/07/2023,KOCAELI,203726,203736,203729,203734,203730,203728,6917.68,,2014.35,,439.62,,294.02,
07/07/2023,BURSA,203759,203745,203754,203755,203744,203757,1345.79,,378.97,,,,,
07/07/2023,BURSA,203755,203744,203757,203753,203758,203756,6066.29,,1311.93,,485.1,,183.07,
07/07/2023,ISTANBUL,203741,203751,203749,203746,203742,203748,5580.63,,,,,,,
07/07/2023,ISTANBUL,203742,203748,203752,203750,203743,203747,1286.85,,414.8,,146.28,,58.24,
08/07/2023,ANKARA,203762,203769,203766,203767,203761,203770,543.78,,502.48,,173.06,,34.74,
08/07/2023,ANKARA,203761,203770,203771,203768,203772,203760,326.17,,63.7,,20.04,,,
08/07/2023,DIYARBAKIR,203782,203784,203783,203787,203786,203785,1073.08,,319.14,,133.24,,16.77,
08/07/2023,IZMIR,203763,203781,203779,203778,203764,203777,8768.9,,217.62,,,,,
08/07/2023,IZMIR,203778,203764,203777,203776,203765,203780,793.5,,210.9,,86.86,,27.0,
09/07/2023,ISTANBUL,203788,203799,203789,203798,203793,203795,396.83,,75.82,,,,,
09/07/2023,ISTANBUL,203798,203793,203795,203792,203796,203800,588.38,,127.06,,135.0,,73.51,
09/07/2023,IZMIR,203790,203804,203791,203802,203806,203805,622.88,,543.73,,,,,
09/07/2023,IZMIR,203802,203806,203805,203797,203803,203794,8173.68,,768.51,,211.34,,56.9,
10/07/2023,BURSA,203819,203811,203815,203810,203824,203818,40014.48,,3615.66,,,,,
10/07/2023,BURSA,203810,203824,203818,203813,203817,203816,18000.06,,3421.31,,267.7,,36.75,
10/07/2023,ELAZIG,203807,203812,203809,203814,203822,203821,1312.56,,399.03,,,,,
10/07/2023,ELAZIG,203814,203822,203821,203823,203808,203820,36618.45,,7805.32,,4022.72,,413.82,
11/07/2023,ANKARA,203838,203826,203836,203839,203837,203834,19804.83,,2697.87,,,,,
11/07/2023,ANKARA,203839,203837,203834,203835,203825,203840,20862.44,,3344.97,,138.14,,48.42,
11/07/2023,KOCAELI,203842,203829,203832,203830,203828,203841,34380.62,,2120.3,,419.46,,92.85,
11/07/2023,KOCAELI,203828,203841,203831,203833,203827,203843,9270.26,,2066.22,,418.54,,316.06,
12/07/2023,ELAZIG,203847,203851,203849,203846,203852,203850,201.36,,134.42,,,,,
12/07/2023,ELAZIG,203846,203852,203850,203853,203858,203848,804.4,,190.72,,73.9,,55.12,
12/07/2023,ISTANBUL,203844,203861,203854,203862,203859,203855,1090.15,,293.57,,,,,
12/07/2023,ISTANBUL,203862,203859,203855,203860,203845,203856,10241.94,,1120.68,,1111.9,,162.53,
13/07/2023,ANKARA,203864,203877,203873,203874,203875,203878,7588.26,,265.3,,,,,
13/07/2023,ANKARA,203874,203875,203878,203872,203876,203863,39455.11,,6365.75,,701.76,,588.08,
13/07/2023,KOCAELI,203871,203870,203865,203868,203867,203866,2738.0,,905.4,,431.56,,159.67,
14/07/2023,BURSA,203898,203882,203895,203885,203896,203883,1013.16,,370.97,,46.9,,50.14,
14/07/2023,BURSA,203896,203883,203897,203889,203887,203884,35892.24,,3062.01,,822.68,,300.33,
14/07/2023,ISTANBUL,203893,203879,203894,203881,203886,203892,76238.19,,10146.01,,228.72,,46.41,
14/07/2023,ISTANBUL,203886,203892,203891,203888,203880,203890,111838.31,,12161.96,,3870.8,,716.88,
15/07/2023,ANKARA,203905,203900,203908,203904,203899,203903,683.91,,144.83,,,,,
15/07/2023,ANKARA,203904,203899,203903,203906,203907,203909,29673.82,,3177.48,,2661.56,,947.18,
15/07/2023,DIYARBAKIR,203910,203913,203914,203912,203915,203911,14595.24,,2691.95,,551.1,,205.2,
15/07/2023,IZMIR,203916,203921,203902,203917,203918,203920,1590.21,,472.23,,,,,
15/07/2023,IZMIR,203917,203918,203920,203919,203901,203922,7902.34,,1232.55,,176.06,,68.54,
16/07/2023,ISTANBUL,203924,203932,203933,203934,203931,203930,12913.56,,2562.92,,,,,
16/07/2023,ISTANBUL,203934,203931,203930,203928,203929,203923,30099.91,,2963.52,,1076.62,,36.53,
16/07/2023,IZMIR,203926,203935,203925,203938,203940,203939,2857.74,,450.28,,,,,
16/07/2023,IZMIR,203938,203940,203939,203936,203937,203927,3347.35,,417.33,,13.42,,9.19,
17/07/2023,BURSA,203941,203951,203953,203942,203958,203954,253.01,,210.17,,103.64,,55.86,
17/07/2023,BURSA,203958,203954,203946,203957,203956,203955,187821.0,,24212.57,,2763.78,,547.95,
17/07/2023,ELAZIG,203944,203949,203952,203947,203948,203943,750.63,,280.23,,118.46,,44.0,
18/07/2023,ANKARA,203960,203965,203959,203977,203970,203974,203.59,,209.51,,,,,
18/07/2023,ANKARA,203977,203970,203974,203972,203971,203969,1504.45,,216.27,,70.38,,14.1,
18/07/2023,KOCAELI,203962,203975,203966,203967,203976,203961,11631.57,,4073.78,,165.2,,73.38,
18/07/2023,KOCAELI,203976,203961,203978,203968,203963,203964,54969.01,,15364.71,,3114.54,,118.91,
19/07/2023,ELAZIG,203988,203990,203979,203986,203981,203993,868.66,,200.95,,99.88,,39.35,
19/07/2023,ISTANBUL,203994,203995,203992,203987,203982,203985,635.0,,226.43,,,,,
19/07/2023,ISTANBUL,203987,203982,203985,203989,203997,203996,10719.64,,2045.66,,631.98,,677.0,
20/07/2023,ANKARA,204009,204005,204008,204017,204004,204012,828.55,,73.87,,,,,
20/07/2023,ANKARA,204017,204004,204012,204010,204014,204011,1986.69,,554.7,,277.78,,158.01,
20/07/2023,KOCAELI,204007,204018,204016,204003,204006,204002,690.0,,442.96,,106.36,,45.53,
21/07/2023,BURSA,204033,204020,204038,204032,204021,204034,1654.48,,1001.7,,60.92,,5.65,
21/07/2023,BURSA,204021,204034,204036,204035,204019,204037,195.48,,118.42,,33.68,,10.49,
21/07/2023,ISTANBUL,204028,204022,204029,204025,204026,204023,562.08,,71.35,,26.24,,27.56,
21/07/2023,ISTANBUL,204026,204023,204027,204030,204024,204031,20118.2,,2089.11,,622.8,,321.42,
22/07/2023,ANKARA,204045,204046,204042,204048,204044,204050,1470.69,,577.41,,,,,
22/07/2023,ANKARA,204048,204044,204050,204043,204047,204049,12184.74,,1023.65,,295.18,,53.3,
22/07/2023,DIYARBAKIR,204060,204059,204055,204054,204056,204057,3362.15,,294.8,,215.04,,93.4,
22/07/2023,IZMIR,204040,204058,204062,204051,204041,204052,85629.43,,6349.2,,1287.24,,527.37,
22/07/2023,IZMIR,204041,204052,204063,204053,204061,204039,13126.83,,2243.93,,1431.22,,165.19,
23/07/2023,ISTANBUL,204079,204067,204069,204072,204076,204073,298.11,,182.45,,,,,
23/07/2023,ISTANBUL,204072,204076,204073,204078,204074,204066,914.56,,262.23,,87.14,,52.65,
23/07/2023,IZMIR,204065,204070,204068,204075,204081,204071,168136.97,,29565.52,,,,,
23/07/2023,IZMIR,204075,204081,204071,204077,204064,204080,32052.26,,5651.77,,1209.5,,20.15,
24/07/2023,BURSA,204095,204097,204087,204099,204093,204096,359.99,,87.73,,,,,
24/07/2023,BURSA,204099,204093,204096,204098,204085,204094,1794.72,,713.87,,96.7,,43.68,
24/07/2023,ELAZIG,204090,204082,204088,204091,204083,204086,19615.03,,1020.09,,,,,
24/07/2023,ELAZIG,204091,204083,204086,204089,204092,204084,103286.18,,20647.89,,2533.54,,1304.25,
25/07/2023,ANKARA,204111,204101,204114,204116,204110,204109,101.95,,64.17,,20.4,,13.26,
25/07/2023,ANKARA,204110,204109,204112,204117,204100,204115,8010.54,,1786.51,,761.3,,154.24,
25/07/2023,KOCAELI,204102,204108,204105,204103,204106,204107,1244.46,,289.41,,,,,
25/07/2023,KOCAELI,204103,204106,204107,204113,204104,204118,2592.34,,1028.8,,80.32,,43.48,
26/07/2023,ELAZIG,204135,204134,204133,204119,204136,204126,2038.36,,360.73,,178.88,,106.43,
26/07/2023,ISTANBUL,204123,204122,204121,204132,204127,204124,131.95,,58.13,,,,,
26/07/2023,ISTANBUL,204132,204127,204124,204125,204130,204129,1366.69,,286.95,,105.24,,48.16,
27/07/2023,ANKARA,204150,204153,204151,204149,204152,204147,15700.0,,3449.33,,1017.86,,32.14,
27/07/2023,KOCAELI,204142,204144,204141,204157,204139,204143,95.01,,32.0,,,,,
27/07/2023,KOCAELI,204157,204139,204143,204146,204140,204138,1384.24,,266.55,,179.2,,46.8,
28/07/2023,BURSA,204161,204170,204175,204171,204162,204173,326.31,,229.73,,68.78,,37.27,
28/07/2023,BURSA,204162,204173,204172,204174,204160,204176,3188.06,,2009.91,,708.36,,65.29,
28/07/2023,ISTANBUL,204164,204159,204168,204165,204169,204167,714.96,,136.81,,,,,
28/07/2023,ISTANBUL,204165,204169,204167,204163,204158,204166,771.86,,172.98,,55.78,,31.78,
29/07/2023,ANKARA,204178,204187,204189,204183,204185,204179,202.67,,113.71,,59.66,,11.86,
29/07/2023,ANKARA,204185,204179,204186,204188,204177,204184,2130.65,,802.21,,236.82,,40.95,
29/07/2023,DIYARBAKIR,204194,204196,204198,204195,204193,204197,3069.63,,472.68,,125.6,,40.36,
29/07/2023,IZMIR,204181,204191,204192,204182,204199,204200,5970.54,,1999.86,,714.5,,480.18,
29/07/2023,IZMIR,204199,204200,204201,204190,204180,204202,10758.19,,985.87,,195.8,,36.53,
30/07/2023,ISTANBUL,204203,204213,204212,204205,204217,204209,6205.56,,2079.3,,556.34,,210.6,
30/07/2023,ISTANBUL,204217,204209,204216,204214,204210,204204,783.71,,159.73,,16.26,,5.91,
30/07/2023,IZMIR,204206,204208,204211,204218,204215,204219,17300.16,,8084.98,,,,,
30/07/2023,IZMIR,204218,204215,204219,204220,204207,204221,3223.6,,610.22,,183.08,,53.17,
31/07/2023,BURSA,204237,204228,204224,204235,204234,204238,113.85,,23.57,,,,,
31/07/2023,BURSA,204235,204234,204238,204236,204225,204233,1094.48,,439.56,,124.02,,87.29,
31/07/2023,ELAZIG,204229,204223,204232,204227,204231,204222,389.71,,159.03,,61.86,,32.82,
01/08/2023,ANKARA,204241,204250,204247,204243,204246,204242,1007.13,,254.51,,152.18,,53.43,
01/08/2023,KOCAELI,204240,204254,204248,204251,204253,204249,10086.08,,2895.42,,,,,
01/08/2023,KOCAELI,204251,204253,204249,204239,204252,204255,8694.62,,825.63,,313.56,,189.8,
02/08/2023,ELAZIG,204265,204277,204278,204266,204279,204281,39362.15,,10939.78,,,,,
02/08/2023,ELAZIG,204266,204279,204281,204282,204267,204280,233423.49,,21307.81,,1906.92,,1322.78,
02/08/2023,ISTANBUL,204276,204271,204273,204272,204268,204274,123.78,,84.9,,,,,
02/08/2023,ISTANBUL,204272,204268,204274,204270,204275,204269,1724.23,,352.53,,92.5,,153.46,
03/08/2023,ANKARA,204291,204294,204288,204289,204284,204285,828.27,,108.17,,,,,
03/08/2023,ANKARA,204289,204284,204285,204293,204287,204283,3053.08,,844.01,,156.98,,81.9,
03/08/2023,KOCAELI,204298,204286,204297,204299,204296,204295,12494.63,,2150.13,,354.26,,79.36,
04/08/2023,BURSA,204318,204300,204313,204316,204319,204310,3259.36,,537.08,,,,,
04/08/2023,BURSA,204316,204319,204310,204315,204301,204317,44811.93,,8374.48,,746.0,,195.91,
04/08/2023,ISTANBUL,204307,204304,204311,204306,204308,204302,5241.3,,2835.33,,53.2,,23.69,
04/08/2023,ISTANBUL,204308,204302,204309,204314,204312,204303,11803.61,,2336.76,,1024.88,,24.53,
05/08/2023,ANKARA,204321,204327,204330,204320,204332,204325,1750.15,,251.73,,234.42,,155.7,
05/08/2023,ANKARA,204332,204325,204331,204328,204329,204326,14711.09,,714.13,,242.6,,36.07,
05/08/2023,DIYARBAKIR,204337,204339,204340,204342,204338,204341,183856.11,,15536.62,,1745.02,,288.21,
05/08/2023,IZMIR,204322,204345,204324,204333,204334,204336,989.48,,433.98,,160.58,,53.46,
05/08/2023,IZMIR,204334,204336,204343,204335,204323,204344,8788.37,,1340.05,,293.72,,65.32,
06/08/2023,ISTANBUL,204359,204346,204349,204353,204355,204350,4810.79,,552.93,,,,,
06/08/2023,ISTANBUL,204353,204355,204350,204356,204351,204358,7825.71,,1042.91,,76.82,,71.85,
06/08/2023,IZMIR,204362,204360,204347,204354,204352,204357,234018.11,,53841.37,,12512.86,,474.85,
07/08/2023,BURSA,204383,204371,204372,204380,204369,204382,1756.78,,300.65,,,,,
07/08/2023,BURSA,204380,204369,204382,204377,204376,204370,7156.71,,1536.68,,502.68,,139.0,
07/08/2023,ELAZIG,204367,204379,204378,204366,204375,204373,16266.72,,3167.97,,,,,
07/08/2023,ELAZIG,204366,204375,204373,204374,204368,204381,231056.79,,9831.04,,2009.12,,481.61,
08/08/2023,ANKARA,204384,204398,204394,204393,204395,204385,31891.73,,2420.5,,984.42,,449.34,
08/08/2023,ANKARA,204395,204385,204397,204396,204399,204386,517138.74,,9176.48,,1701.02,,227.66,
08/08/2023,KOCAELI,204389,204387,204390,204388,204392,204400,6667.31,,540.56,,226.24,,99.93,
09/08/2023,ELAZIG,204404,204412,204414,204405,204418,204409,26479.78,,4730.11,,,,,
09/08/2023,ELAZIG,204405,204418,204409,204416,204403,204411,1139030.32,,156047.64,,10416.94,,1654.9,
09/08/2023,ISTANBUL,204408,204407,204417,204415,204402,204410,958.2,,589.67,,,,,
09/08/2023,ISTANBUL,204415,204402,204410,204413,204406,204401,19017.85,,2488.07,,516.78,,165.52,
10/08/2023,ANKARA,204434,204422,204432,204423,204431,204433,63.65,,14.43,,16.88,,4.22,
10/08/2023,ANKARA,204431,204433,204429,204435,204430,204436,136.71,,43.75,,26.48,,20.11,
10/08/2023,KOCAELI,204427,204426,204425,204428,204421,204437,1619.39,,546.12,,111.12,,30.97,
11/08/2023,BURSA,204453,204438,204451,204449,204454,204439,2822.59,,826.9,,155.2,,12.54,
11/08/2023,BURSA,204454,204439,204452,204450,204455,204440,1162.58,,414.68,,182.66,,107.96,
11/08/2023,ISTANBUL,204441,204442,204445,204444,204448,204443,74.89,,25.7,,10.44,,5.68,
12/08/2023,ANKARA,204464,204465,204467,204462,204461,204460,5414.97,,1544.51,,,,,
12/08/2023,ANKARA,204462,204461,204460,204468,204466,204463,511.39,,180.57,,43.96,,22.0,
12/08/2023,DIYARBAKIR,204471,204470,204472,204476,204469,204473,1673.69,,233.58,,98.48,,23.98,
12/08/2023,IZMIR,204479,204459,204478,204477,204458,204456,172793.27,,28587.6,,,,,
12/08/2023,IZMIR,204477,204458,204456,204475,204457,204474,16961.52,,2541.23,,248.0,,54.92,
13/08/2023,ISTANBUL,204498,204480,204488,204486,204496,204482,160.62,,105.65,,11.88,,14.0,
13/08/2023,ISTANBUL,204496,204482,204497,204490,204493,204481,193.41,,64.82,,15.0,,10.07,
13/08/2023,IZMIR,204483,204489,204487,204484,204492,204495,1777.74,,522.35,,,,,
13/08/2023,IZMIR,204484,204492,204495,204491,204494,204485,776.11,,230.55,,122.86,,54.11,
14/08/2023,BURSA,204513,204500,204508,204511,204514,204510,1958.41,,177.53,,,,,
14/08/2023,BURSA,204511,204514,204510,204512,204509,204499,792.51,,178.82,,45.42,,29.34,
14/08/2023,ELAZIG,204503,204505,204507,204504,204502,204506,5924.31,,1021.89,,111.12,,20.28,
15/08/2023,ANKARA,204515,204534,204527,204530,204533,204532,9523.84,,1110.56,,222.1,,122.1,
15/08/2023,ANKARA,204533,204532,204531,204529,204516,204528,8334.29,,2458.95,,1139.14,,340.73,
15/08/2023,KOCAELI,204523,204519,204522,204520,204525,204518,6247.44,,591.03,,157.22,,40.88,
15/08/2023,KOCAELI,204525,204518,204524,204521,204526,204517,601.49,,294.57,,21.7,,15.86,
16/08/2023,ELAZIG,204537,204535,204540,204542,204536,204541,334.27,,103.67,,32.24,,15.99,
16/08/2023,ISTANBUL,204543,204545,204548,204549,204544,204547,192.38,,65.71,,,,,
16/08/2023,ISTANBUL,204549,204544,204547,204550,204551,204546,1252.66,,169.7,,155.36,,54.08,
17/08/2023,ANKARA,204556,204562,204564,204559,204569,204565,417.85,,75.42,,,,,
17/08/2023,ANKARA,204559,204569,204565,204568,204560,204570,31517.85,,3258.86,,1504.94,,299.48,
17/08/2023,KOCAELI,204553,204557,204558,204563,204552,204567,5041.21,,1313.95,,266.08,,227.85,
17/08/2023,KOCAELI,204552,204567,204561,204566,204554,204555,35651.53,,1111.61,,201.18,,8.93,
18/08/2023,BURSA,204574,204578,204575,204588,204581,204584,114.78,,25.01,,,,,
18/08/2023,BURSA,204588,204581,204584,204576,204573,204589,74.41,,31.83,,7.5,,5.65,
18/08/2023,ISTANBUL,204580,204572,204585,204577,204583,204579,119.11,,40.67,,48.84,,43.25,
18/08/2023,ISTANBUL,204583,204579,204586,204582,204571,204587,4935.27,,888.91,,311.84,,61.71,
19/08/2023,ANKARA,204605,204601,204594,204593,204602,204604,76723.14,,28805.46,,,,,
19/08/2023,ANKARA,204593,204602,204604,204595,204597,204599,79014.98,,9375.35,,310.74,,53.88,
19/08/2023,DIYARBAKIR,204611,204614,204610,204609,204613,204612,26134.05,,3451.9,,1804.74,,423.86,
19/08/2023,IZMIR,204603,204591,204608,204606,204607,204592,125699.49,,11737.23,,323.52,,97.66,
19/08/2023,IZMIR,204607,204592,204596,204598,204600,204590,180388.82,,37872.23,,15560.12,,523.44,
20/08/2023,ISTANBUL,204622,204632,204630,204624,204628,204631,8303.29,,878.73,,149.54,,43.32,
20/08/2023,IZMIR,204617,204621,204620,204615,204618,204619,38020.54,,2960.15,,391.6,,107.67,
20/08/2023,IZMIR,204618,204619,204625,204626,204616,204629,66437.1,,14198.82,,1792.96,,590.49,
21/08/2023,BURSA,204634,204650,204633,204640,204642,204638,1229.33,,833.16,,,,,
21/08/2023,BURSA,204640,204642,204638,204639,204648,204649,564.15,,164.75,,39.22,,4.09,
21/08/2023,ELAZIG,204644,204637,204643,204646,204635,204645,2520.26,,654.41,,,,,
21/08/2023,ELAZIG,204646,204635,204645,204641,204647,204636,62129.67,,13130.78,,2857.2,,387.14,
22/08/2023,ANKARA,204667,204666,204662,204668,204654,204665,1466.65,,441.16,,,,,
22/08/2023,ANKARA,204668,204654,204665,204663,204664,204653,13895.44,,2238.47,,174.44,,59.63,
22/08/2023,KOCAELI,204655,204652,204659,204656,204669,204660,8079.18,,1056.27,,,,,
22/08/2023,KOCAELI,204656,204669,204660,204657,204651,204658,706.03,,204.92,,64.72,,16.9,
23/08/2023,ELAZIG,204674,204687,204682,204673,204688,204684,74214.04,,12103.5,,,,,
23/08/2023,ELAZIG,204673,204688,204684,204680,204675,204686,3388.41,,390.28,,121.9,,55.44,
23/08/2023,ISTANBUL,204677,204671,204678,204676,204670,204679,3851.29,,620.03,,178.12,,123.85,
23/08/2023,ISTANBUL,204670,204679,204685,204681,204672,204683,84341.32,,13368.91,,777.64,,63.27,
24/08/2023,ANKARA,204699,204697,204700,204690,204696,204698,355.99,,95.18,,,,,
24/08/2023,ANKARA,204690,204696,204698,204695,204694,204689,300.52,,56.88,,18.9,,11.99,
24/08/2023,KOCAELI,204706,204693,204704,204701,204707,204691,14313.71,,1822.0,,245.24,,36.33,
24/08/2023,KOCAELI,204707,204691,204703,204705,204702,204692,6185.01,,771.81,,431.54,,94.9,
25/08/2023,BURSA,204719,204712,204711,204717,204710,204713,2419.34,,802.86,,,,,
25/08/2023,BURSA,204717,204710,204713,204718,204715,204722,2061.39,,397.15,,121.94,,56.58,
25/08/2023,ISTANBUL,204725,204720,204716,204723,204709,204721,995.47,,144.33,,60.34,,65.19,
25/08/2023,ISTANBUL,204709,204721,204724,204714,204708,204726,1452.24,,147.42,,59.42,,21.22,
26/08/2023,ANKARA,204733,204735,204740,204737,204727,204738,3329.65,,1497.86,,,,,
26/08/2023,ANKARA,204737,204727,204738,204742,204734,204728,49598.24,,8720.57,,1025.14,,312.06,
26/08/2023,DIYARBAKIR,204744,204739,204743,204745,204736,204741,13824.61,,2335.28,,519.0,,129.28,
26/08/2023,IZMIR,204731,204748,204746,204730,204732,204751,4756.1,,2325.37,,815.58,,440.53,
26/08/2023,IZMIR,204732,204751,204747,204750,204729,204749,683.38,,288.1,,88.86,,55.44,
27/08/2023,ISTANBUL,204759,204760,204762,204763,204753,204758,601.4,,156.97,,,,,
27/08/2023,ISTANBUL,204763,204753,204758,204757,204761,204752,2801.73,,451.65,,85.8,,84.46,
27/08/2023,IZMIR,204769,204767,204764,204754,204756,204765,1550.05,,310.92,,,,,
27/08/2023,IZMIR,204754,204756,204765,204766,204755,204768,26196.18,,11363.03,,1556.44,,429.42,
28/08/2023,BURSA,204784,204786,204782,204785,204771,204783,920.86,,416.95,,,,,
28/08/2023,BURSA,204785,204771,204783,204780,204781,204770,19565.39,,1325.96,,417.62,,143.22,
28/08/2023,ELAZIG,204779,204775,204776,204774,204772,204778,995.99,,197.54,,163.64,,62.56,
29/08/2023,ANKARA,204797,204788,204796,204803,204802,204787,1045.86,,277.53,,123.26,,36.17,
29/08/2023,ANKARA,204802,204787,204795,204793,204801,204804,1741.03,,651.56,,235.02,,6.4,
29/08/2023,KOCAELI,204792,204799,204800,204791,204794,204798,2044.1,,569.53,,18.66,,9.65,
30/08/2023,ELAZIG,204812,204806,204819,204809,204805,204817,16221.13,,3350.3,,771.98,,102.18,
30/08/2023,ISTANBUL,204807,204818,204820,204808,204813,204816,1528.39,,616.2,,,,,
30/08/2023,ISTANBUL,204808,204813,204816,204815,204810,204821,23648.03,,1601.46,,368.58,,162.43,
31/08/2023,ANKARA,204837,204830,204834,204823,204831,204835,1492.91,,,,,,,
31/08/2023,ANKARA,204823,204831,204835,204836,204822,204833,2400.46,,515.82,,165.34,,94.8,
31/08/2023,IZMIR,204825,204838,204824,204828,204829,204827,8482.52,,1098.72,,,,,
31/08/2023,IZMIR,204828,204829,204827,204839,204832,204826,299.94,,62.78,,14.86,,14.85,
01/09/2023,BURSA,204841,204852,204851,204840,204854,204856,1754.62,,509.7,,,,,
01/09/2023,BURSA,204840,204854,204856,204853,204855,204848,670.94,,329.38,,123.26,,113.52,
01/09/2023,IZMIR,204843,204842,204846,204847,204845,204850,214.67,,121.43,,38.26,,29.54,
02/09/2023,ANKARA,204860,204871,204870,204857,204865,204862,186.5,,69.4,,,,,
02/09/2023,ANKARA,204857,204865,204862,204866,204858,204875,974.42,,348.8,,63.32,,34.8,
02/09/2023,ISTANBUL,204859,204863,204873,204861,204864,204869,12436.37,,3611.93,,,,,
02/09/2023,ISTANBUL,204861,204864,204869,204867,204872,204874,8762.03,,688.26,,57.28,,16.6,
03/09/2023,ADANA,204876,204888,204894,204878,204892,204893,2716.75,,1292.3,,354.52,,96.68,
03/09/2023,ADANA,204892,204893,204889,204890,204877,204891,153520.54,,4382.17,,1560.88,,598.74,
03/09/2023,ISTANBUL,204883,204880,204886,204887,204882,204884,15373.08,,2207.51,,,,,
03/09/2023,ISTANBUL,204887,204882,204884,204885,204881,204879,99256.33,,7070.8,,1967.0,,83.07,
04/09/2023,BURSA,204895,204907,204912,204908,204913,204896,3438.62,,437.86,,204.2,,44.72,
04/09/2023,BURSA,204913,204896,204909,204910,204897,204911,2489.22,,753.82,,146.52,,108.06,
04/09/2023,ELAZIG,204904,204898,204902,204903,204899,204905,4158.07,,1490.45,,,,,
04/09/2023,ELAZIG,204903,204899,204905,204906,204901,204900,17268.23,,8864.96,,3364.96,,255.9,
05/09/2023,ANKARA,204925,204922,204923,204932,204917,204927,14308.89,,3898.67,,,,,
05/09/2023,ANKARA,204932,204917,204927,204926,204924,204916,3238.82,,184.71,,94.1,,24.47,
05/09/2023,KOCAELI,204919,204915,204918,204931,204928,204921,4757.12,,917.8,,,,,
05/09/2023,KOCAELI,204931,204928,204921,204914,204920,204929,1909.08,,480.48,,187.2,,68.02,
06/09/2023,ELAZIG,204942,204941,204943,204939,204934,204938,21896.56,,3114.54,,650.18,,129.51,
06/09/2023,ISTANBUL,204949,204946,204940,204947,204936,204948,299.36,,144.05,,,,,
06/09/2023,ISTANBUL,204947,204936,204948,204945,204935,204950,209.59,,51.53,,15.12,,7.76,
07/09/2023,ANKARA,204962,204954,204956,204961,204965,204958,532.26,,105.48,,54.62,,12.74,
07/09/2023,IZMIR,204960,204952,204953,204955,204959,204966,47963.89,,5738.5,,,,,
07/09/2023,IZMIR,204955,204959,204966,204951,204967,204964,28073.28,,2883.65,,521.52,,76.63,
08/09/2023,BURSA,204982,204968,204977,204985,204983,204981,20359.32,,739.06,,,,,
08/09/2023,BURSA,204985,204983,204981,204984,204969,204980,92013.52,,13185.27,,1337.16,,397.34,
08/09/2023,ISTANBUL,204973,204972,204976,204979,204971,204975,285.95,,77.41,,,,,
08/09/2023,ISTANBUL,204979,204971,204975,204978,204974,204970,1915.76,,333.2,,126.98,,42.28,
09/09/2023,ANKARA,204992,204987,204993,204995,204994,204997,190.65,,125.72,,,,,
09/09/2023,ANKARA,204995,204994,204997,204991,204998,204986,468.84,,71.38,,42.58,,13.71,
09/09/2023,DIYARBAKIR,205007,205002,205006,205004,205005,205001,19480.96,,3084.33,,248.26,,56.35,
09/09/2023,IZMIR,204988,205008,204996,205009,204989,204999,2971.01,,1172.57,,,,,
09/09/2023,IZMIR,205009,204989,204999,205003,205000,204990,1663.64,,487.87,,204.62,,53.91,
10/09/2023,ADANA,205013,205017,205015,205014,205026,205024,179.02,,146.61,,92.76,,58.95,
10/09/2023,ADANA,205026,205024,205012,205020,205019,205022,1914.68,,651.63,,85.96,,55.67,
10/09/2023,ISTANBUL,205011,205025,205010,205027,205023,205021,14325.52,,13014.91,,,,,
10/09/2023,ISTANBUL,205027,205023,205021,205018,205016,205028,281355.33,,12642.72,,537.42,,93.86,
11/09/2023,BURSA,205045,205032,205044,205042,205046,205033,17774.32,,2064.51,,365.98,,227.85,
11/09/2023,BURSA,205046,205033,205041,205040,205031,205043,540.69,,192.42,,100.22,,38.51,
11/09/2023,ELAZIG,205030,205039,205036,205037,205034,205038,11465.48,,1113.13,,454.66,,136.76,
12/09/2023,ANKARA,205055,205056,205054,205059,205048,205065,11180.47,,1392.07,,,,,
12/09/2023,ANKARA,205059,205048,205065,205053,205062,205047,14109.84,,2226.32,,519.88,,61.78,
12/09/2023,KOCAELI,205050,205057,205060,205051,205064,205063,820.88,,496.07,,117.84,,63.6,
12/09/2023,KOCAELI,205064,205063,205061,205052,205049,205058,1426.41,,160.48,,43.44,,8.64,
13/09/2023,ELAZIG,205081,205069,205076,205070,205080,205068,8669.12,,1386.1,,352.92,,12.61,
13/09/2023,ISTANBUL,205075,205074,205082,205066,205079,205077,34222.56,,3437.57,,,,,
13/09/2023,ISTANBUL,205066,205079,205077,205071,205067,205073,17778.7,,499.78,,87.72,,27.46,
14/09/2023,ANKARA,205088,205084,205094,205087,205089,205092,8978.13,,897.0,,312.24,,481.13,
14/09/2023,ANKARA,205089,205092,205093,205091,205083,205095,126015.67,,9387.66,,770.2,,330.16,
14/09/2023,IZMIR,205085,205098,205097,205096,205101,205099,42099.29,,613.48,,,,,
14/09/2023,IZMIR,205096,205101,205099,205090,205086,205100,5917.23,,894.45,,96.32,,34.61,
15/09/2023,BURSA,205114,205113,205115,205112,205116,205117,9071.85,,1202.76,,332.28,,152.36,
15/09/2023,ISTANBUL,205103,205104,205109,205106,205105,205107,433732.52,,25550.43,,,,,
15/09/2023,ISTANBUL,205106,205105,205107,205102,205108,205110,95194.82,,13662.91,,1073.02,,17.16,
16/09/2023,ANKARA,205124,205119,205130,205125,205128,205127,492.07,,162.38,,,,,
16/09/2023,ANKARA,205125,205128,205127,205126,205129,205120,1937.94,,293.25,,70.08,,47.41,
16/09/2023,DIYARBAKIR,205141,205139,205137,205135,205136,205138,43312.88,,10796.31,,1875.58,,536.86,
16/09/2023,IZMIR,205122,205133,205132,205121,205143,205134,1880.22,,836.75,,56.38,,18.81,
16/09/2023,IZMIR,205143,205134,205142,205131,205123,205140,6909.75,,1148.47,,562.9,,43.55,
17/09/2023,ADANA,205146,205158,205156,205145,205159,205162,9578.63,,343.47,,239.8,,160.25,
17/09/2023,ADANA,205159,205162,205161,205157,205144,205160,16134.9,,2939.3,,468.38,,83.62,
17/09/2023,ISTANBUL,205152,205150,205154,205147,205155,205153,660.8,,418.15,,,,,
17/09/2023,ISTANBUL,205147,205155,205153,205151,205149,205148,1789.57,,473.97,,103.72,,39.55,
18/09/2023,BURSA,205178,205167,205177,205174,205180,205166,14954.95,,3986.67,,1139.86,,188.46,
18/09/2023,BURSA,205180,205166,205179,205176,205165,205175,829.8,,183.98,,22.38,,4.64,
18/09/2023,ELAZIG,205168,205164,205173,205170,205169,205171,8865.08,,1499.45,,670.88,,174.52,
19/09/2023,ANKARA,205190,205181,205194,205195,205197,205196,1472.14,,237.58,,,,,
19/09/2023,ANKARA,205195,205197,205196,205185,205182,205191,171.24,,69.17,,18.24,,16.34,
19/09/2023,KOCAELI,205189,205188,205183,205186,205192,205187,3500.15,,929.77,,248.68,,123.43,
20/09/2023,ELAZIG,205201,205199,205200,205203,205206,205198,41390.71,,5396.06,,2780.02,,182.32,
20/09/2023,ISTANBUL,205213,205211,205212,205209,205208,205202,1959.7,,252.31,,139.96,,35.39,
21/09/2023,ANKARA,205221,205223,205228,205220,205217,205224,609.13,,226.08,,,,,
21/09/2023,ANKARA,205220,205217,205224,205222,205219,205218,649.54,,92.51,,23.76,,14.62,
21/09/2023,IZMIR,205215,205231,205226,205225,205216,205229,2478.66,,466.33,,163.18,,27.88,
21/09/2023,IZMIR,205216,205229,205227,205230,205214,205232,5400.0,,1654.38,,261.3,,79.23,
22/09/2023,BURSA,205251,205248,205247,205252,205249,205250,1941.17,,306.22,,,,,
22/09/2023,BURSA,205252,205249,205250,205246,205245,205244,99304.26,,15833.18,,3348.92,,2463.72,
22/09/2023,ISTANBUL,205242,205236,205241,205239,205238,205240,2047.22,,755.7,,,,,
22/09/2023,ISTANBUL,205239,205238,205240,205237,205243,205235,4945.32,,733.2,,72.12,,32.66,
23/09/2023,ANKARA,205254,205264,205263,205262,205259,205260,219.99,,38.6,,,,,
23/09/2023,ANKARA,205262,205259,205260,205261,205258,205253,117.22,,38.75,,16.0,,3.67,
23/09/2023,DIYARBAKIR,205265,205266,205270,205271,205269,205267,20877.54,,7514.05,,1198.96,,146.73,
23/09/2023,IZMIR,205277,205255,205273,205275,205256,205276,3337.67,,2792.91,,619.14,,263.77,
23/09/2023,IZMIR,205256,205276,205274,205268,205257,205272,9095.41,,283.3,,70.1,,55.73,
24/09/2023,ADANA,205294,205290,205293,205292,205278,205291,7010.36,,,,,,,
24/09/2023,ADANA,205292,205278,205291,205295,205289,205279,9541.0,,779.66,,514.02,,95.25,
24/09/2023,ISTANBUL,205287,205285,205281,205286,205288,205284,5789.53,,3691.43,,,,,
24/09/2023,ISTANBUL,205286,205288,205284,205280,205282,205283,20803.29,,949.37,,160.3,,57.81,
25/09/2023,BURSA,205296,205312,205310,205297,205311,205302,12740.31,,3104.58,,,,,
25/09/2023,BURSA,205297,205311,205302,205300,205308,205305,10049.91,,3166.53,,415.1,,54.04,
25/09/2023,ELAZIG,205306,205301,205298,205309,205303,205307,1940.26,,504.2,,78.92,,28.73,
26/09/2023,ANKARA,205324,205325,205328,205326,205331,205320,2082.96,,564.37,,,,,
26/09/2023,ANKARA,205326,205331,205320,205329,205322,205318,1301.5,,567.67,,265.84,,50.01,
26/09/2023,KOCAELI,205321,205327,205317,205315,205316,205330,562.7,,241.96,,107.44,,75.88,
26/09/2023,KOCAELI,205316,205330,205314,205319,205323,205313,1280.32,,1181.23,,115.4,,22.91,
27/09/2023,ELAZIG,205343,205332,205341,205340,205338,205337,1775.24,,543.35,,274.34,,100.62,
27/09/2023,ISTANBUL,205334,205346,205342,205348,205335,205347,138.24,,38.16,,7.0,,3.54,
27/09/2023,ISTANBUL,205335,205347,205349,205345,205336,205344,2215.18,,932.86,,453.1,,142.35,
28/09/2023,ANKARA,205363,205359,205358,205357,205354,205360,5265.14,,1127.12,,,,,
28/09/2023,ANKARA,205357,205354,205360,205361,205352,205364,80238.35,,6515.46,,1188.38,,498.71,
28/09/2023,IZMIR,205351,205362,205368,205369,205365,205366,988.15,,278.95,,,,,
28/09/2023,IZMIR,205369,205365,205366,205356,205350,205367,4697.79,,462.35,,221.8,,187.23,
29/09/2023,BURSA,205386,205382,205379,205380,205383,205385,1022.08,,232.35,,45.22,,40.95,
29/09/2023,ISTANBUL,205371,205374,205373,205370,205376,205377,11139.99,,1368.93,,,,,
29/09/2023,ISTANBUL,205370,205376,205377,205375,205372,205378,20681.11,,5119.07,,799.68,,74.65,
30/09/2023,ANKARA,205387,205393,205394,205392,205398,205396,172.66,,71.58,,7.04,,7.5,
30/09/2023,ANKARA,205398,205396,205399,205397,205395,205388,8251.45,,1781.05,,526.2,,76.11,
30/09/2023,DIYARBAKIR,205401,205404,205400,205402,205403,205405,386.44,,116.34,,46.88,,13.45,
30/09/2023,IZMIR,205390,205408,205410,205391,205407,205389,7645.56,,4882.57,,1387.08,,1460.94,
30/09/2023,IZMIR,205407,205389,205411,205406,205409,205412,106561.58,,5686.0,,245.84,,193.89,
01/10/2023,ADANA,205415,205426,205430,205432,205416,205431,1313.46,,1120.55,,878.9,,269.03,
01/10/2023,ADANA,205416,205431,205428,205427,205417,205429,2803.54,,280.68,,47.56,,18.55,
01/10/2023,ISTANBUL,205423,205414,205420,205413,205422,205424,463.35,,73.12,,35.72,,23.72,
01/10/2023,ISTANBUL,205422,205424,205421,205418,205425,205419,19530.38,,3265.48,,1593.4,,37.21,
02/10/2023,BURSA,205446,205437,205450,205448,205435,205447,3060.53,,809.36,,121.78,,28.14,
02/10/2023,BURSA,205435,205447,205445,205444,205449,205436,13318.08,,6895.63,,942.74,,387.85,
02/10/2023,ELAZIG,205438,205434,205439,205440,205443,205433,14220.23,,4086.5,,349.94,,58.63,
03/10/2023,ADANA,205453,205470,205466,205464,205455,205467,5457.34,,506.98,,96.58,,28.69,
03/10/2023,ADANA,205455,205467,205468,205469,205454,205465,3082.31,,1353.67,,211.24,,71.43,
03/10/2023,KOCAELI,205452,205460,205463,205451,205459,205457,609.41,,52.33,,,,,
03/10/2023,KOCAELI,205451,205459,205457,205461,205462,205458,16508.87,,5479.28,,1935.66,,627.21,
04/10/2023,ELAZIG,205473,205485,205480,205489,205474,205483,3527.68,,1684.07,,571.44,,32.17,
04/10/2023,ISTANBUL,205472,205478,205484,205475,205471,205481,12536.6,,889.1,,490.3,,177.67,
04/10/2023,ISTANBUL,205471,205481,205479,205486,205488,205482,7525.94,,1160.35,,193.08,,39.71,
05/10/2023,ANKARA,205499,205491,205498,205496,205497,205494,438.13,,118.16,,,,,
05/10/2023,ANKARA,205496,205497,205494,205495,205490,205500,1120.81,,216.35,,100.06,,12.93,
05/10/2023,IZMIR,205505,205493,205507,205506,205501,205504,40668.71,,8664.4,,,,,
05/10/2023,IZMIR,205506,205501,205504,205503,205502,205492,3672.36,,738.77,,234.02,,79.1,
06/10/2023,BURSA,205526,205512,205520,205524,205511,205523,354.33,,126.21,,37.4,,11.53,
06/10/2023,BURSA,205511,205523,205516,205525,205513,205510,2277.42,,1030.95,,232.66,,22.91,
06/10/2023,ISTANBUL,205521,205518,205515,205522,205509,205517,951.7,,305.31,,,,,
06/10/2023,ISTANBUL,205522,205509,205517,205514,205508,205519,521.3,,24.06,,7.58,,4.97,
07/10/2023,ANKARA,205527,205536,205528,205533,205537,205534,652.45,,290.27,,,,,
07/10/2023,ANKARA,205533,205537,205534,205538,205535,205539,85.43,,35.7,,12.72,,12.09,
07/10/2023,DIYARBAKIR,205542,205544,205540,205541,205543,205545,16744.72,,679.97,,315.32,,17.74,
07/10/2023,IZMIR,205531,205550,205532,205530,205547,205551,6980.12,,935.15,,116.04,,19.82,
07/10/2023,IZMIR,205547,205551,205546,205548,205529,205549,2191.32,,485.56,,143.64,,54.76,
08/10/2023,ADANA,205567,205555,205568,205569,205570,205556,1435.23,,54.61,,23.76,,18.68,
08/10/2023,ADANA,205570,205556,205563,205564,205554,205565,1482.63,,329.62,,128.56,,18.55,
08/10/2023,ISTANBUL,205560,205552,205562,205566,205561,205559,1157.55,,247.77,,,,,
08/10/2023,ISTANBUL,205566,205561,205559,205557,205558,205553,4723.94,,546.63,,149.4,,47.12,
09/10/2023,BURSA,205574,205588,205575,205573,205583,205584,1286.84,,486.07,,,,,
09/10/2023,BURSA,205573,205583,205584,205580,205587,205585,541.67,,113.61,,33.58,,20.7,
09/10/2023,ELAZIG,205577,205582,205578,205586,205571,205579,60494.99,,2973.23,,1230.84,,221.19,
10/10/2023,ADANA,205602,205592,205606,205601,205593,205605,1133.84,,413.98,,65.88,,89.05,
10/10/2023,ADANA,205593,205605,205604,205603,205607,205594,13896.21,,1857.12,,515.68,,329.77,
10/10/2023,KOCAELI,205589,205598,205591,205595,205596,205608,68686.89,,11451.61,,123.44,,72.76,
10/10/2023,KOCAELI,205596,205608,205599,205597,205590,205600,7676.76,,1098.83,,146.78,,22.68,
11/10/2023,ELAZIG,205615,205623,205617,205619,205611,205622,8018.24,,1260.6,,600.08,,140.01,
11/10/2023,ISTANBUL,205624,205614,205610,205613,205618,205609,642.99,,94.88,,33.54,,3.21,
11/10/2023,ISTANBUL,205618,205609,205626,205616,205625,205621,158.52,,61.55,,39.8,,39.55,
12/10/2023,ANKARA,205635,205628,205634,205632,205637,205633,3405.36,,1073.13,,,,,
12/10/2023,ANKARA,205632,205637,205633,205636,205627,205641,18349.1,,1560.07,,458.62,,124.83,
12/10/2023,IZMIR,205629,205643,205631,205640,205642,205639,1351.43,,314.6,,,,,
12/10/2023,IZMIR,205640,205642,205639,205638,205630,205644,6470.7,,1151.5,,294.22,,273.71,
13/10/2023,BURSA,205647,205662,205660,205646,205657,205650,7089.65,,2364.58,,817.62,,217.29,
13/10/2023,BURSA,205657,205650,205652,205655,205645,205663,46139.2,,1248.08,,680.54,,210.6,
13/10/2023,ISTANBUL,205656,205651,205649,205654,205648,205653,85.06,,54.7,,,,,
13/10/2023,ISTANBUL,205654,205648,205653,205658,205659,205661,872.72,,192.62,,67.26,,67.99,
14/10/2023,ANKARA,205674,205677,205671,205665,205673,205670,386.73,,95.75,,42.46,,34.74,
14/10/2023,ANKARA,205673,205670,205675,205678,205672,205664,269.59,,80.45,,19.3,,4.32,
14/10/2023,DIYARBAKIR,205685,205681,205680,205682,205686,205684,29038.9,,13737.5,,3692.86,,151.12,
14/10/2023,IZMIR,205688,205667,205669,205676,205666,205687,14901.45,,1011.33,,,,,
14/10/2023,IZMIR,205676,205666,205687,205683,205668,205679,20020.69,,766.91,,292.1,,79.43,
15/10/2023,ADANA,205691,205703,205705,205706,205689,205702,2529.3,,1857.76,,115.22,,65.42,
15/10/2023,ADANA,205689,205702,205701,205704,205690,205707,13922.21,,3214.36,,410.42,,126.16,
15/10/2023,ISTANBUL,205695,205692,205693,205698,205694,205697,2469.78,,2151.91,,,,,
15/10/2023,ISTANBUL,205698,205694,205697,205699,205696,205700,10717.19,,1414.61,,164.34,,22.84,
16/10/2023,BURSA,205714,205712,205717,205718,205723,205711,9460.2,,2144.28,,537.24,,117.32,
16/10/2023,BURSA,205723,205711,205715,205713,205716,205710,16103.39,,2483.6,,399.58,,130.71,
16/10/2023,ELAZIG,205721,205725,205720,205708,205719,205722,6587.13,,1211.12,,323.8,,140.33,
17/10/2023,ADANA,205730,205743,205739,205737,205741,205729,16237.64,,8708.68,,,,,
17/10/2023,ADANA,205737,205741,205729,205740,205738,205742,26089.24,,2676.71,,121.9,,15.53,
17/10/2023,KOCAELI,205728,205744,205733,205731,205727,205735,5938.9,,736.27,,245.54,,50.24,
17/10/2023,KOCAELI,205727,205735,205734,205736,205726,205732,111534.43,,13636.53,,1687.32,,451.19,
18/10/2023,ELAZIG,205762,205761,205758,205757,205746,205760,40004.97,,1469.16,,503.52,,112.97,
18/10/2023,ISTANBUL,205748,205753,205754,205747,205751,205752,13648.21,,2212.43,,611.02,,586.07,
18/10/2023,ISTANBUL,205751,205752,205756,205755,205749,205750,12914.91,,1351.83,,231.8,,45.01,
19/10/2023,ANKARA,205766,205772,205769,205774,205773,205775,896.47,,326.47,,,,,
19/10/2023,ANKARA,205774,205773,205775,205776,205768,205770,2315.63,,156.87,,55.92,,33.05,
19/10/2023,IZMIR,205764,205767,205765,205778,205763,205777,10386.62,,279.75,,,,,
19/10/2023,IZMIR,205778,205763,205777,205779,205771,205780,9053.36,,1160.22,,732.26,,270.4,
20/10/2023,BURSA,205798,205783,205794,205787,205796,205799,863.32,,81.7,,55.22,,24.96,
20/10/2023,BURSA,205796,205799,205795,205797,205784,205792,630.71,,131.51,,31.42,,7.57,
20/10/2023,ISTANBUL,205791,205782,205786,205789,205793,205785,21152.37,,1420.0,,,,,
20/10/2023,ISTANBUL,205789,205793,205785,205790,205781,205788,67863.44,,4100.11,,1214.48,,611.06,
21/10/2023,ANKARA,205817,205816,205801,205809,205812,205807,1788.35,,1355.12,,249.88,,156.94,
21/10/2023,ANKARA,205812,205807,205814,205808,205813,205800,1104.84,,235.83,,35.7,,11.47,
21/10/2023,DIYARBAKIR,205823,205824,205821,205822,205826,205827,89793.31,,7661.17,,1159.5,,217.49,
21/10/2023,IZMIR,205802,205810,205818,205804,205825,205819,769.96,,493.31,,12.26,,12.02,
21/10/2023,IZMIR,205825,205819,205805,205815,205803,205820,1597.0,,732.61,,390.24,,82.58,
22/10/2023,ADANA,205844,205832,205841,205845,205831,205843,1727.52,,1247.36,,831.32,,186.51,
22/10/2023,ADANA,205831,205843,205842,205840,205830,205846,20963.09,,2510.22,,443.32,,87.19,
22/10/2023,ISTANBUL,205839,205836,205835,205829,205837,205833,26343.44,,9149.83,,,,,
22/10/2023,ISTANBUL,205829,205837,205833,205834,205828,205838,2919.07,,96.76,,27.56,,5.33,
23/10/2023,BURSA,205847,205852,205859,205850,205855,205861,1878.35,,662.72,,95.36,,32.2,
23/10/2023,ELAZIG,205854,205849,205860,205851,205853,205857,6707.87,,1875.44,,216.24,,66.69,
24/10/2023,ADANA,205867,205876,205881,205879,205866,205878,1082145.73,,44320.97,,9030.46,,1394.93,
24/10/2023,ADANA,205866,205878,205880,205877,205875,205865,1915089.77,,99421.23,,8414.48,,252.33,
24/10/2023,KOCAELI,205863,205868,205874,205873,205872,205871,215.92,,208.21,,,,,
24/10/2023,KOCAELI,205873,205872,205871,205869,205870,205864,434.88,,137.68,,35.26,,9.1,
25/10/2023,ELAZIG,205895,205882,205887,205896,205883,205885,1477.02,,477.02,,70.76,,19.27,
25/10/2023,ISTANBUL,205897,205888,205893,205886,205890,205884,3941.15,,131.55,,102.18,,36.46,
26/10/2023,ANKARA,205898,205909,205910,205905,205904,205907,210.48,,62.12,,,,,
26/10/2023,ANKARA,205905,205904,205907,205903,205899,205906,262.16,,162.51,,40.82,,29.73,
26/10/2023,IZMIR,205901,205911,205915,205902,205914,205916,86211.82,,11428.83,,2245.86,,321.13,
26/10/2023,IZMIR,205914,205916,205913,205908,205912,205900,1016543.14,,23348.57,,7067.38,,1000.8,
27/10/2023,BURSA,205928,205919,205924,205933,205917,205936,2706.27,,1271.71,,635.8,,184.37,
27/10/2023,BURSA,205917,205936,205923,205926,205918,205934,10279.37,,1343.33,,289.7,,73.84,
27/10/2023,ISTANBUL,205922,205925,205931,205921,205929,205927,3783.68,,1433.06,,240.54,,96.59,
27/10/2023,ISTANBUL,205929,205927,205930,205932,205920,205935,30263.2,,2833.46,,555.72,,53.46,
28/10/2023,ANKARA,205937,205944,205946,205945,205950,205947,2860.26,,316.05,,,,,
28/10/2023,ANKARA,205945,205950,205947,205948,205949,205938,1099.32,,128.85,,27.86,,4.16,
28/10/2023,DIYARBAKIR,205954,205958,205951,205952,205953,205955,25910.92,,1516.75,,876.84,,244.92,
28/10/2023,IZMIR,205941,205961,205957,205956,205939,205959,817.76,,,,,,,
28/10/2023,IZMIR,205939,205959,205943,205942,205940,205960,549.91,,166.63,,38.78,,8.9,
29/10/2023,ADANA,205978,205962,205979,205964,205977,205980,9258.61,,2181.33,,488.64,,100.68,
29/10/2023,ADANA,205977,205980,205974,205976,205963,205975,2851.1,,410.87,,40.28,,43.42,
29/10/2023,ISTANBUL,205968,205971,205967,205973,205969,205972,387.58,,178.57,,,,,
29/10/2023,ISTANBUL,205973,205969,205972,205966,205965,205970,14026.07,,3147.05,,1387.64,,378.56,
30/10/2023,BURSA,205983,205987,205993,205994,205995,205992,99231.95,,4980.46,,,,,
30/10/2023,BURSA,205994,205995,205992,205984,205996,205997,162323.24,,13379.98,,2702.46,,193.01,
30/10/2023,ELAZIG,205990,205982,205988,205986,205985,205989,60340.62,,3511.13,,1455.8,,318.63,
31/10/2023,ADANA,206012,206000,206015,206010,206016,206001,79811.38,,1791.87,,343.38,,184.17,
31/10/2023,ADANA,206016,206001,206014,206011,206002,206013,857.15,,265.77,,15.06,,9.94,
31/10/2023,KOCAELI,205999,206009,206004,206007,206003,206005,2065.51,,441.13,,,,,
31/10/2023,KOCAELI,206007,206003,206005,206008,205998,206006,11897.86,,1440.47,,348.86,,116.51,
01/11/2023,ELAZIG,206017,206021,206024,206026,206023,206022,7530.6,,2366.3,,675.66,,46.5,
01/11/2023,ISTANBUL,206030,206020,206032,206033,206031,206025,365.68,,244.93,,,,,
01/11/2023,ISTANBUL,206033,206031,206025,206029,206019,206034,3354.93,,572.4,,239.16,,111.44,
02/11/2023,ANKARA,206036,206047,206046,206042,206044,206045,168.19,,74.0,,,,,
02/11/2023,ANKARA,206042,206044,206045,206041,206035,206043,1681.93,,966.68,,415.76,,129.61,
02/11/2023,IZMIR,206038,206052,206040,206050,206049,206048,31275.89,,10444.35,,,,,
02/11/2023,IZMIR,206050,206049,206048,206039,206037,206051,666125.94,,28514.78,,5605.4,,866.45,
03/11/2023,BURSA,206067,206058,206070,206073,206057,206069,1893.68,,,,,,,
03/11/2023,BURSA,206057,206069,206063,206071,206068,206056,28145.75,,12599.31,,2349.32,,219.27,
03/11/2023,ISTANBUL,206054,206059,206065,206053,206064,206062,194.67,,38.17,,44.84,,56.64,
03/11/2023,ISTANBUL,206064,206062,206061,206066,206055,206060,24514.68,,4156.01,,855.74,,48.49,
04/11/2023,ANKARA,206081,206092,206080,206091,206090,206093,2787.77,,780.86,,,,,
04/11/2023,ANKARA,206091,206090,206093,206088,206089,206096,1705.03,,143.73,,20.04,,20.02,
04/11/2023,DIYARBAKIR,206100,206101,206098,206104,206103,206102,3665.52,,409.33,,220.0,,44.33,
04/11/2023,IZMIR,206084,206085,206087,206099,206082,206095,98838.38,,4166.25,,1440.1,,556.88,
04/11/2023,IZMIR,206082,206095,206094,206083,206086,206097,40365.24,,5031.36,,151.46,,66.82,
05/11/2023,ADANA,206117,206121,206123,206105,206115,206122,2051.43,,143.16,,,,,
05/11/2023,ADANA,206105,206115,206122,206119,206106,206120,6343.95,,1046.95,,390.28,,50.05,
05/11/2023,ISTANBUL,206107,206113,206118,206114,206112,206108,10598.13,,4290.35,,150.06,,42.34,
05/11/2023,ISTANBUL,206112,206108,206109,206111,206116,206110,1564.03,,525.23,,182.98,,84.72,
06/11/2023,BURSA,206125,206132,206133,206131,206124,206134,3196.33,,1990.2,,,,,
06/11/2023,BURSA,206131,206124,206134,206129,206130,206128,1609.52,,359.61,,65.94,,28.92,
06/11/2023,ELAZIG,206126,206139,206137,206140,206135,206138,342.33,,115.09,,98.7,,34.15,
07/11/2023,ADANA,206143,206154,206158,206144,206156,206153,2361.52,,577.66,,424.86,,97.04,
07/11/2023,ADANA,206156,206153,206155,206157,206159,206145,57475.43,,9818.46,,6334.86,,1579.79,
07/11/2023,KOCAELI,206141,206148,206146,206147,206149,206150,9547.15,,1309.1,,,,,
07/11/2023,KOCAELI,206147,206149,206150,206151,206142,206152,4389.84,,743.98,,123.92,,79.3,
08/11/2023,ELAZIG,206176,206173,206162,206171,206175,206172,2442.9,,563.38,,35.16,,24.05,
08/11/2023,ISTANBUL,206161,206168,206160,206165,206169,206167,471.41,,177.45,,,,,
08/11/2023,ISTANBUL,206165,206169,206167,206164,206166,206170,1298.97,,121.98,,38.34,,17.9,
09/11/2023,ANKARA,206178,206181,206183,206177,206189,206190,148.64,,38.61,,8.76,,3.77,
09/11/2023,ANKARA,206189,206190,206187,206182,206185,206184,1540.34,,970.82,,546.68,,83.13,
09/11/2023,IZMIR,206179,206193,206188,206192,206195,206186,72783.08,,2272.76,,,,,
09/11/2023,IZMIR,206192,206195,206186,206180,206191,206194,55548.36,,8007.96,,1056.78,,244.33,
10/11/2023,BURSA,206227,206225,206226,206223,206211,206222,913.68,,318.97,,,,,
10/11/2023,BURSA,206223,206211,206222,206218,206212,206224,15087.79,,1986.48,,304.18,,97.3,
10/11/2023,ISTANBUL,206219,206214,206210,206213,206217,206221,1643.97,,546.0,,357.14,,165.32,
10/11/2023,ISTANBUL,206217,206221,206215,206216,206220,206209,646.11,,138.3,,67.12,,36.33,
11/11/2023,ANKARA,206238,206230,206241,206242,206229,206239,162.18,,33.15,,,,,
11/11/2023,ANKARA,206242,206229,206239,206240,206244,206245,57.34,,18.9,,6.26,,7.34,
11/11/2023,DIYARBAKIR,206249,206247,206252,206248,206251,206246,29074.76,,11754.16,,2782.16,,513.46,
11/11/2023,IZMIR,206231,206243,206250,206232,206237,206228,79596.06,,18951.06,,11522.96,,725.33,
11/11/2023,IZMIR,206237,206228,206235,206236,206234,206233,35062.07,,696.65,,70.0,,25.09,
12/11/2023,ADANA,206256,206272,206266,206255,206269,206267,3166.05,,559.28,,240.68,,73.71,
12/11/2023,ADANA,206269,206267,206270,206268,206254,206271,47605.74,,7525.87,,571.28,,156.0,
12/11/2023,ISTANBUL,206264,206265,206257,206261,206262,206258,1451.65,,278.0,,,,,
12/11/2023,ISTANBUL,206261,206262,206258,206260,206259,206263,169.59,,102.38,,90.72,,25.9,
13/11/2023,BURSA,206283,206288,206281,206287,206273,206285,9616.64,,1254.81,,,,,
13/11/2023,BURSA,206287,206273,206285,206286,206274,206289,877.89,,280.21,,89.84,,22.52,
13/11/2023,SANLIURFA,206280,206275,206279,206282,206276,206278,873.21,,177.61,,206.8,,23.17,
14/11/2023,ADANA,206294,206292,206295,206293,206290,206296,16923.25,,3033.06,,1219.84,,340.47,
14/11/2023,ANTALYA,206298,206301,206302,206299,206300,206297,2622.33,,636.63,,35.32,,13.35,
15/11/2023,ISTANBUL,206308,206316,206314,206320,206306,206317,251.03,,44.46,,,,,
15/11/2023,ISTANBUL,206320,206306,206317,206312,206319,206307,496.12,,135.37,,25.54,,15.43,
15/11/2023,SANLIURFA,206310,206315,206318,206305,206313,206311,22586.87,,3513.51,,912.7,,183.85,
16/11/2023,IZMIR,206335,206325,206336,206337,206334,206323,881.27,,218.53,,38.96,,10.53,
16/11/2023,KOCAELI,206322,206326,206321,206332,206330,206329,639.17,,250.58,,,,,
16/11/2023,KOCAELI,206332,206330,206329,206331,206328,206327,48344.41,,9345.92,,946.84,,401.57,
17/11/2023,ANTALYA,206348,206340,206350,206344,206347,206352,6155.2,,1077.92,,749.84,,305.46,
17/11/2023,IZMIR,206351,206343,206349,206342,206338,206346,941.92,,229.8,,55.34,,12.31,
18/11/2023,ADANA,206355,206373,206369,206375,206371,206370,2464.05,,1713.93,,,,,
18/11/2023,ADANA,206375,206371,206370,206374,206356,206372,1605.76,,285.33,,12.4,,5.78,
18/11/2023,DIYARBAKIR,206366,206368,206364,206367,206359,206362,1427.72,,457.9,,259.12,,70.91,
18/11/2023,ISTANBUL,206365,206361,206353,206360,206357,206358,1076.75,,214.08,,22.92,,14.17,
19/11/2023,ADANA,206377,206389,206388,206384,206376,206386,1668.06,,275.75,,177.8,,34.61,
19/11/2023,IZMIR,206385,206382,206390,206379,206383,206387,1615.04,,243.02,,,,,
19/11/2023,IZMIR,206379,206383,206387,206380,206381,206378,4981.25,,231.16,,116.68,,28.66,
20/11/2023,BURSA,206401,206394,206402,206408,206407,206395,90818.14,,6287.06,,1185.14,,506.83,
20/11/2023,BURSA,206407,206395,206405,206400,206396,206409,202526.99,,15481.77,,653.08,,134.38,
20/11/2023,SANLIURFA,206406,206392,206398,206403,206393,206399,1315596.58,,61196.7,,1505.32,,138.15,
21/11/2023,ADANA,206425,206410,206421,206424,206423,206411,1718.45,,680.7,,151.16,,33.83,
21/11/2023,ANTALYA,206412,206414,206419,206415,206413,206416,248.75,,95.87,,45.3,,11.4,
22/11/2023,ISTANBUL,206430,206435,206431,206433,206434,206429,766.17,,176.23,,,,,
22/11/2023,ISTANBUL,206433,206434,206429,206432,206436,206428,175.65,,57.4,,9.8,,8.54,
22/11/2023,SANLIURFA,206437,206426,206441,206438,206439,206440,1020.05,,373.75,,201.52,,50.57,
23/11/2023,IZMIR,206449,206446,206453,206458,206459,206445,244.18,,55.46,,10.08,,4.71,
23/11/2023,KOCAELI,206443,206455,206450,206452,206448,206454,6106.58,,1064.93,,,,,
23/11/2023,KOCAELI,206452,206448,206454,206447,206444,206451,5148.11,,306.4,,90.4,,25.09,
24/11/2023,ANTALYA,206464,206469,206467,206471,206472,206468,170.84,,33.48,,11.1,,3.18,
24/11/2023,IZMIR,206462,206460,206465,206461,206463,206466,23910.93,,2540.0,,1516.48,,243.45,
25/11/2023,ADANA,206492,206476,206489,206495,206491,206493,1233.4,,1013.66,,,,,
25/11/2023,ADANA,206495,206491,206493,206490,206475,206494,18213.55,,3080.71,,608.22,,262.76,
25/11/2023,DIYARBAKIR,206481,206482,206480,206479,206477,206478,9764.33,,661.69,,466.74,,56.06,
25/11/2023,ISTANBUL,206474,206486,206487,206484,206473,206488,12374.07,,1899.23,,590.16,,297.31,
26/11/2023,ADANA,206498,206506,206504,206503,206496,206508,3089.68,,448.23,,351.24,,134.87,
26/11/2023,IZMIR,206500,206511,206502,206499,206509,206501,614.91,,192.75,,,,,
26/11/2023,IZMIR,206499,206509,206501,206512,206510,206505,444.93,,144.88,,45.8,,20.63,
27/11/2023,BURSA,206514,206529,206530,206515,206531,206521,566.47,,309.27,,138.86,,34.58,
27/11/2023,BURSA,206531,206521,206528,206527,206513,206526,667.43,,130.82,,51.7,,14.26,
27/11/2023,SANLIURFA,206517,206523,206519,206520,206516,206522,120618.55,,30356.26,,,,,
27/11/2023,SANLIURFA,206520,206516,206522,206525,206518,206524,3793.28,,428.92,,211.24,,56.12,
28/11/2023,ADANA,206533,206546,206544,206542,206532,206545,122.32,,64.91,,33.24,,14.1,
28/11/2023,ANTALYA,206539,206538,206535,206537,206541,206534,1536.49,,382.83,,156.86,,20.93,
29/11/2023,ISTANBUL,206556,206550,206553,206555,206551,206549,8759.53,,724.31,,197.8,,63.66,
29/11/2023,SANLIURFA,206547,206560,206559,206561,206548,206557,2246.63,,2009.19,,495.58,,154.21,
30/11/2023,IZMIR,206566,206570,206565,206576,206574,206579,754.25,,393.01,,,,,
30/11/2023,IZMIR,206576,206574,206579,206568,206578,206581,2521.76,,587.82,,186.62,,151.93,
30/11/2023,KOCAELI,206573,206575,206569,206580,206563,206572,575.07,,152.06,,,,,
30/11/2023,KOCAELI,206580,206563,206572,206567,206577,206564,7259.41,,1036.72,,645.62,,228.41,
01/12/2023,ANTALYA,206596,206582,206589,206595,206597,206592,861.57,,309.91,,,,,
01/12/2023,ANTALYA,206595,206597,206592,206583,206594,206591,6279.96,,863.35,,359.28,,82.29,
01/12/2023,IZMIR,206590,206593,206585,206588,206584,206586,1833.97,,247.1,,126.64,,94.08,
02/12/2023,ADANA,206608,206612,206613,206601,206616,206609,1060.05,,600.53,,,,,
02/12/2023,ADANA,206601,206616,206609,206611,206600,206610,2767.45,,710.77,,125.88,,30.94,
02/12/2023,DIYARBAKIR,206619,206618,206614,206617,206615,206620,6939.74,,1006.92,,212.02,,87.68,
02/12/2023,ISTANBUL,206607,206604,206605,206606,206598,206603,8292.52,,1249.76,,465.22,,194.9,
03/12/2023,ADANA,206632,206623,206631,206633,206627,206624,12120.91,,3012.53,,906.58,,328.73,
03/12/2023,IZMIR,206636,206621,206629,206626,206637,206634,32590.33,,5183.35,,,,,
03/12/2023,IZMIR,206626,206637,206634,206625,206622,206635,4608.01,,1146.1,,76.18,,31.49,
04/12/2023,BURSA,206652,206642,206653,206647,206641,206649,563.06,,308.96,,113.04,,18.59,
04/12/2023,BURSA,206641,206649,206654,206650,206640,206655,4344.47,,1591.75,,594.78,,47.93,
04/12/2023,SANLIURFA,206651,206645,206643,206639,206648,206646,39718.28,,5057.94,,1355.1,,117.03,
05/12/2023,ADANA,206665,206668,206662,206663,206667,206670,27229.11,,2301.78,,172.12,,73.38,
05/12/2023,ANTALYA,206661,206657,206658,206666,206669,206659,278.38,,217.73,,,,,
05/12/2023,ANTALYA,206666,206669,206659,206660,206656,206664,707.41,,165.62,,65.48,,20.67,
06/12/2023,ISTANBUL,206682,206674,206684,206678,206673,206686,7825.19,,1172.96,,323.72,,225.16,
06/12/2023,SANLIURFA,206685,206677,206681,206671,206680,206679,18386.62,,1125.42,,360.38,,109.91,
07/12/2023,IZMIR,206691,206694,206697,206693,206692,206690,167.43,,39.95,,13.46,,5.33,
07/12/2023,KOCAELI,206689,206696,206701,206695,206699,206687,276.05,,65.88,,16.38,,17.84,
07/12/2023,KOCAELI,206699,206687,206698,206702,206688,206700,36921.21,,6047.75,,1035.7,,149.85,
08/12/2023,ANTALYA,206703,206715,206704,206709,206708,206706,10631.37,,691.51,,,,,
08/12/2023,ANTALYA,206709,206708,206706,206710,206712,206713,2247.28,,712.12,,35.36,,27.85,
08/12/2023,IZMIR,206707,206717,206714,206716,206711,206705,3024.52,,386.22,,36.4,,6.43,
09/12/2023,ADANA,206739,206732,206733,206719,206730,206738,139.32,,46.57,,,,,
09/12/2023,ADANA,206719,206730,206738,206735,206737,206718,2067.08,,469.78,,150.74,,84.3,
09/12/2023,DIYARBAKIR,206726,206723,206720,206721,206725,206724,291.66,,198.54,,79.4,,21.8,
09/12/2023,ISTANBUL,206728,206729,206727,206736,206722,206731,2058.92,,96.03,,36.92,,38.64,
10/12/2023,ADANA,206753,206755,206752,206756,206740,206750,10028.52,,3040.67,,713.62,,329.77,
10/12/2023,IZMIR,206743,206747,206751,206754,206744,206749,228060.62,,148152.85,,,,,
10/12/2023,IZMIR,206754,206744,206749,206742,206746,206745,27606.7,,5616.46,,1061.4,,46.08,
11/12/2023,BURSA,206768,206767,206769,206773,206760,206771,2713.58,,1110.63,,,,,
11/12/2023,BURSA,206773,206760,206771,206770,206772,206759,2539.67,,876.3,,451.44,,96.26,
11/12/2023,SANLIURFA,206762,206758,206766,206761,206757,206765,25079.29,,22064.01,,3614.8,,755.69,
12/12/2023,ADANA,206779,206774,206784,206782,206775,206783,230.96,,105.47,,84.98,,26.48,
12/12/2023,ANTALYA,206786,206777,206781,206787,206788,206776,9809.01,,718.81,,207.06,,7.41,
13/12/2023,ISTANBUL,206792,206798,206791,206796,206800,206794,3235.02,,440.87,,,,,
13/12/2023,ISTANBUL,206796,206800,206794,206799,206793,206806,1398.3,,445.27,,48.38,,38.12,
13/12/2023,SANLIURFA,206790,206797,206802,206804,206789,206801,643848.44,,32493.56,,2419.66,,309.49,
14/12/2023,IZMIR,206809,206820,206815,206817,206810,206821,1757.66,,364.43,,431.44,,161.78,
14/12/2023,KOCAELI,206812,206808,206816,206819,206813,206811,5004.68,,1111.98,,,,,
14/12/2023,KOCAELI,206819,206813,206811,206818,206807,206814,9033.69,,1350.2,,508.46,,173.22,
15/12/2023,ANTALYA,206830,206834,206833,206835,206827,206836,8663.6,,1533.72,,270.8,,82.45,
15/12/2023,IZMIR,206826,206824,206825,206828,206823,206829,56.35,,18.2,,14.64,,4.12,
16/12/2023,ADANA,206858,206840,206856,206859,206853,206857,3541.02,,818.25,,,,,
16/12/2023,ADANA,206859,206853,206857,206854,206855,206839,473.23,,145.9,,38.62,,6.27,
16/12/2023,ISTANBUL,206837,206844,206843,206842,206838,206852,1342.22,,410.33,,57.54,,21.93,
17/12/2023,ADANA,206872,206874,206873,206860,206871,206877,79111.66,,19660.08,,13658.42,,1407.51,
17/12/2023,IZMIR,206862,206864,206867,206870,206865,206866,49979.29,,5885.21,,,,,
17/12/2023,IZMIR,206870,206865,206866,206863,206868,206875,3196.93,,724.06,,179.46,,25.96,
18/12/2023,BURSA,206891,206887,206883,206892,206881,206894,656.2,,226.56,,,,,
18/12/2023,BURSA,206892,206881,206894,206890,206880,206893,1685.27,,369.25,,221.04,,10.53,
18/12/2023,SANLIURFA,206886,206879,206882,206889,206884,206878,51546.63,,5239.77,,1478.96,,218.92,
19/12/2023,ADANA,206909,206903,206906,206907,206904,206905,18090.73,,3752.77,,342.32,,99.35,
19/12/2023,ANTALYA,206898,206896,206897,206899,206900,206902,1880.44,,554.38,,,,,
19/12/2023,ANTALYA,206899,206900,206902,206895,206901,206908,82447.98,,3860.03,,768.08,,377.91,
19/12/2023,DIYARBAKIR,206846,206850,206849,206848,206851,206845,2527.88,,309.43,,203.16,,48.75,
20/12/2023,ISTANBUL,206923,206925,206919,206924,206912,206922,4476.37,,1456.23,,271.54,,82.19,
20/12/2023,SANLIURFA,206915,206918,206920,206910,206916,206914,9050.92,,1319.99,,551.46,,49.69,
21/12/2023,IZMIR,206943,206928,206941,206933,206929,206940,4326.26,,840.13,,654.74,,322.46,
21/12/2023,KOCAELI,206931,206927,206939,206932,206930,206935,7207.88,,1543.62,,,,,
21/12/2023,KOCAELI,206932,206930,206935,206937,206934,206926,157496.23,,2481.32,,508.92,,182.26,
22/12/2023,ANTALYA,206944,206953,206948,206946,206951,206947,417.18,,119.97,,62.82,,32.46,
22/12/2023,IZMIR,206954,206950,206956,206955,206957,206952,25503.4,,1604.91,,431.88,,132.11,
23/12/2023,ADANA,206961,206974,206962,206981,206979,206970,1672.4,,1032.62,,,,,
23/12/2023,ADANA,206981,206979,206970,206971,206972,206977,3060.34,,366.26,,106.34,,31.03,
23/12/2023,DIYARBAKIR,206968,206963,206964,206966,206965,206967,11764.04,,909.41,,141.44,,31.88,
23/12/2023,ISTANBUL,206959,206969,206978,206960,206976,206975,2394.67,,631.98,,,,,
23/12/2023,ISTANBUL,206960,206976,206975,206980,206958,206973,178.1,,60.87,,28.66,,14.91,
24/12/2023,ADANA,206982,206991,206986,206993,206989,206983,770.51,,316.12,,86.5,,28.66,
24/12/2023,IZMIR,206990,206995,206997,206996,206985,206987,1831.54,,1013.61,,,,,
24/12/2023,IZMIR,206996,206985,206987,206992,206994,206984,5929.88,,1493.4,,185.7,,85.08,
25/12/2023,BURSA,206998,207004,207013,207014,207012,207003,5503.57,,3065.22,,,,,
25/12/2023,BURSA,207014,207012,207003,206999,207002,207009,3361.41,,527.58,,168.56,,42.7,
25/12/2023,SANLIURFA,207006,207000,207007,207011,207001,207008,1612.98,,656.03,,206.18,,87.88,
26/12/2023,ADANA,207017,207028,207026,207024,207018,207029,119408.34,,24926.07,,6161.18,,633.13,
26/12/2023,ANTALYA,207020,207021,207023,207019,207016,207022,820.82,,126.91,,30.0,,14.75,
27/12/2023,ISTANBUL,207034,207037,207038,207035,207040,207044,1437.67,,326.5,,92.68,,22.58,
27/12/2023,SANLIURFA,207032,207042,207036,207046,207045,207043,1461.83,,160.35,,54.26,,24.18,
28/12/2023,IZMIR,207059,207050,207056,207053,207061,207049,6342.14,,1449.75,,559.3,,72.44,
28/12/2023,KOCAELI,207058,207047,207052,207055,207048,207057,14832.18,,1075.03,,,,,
28/12/2023,KOCAELI,207055,207048,207057,207054,207051,207060,3526.56,,675.13,,152.48,,38.18,
29/12/2023,ANTALYA,207064,207075,207076,207063,207068,207073,52663.24,,2458.96,,1373.64,,607.65,
29/12/2023,ANTALYA,207068,207073,207071,207077,207062,207070,26972.64,,3304.96,,892.84,,318.46,
29/12/2023,IZMIR,207069,207065,207066,207067,207072,207074,3484.17,,993.61,,404.86,,109.65,
30/12/2023,ADANA,207100,207081,207095,207098,207096,207101,1677.45,,270.58,,,,,
30/12/2023,ADANA,207098,207096,207101,207097,207080,207099,1820.58,,1067.83,,141.56,,30.29,
30/12/2023,ISTANBUL,207094,207090,207085,207083,207078,207092,1083.63,,303.67,,88.26,,69.32,
31/12/2023,ADANA,207106,207109,207108,207110,207111,207102,83441.44,,5688.06,,1920.5,,211.41,
31/12/2023,DIYARBAKIR,207084,207087,207093,207089,207082,207086,366037.33,,28249.84,,3441.74,,887.54,
31/12/2023,IZMIR,207118,207104,207112,207115,207117,207113,4760.65,,1072.31,,,,,
31/12/2023,IZMIR,207115,207117,207113,207116,207105,207114,28858.1,,909.22,,229.44,,275.89,
01/01/2024,BURSA,207122,207120,207121,207126,207125,207124,204.92,,131.87,,,,,
01/01/2024,BURSA,207126,207125,207124,207119,207123,207127,4101.94,,883.25,,392.17,,233.35,
02/01/2024,ADANA,207140,207139,207137,207136,207134,207141,1073.95,,731.27,,255.71,,100.35,
02/01/2024,ANTALYA,207132,207129,207135,207130,207128,207138,3044.09,,734.72,,48.03,,16.7,
03/01/2024,ISTANBUL,207147,207146,207143,207145,207148,207142,931.34,,160.6,,32.43,,9.75,
04/01/2024,IZMIR,207164,207152,207162,207166,207163,207151,217.18,,59.25,,11.62,,7.5,
04/01/2024,KOCAELI,207154,207159,207157,207153,207149,207158,207.78,,95.42,,,,,
04/01/2024,KOCAELI,207153,207149,207158,207155,207150,207156,1043.4,,351.32,,101.36,,35.8,
05/01/2024,ANTALYA,207167,207170,207168,207177,207173,207179,280.72,,155.9,,,,,
05/01/2024,ANTALYA,207177,207173,207179,207172,207175,207181,23457.46,,7341.65,,1114.01,,354.9,
05/01/2024,IZMIR,207178,207180,207176,207174,207171,207169,24353.68,,2717.05,,202.65,,112.65,
06/01/2024,ADANA,207198,207192,207189,207183,207193,207190,929.3,,153.25,,,,,
06/01/2024,ADANA,207183,207193,207190,207195,207188,207182,449.66,,55.07,,14.43,,12.6,
06/01/2024,ISTANBUL,207197,207191,207184,207186,207196,207187,26686.86,,3477.82,,561.18,,357.1,
07/01/2024,ADANA,207210,207205,207207,207213,207214,207212,14435.02,,1996.9,,945.97,,69.95,
07/01/2024,IZMIR,207201,207211,207209,207206,207204,207202,2196.94,,350.85,,184.08,,59.75,
08/01/2024,BURSA,207229,207219,207221,207231,207216,207227,12601.04,,1456.67,,,,,
08/01/2024,BURSA,207231,207216,207227,207224,207215,207232,12399.26,,1509.37,,429.93,,63.45,
08/01/2024,SANLIURFA,207230,207217,207223,207228,207218,207226,13114.8,,3868.27,,2340.56,,207.55,
09/01/2024,ADANA,207241,207235,207244,207246,207239,207236,93603.34,,26056.65,,5842.91,,1256.4,
09/01/2024,ANTALYA,207234,207238,207245,207243,207240,207248,31850.96,,1554.4,,,,,
09/01/2024,ANTALYA,207243,207240,207248,207233,207242,207247,19600.9,,1496.45,,381.71,,117.4,
10/01/2024,ISTANBUL,207252,207261,207257,207253,207265,207258,9591.06,,790.05,,,,,
10/01/2024,ISTANBUL,207253,207265,207258,207256,207263,207251,766.6,,153.02,,103.05,,35.8,
10/01/2024,SANLIURFA,207255,207249,207264,207262,207254,207260,3243555.9,,170425.62,,5975.13,,931.85,
11/01/2024,IZMIR,207280,207269,207281,207278,207274,207279,1361.86,,489.57,,246.52,,76.0,
11/01/2024,KOCAELI,207276,207267,207271,207277,207268,207270,3011.8,,110.47,,,,,
11/01/2024,KOCAELI,207277,207268,207270,207273,207275,207272,628.08,,132.07,,55.72,,26.1,
12/01/2024,ANTALYA,207294,207295,207290,207287,207288,207292,328740.06,,168738.7,,17691.37,,1477.3,
12/01/2024,IZMIR,207293,207283,207284,207291,207289,207282,120188.0,,33551.22,,736.12,,468.7,
13/01/2024,ADANA,207307,207308,207309,207310,207298,207311,23656.84,,1639.35,,,,,
13/01/2024,ADANA,207310,207298,207311,207306,207312,207299,16523.36,,2066.5,,397.83,,101.7,
13/01/2024,ISTANBUL,207296,207302,207301,207300,207305,207303,5935.24,,1354.92,,248.28,,141.95,
14/01/2024,ADANA,207323,207322,207319,207318,207313,207321,19954.72,,3101.02,,434.47,,50.4,
14/01/2024,IZMIR,207324,207316,207327,207328,207326,207320,588.94,,216.0,,,,,
14/01/2024,IZMIR,207328,207326,207320,207325,207329,207315,373.6,,92.75,,14.85,,14.9,
15/01/2024,BURSA,207330,207346,207338,207344,207347,207340,163693.66,,4041.95,,,,,
15/01/2024,BURSA,207344,207347,207340,207343,207331,207345,335.82,,71.25,,33.33,,25.05,
15/01/2024,SANLIURFA,207333,207336,207335,207334,207342,207339,522621.64,,424506.4,,,,,
15/01/2024,SANLIURFA,207334,207342,207339,207341,207332,207337,2229362.25,,332691.92,,13849.16,,2767.15,
16/01/2024,ADANA,207363,207348,207359,207362,207360,207349,1741.32,,401.77,,175.68,,33.55,
16/01/2024,ANTALYA,207351,207356,207353,207358,207350,207354,790.1,,381.82,,,,,
16/01/2024,ANTALYA,207358,207350,207354,207357,207352,207355,678.64,,118.5,,36.75,,22.15,
17/01/2024,ISTANBUL,207376,207377,207367,207375,207366,207378,83281.52,,5541.95,,787.05,,238.3,
17/01/2024,SANLIURFA,207372,207368,207364,207371,207370,207369,3145.51,,914.27,,340.35,,20.8,
18/01/2024,IZMIR,207391,207381,207383,207392,207393,207384,901.06,,134.55,,149.17,,70.85,
18/01/2024,KOCAELI,207380,207385,207388,207386,207390,207389,341.04,,125.55,,,,,
18/01/2024,KOCAELI,207386,207390,207389,207387,207379,207382,1479.84,,306.72,,66.9,,25.25,
19/01/2024,ANTALYA,207428,207407,207421,207424,207429,207408,2833.2,,730.0,,,,,
19/01/2024,ANTALYA,207424,207429,207408,207427,207406,207425,62924.76,,24629.77,,3870.33,,532.8,
19/01/2024,IZMIR,207422,207418,207419,207423,207426,207420,231.24,,62.45,,25.53,,15.85,
20/01/2024,ADANA,207439,207454,207440,207452,207455,207453,3256.64,,735.35,,,,,
20/01/2024,ADANA,207452,207455,207453,207450,207448,207456,44023.06,,7846.17,,2250.07,,675.75,
20/01/2024,ISTANBUL,207443,207441,207446,207451,207447,207449,108.62,,54.22,,,,,
20/01/2024,ISTANBUL,207451,207447,207449,207445,207442,207444,922.52,,398.92,,111.22,,36.45,
21/01/2024,ADANA,207469,207472,207468,207470,207473,207460,8633.52,,1660.97,,178.83,,36.7,
21/01/2024,IZMIR,207476,207474,207478,207475,207461,207477,7122.14,,6205.5,,,,,
21/01/2024,IZMIR,207475,207461,207477,207471,207479,207462,89470.8,,11717.02,,645.26,,306.7,
22/01/2024,BURSA,207489,207492,207487,207498,207483,207496,12407.55,,1853.55,,,,,
22/01/2024,BURSA,207498,207483,207496,207497,207484,207495,14027.28,,920.75,,186.6,,56.1,
22/01/2024,SANLIURFA,207490,207481,207486,207482,207491,207488,14888.52,,1917.62,,,,,
22/01/2024,SANLIURFA,207482,207491,207488,207485,207494,207493,280533.15,,35741.77,,8640.03,,762.35,
23/01/2024,ADANA,207510,207507,207509,207506,207508,207512,5506.9,,763.77,,164.88,,61.15,
23/01/2024,ANTALYA,207511,207503,207504,207505,207500,207502,150.18,,32.15,,22.8,,15.4,
24/01/2024,ISTANBUL,207526,207518,207520,207516,207525,207523,1119.58,,420.27,,187.42,,68.65,
24/01/2024,SANLIURFA,207515,207524,207517,207521,207513,207519,50040.03,,11057.72,,2338.05,,683.15,
25/01/2024,IZMIR,207537,207530,207540,207542,207541,207529,4790.5,,1176.85,,424.68,,60.5,
25/01/2024,KOCAELI,207531,207536,207534,207527,207535,207532,839.54,,719.22,,,,,
25/01/2024,KOCAELI,207527,207535,207532,207533,207528,207538,65690.04,,19864.57,,3051.48,,768.35,
26/01/2024,ANTALYA,207562,207548,207563,207566,207547,207567,635.46,,360.7,,92.88,,104.05,
26/01/2024,IZMIR,207558,207556,207557,207560,207561,207559,55059.48,,7491.95,,294.63,,109.95,
27/01/2024,ADANA,207580,207581,207583,207582,207569,207578,3391.82,,1146.22,,,,,
27/01/2024,ADANA,207582,207569,207578,207579,207584,207568,3604.95,,547.3,,34.31,,25.65,
27/01/2024,ISTANBUL,207577,207575,207571,207572,207576,207574,2697.58,,876.87,,211.38,,89.9,
28/01/2024,ADANA,207600,207587,207598,207597,207588,207601,666.4,,248.85,,102.78,,9.9,
28/01/2024,IZMIR,207590,207589,207593,207592,207586,207594,168.92,,108.35,,,,,
28/01/2024,IZMIR,207592,207586,207594,207591,207599,207585,162.46,,31.85,,5.96,,6.2,
29/01/2024,BURSA,207618,207605,207616,207604,207609,207612,14009.92,,1639.67,,,,,
29/01/2024,BURSA,207604,207609,207612,207606,207617,207619,1048.48,,132.2,,32.66,,20.05,
29/01/2024,SANLIURFA,207608,207610,207602,207615,207603,207614,12171.9,,4291.5,,,,,
29/01/2024,SANLIURFA,207615,207603,207614,207607,207611,207613,28031.56,,4367.42,,2491.91,,513.25,
30/01/2024,ADANA,207633,207623,207632,207631,207634,207622,15441.48,,1761.57,,1628.66,,414.85,
30/01/2024,ANTALYA,207620,207629,207628,207624,207626,207627,74115.74,,5638.75,,406.31,,162.65,
31/01/2024,ISTANBUL,207638,207643,207640,207637,207650,207641,322.16,,100.45,,,,,
31/01/2024,ISTANBUL,207637,207650,207641,207648,207639,207645,8117.96,,1946.42,,571.27,,457.9,
31/01/2024,SANLIURFA,207651,207644,207646,207635,207642,207647,8254974.75,,933335.6,,32445.71,,1273.65,
01/02/2024,IZMIR,207661,207666,207663,207665,207662,207664,244828.12,,15545.3,,1586.02,,469.25,
01/02/2024,KOCAELI,207656,207653,207655,207660,207659,207654,884.44,,314.07,,,,,
01/02/2024,KOCAELI,207660,207659,207654,207658,207657,207652,60709.08,,11336.87,,1566.41,,654.85,
02/02/2024,ANTALYA,207677,207669,207682,207671,207670,207680,5065.94,,1916.9,,591.22,,81.7,
02/02/2024,IZMIR,207667,207676,207673,207672,207668,207679,32347.92,,11690.47,,2399.36,,794.75,
03/02/2024,ADANA,207701,207689,207698,207695,207688,207691,1652.48,,277.57,,,,,
03/02/2024,ADANA,207695,207688,207691,207700,207693,207702,7552.7,,5374.35,,395.88,,174.0,
03/02/2024,ISTANBUL,207690,207699,207694,207692,207696,207686,6716.68,,888.75,,101.81,,31.85,
04/02/2024,ADANA,207711,207703,207710,207709,207708,207712,1074.2,,120.75,,46.35,,7.75,
04/02/2024,IZMIR,207717,207714,207716,207706,207705,207713,5042.1,,2518.6,,829.72,,,
05/02/2024,BURSA,207753,207741,207743,207736,207745,207751,6986.12,,759.17,,,,,
05/02/2024,BURSA,207736,207745,207751,207750,207737,207754,41506.92,,4657.12,,1137.22,,217.1,
05/02/2024,SANLIURFA,207734,207749,207735,207748,207742,207746,268011.75,,12932.47,,,,,
05/02/2024,SANLIURFA,207748,207742,207746,207738,207744,207740,66785.7,,7070.52,,1113.0,,149.45,
06/02/2024,ADANA,207761,207772,207773,207770,207763,207774,4277.12,,2691.0,,809.55,,313.05,
06/02/2024,ANTALYA,207769,207759,207768,207766,207760,207767,310.24,,100.0,,41.4,,30.05,
07/02/2024,ISTANBUL,207776,207782,207781,207779,207775,207784,1490.06,,227.82,,39.3,,20.35,
07/02/2024,SANLIURFA,207780,207785,207789,207777,207783,207787,8662.26,,4143.85,,1604.17,,193.7,
08/02/2024,IZMIR,207790,207802,207799,207807,207791,207805,3116.94,,1090.5,,220.31,,37.3,
08/02/2024,KOCAELI,207801,207800,207803,207806,207797,207793,1414.82,,352.05,,70.68,,27.65,
09/02/2024,ANTALYA,207824,207832,207825,207833,207819,207826,545.1,,250.82,,108.37,,8.25,
09/02/2024,IZMIR,207830,207822,207834,207831,207828,207827,1972.78,,551.77,,194.77,,67.6,
10/02/2024,ADANA,207851,207852,207855,207853,207841,207856,20064.18,,5954.2,,,,,
10/02/2024,ADANA,207853,207841,207856,207854,207842,207857,7734.24,,1314.17,,391.76,,28.0,
10/02/2024,ISTANBUL,207846,207847,207843,207845,207849,207850,27142.88,,3546.12,,848.17,,269.75,
11/02/2024,ADANA,207865,207868,207867,207869,207863,207871,1778.18,,442.3,,179.47,,108.95,
11/02/2024,IZMIR,207859,207860,207858,207862,207872,207864,1205.74,,733.72,,,,,
11/02/2024,IZMIR,207862,207872,207864,207861,207866,207870,11829.24,,1507.32,,960.0,,276.2,
12/02/2024,BURSA,207881,207885,207874,207879,207890,207880,315069.46,,6089.77,,,,,
12/02/2024,BURSA,207879,207890,207880,207878,207873,207888,26079.1,,5322.9,,949.83,,105.45,
12/02/2024,SANLIURFA,207877,207884,207876,207882,207889,207883,310145.97,,108655.65,,,,,
12/02/2024,SANLIURFA,207882,207889,207883,207887,207875,207886,20559.33,,10247.67,,1082.28,,73.65,
13/02/2024,ADANA,207903,207891,207900,207904,207893,207902,8404.36,,2252.2,,73.38,,32.0,
13/02/2024,ANTALYA,207899,207905,207898,207895,207897,207896,7299.38,,1033.27,,540.56,,186.4,
14/02/2024,ISTANBUL,207908,207916,207913,207921,207909,207920,4319.88,,1517.27,,447.67,,235.5,
14/02/2024,SANLIURFA,207914,207907,207912,207917,207910,207906,4719.87,,1611.75,,357.3,,69.35,
15/02/2024,IZMIR,207935,207937,207936,207932,207934,207928,355.3,,135.75,,39.48,,34.45,
15/02/2024,KOCAELI,207924,207929,207926,207933,207930,207927,25724.5,,1500.0,,,,,
15/02/2024,KOCAELI,207933,207930,207927,207925,207931,207923,10975.12,,475.92,,172.5,,36.6,
16/02/2024,ANTALYA,207951,207939,207950,207944,207948,207949,2682.98,,658.35,,342.9,,181.3,
16/02/2024,IZMIR,207940,207942,207945,207947,207941,207943,688.76,,218.85,,100.8,,,
17/02/2024,ADANA,207952,207964,207953,207966,207960,207967,399574.48,,21344.2,,,,,
17/02/2024,ADANA,207966,207960,207967,207959,207965,207968,419449.12,,14008.07,,1309.53,,211.1,
17/02/2024,ISTANBUL,207958,207962,207955,207957,207954,207961,507.52,,258.62,,163.83,,45.45,
18/02/2024,ADANA,207980,207970,207974,207977,207978,207979,775.96,,352.55,,278.66,,60.4,
18/02/2024,IZMIR,207982,207983,207975,207981,207972,207973,869.16,,320.35,,,,,
18/02/2024,IZMIR,207981,207972,207973,207985,207971,207984,18541.12,,2731.87,,790.42,,172.2,
19/02/2024,BURSA,207990,208003,207998,207997,207999,207988,2623.72,,664.85,,490.95,,385.6,
19/02/2024,BURSA,207999,207988,208000,208002,207989,208001,131956.68,,10551.82,,2491.12,,579.8,
19/02/2024,SANLIURFA,207996,207993,207995,207991,207987,207992,11259.93,,2264.67,,764.06,,159.9,
20/02/2024,ADANA,208024,208020,208022,208021,208023,208025,34969.94,,2985.27,,521.7,,266.3,
20/02/2024,ANTALYA,208016,208012,208019,208017,208018,208015,1426.54,,815.6,,423.07,,58.95,
21/02/2024,ISTANBUL,208033,208034,208029,208036,208031,208038,5116.62,,300.9,,126.11,,38.1,
21/02/2024,SANLIURFA,208027,208040,208032,208026,208037,208039,8625.2,,6774.95,,,,,
21/02/2024,SANLIURFA,208026,208037,208039,208028,208041,208035,4950.99,,2039.02,,588.52,,87.65,
22/02/2024,IZMIR,208043,208055,208057,208059,208044,208058,735.39,,114.6,,65.66,,16.35,
22/02/2024,KOCAELI,208047,208060,208050,208053,208049,208051,6861.6,,1326.92,,,,,
22/02/2024,KOCAELI,208053,208049,208051,208054,208062,208048,219235.36,,32441.2,,2690.25,,858.75,
23/02/2024,ANTALYA,208077,208082,208083,208081,208070,208084,2118.16,,805.52,,338.55,,95.95,
23/02/2024,IZMIR,208075,208072,208080,208073,208071,208076,5277.1,,962.5,,168.15,,65.9,
24/02/2024,ADANA,208091,208097,208089,208092,208087,208094,199.14,,125.95,,,,,
24/02/2024,ADANA,208092,208087,208094,208090,208088,208099,261.18,,83.85,,33.6,,6.45,
24/02/2024,ISTANBUL,208086,208100,208095,208093,208085,208096,58903.06,,7755.67,,718.38,,408.4,
25/02/2024,ADANA,208103,208111,208114,208112,208102,208115,1776.66,,755.42,,266.13,,124.75,
25/02/2024,IZMIR,208104,208109,208105,208117,208113,208107,54046.72,,1902.57,,,,,
25/02/2024,IZMIR,208117,208113,208107,208106,208108,208116,506700.08,,96241.7,,3524.13,,972.55,
26/02/2024,BURSA,208121,208131,208124,208130,208120,208132,733.4,,400.6,,,,,
26/02/2024,BURSA,208130,208120,208132,208129,208122,208133,25779.24,,6909.2,,1621.87,,413.45,
26/02/2024,SANLIURFA,208118,208125,208127,208128,208119,208126,132905.4,,30637.42,,6114.48,,275.55,
27/02/2024,ADANA,208140,208137,208141,208136,208138,208139,7116.4,,1108.22,,207.48,,77.0,
27/02/2024,ANTALYA,208135,208142,208145,208146,208147,208148,450.78,,97.02,,,,,
27/02/2024,ANTALYA,208146,208147,208148,208143,208144,208134,1844.32,,171.12,,123.33,,41.45,
28/02/2024,ISTANBUL,208151,208163,208162,208152,208164,208165,5510.76,,588.9,,,,,
28/02/2024,ISTANBUL,208152,208164,208165,208161,208153,208166,7597.94,,2246.47,,344.81,,227.35,
28/02/2024,SANLIURFA,208149,208156,208160,208150,208159,208155,3386.68,,2647.67,,,,,
28/02/2024,SANLIURFA,208150,208159,208155,208154,208158,208157,80688.94,,21352.9,,3149.47,,310.5,
29/02/2024,IZMIR,208183,208170,208178,208181,208169,208185,82360.76,,7112.55,,1112.77,,298.95,
29/02/2024,KOCAELI,208182,208189,208168,208174,208173,208167,2371.1,,511.62,,301.46,,274.55,
29/02/2024,KOCAELI,208173,208167,208175,208177,208176,208180,21123.74,,821.95,,202.65,,32.8,
01/03/2024,ANTALYA,208197,208209,208206,208203,208196,208199,2870.7,,698.2,,,,,
01/03/2024,ANTALYA,208203,208196,208199,208201,208200,208202,347.4,,122.47,,69.63,,12.65,
01/03/2024,IZMIR,208207,208208,208204,208193,208205,208210,14899.42,,1872.02,,544.2,,56.45,
02/03/2024,ADANA,208221,208216,208217,208212,208223,208220,206.34,,70.02,,,,,
02/03/2024,ADANA,208212,208223,208220,208218,208219,208211,68625.8,,10134.57,,4186.65,,1326.3,
02/03/2024,ISTANBUL,208215,208231,208214,208234,208233,208237,4787.26,,1100.27,,459.75,,24.55,
02/03/2024,ISTANBUL,208233,208237,208232,208213,208230,208236,513.4,,205.97,,20.06,,5.3,
03/03/2024,ADANA,208244,208251,208247,208249,208245,208250,2178.08,,849.9,,266.92,,32.25,
03/03/2024,IZMIR,208242,208239,208240,208238,208252,208246,306.76,,102.9,,,,,
03/03/2024,IZMIR,208238,208252,208246,208241,208248,208243,2585.34,,731.72,,104.66,,51.15,
04/03/2024,BURSA,208257,208260,208258,208269,208254,208264,1027.06,,1293.82,,,,,
04/03/2024,BURSA,208269,208254,208264,208262,208259,208253,87118.7,,10922.37,,2089.2,,303.95,
04/03/2024,SANLIURFA,208261,208256,208266,208270,208265,208267,930893.19,,20801.32,,,,,
04/03/2024,SANLIURFA,208270,208265,208267,208268,208255,208263,74398.92,,4450.42,,653.88,,236.05,
05/03/2024,ADANA,208271,208287,208283,208281,208286,208285,87.12,,55.52,,,,,
05/03/2024,ADANA,208281,208286,208285,208272,208284,208288,33677.92,,12259.02,,6832.5,,1390.1,
05/03/2024,ANTALYA,208279,208273,208282,208278,208276,208277,8693.64,,2264.55,,939.9,,243.6,
06/03/2024,ISTANBUL,208295,208298,208300,208297,208290,208299,49496.1,,29484.05,,3270.82,,300.3,
06/03/2024,SANLIURFA,208294,208289,208296,208293,208292,208291,129278.36,,18614.42,,6419.28,,2042.1,
07/03/2024,IZMIR,208310,208313,208315,208314,208309,208312,531.48,,98.4,,92.51,,21.1,
07/03/2024,KOCAELI,208302,208307,208304,208306,208301,208305,6450.06,,147.92,,,,,
07/03/2024,KOCAELI,208306,208301,208305,208308,208303,208311,8587.08,,2907.52,,482.25,,242.75,
08/03/2024,ANTALYA,208331,208347,208350,208332,208352,208345,11899.46,,4725.6,,830.25,,391.0,
08/03/2024,IZMIR,208353,208341,208349,208346,208342,208344,2439.06,,133.55,,60.45,,8.55,
09/03/2024,ADANA,208368,208370,208354,208366,208367,208365,54028.84,,13656.77,,,,,
09/03/2024,ADANA,208366,208367,208365,208369,208355,208371,535502.5,,34276.47,,17800.01,,2575.65,
09/03/2024,ISTANBUL,208361,208357,208360,208359,208362,208363,384.58,,141.32,,,,,
09/03/2024,ISTANBUL,208359,208362,208363,208358,208356,208364,363.6,,229.05,,18.45,,17.65,
10/03/2024,ADANA,208396,208383,208394,208388,208382,208392,24388.72,,1983.92,,471.45,,206.75,
10/03/2024,ADANA,208382,208392,208397,208390,208395,208381,11865.7,,2388.15,,263.47,,47.75,
10/03/2024,IZMIR,208380,208391,208385,208389,208387,208384,1447.36,,217.15,,,,,
10/03/2024,IZMIR,208389,208387,208384,208393,208379,208386,3547.82,,745.3,,52.91,,44.65,
11/03/2024,BURSA,208434,208422,208437,208436,208439,208433,1053.02,,250.07,,,,,
11/03/2024,BURSA,208436,208439,208433,208435,208423,208438,357.2,,121.37,,46.42,,14.95,
11/03/2024,SANLIURFA,208425,208431,208426,208432,208430,208427,12684.24,,6757.25,,,,,
11/03/2024,SANLIURFA,208432,208430,208427,208429,208424,208428,141098.43,,22801.55,,1261.5,,506.55,
12/03/2024,ADANA,208448,208456,208461,208447,208452,208460,2534.36,,2029.1,,,,,
12/03/2024,ADANA,208447,208452,208460,208457,208458,208463,2789.88,,1382.75,,121.16,,16.9,
12/03/2024,ANTALYA,208459,208462,208450,208453,208451,208455,4902.08,,1063.3,,317.4,,142.95,
13/03/2024,ISTANBUL,208465,208468,208464,208466,208473,208467,23637.58,,7549.3,,1280.13,,277.0,
13/03/2024,SANLIURFA,208472,208475,208477,208470,208471,208476,16665.4,,15435.2,,2875.68,,194.65,
14/03/2024,IZMIR,208495,208493,208484,208482,208492,208496,4981.3,,1256.55,,406.57,,141.0,
14/03/2024,KOCAELI,208479,208487,208486,208498,208489,208488,446.14,,165.57,,,,,
14/03/2024,KOCAELI,208498,208489,208488,208490,208478,208494,156160.4,,17495.4,,3973.31,,3223.85,
15/03/2024,ANTALYA,208533,208548,208552,208549,208553,208547,773.84,,164.95,,,,,
15/03/2024,ANTALYA,208549,208553,208547,208554,208534,208551,472.26,,81.25,,39.56,,9.45,
15/03/2024,IZMIR,208538,208542,208546,208536,208550,208543,169.94,,75.3,,,,,
15/03/2024,IZMIR,208536,208550,208543,208545,208541,208537,11174.72,,2348.62,,772.53,,1166.15,
16/03/2024,ADANA,208558,208572,208569,208559,208566,208568,56695.42,,4042.75,,1392.75,,374.1,
16/03/2024,ADANA,208566,208568,208560,208571,208557,208570,289291.96,,14338.12,,2316.37,,247.3,
16/03/2024,ISTANBUL,208567,208555,208562,208564,208556,208565,17500.58,,3073.22,,588.52,,213.05,
17/03/2024,ADANA,208600,208591,208605,208602,208604,208601,1721.02,,108.22,,,,,
17/03/2024,ADANA,208602,208604,208601,208603,208590,208606,3316.3,,704.65,,193.42,,103.55,
17/03/2024,IZMIR,208613,208593,208607,208610,208611,208608,538.08,,212.37,,,,,
17/03/2024,IZMIR,208610,208611,208608,208612,208592,208614,3989.68,,1515.02,,291.48,,61.95,
18/03/2024,BURSA,208616,208618,208623,208617,208619,208630,23617.64,,4087.9,,360.9,,516.3,
18/03/2024,BURSA,208619,208630,208625,208621,208615,208628,534570.9,,42811.5,,6571.12,,303.8,
18/03/2024,SANLIURFA,208629,208622,208624,208620,208626,208627,9434.79,,2927.12,,1260.3,,216.4,
19/03/2024,ADANA,208637,208632,208636,208640,208638,208639,18801.56,,6265.9,,1329.52,,284.5,
19/03/2024,ANTALYA,208634,208647,208641,208646,208633,208642,1337.26,,115.82,,56.66,,41.05,
19/03/2024,ANTALYA,208633,208642,208645,208643,208635,208644,3804.14,,1844.35,,348.6,,113.95,
20/03/2024,ISTANBUL,208654,208653,208656,208658,208657,208659,2173.06,,252.62,,189.48,,83.35,
20/03/2024,SANLIURFA,208661,208663,208652,208650,208655,208660,114653.34,,14291.95,,4806.97,,523.25,
21/03/2024,IZMIR,208665,208680,208676,208664,208682,208685,670.72,,419.9,,203.32,,139.5,
21/03/2024,IZMIR,208682,208685,208683,208674,208666,208686,795.56,,219.17,,37.46,,6.85,
21/03/2024,KOCAELI,208677,208671,208679,208672,208681,208678,3821.1,,2326.87,,,,,
21/03/2024,KOCAELI,208672,208681,208678,208673,208675,208687,21303.16,,3000.45,,794.36,,107.9,
22/03/2024,ANTALYA,208703,208706,208710,208707,208702,208709,8676.56,,3636.87,,798.33,,194.1,
22/03/2024,IZMIR,208714,208712,208705,208700,208696,208715,6478.48,,978.55,,,,,
22/03/2024,IZMIR,208700,208696,208715,208708,208713,208695,344021.44,,25694.72,,6162.63,,1291.4,
23/03/2024,ADANA,208728,208730,208716,208726,208729,208725,660253.84,,44619.4,,,,,
23/03/2024,ADANA,208726,208729,208725,208727,208717,208731,11111.98,,3068.15,,353.58,,206.1,
23/03/2024,ISTANBUL,208724,208723,208718,208720,208722,208719,4967.76,,888.42,,241.91,,84.1,
24/03/2024,ADANA,208742,208744,208745,208741,208743,208746,102302.88,,8453.35,,2011.68,,332.35,
24/03/2024,IZMIR,208735,208737,208739,208738,208733,208734,1760.52,,1274.62,,303.56,,111.45,
25/03/2024,BURSA,208748,208755,208751,208754,208753,208760,833.08,,221.67,,,,,
25/03/2024,BURSA,208754,208753,208760,208747,208752,208758,157451.98,,13833.02,,2731.23,,606.05,
25/03/2024,SANLIURFA,208749,208757,208763,208756,208764,208761,81498.95,,86937.25,,,,,
25/03/2024,SANLIURFA,208756,208764,208761,208762,208750,208759,47630.16,,11113.57,,1925.13,,313.05,
26/03/2024,ADANA,208777,208780,208772,208779,208778,208776,2412.44,,503.87,,82.68,,55.55,
26/03/2024,ANTALYA,208765,208768,208771,208767,208766,208769,229.04,,69.02,,,,,
26/03/2024,ANTALYA,208767,208766,208769,208775,208774,208770,4418.0,,1477.8,,1287.41,,132.0,
27/03/2024,ISTANBUL,208785,208790,208789,208786,208787,208791,651370.14,,3568.7,,,,,
27/03/2024,ISTANBUL,208786,208787,208791,208792,208788,208784,34252.12,,4128.22,,761.21,,120.25,
27/03/2024,SANLIURFA,208796,208794,208793,208795,208783,208797,1740215.46,,32340.95,,4507.05,,275.9,
28/03/2024,IZMIR,208800,208815,208801,208798,208813,208806,302.08,,71.2,,39.26,,32.85,
28/03/2024,KOCAELI,208808,208809,208802,208811,208810,208803,54226.46,,6570.27,,1202.17,,171.3,
29/03/2024,ADANA,208834,208818,208835,208837,208836,208840,83962.52,,7853.1,,,,,
29/03/2024,ADANA,208837,208836,208840,208833,208819,208838,122729.44,,6121.87,,521.62,,195.8,
29/03/2024,ANTALYA,208816,208825,208830,208817,208829,208828,171.23,,28.95,,,,,
29/03/2024,ANTALYA,208817,208829,208828,208827,208823,208831,116.02,,62.75,,31.2,,16.2,
29/03/2024,IZMIR,208820,208839,208822,208824,208821,208826,4397.78,,594.0,,254.7,,102.15,
30/03/2024,ADANA,208845,208852,208854,208846,208858,208861,1431.3,,360.85,,,,,
30/03/2024,ADANA,208846,208858,208861,208862,208860,208847,3249.62,,2030.62,,972.33,,323.75,
30/03/2024,ISTANBUL,208850,208842,208849,208855,208848,208841,12179.8,,2615.4,,610.76,,355.15,
30/03/2024,IZMIR,208859,208865,208866,208863,208844,208856,4351.68,,1157.55,,,,,
30/03/2024,IZMIR,208863,208844,208856,208864,208867,208843,6720.42,,972.17,,247.72,,22.65,
01/04/2024,BURSA,208881,208869,208871,208878,208875,208873,332137.44,,63637.92,,,,,
01/04/2024,BURSA,208878,208875,208873,208870,208868,208883,226002.52,,17368.2,,927.3,,61.55,
01/04/2024,SANLIURFA,208876,208884,208879,208872,208877,208882,2342.67,,176.87,,132.15,,28.6,
02/04/2024,ADANA,208885,208895,208896,208892,208890,208898,5045.8,,738.92,,102.22,,29.55,
02/04/2024,ADANA,208890,208898,208899,208900,208886,208901,3149.12,,814.9,,219.48,,56.5,
02/04/2024,ANTALYA,208893,208887,208894,208897,208888,208891,243.84,,39.12,,30.9,,6.6,
03/04/2024,ISTANBUL,208912,208913,208915,208914,208902,208911,272.2,,121.27,,,,,
03/04/2024,ISTANBUL,208914,208902,208911,208910,208916,208903,960.76,,337.62,,115.72,,29.2,
03/04/2024,SANLIURFA,208909,208905,208904,208908,208906,208907,85397.69,,4944.7,,1409.7,,186.8,
04/04/2024,IZMIR,208919,208927,208932,208929,208920,208934,1669.92,,1053.87,,175.08,,8.25,
04/04/2024,KOCAELI,208918,208931,208925,208917,208928,208930,298763.04,,8626.27,,2050.2,,1036.15,
04/04/2024,KOCAELI,208928,208930,208921,208924,208922,208933,4507.94,,578.57,,39.97,,11.1,
05/04/2024,ANTALYA,208953,208957,208945,208958,208936,208954,189.62,,74.35,,,,,
05/04/2024,ANTALYA,208958,208936,208954,208955,208956,208935,1402.7,,286.67,,107.81,,52.75,
05/04/2024,IZMIR,208943,208940,208948,208942,208939,208944,69428.08,,13294.05,,,,,
05/04/2024,IZMIR,208942,208939,208944,208937,208941,208938,882485.04,,78067.75,,5380.76,,1459.05,
06/04/2024,ADANA,208959,208968,208970,208960,208969,208974,5335.0,,617.2,,147.03,,141.1,
06/04/2024,ADANA,208969,208974,208971,208972,208961,208973,27294.22,,7818.9,,775.23,,188.05,
06/04/2024,ISTANBUL,208962,208964,208967,208963,208966,208965,442.84,,293.3,,103.12,,33.55,
07/04/2024,ADANA,208992,208994,208987,208985,208989,208988,1363.44,,396.77,,,,,
07/04/2024,ADANA,208985,208989,208988,208993,208991,208996,6696.94,,2223.45,,1613.25,,140.3,
07/04/2024,IZMIR,208997,208995,208998,208982,208990,208986,68710.42,,8752.65,,1126.05,,67.35,
08/04/2024,BURSA,209006,209007,209015,209009,209005,209011,40535.58,,9510.92,,,,,
08/04/2024,BURSA,209009,209005,209011,209010,209008,209014,6863.12,,1604.27,,518.02,,60.7,
08/04/2024,SANLIURFA,209019,209013,209004,209016,209018,209012,471.74,,220.17,,91.72,,46.15,
09/04/2024,ADANA,209021,209037,209034,209030,209020,209033,15863.28,,7036.77,,1708.91,,366.05,
09/04/2024,ADANA,209020,209033,209032,209035,209022,209036,43828.66,,1859.0,,227.81,,51.95,
09/04/2024,ANTALYA,209031,209027,209024,209025,209026,209029,543.82,,134.37,,40.53,,12.25,
10/04/2024,ISTANBUL,209048,209051,209046,209050,209047,209049,50473.66,,6486.15,,708.67,,130.7,
11/04/2024,IZMIR,209058,209069,209063,209080,209070,209066,27979.86,,303.77,,,,,
11/04/2024,IZMIR,209080,209070,209066,209057,209060,209071,24948.64,,3706.77,,1435.23,,332.35,
11/04/2024,KOCAELI,209068,209055,209065,209067,209056,209061,437.38,,,,,,,
11/04/2024,KOCAELI,209056,209061,209064,209062,209054,209059,2126.38,,602.35,,104.73,,31.75,
12/04/2024,ANTALYA,209053,209082,209079,209084,209052,209081,4045.82,,2087.95,,253.05,,43.15,
12/04/2024,IZMIR,209074,209075,209078,209073,209077,209076,794.8,,281.9,,68.92,,17.75,
13/04/2024,ADANA,209089,209101,209098,209088,209100,209103,151.14,,85.35,,,,,
13/04/2024,ADANA,209088,209100,209103,209102,209099,209090,888.88,,746.35,,155.55,,36.1,
13/04/2024,ISTANBUL,209092,209096,209097,209086,209091,209093,5686.22,,1555.67,,,,,
13/04/2024,ISTANBUL,209086,209091,209093,209094,209087,209095,653.58,,85.6,,34.35,,17.4,
14/04/2024,ADANA,209112,209116,209113,209105,209114,209118,367.24,,146.97,,,,,
14/04/2024,ADANA,209105,209114,209118,209110,209104,209119,6724.7,,3919.7,,1005.71,,230.75,
14/04/2024,IZMIR,209120,209108,209117,209109,209106,209111,310.92,,118.22,,,,,
14/04/2024,IZMIR,209109,209106,209111,209121,209107,209115,1164.84,,543.15,,380.7,,125.05,
15/04/2024,BURSA,209122,209128,209130,209135,209123,209138,62564.38,,9232.87,,3379.57,,1246.5,
15/04/2024,BURSA,209123,209138,209129,209131,209124,209132,207889.4,,30049.9,,1781.43,,373.3,
15/04/2024,SANLIURFA,209137,209127,209139,209133,209125,209136,66987.9,,29645.17,,,,,
15/04/2024,SANLIURFA,209133,209125,209136,209140,209126,209134,1657.05,,223.9,,74.92,,26.85,
16/04/2024,ADANA,209144,209160,209158,209157,209145,209159,7708.1,,1726.92,,411.71,,144.7,
16/04/2024,ADANA,209145,209159,209161,209156,209146,209162,13739.8,,2963.6,,162.07,,12.2,
16/04/2024,KOCAELI,209143,209148,209147,209142,209149,209155,230.2,,176.55,,,,,
16/04/2024,KOCAELI,209142,209149,209155,209150,209151,209154,15931.92,,3806.87,,1503.9,,378.3,
17/04/2024,ELAZIG,209167,209173,209168,209170,209169,209166,67626.18,,24333.32,,7094.62,,454.5,
17/04/2024,ISTANBUL,209165,209179,209177,209178,209164,209175,82886.32,,30615.7,,944.96,,154.3,
17/04/2024,ISTANBUL,209164,209175,209176,209174,209163,209180,11453.48,,982.35,,330.78,,203.0,
18/04/2024,ANKARA,209185,209193,209190,209187,209186,209189,112691.56,,23783.9,,922.87,,198.25,
18/04/2024,ANKARA,209186,209189,209191,209188,209192,209184,27021.72,,677.07,,188.43,,111.25,
18/04/2024,ANTALYA,209181,209199,209198,209196,209195,209182,43202.86,,3208.8,,1080.15,,310.45,
18/04/2024,ANTALYA,209195,209182,209200,209197,209194,209183,9566.64,,706.4,,300.22,,106.0,
19/04/2024,BURSA,209202,209215,209216,209203,209219,209217,148371.06,,47664.12,,4175.13,,746.75,
19/04/2024,BURSA,209219,209217,209212,209201,209214,209218,,7336858.6,769972.0,,37390.12,,12072.75,
19/04/2024,ISTANBUL,209209,209207,209211,209205,209206,209210,696.62,,278.1,,,,,
19/04/2024,ISTANBUL,209205,209206,209210,209208,209204,209213,3477.24,,1640.1,,200.92,,21.3,
20/04/2024,ANKARA,209222,209226,209229,209231,209225,209227,915.94,,,,,,,
20/04/2024,ANKARA,209225,209227,209230,209228,209223,209224,14140.76,,3429.7,,811.01,,409.75,
20/04/2024,ANTALYA,209235,209221,209233,209232,209236,209237,437.18,,226.05,,,,,
20/04/2024,ANTALYA,209232,209236,209237,209234,209220,209238,2842.78,,1294.5,,515.43,,93.35,
20/04/2024,DBAKIR,209244,209239,209241,209242,209240,209243,11118.87,,5479.87,,2118.52,,248.3,
21/04/2024,ADANA,209247,209255,209261,209249,209258,209259,618.98,,372.1,,402.71,,139.4,
21/04/2024,ADANA,209258,209259,209253,209263,209248,209264,63966.78,,8659.27,,2438.32,,925.95,
21/04/2024,ISTANBUL,209257,209260,209251,209262,209245,209250,4628.68,,2582.52,,,,,
21/04/2024,ISTANBUL,209262,209245,209250,209252,209254,209246,2638.2,,1351.25,,221.85,,73.45,
22/04/2024,BURSA,209279,209265,209271,209276,209273,209277,78838.72,,9793.97,,,,,
22/04/2024,BURSA,209276,209273,209277,209269,209266,209281,8418.1,,968.77,,58.12,,32.4,
22/04/2024,SANLIURFA,209268,209272,209274,209267,209282,209275,2439.66,,162.35,,,,,
22/04/2024,SANLIURFA,209267,209282,209275,209280,209270,209278,31981.35,,6739.5,,2031.15,,587.55,
23/04/2024,ADANA,209305,209292,209307,209302,209293,209306,664499.76,,309533.5,,2915.96,,343.85,
23/04/2024,ADANA,209293,209306,209304,209303,209294,209308,104945.7,,4535.17,,1042.5,,569.05,
23/04/2024,KOCAELI,209291,209298,209299,209290,209296,209295,18055.48,,4322.25,,,,,
23/04/2024,KOCAELI,209290,209296,209295,209300,209297,209301,25359.22,,5133.67,,4777.08,,284.0,
24/04/2024,ELAZIG,209317,209315,209313,209316,209310,209314,1569.32,,417.37,,59.77,,14.1,
24/04/2024,ISTANBUL,209319,209321,209318,209322,209312,209323,2620.6,,228.15,,,,,
24/04/2024,ISTANBUL,209322,209312,209323,209320,209324,209311,3770.0,,1545.67,,239.17,,109.35,
25/04/2024,ANKARA,209336,209342,209337,209332,209326,209339,527.94,,224.37,,161.25,,41.35,
25/04/2024,ANKARA,209326,209339,209330,209333,209341,209325,1369.38,,363.1,,174.45,,51.85,
25/04/2024,ANTALYA,209328,209344,209331,209338,209334,209329,6885.86,,2739.05,,453.82,,338.15,
25/04/2024,ANTALYA,209334,209329,209345,209343,209327,209340,17151.88,,2872.1,,189.6,,78.35,
26/04/2024,BURSA,209359,209358,209357,209360,209350,209364,1640.84,,656.3,,,,,
26/04/2024,BURSA,209360,209350,209364,209369,209356,209349,21270.88,,4218.9,,796.08,,136.25,
26/04/2024,ISTANBUL,209348,209363,209367,209346,209365,209368,4545.4,,2020.52,,896.88,,229.4,
26/04/2024,ISTANBUL,209365,209368,209366,209361,209362,209347,1559.6,,559.45,,23.17,,16.5,
27/04/2024,ANKARA,209396,209395,209397,209384,209394,209390,1655.16,,635.62,,,,,
27/04/2024,ANKARA,209384,209394,209390,209385,209388,209383,1266.8,,753.0,,403.76,,29.6,
27/04/2024,ANTALYA,209399,209401,209398,209403,209381,209404,292.44,,261.47,,,,,
27/04/2024,ANTALYA,209403,209381,209404,209400,209402,209382,3894.5,,857.4,,427.16,,87.4,
27/04/2024,DBAKIR,209387,209392,209393,209391,209389,209386,754.11,,251.27,,82.46,,30.75,
28/04/2024,ADANA,209422,209418,209416,209417,209406,209421,1943.44,,323.02,,,,,
28/04/2024,ADANA,209417,209406,209421,209420,209419,209405,1482.58,,391.1,,34.01,,19.65,
28/04/2024,ISTANBUL,209412,209414,209409,209413,209407,209411,4987.68,,1603.45,,,,,
28/04/2024,ISTANBUL,209413,209407,209411,209410,209408,209415,5579.94,,1351.47,,252.33,,60.3,
29/04/2024,BURSA,209423,209431,209429,209428,209430,209432,5954.02,,1618.7,,,,,
29/04/2024,BURSA,209428,209430,209432,209427,209424,209433,972.56,,397.97,,63.26,,14.25,
29/04/2024,SANLIURFA,209438,209426,209435,209437,209436,209425,11360.12,,734.92,,362.58,,83.0,
30/04/2024,ADANA,209440,209454,209449,209451,209455,209453,11653.26,,498.77,,,,,
30/04/2024,ADANA,209451,209455,209453,209450,209439,209452,1042.26,,294.22,,72.97,,8.0,
30/04/2024,KOCAELI,209446,209442,209444,209445,209443,209448,12910.04,,2938.8,,,,,
30/04/2024,KOCAELI,209445,209443,209448,209441,209447,209456,318659.62,,27161.15,,3850.68,,2090.0,
01/05/2024,ELAZIG,209469,209466,209473,209471,209457,209470,1863.75,,757.47,,,,,
01/05/2024,ELAZIG,209471,209457,209470,209472,209468,209458,5752.35,,1523.05,,177.78,,49.7,
01/05/2024,ISTANBUL,209460,209459,209462,209463,209461,209475,5976.96,,538.47,,388.87,,106.8,
02/05/2024,ANKARA,209488,209479,209484,209490,209487,209480,18424.54,,6132.15,,545.21,,120.55,
02/05/2024,ANKARA,209487,209480,209494,209485,209482,209481,4195.84,,1109.75,,214.95,,133.55,
02/05/2024,ANTALYA,209477,209492,209486,209493,209495,209478,2178.82,,661.3,,155.06,,139.55,
02/05/2024,ANTALYA,209495,209478,209489,209491,209483,209476,2245.36,,489.82,,123.93,,80.0,
03/05/2024,BURSA,209505,209511,209509,209508,209497,209507,1980.62,,423.45,,,,,
03/05/2024,BURSA,209508,209497,209507,209506,209496,209512,1416.16,,542.87,,155.55,,49.8,
03/05/2024,ISTANBUL,209503,209510,209504,209500,209501,209499,2982.86,,719.7,,255.45,,105.3,
04/05/2024,ANKARA,209516,209524,209513,209522,209521,209514,4198.62,,748.17,,,,,
04/05/2024,ANKARA,209522,209521,209514,209517,209525,209520,4383.14,,210.0,,51.93,,27.0,
04/05/2024,ANTALYA,209535,209528,209523,209515,209518,209527,33520.16,,9019.6,,539.96,,80.6,
04/05/2024,DBAKIR,209530,209533,209534,209531,209532,209529,13886.22,,3110.12,,478.68,,182.1,
05/05/2024,ADANA,209540,209548,209554,209538,209553,209555,1008.58,,407.6,,32.92,,15.15,
05/05/2024,ADANA,209553,209555,209549,209550,209539,209551,35217.5,,11813.75,,2632.23,,267.25,
05/05/2024,ISTANBUL,209542,209537,209541,209547,209544,209543,140.0,,45.8,,,,,
05/05/2024,ISTANBUL,209547,209544,209543,209546,209536,209552,903.02,,270.8,,159.07,,91.8,
06/05/2024,BURSA,209558,209572,209569,209570,209557,209574,674.02,,261.7,,136.98,,27.9,
06/05/2024,BURSA,209557,209574,209571,209573,209556,209568,1934.16,,468.27,,133.57,,41.2,
06/05/2024,SANLIURFA,209564,209561,209563,209560,209565,209567,16993.1,,2982.65,,,,,
06/05/2024,SANLIURFA,209560,209565,209567,209562,209559,209566,224677.08,,44858.17,,16635.52,,1316.85,
07/05/2024,ANKARA,209576,209588,209587,209582,209589,209583,13995.22,,9107.52,,,,,
07/05/2024,ANKARA,209582,209589,209583,209581,209575,209590,5138.14,,1381.4,,272.4,,18.8,
07/05/2024,KOCAELI,209591,209580,209586,209592,209578,209584,4873.44,,4780.32,,,,,
07/05/2024,KOCAELI,209592,209578,209584,209585,209579,209577,9332.62,,1807.65,,342.03,,27.85,
08/05/2024,ELAZIG,209598,209601,209608,209609,209607,209605,887.98,,519.6,,76.91,,26.3,
08/05/2024,ISTANBUL,209603,209599,209595,209593,209596,209606,10355.54,,1782.77,,,,,
08/05/2024,ISTANBUL,209593,209596,209606,209600,209594,209597,8985.26,,756.5,,269.4,,24.8,
09/05/2024,ANKARA,209613,209622,209625,209618,209621,209615,4799.46,,566.52,,353.25,,108.9,
09/05/2024,ANKARA,209621,209615,209626,209620,209619,209614,614562.7,,40740.22,,8366.51,,398.7,
09/05/2024,ANTALYA,209631,209610,209624,209627,209632,209612,3219.42,,1115.3,,337.68,,146.7,
09/05/2024,ANTALYA,209632,209612,209630,209628,209611,209629,117323.04,,23379.12,,742.57,,205.8,
10/05/2024,BURSA,209660,209648,209661,209665,209666,209664,4363.14,,2570.0,,975.71,,257.65,
10/05/2024,BURSA,209666,209664,209647,209659,209662,209663,79290.14,,11009.87,,2226.18,,504.95,
10/05/2024,ISTANBUL,209650,209652,209655,209657,209651,209653,203.74,,56.8,,,,,
10/05/2024,ISTANBUL,209657,209651,209653,209656,209654,209658,1775.58,,605.27,,170.43,,142.45,
11/05/2024,ANKARA,209667,209675,209685,209668,209678,209677,78.06,,37.0,,43.57,,25.5,
11/05/2024,ANKARA,209678,209677,209671,209680,209683,209673,21085.0,,9278.92,,1058.25,,913.15,
11/05/2024,ANTALYA,209670,209681,209674,209669,209686,209684,4491.66,,540.45,,,,,
11/05/2024,ANTALYA,209669,209686,209684,209672,209676,209679,2253.46,,882.77,,211.2,,60.15,
11/05/2024,DBAKIR,209690,209687,209688,209682,209691,209689,2401.95,,209.0,,40.42,,23.9,
12/05/2024,ADANA,209706,209705,209693,209709,209711,209707,177219.18,,148175.17,,,,,
12/05/2024,ADANA,209709,209711,209707,209708,209692,209710,195114.24,,38003.67,,4474.01,,66.45,
12/05/2024,ISTANBUL,209702,209697,209703,209699,209701,209704,922237.38,,66685.35,,,,,
12/05/2024,ISTANBUL,209699,209701,209704,209700,209698,209696,259982.54,,20599.35,,660.37,,36.15,
13/05/2024,BURSA,209715,209727,209724,209716,209728,209726,135965.32,,6256.1,,6668.62,,366.8,
13/05/2024,BURSA,209728,209726,209722,209725,209714,209723,57829.32,,16624.5,,1122.15,,91.0,
13/05/2024,SANLIURFA,209721,209712,209719,209718,209713,209720,20355.88,,7681.8,,1887.22,,209.05,
14/05/2024,ANKARA,209738,209735,209733,209734,209732,209737,14785.84,,,,,,,
14/05/2024,ANKARA,209734,209732,209737,209736,209739,209731,10879.8,,1646.8,,527.73,,136.2,
14/05/2024,KOCAELI,209730,209744,209742,209729,209748,209743,392.72,,311.42,,207.03,,58.15,
14/05/2024,KOCAELI,209748,209743,209747,209745,209746,209741,16137.42,,2749.0,,948.93,,86.75,
15/05/2024,ELAZIG,209753,209754,209750,209756,209751,209752,3169.69,,562.12,,318.56,,82.4,
15/05/2024,ISTANBUL,209757,209760,209764,209762,209763,209755,40305.66,,8698.05,,2258.81,,249.55,
16/05/2024,ANKARA,209776,209780,209779,209783,209765,209782,70817.68,,11351.05,,,,,
16/05/2024,ANKARA,209783,209765,209782,209784,209772,209766,17194.1,,4646.32,,824.77,,54.9,
16/05/2024,ANTALYA,209777,209769,209774,209771,209789,209768,279.08,,106.82,,25.76,,22.3,
16/05/2024,ANTALYA,209789,209768,209775,209770,209788,209767,663.14,,307.07,,68.55,,21.75,
17/05/2024,BURSA,209794,209808,209804,209805,209803,209792,32775.42,,3288.7,,601.27,,137.75,
17/05/2024,BURSA,209803,209792,209806,209799,209793,209807,99346.38,,3249.37,,587.43,,117.9,
17/05/2024,ISTANBUL,209791,209801,209795,209790,209802,209798,662.72,,164.15,,,,,
17/05/2024,ISTANBUL,209790,209802,209798,209796,209800,209797,425.88,,268.82,,93.86,,105.55,
18/05/2024,ANKARA,209810,209823,209820,209811,209816,209812,2817.64,,1567.4,,138.86,,56.3,
18/05/2024,ANKARA,209816,209812,209814,209815,209819,209809,141941.76,,69812.22,,7863.97,,1678.85,
18/05/2024,ANTALYA,209833,209828,209831,209829,209830,209813,14619.68,,2436.1,,317.43,,68.2,
18/05/2024,DBAKIR,209825,209821,209822,209824,209827,209826,38826.69,,2451.87,,506.1,,151.45,
19/05/2024,ADANA,209835,209834,209841,209846,209843,209849,19437.56,,14005.02,,,,,
19/05/2024,ADANA,209846,209843,209849,209847,209845,209848,19560.26,,3692.62,,270.18,,100.3,
19/05/2024,ISTANBUL,209842,209836,209852,209837,209844,209839,23751.48,,1526.2,,1633.8,,374.55,
19/05/2024,ISTANBUL,209844,209839,209851,209850,209838,209840,12849.86,,1212.42,,137.92,,35.45,
20/05/2024,BURSA,209867,209855,209869,209853,209870,209868,2241.12,,656.55,,292.87,,98.25,
20/05/2024,BURSA,209870,209868,209866,209861,209854,209871,13847.86,,3826.72,,494.17,,92.8,
20/05/2024,SANLIURFA,209863,209858,209864,209860,209857,209865,44251.84,,16582.45,,,,,
20/05/2024,SANLIURFA,209860,209857,209865,209859,209862,209856,1776.27,,799.62,,195.03,,,
21/05/2024,ANKARA,209874,209889,209884,209875,209885,209881,442038.3,,35330.8,,,,,
21/05/2024,ANKARA,209875,209885,209881,209886,209883,209879,265404.42,,26798.62,,768.75,,57.05,
21/05/2024,KOCAELI,209873,209880,209878,209882,209888,209877,201426.32,,10871.42,,,,,
21/05/2024,KOCAELI,209882,209888,209877,209876,209872,209887,6726.06,,1308.22,,166.2,,20.35,
22/05/2024,ELAZIG,209894,209896,209890,209898,209897,209895,2150.47,,765.2,,88.8,,41.1,
22/05/2024,ISTANBUL,209893,209901,209902,209905,209900,209903,5015.12,,1834.3,,,,,
22/05/2024,ISTANBUL,209905,209900,209903,209899,209892,209904,22987.3,,4367.9,,1779.33,,219.3,
23/05/2024,ANKARA,209920,209918,209914,209912,209911,209910,1305.32,,,,,,,
23/05/2024,ANKARA,209912,209911,209910,209913,209916,209908,16054.36,,3464.27,,261.3,,85.65,
23/05/2024,ANTALYA,209922,209909,209917,209921,209907,209923,4933.72,,2071.32,,,,,
23/05/2024,ANTALYA,209921,209907,209923,209915,209919,209906,2019.9,,313.05,,99.78,,18.05,
24/05/2024,BURSA,209945,209940,209946,209950,209948,209949,69599.12,,14560.25,,,,,
24/05/2024,BURSA,209950,209948,209949,209941,209947,209951,67336.58,,5971.4,,1187.25,,404.25,
24/05/2024,ISTANBUL,209955,209943,209953,209957,209944,209956,27646.14,,5416.9,,163.2,,82.9,
24/05/2024,ISTANBUL,209944,209956,209954,209952,209942,209958,1204.06,,262.25,,99.11,,58.85,
25/05/2024,ANKARA,209959,209968,209962,209967,209970,209961,38120.74,,15398.42,,,,,
25/05/2024,ANKARA,209967,209970,209961,209978,209960,209965,33736.18,,7061.57,,1084.01,,56.0,
25/05/2024,ANTALYA,209979,209972,209964,209969,209975,209963,1556.92,,440.52,,35.51,,11.1,
25/05/2024,DBAKIR,209971,209976,209974,209980,209973,209981,112896.84,,28775.25,,6977.06,,1103.25,
26/05/2024,ADANA,209999,210003,210004,210001,210005,210000,3626.96,,1570.87,,,,,
26/05/2024,ADANA,210001,210005,210000,210002,210006,210007,6758.06,,1426.25,,151.42,,77.45,
26/05/2024,ISTANBUL,209998,209997,209996,209990,209994,209992,114154.28,,34648.22,,,,,
26/05/2024,ISTANBUL,209990,209994,209992,209995,209991,209993,28522.58,,2346.1,,787.23,,110.7,
27/05/2024,BURSA,210009,210024,210019,210025,210021,210023,284062.32,,45535.37,,,,,
27/05/2024,BURSA,210025,210021,210023,210020,210008,210022,414028.48,,74820.45,,12958.12,,157.45,
27/05/2024,SANLIURFA,210014,210011,210013,210016,210012,210017,12880.08,,9566.87,,,,,
27/05/2024,SANLIURFA,210016,210012,210017,210018,210010,210015,487597.5,,95615.5,,45397.38,,3559.35,
28/05/2024,ANKARA,210038,210031,210033,210037,210034,210036,13759.54,,457.07,,,,,
28/05/2024,ANKARA,210037,210034,210036,210035,210041,210039,1929.74,,947.2,,246.52,,55.75,
28/05/2024,KOCAELI,210030,210028,210029,210040,210027,210032,879.14,,199.95,,,,,
28/05/2024,KOCAELI,210040,210027,210032,210042,210043,210026,610.86,,176.82,,44.85,,33.0,
29/05/2024,ELAZIG,210052,210048,210051,210049,210047,210053,5194.48,,2541.85,,,,,
29/05/2024,ELAZIG,210049,210047,210053,210050,210046,210054,11048.08,,2539.62,,450.37,,337.3,
29/05/2024,ISTANBUL,210056,210044,210055,210061,210060,210057,23016.22,,4841.92,,,,,
29/05/2024,ISTANBUL,210061,210060,210057,210059,210045,210058,9033.52,,1335.17,,63.3,,19.85,
30/05/2024,ANKARA,210069,210071,210073,210068,210063,210070,34889.88,,15306.7,,,,,
30/05/2024,ANKARA,210068,210063,210070,210072,210067,210062,11657.84,,2223.25,,337.35,,84.2,
30/05/2024,ANTALYA,210081,210064,210077,210066,210080,210074,50801.36,,7295.47,,2154.3,,247.6,
30/05/2024,ANTALYA,210080,210074,210078,210076,210065,210079,2318.96,,580.5,,247.87,,9.45,
31/05/2024,BURSA,210115,210098,210107,210112,210109,210113,21129.06,,3556.37,,178.57,,24.5,
31/05/2024,BURSA,210109,210113,210111,210097,210105,210114,3306.5,,1979.17,,479.77,,46.8,
31/05/2024,ISTANBUL,210110,210104,210101,210099,210103,210102,1212.1,,878.87,,,,,
31/05/2024,ISTANBUL,210099,210103,210102,210100,210108,210106,51397.02,,22741.32,,1394.51,,278.05,
01/06/2024,ANKARA,210130,210142,210125,210140,210147,210126,554.12,,137.04,,73.3,,34.56,
01/06/2024,ANKARA,210147,210126,210144,210143,210146,210124,24169.35,,3838.89,,889.55,,231.87,
01/06/2024,ANTALYA,210131,210129,210141,210128,210127,210145,3873.97,,541.89,,423.7,,79.18,
01/06/2024,DBAKIR,210137,210138,210136,210132,210134,210135,106090.28,,13630.92,,2390.3,,380.93,
02/06/2024,ADANA,210150,210160,210164,210152,210163,210161,41776.32,,793.83,,,,,
02/06/2024,ADANA,210152,210163,210161,210162,210165,210151,8616.52,,404.25,,208.6,,45.68,
02/06/2024,ISTANBUL,210154,210157,210156,210149,210158,210153,3045.57,,620.01,,,,,
02/06/2024,ISTANBUL,210149,210158,210153,210159,210155,210148,3508.52,,319.47,,222.65,,42.68,
03/06/2024,BURSA,210181,210183,210175,210184,210180,210172,4419.52,,442.53,,,,,
03/06/2024,BURSA,210184,210180,210172,210182,210179,210177,7287.8,,1301.61,,558.85,,113.31,
03/06/2024,SANLIURFA,210173,210167,210174,210169,210178,210168,307.74,,,,,,,
03/06/2024,SANLIURFA,210178,210168,210170,210176,210166,210171,30942.18,,7208.22,,2285.4,,493.56,
04/06/2024,ANKARA,210197,210187,210195,210199,210198,210196,1361.0,,352.41,,,,,
04/06/2024,ANKARA,210199,210198,210196,210201,210188,210200,10958.7,,3703.68,,1743.5,,380.5,
04/06/2024,KOCAELI,210191,210185,210189,210192,210186,210194,496.25,,121.98,,69.7,,16.93,
05/06/2024,ELAZIG,210213,210215,210214,210212,210202,210216,99333.3,,5677.47,,1864.7,,148.43,
05/06/2024,ISTANBUL,210218,210217,210206,210205,210209,210210,1143.27,,252.12,,,,,
05/06/2024,ISTANBUL,210205,210209,210210,210207,210204,210219,4820.6,,661.68,,116.55,,60.12,
06/06/2024,ANKARA,210223,210230,210228,210232,210224,210233,2247.12,,774.48,,,,,
06/06/2024,ANKARA,210232,210224,210233,210229,210234,210236,28849.22,,5441.82,,1504.5,,437.62,
06/06/2024,ANTALYA,210240,210222,210231,210227,210237,210220,1368.22,,322.65,,24.95,,13.31,
06/06/2024,ANTALYA,210237,210220,210235,210239,210238,210221,11124.32,,3685.32,,1508.35,,130.18,
07/06/2024,BURSA,210258,210245,210256,210254,210246,210260,1593133.07,,35832.9,,8520.45,,3414.87,
07/06/2024,BURSA,210246,210260,210257,210259,210255,210244,6828.6,,336.63,,46.55,,17.37,
07/06/2024,ISTANBUL,210243,210248,210249,210250,210242,210247,14285.67,,2041.5,,,,,
07/06/2024,ISTANBUL,210250,210242,210247,210252,210253,210251,9051.52,,1489.26,,304.85,,141.18,
08/06/2024,ANKARA,210263,210270,210271,210269,210264,210267,5361.35,,1024.86,,,,,
08/06/2024,ANKARA,210269,210264,210267,210268,210273,210272,518.17,,143.4,,48.0,,14.81,
08/06/2024,ANTALYA,210266,210281,210284,210285,210286,210282,110610.95,,10398.6,,,,,
08/06/2024,ANTALYA,210285,210286,210282,210265,210283,210280,21557.87,,7016.64,,728.9,,40.37,
08/06/2024,DBAKIR,210275,210279,210278,210274,210276,210277,19444.4,,4715.79,,905.7,,212.06,
09/06/2024,ADANA,210299,210289,210301,210304,210298,210300,34698.15,,23001.78,,,,,
09/06/2024,ADANA,210304,210298,210300,210302,210290,210303,9116.2,,708.81,,81.35,,20.37,
09/06/2024,ISTANBUL,210297,210296,210295,210287,210294,210292,1269.2,,939.63,,,,,
09/06/2024,ISTANBUL,210287,210294,210292,210288,210293,210291,5234.35,,1739.25,,547.2,,247.31,
10/06/2024,BURSA,210316,210307,210318,210315,210314,210319,186583.7,,30807.57,,,,,
10/06/2024,BURSA,210315,210314,210319,210320,210308,210317,126278.75,,19173.24,,1756.2,,361.5,
10/06/2024,SANLIURFA,210306,210312,210311,210309,210305,210313,17690.6,,4107.84,,773.35,,162.06,
11/06/2024,ANKARA,210338,210337,210332,210339,210341,210333,412.85,,113.34,,,,,
11/06/2024,ANKARA,210339,210341,210333,210340,210334,210335,519.45,,167.34,,39.75,,22.56,
11/06/2024,KOCAELI,210342,210324,210325,210323,210327,210328,1921.52,,264.15,,268.0,,221.43,
11/06/2024,KOCAELI,210327,210328,210329,210326,210336,210331,4979.57,,894.72,,100.15,,34.06,
12/06/2024,ELAZIG,210356,210359,210353,210351,210344,210357,75104.22,,24390.81,,2857.45,,482.75,
12/06/2024,ISTANBUL,210350,210358,210345,210348,210355,210346,1020614.45,,47615.4,,,,,
12/06/2024,ISTANBUL,210348,210355,210346,210352,210347,210349,,12019542.0,,2549055.3,108724.1,,6355.31,
13/06/2024,ANKARA,210361,210371,210367,210360,210365,210366,182648.42,,49887.96,,,,,
13/06/2024,ANKARA,210360,210365,210366,210369,210370,210368,22919.92,,6278.04,,1068.75,,93.25,
13/06/2024,ANTALYA,210364,210373,210363,210372,210378,210374,146.1,,,,,,,
13/06/2024,ANTALYA,210378,210374,210376,210375,210362,210377,2179.9,,737.76,,571.7,,111.0,
14/06/2024,BURSA,210388,210392,210396,210395,210384,210393,63521.75,,15517.98,,,,,
14/06/2024,BURSA,210395,210384,210393,210390,210397,210387,35436.05,,10095.69,,1880.55,,,
14/06/2024,ISTANBUL,210381,210394,210383,210382,210389,210380,21025.25,,3549.48,,479.95,,153.5,
14/06/2024,ISTANBUL,210389,210380,210386,210385,210379,210391,18981.6,,2534.52,,534.45,,244.75,
15/06/2024,ANKARA,210415,210417,210411,210407,210398,210413,3603.6,,962.4,,222.45,,64.43,
15/06/2024,ANKARA,210398,210413,210420,210409,210410,210399,39211.37,,20025.51,,5877.5,,1257.31,
15/06/2024,ANTALYA,210401,210406,210404,210402,210403,210408,3727.22,,654.69,,144.95,,39.5,
15/06/2024,DBAKIR,210416,210414,210412,210418,210419,210421,229098.68,,46527.42,,1410.2,,385.93,
16/06/2024,ISTANBUL,210426,210429,210424,210427,210423,210428,15495.42,,5427.9,,,,,
16/06/2024,ISTANBUL,210427,210423,210428,210430,210425,210422,5615.9,,2774.01,,528.75,,23.68,
17/06/2024,BURSA,210431,210463,210464,210465,210432,210466,727.7,,361.68,,52.95,,16.0,
17/06/2024,BURSA,210432,210466,210462,210467,210433,210468,3925.2,,1664.61,,862.35,,403.43,
17/06/2024,SANLIURFA,210459,210441,210457,210455,210439,210454,9957.12,,3052.26,,,,,
17/06/2024,SANLIURFA,210455,210439,210454,210456,210440,210458,5895.16,,633.0,,148.45,,27.25,
18/06/2024,ANKARA,210437,210449,210447,210451,210436,210450,928.32,,203.34,,107.1,,72.31,
18/06/2024,ANKARA,210436,210450,210446,210444,210448,210438,294.25,,201.48,,83.15,,11.75,
18/06/2024,KOCAELI,210434,210460,210443,210453,210452,210445,70206.2,,29439.3,,,,,
18/06/2024,KOCAELI,210453,210452,210445,210435,210442,210461,157016.55,,13357.44,,2139.7,,651.5,
19/06/2024,ELAZIG,210472,210486,210477,210485,210484,210471,24859.28,,623.67,,96.45,,48.5,
19/06/2024,ISTANBUL,210470,210474,210481,210473,210483,210478,439.05,,256.59,,214.45,,26.5,
19/06/2024,ISTANBUL,210483,210478,210480,210482,210469,210476,4842.25,,1044.27,,380.4,,112.43,
20/06/2024,ANKARA,210491,210488,210494,210487,210495,210496,4148.55,,1612.92,,618.55,,125.87,
20/06/2024,ANKARA,210495,210496,210498,210499,210504,210489,14300.07,,906.84,,572.4,,156.75,
20/06/2024,ANTALYA,210500,210503,210501,210502,210497,210492,3082.37,,554.19,,156.7,,19.37,
21/06/2024,BURSA,210510,210512,210513,210511,210519,210516,31344.92,,14813.58,,500.3,,288.31,
21/06/2024,BURSA,210519,210516,210515,210514,210518,210517,384663.62,,84961.95,,4361.75,,779.25,
21/06/2024,ISTANBUL,210522,210520,210525,210527,210523,210521,4752.42,,3147.24,,,,,
21/06/2024,ISTANBUL,210527,210523,210521,210526,210529,210528,108316.1,,20108.4,,2475.2,,680.5,
22/06/2024,ANKARA,210532,210540,210539,210547,210530,210548,2051.95,,,,,,,
22/06/2024,ANKARA,210530,210548,210544,210549,210531,210546,9098.45,,2089.41,,216.6,,25.5,
22/06/2024,ANTALYA,210541,210550,210543,210551,210545,210553,763.22,,352.11,,174.15,,32.06,
22/06/2024,DBAKIR,210534,210537,210538,210535,210533,210536,17248.56,,9943.47,,1659.7,,970.68,
23/06/2024,ADANA,210569,210554,210567,210571,210566,210555,2915.07,,914.67,,,,,
23/06/2024,ADANA,210571,210566,210555,210568,210565,210570,17439.0,,4601.55,,893.35,,223.37,
23/06/2024,ISTANBUL,210563,210559,210558,210556,210561,210560,1622.7,,324.12,,,,,
23/06/2024,ISTANBUL,210556,210561,210560,210564,210557,210562,9081.75,,2273.55,,1129.2,,302.31,
24/06/2024,BURSA,210582,210576,210585,210588,210584,210574,261026.97,,4794.87,,1892.65,,299.81,
24/06/2024,BURSA,210584,210574,210587,210589,210575,210590,4613.32,,321.87,,140.1,,55.56,
24/06/2024,SANLIURFA,210573,210577,210578,210580,210583,210581,3489.84,,1029.96,,,,,
24/06/2024,SANLIURFA,210580,210583,210581,210572,210579,210586,136783.74,,30430.23,,4350.7,,805.5,
25/06/2024,ANKARA,210594,210601,210602,210603,210607,210604,5588.92,,1035.27,,,,,
25/06/2024,ANKARA,210603,210607,210604,210595,210606,210605,1812.02,,501.42,,74.75,,68.37,
25/06/2024,KOCAELI,210592,210599,210598,210608,210593,210609,2778.7,,600.48,,,,,
25/06/2024,KOCAELI,210608,210593,210609,210597,210596,210591,34345.27,,1456.71,,854.3,,223.75,
26/06/2024,BURSA,210613,210627,210621,210623,210612,210624,13161.32,,1748.52,,393.9,,69.25,
26/06/2024,BURSA,210612,210624,210628,210630,210614,210629,263747.45,,59253.21,,15265.6,,438.81,
26/06/2024,ISTANBUL,210611,210615,210619,210616,210626,210618,12527.12,,7071.87,,1756.4,,59.5,
26/06/2024,ISTANBUL,210626,210618,210617,210625,210610,210620,6188.95,,1102.35,,402.25,,118.25,
27/06/2024,ANKARA,210636,210650,210646,210647,210648,210635,2524.9,,773.64,,272.75,,139.75,
27/06/2024,ANKARA,210648,210635,210645,210644,210634,210649,17438.8,,6383.76,,716.65,,597.62,
27/06/2024,ANTALYA,210631,210639,210637,210643,210633,210642,3173.77,,1608.9,,399.2,,47.5,
27/06/2024,ANTALYA,210633,210642,210641,210638,210640,210632,3368.7,,1090.62,,351.35,,51.0,
28/06/2024,ELAZIG,210660,210665,210666,210662,210663,210664,514992.62,,73425.69,,1865.8,,254.93,
28/06/2024,ISTANBUL,210656,210651,210659,210655,210654,210658,19890.77,,4346.82,,,,,
28/06/2024,ISTANBUL,210655,210654,210658,210653,210661,210652,31043.4,,3845.7,,2164.9,,277.12,
29/06/2024,ANKARA,210678,210687,210672,210684,210688,210674,11035.37,,1836.54,,,,,
29/06/2024,ANKARA,210684,210688,210674,210681,210689,210686,61471.07,,11902.44,,1115.25,,258.93,
29/06/2024,ANTALYA,210677,210673,210675,210667,210669,210670,1084.15,,223.89,,25.85,,14.12,
29/06/2024,DBAKIR,210680,210685,210682,210679,210676,210683,5998.82,,447.78,,327.55,,81.37,
30/06/2024,ADANA,210703,210704,210705,210702,210701,210699,6942.85,,1932.48,,475.55,,69.18,
30/06/2024,ISTANBUL,210698,210690,210696,210695,210692,210691,10877.22,,2380.2,,,,,
30/06/2024,ISTANBUL,210695,210692,210691,210694,210700,210693,6023.87,,1867.71,,571.7,,46.62,
01/07/2024,BURSA,210722,210716,210720,210719,210721,210717,3293.42,,496.32,,,,,
01/07/2024,BURSA,210719,210721,210717,210715,210718,210723,2949.67,,1279.59,,303.75,,79.18,
01/07/2024,ELAZIG,210713,210707,210709,210714,210708,210711,5661.24,,3292.62,,,,,
01/07/2024,ELAZIG,210714,210708,210711,210710,210706,210712,251620.12,,7499.76,,676.6,,260.75,
02/07/2024,ANKARA,210731,210735,210729,210727,210728,210733,525.47,,103.26,,,,,
02/07/2024,ANKARA,210727,210728,210733,210737,210738,210742,1218.32,,272.76,,224.3,,46.5,
02/07/2024,KOCAELI,210724,210741,210740,210725,210730,210743,548.45,,182.7,,182.5,,59.56,
02/07/2024,KOCAELI,210730,210743,210736,210739,210732,210744,1385.0,,222.99,,122.2,,31.43,
03/07/2024,ELAZIG,210748,210754,210757,210750,210755,210747,7190.62,,1457.43,,2085.45,,399.87,
03/07/2024,ISTANBUL,210745,210759,210752,210762,210746,210758,46506.42,,5104.89,,,,,
03/07/2024,ISTANBUL,210762,210746,210758,210761,210760,210756,149166.62,,18112.05,,5051.75,,445.43,
04/07/2024,ANKARA,210776,210772,210774,210778,210764,210779,2881.57,,91.56,,,,,
04/07/2024,ANKARA,210778,210764,210779,210777,210775,210763,447.25,,180.66,,63.35,,20.37,
04/07/2024,KOCAELI,210773,210781,210769,210768,210766,210771,42868.3,,7416.54,,218.15,,71.68,
05/07/2024,BURSA,210798,210788,210801,210803,210804,210786,1212.27,,199.83,,91.7,,52.12,
05/07/2024,BURSA,210804,210786,210800,210802,210787,210799,5641.0,,1033.44,,275.0,,22.81,
05/07/2024,ISTANBUL,210793,210791,210796,210790,210797,210792,767697.35,,11138.7,,,,,
05/07/2024,ISTANBUL,210790,210797,210792,210794,210789,210795,23497.02,,2001.42,,530.65,,52.37,
06/07/2024,ANKARA,210814,210806,210812,210813,210805,210815,6723.37,,2699.04,,,,,
06/07/2024,ANKARA,210813,210805,210815,210810,210816,210811,4073.72,,296.22,,97.45,,11.81,
06/07/2024,DBAKIR,210823,210825,210828,210822,210827,210829,649.58,,290.07,,88.2,,47.93,
06/07/2024,IZMIR,210818,210808,210821,210809,210824,210817,6849.25,,947.64,,1060.45,,186.56,
06/07/2024,IZMIR,210824,210817,210819,210820,210807,210826,55689.62,,3360.39,,927.85,,433.06,
07/07/2024,ISTANBUL,210831,210838,210837,210830,210844,210834,11181.6,,4517.94,,,,,
07/07/2024,ISTANBUL,210830,210844,210834,210840,210843,210842,8539.52,,401.19,,138.4,,24.31,
07/07/2024,IZMIR,210839,210841,210832,210846,210836,210845,92414.65,,8426.46,,2000.05,,207.12,
08/07/2024,BURSA,210847,210860,210859,210857,210852,210861,1365.57,,731.49,,327.5,,59.62,
08/07/2024,ELAZIG,210855,210850,210854,210853,210851,210849,3849.42,,440.22,,243.9,,159.37,
09/07/2024,ANKARA,210880,210875,210870,210876,210874,210872,1861.92,,650.4,,,,,
09/07/2024,ANKARA,210876,210874,210872,210878,210873,210871,2702.77,,895.26,,282.45,,74.75,
09/07/2024,KOCAELI,210863,210868,210869,210867,210862,210879,689.0,,377.04,,299.75,,59.18,
09/07/2024,KOCAELI,210862,210879,210866,210865,210864,210877,16329.02,,2918.43,,517.2,,208.56,
10/07/2024,ELAZIG,210883,210889,210890,210895,210887,210881,760.58,,,,,,,
10/07/2024,ELAZIG,210895,210887,210881,210888,210882,210893,10458.94,,1856.73,,1149.45,,318.0,
10/07/2024,ISTANBUL,210885,210892,210886,210891,210897,210894,1471.0,,474.03,,,,,
10/07/2024,ISTANBUL,210891,210897,210894,210884,210896,210898,40658.37,,5535.21,,999.8,,456.75,
11/07/2024,ANKARA,210917,210928,210921,210919,210926,210925,1230.87,,1200.99,,,,,
11/07/2024,ANKARA,210919,210926,210925,210923,210918,210922,1273.45,,469.47,,36.25,,27.31,
11/07/2024,KOCAELI,210914,210912,210910,210924,210905,210931,7404.1,,5785.62,,,,,
11/07/2024,KOCAELI,210924,210905,210931,210913,210916,210904,32358.72,,6426.42,,1240.35,,100.68,
12/07/2024,BURSA,210948,210962,210957,210953,210947,210963,15871.67,,2025.33,,346.5,,179.31,
12/07/2024,BURSA,210947,210963,210961,210955,210946,210960,33867.87,,14155.26,,688.45,,62.62,
12/07/2024,ISTANBUL,210952,210951,210950,210958,210944,210959,41127.92,,10430.13,,,,,
12/07/2024,ISTANBUL,210958,210944,210959,210956,210954,210945,25766.9,,1957.47,,485.15,,376.68,
13/07/2024,ANKARA,210980,210987,210984,210988,210981,210985,4244.8,,602.04,,320.55,,132.87,
13/07/2024,ANKARA,210981,210985,210989,210992,210991,210979,2630.35,,608.61,,174.45,,52.18,
13/07/2024,DBAKIR,210999,210996,211001,210998,211000,211002,8163.48,,758.22,,549.3,,33.68,
13/07/2024,IZMIR,210978,210994,210986,210983,210997,210995,18409.75,,7222.29,,2366.0,,191.62,
13/07/2024,IZMIR,210997,210995,210976,210993,210990,210977,7405.45,,1396.92,,434.55,,51.43,
14/07/2024,ISTANBUL,211015,211017,211021,211019,211022,211023,2071.8,,315.36,,89.65,,35.06,
14/07/2024,IZMIR,211012,211014,211011,211020,211027,211018,9481.02,,3778.95,,,,,
14/07/2024,IZMIR,211020,211027,211018,211026,211028,211025,28333.72,,7617.06,,1725.3,,231.93,
15/07/2024,BURSA,211055,211060,211045,211051,211052,211044,3614.32,,1311.75,,301.9,,45.75,
15/07/2024,BURSA,211052,211044,211057,211049,211050,211062,2603.52,,566.82,,516.0,,203.06,
15/07/2024,ELAZIG,211056,211046,211059,211058,211047,211053,527668.6,,56078.19,,,,,
15/07/2024,ELAZIG,211058,211047,211053,211054,211048,211061,14116.78,,3875.43,,1540.6,,123.75,
16/07/2024,ANKARA,211063,211076,211078,211073,211079,211070,840.02,,761.31,,,,,
16/07/2024,ANKARA,211073,211079,211070,211077,211064,211080,97673.02,,15217.26,,2676.65,,342.56,
16/07/2024,KOCAELI,211067,211074,211081,211068,211065,211075,640.42,,51.03,,,,,
16/07/2024,KOCAELI,211068,211065,211075,211069,211071,211066,9740.85,,2165.49,,797.15,,385.56,
17/07/2024,ELAZIG,211093,211084,211091,211092,211083,211095,1300484.1,,112783.68,,,,,
17/07/2024,ELAZIG,211092,211083,211095,211090,211098,211082,2694206.72,,274143.93,,49828.55,,2250.25,
17/07/2024,ISTANBUL,211088,211089,211097,211087,211094,211085,1940.1,,1031.49,,269.45,,56.81,
18/07/2024,ANKARA,211118,211114,211117,211116,211105,211120,5866.95,,1591.62,,,,,
18/07/2024,ANKARA,211116,211105,211120,211115,211121,211104,7672.12,,1420.11,,56.75,,35.75,
18/07/2024,KOCAELI,211109,211112,211113,211110,211103,211119,2166.75,,463.14,,163.35,,28.56,
19/07/2024,BURSA,211166,211149,211164,211161,211165,211150,469201.35,,53390.28,,278.4,,96.5,
19/07/2024,BURSA,211165,211150,211160,211162,211163,211148,22198.65,,5563.35,,1436.25,,695.75,
19/07/2024,ISTANBUL,211153,211156,211155,211159,211146,211157,205424.65,,21662.49,,,,,
19/07/2024,ISTANBUL,211159,211146,211157,211152,211158,211147,17319.82,,4872.24,,461.6,,40.43,
20/07/2024,ANKARA,211183,211202,211201,211199,211184,211196,1744.35,,163.05,,108.9,,46.25,
20/07/2024,ANKARA,211184,211196,211194,211198,211182,211197,609.27,,291.18,,68.45,,22.06,
20/07/2024,DBAKIR,211188,211190,211185,211189,211187,211186,43579.4,,7541.94,,1426.6,,132.5,
20/07/2024,IZMIR,211180,211203,211192,211200,211193,211191,10507.22,,2269.41,,,,,
20/07/2024,IZMIR,211200,211193,211191,211195,211181,211204,3031.32,,752.46,,234.25,,122.87,
21/07/2024,ISTANBUL,211210,211220,211222,211223,211219,211217,28664.77,,3934.83,,,,,
21/07/2024,ISTANBUL,211223,211219,211217,211218,211215,211209,10180.8,,235.14,,50.4,,10.81,
21/07/2024,IZMIR,211221,211212,211216,211213,211225,211226,10983.35,,1955.91,,,,,
21/07/2024,IZMIR,211213,211225,211226,211224,211211,211214,11335.37,,5426.82,,578.45,,277.62,
22/07/2024,BURSA,211240,211227,211234,211233,211232,211235,4677.85,,1129.2,,127.4,,56.18,
22/07/2024,BURSA,211232,211235,211231,211242,211228,211244,36016.22,,5531.88,,1419.35,,699.68,
22/07/2024,ELAZIG,211230,211239,211241,211237,211238,211229,11413.64,,3778.26,,76.7,,70.06,
23/07/2024,ANKARA,211261,211255,211250,211248,211257,211259,666.07,,344.94,,,,,
23/07/2024,ANKARA,211248,211257,211259,211253,211260,211249,528.3,,353.1,,91.1,,22.5,
23/07/2024,KOCAELI,211245,211252,211258,211256,211262,211247,7774.6,,1625.31,,,,,
23/07/2024,KOCAELI,211256,211262,211247,211254,211246,211251,8895.75,,1405.65,,505.8,,287.81,
24/07/2024,ELAZIG,211267,211274,211270,211272,211275,211266,2825.46,,3140.22,,,,,
24/07/2024,ELAZIG,211272,211275,211266,211273,211268,211271,5183.98,,410.4,,69.2,,56.25,
24/07/2024,ISTANBUL,211280,211281,211283,211282,211278,211277,831.0,,211.32,,,,,
24/07/2024,ISTANBUL,211282,211278,211277,211279,211276,211284,679.72,,323.82,,198.25,,35.18,
25/07/2024,ANKARA,211323,211325,211318,211320,211322,211319,8669.35,,2088.12,,,,,
25/07/2024,ANKARA,211320,211322,211319,211324,211317,211321,88219.27,,21096.39,,1172.05,,400.93,
25/07/2024,KOCAELI,211314,211307,211313,211312,211315,211308,58028.2,,2709.3,,375.15,,67.87,
25/07/2024,KOCAELI,211315,211308,211311,211310,211316,211309,21423.65,,2992.11,,743.2,,83.93,
26/07/2024,BURSA,211340,211333,211348,211338,211332,211347,2188.2,,549.45,,699.2,,89.43,
26/07/2024,BURSA,211332,211347,211346,211345,211334,211344,3875.22,,1040.94,,226.5,,33.0,
26/07/2024,ISTANBUL,211339,211335,211341,211336,211331,211337,1981.22,,690.3,,,,,
26/07/2024,ISTANBUL,211336,211331,211337,211342,211343,211330,4661.6,,2868.72,,561.2,,82.25,
27/07/2024,ANKARA,211369,211371,211361,211373,211377,211362,4893.42,,,,,,,
27/07/2024,ANKARA,211373,211377,211362,211367,211374,211358,7179.52,,1557.75,,274.15,,83.62,
27/07/2024,DBAKIR,211370,211368,211375,211365,211372,211366,9378.38,,2212.71,,607.85,,216.5,
27/07/2024,IZMIR,211354,211363,211378,211359,211379,211355,8588.57,,4237.23,,2390.7,,292.87,
27/07/2024,IZMIR,211379,211355,211360,211357,211364,211356,6884.15,,553.41,,219.05,,36.43,
28/07/2024,ISTANBUL,211387,211391,211386,211382,211398,211389,69742.37,,7564.59,,,,,
28/07/2024,ISTANBUL,211382,211398,211389,211396,211394,211383,36772.72,,3463.71,,520.55,,189.5,
28/07/2024,IZMIR,211385,211390,211388,211400,211384,211392,4467.82,,1086.93,,,,,
28/07/2024,IZMIR,211400,211384,211392,211395,211393,211399,13348.47,,650.25,,200.95,,76.93,
29/07/2024,BURSA,211417,211415,211418,211414,211419,211410,544.1,,224.82,,,,,
29/07/2024,BURSA,211414,211419,211410,211416,211420,211413,38177.77,,8232.93,,2292.55,,1031.37,
29/07/2024,ELAZIG,211405,211409,211403,211407,211412,211406,3020883.6,,297545.61,,,,,
29/07/2024,ELAZIG,211407,211412,211406,211408,211404,211411,3910211.7,,775011.9,,50628.2,,1291.62,
30/07/2024,ANKARA,211423,211429,211438,211432,211437,211431,15297.62,,2351.49,,1283.9,,62.56,
30/07/2024,ANKARA,211437,211431,211424,211433,211435,211430,440.3,,102.87,,13.3,,6.93,
30/07/2024,KOCAELI,211427,211421,211434,211428,211425,211436,6931.7,,1202.43,,164.45,,86.31,
31/07/2024,ELAZIG,211441,211442,211444,211439,211446,211445,8282.78,,4545.99,,,,,
31/07/2024,ELAZIG,211439,211446,211445,211443,211440,211447,5713.44,,2539.11,,406.85,,83.93,
31/07/2024,ISTANBUL,211449,211448,211453,211451,211455,211452,10568.6,,2353.23,,,,,
31/07/2024,ISTANBUL,211451,211455,211452,211456,211450,211454,724.45,,247.35,,95.65,,9.68,
01/08/2024,ANKARA,211480,211469,211477,211482,211476,211484,12224.05,,1103.49,,1119.85,,288.12,
01/08/2024,ANKARA,211476,211484,211474,211483,211468,211481,1556.02,,357.36,,184.2,,86.93,
01/08/2024,KOCAELI,211470,211473,211472,211478,211467,211479,1400.47,,1066.86,,,,,
01/08/2024,KOCAELI,211478,211467,211479,211471,211475,211466,10237.0,,523.2,,279.5,,64.25,
02/08/2024,BURSA,211501,211487,211499,211498,211485,211496,4252.12,,1189.17,,487.95,,175.43,
02/08/2024,BURSA,211485,211496,211497,211500,211486,211502,3075.97,,395.76,,84.6,,38.62,
02/08/2024,ISTANBUL,211494,211488,211492,211491,211493,211495,6419.25,,1376.22,,603.75,,181.18,
03/08/2024,ANKARA,211519,211506,211521,211517,211520,211507,352.22,,116.82,,34.25,,14.87,
03/08/2024,ANKARA,211520,211507,211523,211518,211522,211505,395.0,,138.93,,90.4,,42.81,
03/08/2024,DBAKIR,211529,211527,211532,211524,211526,211530,317853.74,,44278.86,,5241.25,,464.87,
03/08/2024,IZMIR,211510,211516,211533,211525,211509,211514,4394.4,,394.11,,144.65,,30.68,
03/08/2024,IZMIR,211509,211514,211528,211515,211508,211534,11625.85,,3527.58,,946.65,,363.25,
04/08/2024,ISTANBUL,211544,211558,211551,211543,211549,211556,44243.77,,9108.42,,,,,
04/08/2024,ISTANBUL,211543,211549,211556,211555,211550,211553,2179.15,,695.16,,14.85,,7.25,
04/08/2024,IZMIR,211554,211545,211552,211547,211548,211546,1185.12,,541.83,,,,,
04/08/2024,IZMIR,211547,211548,211546,211559,211557,211560,1712.2,,419.37,,114.35,,33.12,
05/08/2024,BURSA,211575,211573,211571,211574,211570,211577,244.3,,88.65,,,,,
05/08/2024,BURSA,211574,211570,211577,211584,211576,211569,34840.4,,12107.19,,13923.65,,1534.93,
05/08/2024,ELAZIG,211572,211580,211582,211578,211583,211579,256.36,,93.48,,54.8,,13.37,
06/08/2024,ANKARA,211587,211602,211596,211600,211599,211598,699.17,,197.52,,127.55,,73.81,
06/08/2024,ANKARA,211599,211598,211601,211603,211588,211597,915.2,,261.9,,42.95,,13.06,
06/08/2024,KOCAELI,211586,211589,211595,211591,211593,211594,4261.17,,3656.64,,,,,
06/08/2024,KOCAELI,211591,211593,211594,211590,211585,211592,1697.95,,443.04,,49.3,,20.75,
07/08/2024,ELAZIG,211608,211614,211613,211607,211616,211617,138025.78,,17598.06,,,,,
07/08/2024,ELAZIG,211607,211616,211617,211615,211609,211619,,8037053.8,2461667.1,,205454.65,,3840.25,
07/08/2024,ISTANBUL,211618,211623,211622,211621,211611,211610,3208.35,,1584.81,,424.4,,209.06,
08/08/2024,ANKARA,211664,211660,211662,211661,211645,211657,12221.57,,5011.29,,,,,
08/08/2024,ANKARA,211661,211645,211657,211658,211665,211644,12358.07,,4888.2,,1411.25,,166.93,
08/08/2024,KOCAELI,211641,211653,211656,211659,211654,211642,15617.32,,8616.69,,1004.2,,167.93,
09/08/2024,BURSA,211689,211701,211690,211703,211705,211704,3811.72,,2108.85,,,,,
09/08/2024,BURSA,211703,211705,211704,211700,211702,211706,21293.77,,3794.67,,620.35,,232.18,
09/08/2024,ISTANBUL,211695,211697,211694,211699,211692,211696,2095.32,,670.11,,,,,
09/08/2024,ISTANBUL,211699,211692,211696,211693,211698,211691,564.35,,133.77,,61.8,,17.62,
10/08/2024,ANKARA,211720,211735,211726,211737,211733,211740,32242.62,,4061.25,,1293.7,,465.37,
10/08/2024,ANKARA,211733,211740,211739,211719,211732,211734,1850.32,,685.56,,142.95,,30.93,
10/08/2024,DBAKIR,211730,211725,211724,211729,211728,211727,5578.72,,2743.8,,240.1,,110.56,
10/08/2024,IZMIR,211721,211743,211731,211723,211744,211738,6473.32,,2736.27,,1274.8,,209.0,
10/08/2024,IZMIR,211744,211738,211742,211741,211722,211736,22764.1,,3015.03,,1025.1,,467.43,
11/08/2024,ISTANBUL,211781,211778,211776,211779,211775,211777,325.82,,173.97,,,,,
11/08/2024,ISTANBUL,211779,211775,211777,211782,211783,211784,11834.05,,3372.78,,2463.75,,619.43,
11/08/2024,IZMIR,211780,211788,211793,211789,211787,211791,10237.75,,3020.67,,406.05,,38.5,
12/08/2024,BURSA,211832,211830,211820,211824,211816,211826,23441.75,,1068.36,,,,,
12/08/2024,BURSA,211824,211816,211826,211822,211827,211815,146055.07,,10462.83,,4201.1,,579.68,
12/08/2024,ELAZIG,211819,211828,211829,211831,211818,211823,2193.18,,1783.38,,,,,
12/08/2024,ELAZIG,211831,211818,211823,211825,211817,211821,3490.32,,294.3,,152.7,,19.81,
13/08/2024,ANKARA,211849,211838,211851,211846,211847,211837,9086.97,,2617.98,,423.7,,188.75,
13/08/2024,ANKARA,211847,211837,211850,211848,211845,211836,969.12,,224.7,,102.9,,44.56,
13/08/2024,KOCAELI,211835,211841,211844,211833,211842,211840,1608.87,,1673.04,,,,,
13/08/2024,KOCAELI,211833,211842,211840,211843,211834,211839,8420.32,,2860.95,,265.7,,51.62,
14/08/2024,ELAZIG,211858,211856,211863,211854,211867,211859,7419.68,,376.05,,288.45,,150.18,
14/08/2024,ELAZIG,211867,211859,211860,211857,211855,211865,1039.32,,433.59,,98.2,,48.56,
14/08/2024,ISTANBUL,211864,211853,211870,211861,211852,211866,1565.97,,417.81,,,,,
14/08/2024,ISTANBUL,211861,211852,211866,211862,211868,211869,185.15,,69.9,,48.25,,16.0,
15/08/2024,ANKARA,211873,211877,211887,211879,211889,211888,339.1,,173.52,,114.05,,70.5,
15/08/2024,ANKARA,211889,211888,211886,211876,211890,211874,655.07,,337.56,,178.55,,51.81,
15/08/2024,KOCAELI,211891,211871,211875,211884,211881,211885,6479.57,,2630.4,,,,,
15/08/2024,KOCAELI,211884,211881,211885,211882,211878,211872,30259.55,,3577.65,,1443.4,,296.5,
16/08/2024,BURSA,211907,211894,211905,211910,211908,211893,3278.87,,630.48,,977.8,,347.93,
16/08/2024,BURSA,211908,211893,211906,211909,211904,211892,12208.3,,4228.32,,82.5,,49.81,
16/08/2024,ISTANBUL,211895,211901,211899,211902,211896,211898,33084.7,,13482.93,,,,,
16/08/2024,ISTANBUL,211902,211896,211898,211900,211903,211897,22341.4,,2051.07,,534.4,,11.62,
17/08/2024,ANKARA,211921,211925,211924,211926,211923,211920,38265.85,,3513.84,,,,,
17/08/2024,ANKARA,211926,211923,211920,211929,211928,211922,36799.95,,7197.54,,965.8,,103.75,
17/08/2024,DBAKIR,211936,211930,211931,211932,211934,211933,3498.68,,367.62,,453.75,,46.93,
17/08/2024,IZMIR,211911,211937,211940,211912,211938,211941,102435.45,,93351.39,,6374.9,,459.62,
17/08/2024,IZMIR,211938,211941,211927,211939,211913,211935,32555.55,,4355.88,,382.85,,129.18,
18/08/2024,ISTANBUL,211953,211948,211946,211954,211943,211949,927.4,,207.81,,,,,
18/08/2024,ISTANBUL,211954,211943,211949,211950,211951,211942,1143.15,,369.66,,59.35,,27.0,
18/08/2024,IZMIR,211947,211957,211956,211944,211959,211952,5415.45,,1344.18,,,,,
18/08/2024,IZMIR,211944,211959,211952,211955,211945,211958,837.05,,401.67,,117.9,,44.37,
19/08/2024,BURSA,211967,211966,211964,211962,211969,211968,1185.42,,335.58,,,,,
19/08/2024,BURSA,211962,211969,211968,211965,211963,211970,20965.02,,4568.13,,1769.65,,632.37,
19/08/2024,ELAZIG,211975,211972,211973,211974,211971,211960,82170.3,,12822.09,,1061.6,,242.87,
20/08/2024,ANKARA,211987,211989,211990,211978,211992,211991,253.85,,95.19,,,,,
20/08/2024,ANKARA,211978,211992,211991,211988,211986,211979,2687.8,,936.75,,492.25,,479.81,
20/08/2024,KOCAELI,211983,211977,211981,211984,211985,211976,6449.15,,2123.76,,346.25,,66.81,
21/08/2024,ELAZIG,211994,211999,211996,211993,211995,211998,24011.22,,3391.53,,846.25,,274.93,
21/08/2024,ISTANBUL,212003,212001,212002,212008,212000,212004,102208.5,,14156.76,,,,,
21/08/2024,ISTANBUL,212008,212000,212004,212005,212007,212006,9071.87,,2424.93,,628.25,,18.18,
22/08/2024,ANKARA,212022,212018,212009,212017,212015,212024,979.62,,426.81,,293.3,,205.18,
22/08/2024,ANKARA,212015,212024,212020,212016,212010,212026,2647.55,,377.82,,56.6,,7.68,
22/08/2024,KOCAELI,212012,212028,212014,212025,212023,212013,13355.32,,451.23,,301.9,,48.0,
22/08/2024,KOCAELI,212023,212013,212021,212027,212019,212011,11394.07,,2241.57,,877.05,,119.93,
23/08/2024,BURSA,212036,212038,212037,212030,212041,212046,2090.42,,304.89,,,,,
23/08/2024,BURSA,212030,212041,212046,212047,212029,212045,6253.42,,751.26,,206.55,,138.81,
23/08/2024,ISTANBUL,212040,212039,212042,212033,212035,212031,507215.5,,77231.91,,456.2,,114.12,
23/08/2024,ISTANBUL,212035,212031,212043,212034,212044,212032,3694.65,,1821.57,,330.4,,103.56,
24/08/2024,ANKARA,212062,212078,212063,212065,212064,212072,31780.82,,12385.8,,5144.75,,514.25,
24/08/2024,ANKARA,212064,212072,212061,212077,212059,212058,3138.72,,1722.66,,594.65,,125.12,
24/08/2024,DBAKIR,212076,212071,212075,212070,212073,212074,8025.56,,1379.52,,440.65,,174.31,
24/08/2024,IZMIR,212069,212066,212054,212068,212056,212060,1711.22,,410.01,,114.3,,89.56,
24/08/2024,IZMIR,212056,212060,212067,212057,212055,212053,130110.92,,14340.18,,3338.6,,145.5,
25/08/2024,ISTANBUL,212094,212080,212089,212087,212093,212079,20729.8,,4464.63,,1401.2,,131.0,
25/08/2024,ISTANBUL,212093,212079,212096,212090,212088,212091,751.07,,239.76,,53.85,,17.06,
25/08/2024,IZMIR,212083,212084,212086,212081,212097,212095,2289560.37,,32260.2,,1787.9,,251.25,
25/08/2024,IZMIR,212097,212095,212085,212092,212082,212098,746.47,,175.44,,106.6,,28.43,
26/08/2024,BURSA,212112,212100,212107,212116,212106,212104,16850.62,,2461.14,,,,,
26/08/2024,BURSA,212116,212106,212104,212099,212105,212108,1387.15,,308.28,,91.95,,54.37,
26/08/2024,ELAZIG,212111,212101,212109,212113,212102,212115,2892.88,,1570.62,,,,,
26/08/2024,ELAZIG,212113,212102,212115,212110,212114,212103,159499.74,,16001.97,,3070.2,,620.0,
27/08/2024,ANKARA,212133,212120,212131,212129,212132,212121,8123.85,,2067.63,,347.0,,22.31,
27/08/2024,ANKARA,212132,212121,212134,212130,212135,212119,22723.82,,11809.23,,1521.1,,344.12,
27/08/2024,KOCAELI,212125,212118,212126,212123,212127,212124,37769.47,,15487.95,,,,,
27/08/2024,KOCAELI,212123,212127,212124,212122,212117,212128,2338.97,,162.42,,69.1,,11.0,
28/08/2024,ELAZIG,212142,212137,212141,212148,212136,212147,3096.98,,573.9,,144.85,,47.25,
28/08/2024,ISTANBUL,212138,212146,212149,212139,212150,212153,6104.27,,1608.99,,160.9,,83.18,
28/08/2024,ISTANBUL,212150,212153,212143,212151,212140,212152,156039.67,,6321.03,,2277.05,,1741.75,
29/08/2024,ANKARA,212163,212162,212160,212155,212173,212161,1470.97,,220.35,,,,,
29/08/2024,ANKARA,212155,212173,212161,212164,212159,212154,513.95,,148.83,,83.0,,9.37,
29/08/2024,KOCAELI,212157,212166,212170,212158,212169,212167,3344.3,,1981.2,,,,,
29/08/2024,KOCAELI,212158,212169,212167,212165,212168,212156,2535.15,,1103.37,,100.35,,13.62,
30/08/2024,BURSA,212177,212188,212181,212190,212185,212182,1819.57,,147.33,,,,,
30/08/2024,BURSA,212190,212185,212182,212179,212189,212191,29161.42,,3345.3,,698.5,,483.06,
30/08/2024,ISTANBUL,212186,212178,212184,212187,212174,212183,12768.6,,655.32,,,,,
30/08/2024,ISTANBUL,212187,212174,212183,212176,212175,212180,3065.07,,743.7,,424.05,,19.06,
31/08/2024,ANKARA,212203,212213,212192,212199,212194,212214,3438.92,,259.11,,69.2,,48.43,
31/08/2024,ANKARA,212194,212214,212208,212212,212205,212193,14668.12,,2142.57,,956.8,,555.62,
31/08/2024,DBAKIR,212209,212202,212204,212201,212210,212206,20834.32,,7057.89,,2210.5,,509.12,
31/08/2024,IZMIR,212198,212196,212211,212197,212216,212217,24158.15,,6604.11,,1039.95,,338.81,
31/08/2024,IZMIR,212216,212217,212200,212215,212195,212207,21102.07,,5860.35,,931.7,,106.43,
01/09/2024,ADANA,212233,212221,212231,212230,212232,212229,643.0,,201.54,,,,,
01/09/2024,ADANA,212230,212232,212229,212220,212235,212234,458.32,,145.86,,75.4,,10.93,
01/09/2024,ISTANBUL,212219,212226,212224,212218,212225,212223,9512.57,,385.35,,,,,
01/09/2024,ISTANBUL,212218,212225,212223,212222,212227,212228,2432.45,,1177.29,,232.65,,71.25,
02/09/2024,BURSA,212247,212238,212251,212249,212250,212248,2157039.25,,86924.52,,,,,
02/09/2024,BURSA,212249,212250,212248,212246,212252,212239,29042.67,,2700.96,,561.35,,58.56,
02/09/2024,ELAZIG,212236,212242,212245,212240,212241,212244,8297.82,,1789.38,,238.4,,46.93,
03/09/2024,ANKARA,212266,212265,212264,212256,212261,212268,3784.07,,1164.6,,,,,
03/09/2024,ANKARA,212256,212261,212268,212258,212263,212255,1972.42,,1285.68,,149.05,,11.5,
03/09/2024,KOCAELI,212253,212260,212257,212262,212269,212270,24889.37,,2582.1,,1022.25,,404.18,
03/09/2024,KOCAELI,212269,212270,212267,212259,212254,212271,4750.05,,823.5,,155.5,,24.43,
04/09/2024,ELAZIG,212276,212272,212277,212280,212284,212282,17617.5,,7131.45,,354.7,,83.93,
04/09/2024,ISTANBUL,212287,212281,212286,212288,212274,212283,722664.72,,28076.31,,,,,
04/09/2024,ISTANBUL,212288,212274,212283,212285,212278,212275,53086.52,,8429.1,,1203.1,,64.12,
05/09/2024,ANKARA,212291,212306,212297,212299,212303,212290,8344.32,,1311.03,,269.35,,172.43,
05/09/2024,ANKARA,212303,212290,212300,212302,212304,212289,6490.8,,250.26,,161.5,,19.93,
05/09/2024,IZMIR,212295,212307,212298,212293,212292,212305,7010.5,,2840.52,,413.1,,66.06,
05/09/2024,IZMIR,212292,212305,212296,212301,212294,212308,12338.77,,1342.23,,1457.05,,271.62,
06/09/2024,BURSA,212309,212322,212321,212320,212323,212326,2378.02,,278.07,,,,,
06/09/2024,BURSA,212320,212323,212326,212310,212324,212325,3960.6,,2195.31,,756.2,,167.18,
06/09/2024,IZMIR,212317,212312,212314,212319,212313,212315,545.07,,411.78,,,,,
06/09/2024,IZMIR,212319,212313,212315,212311,212318,212316,1304119.0,,131121.03,,31301.95,,4984.87,
07/09/2024,ANKARA,212331,212338,212336,212330,212334,212332,281.75,,47.13,,,,,
07/09/2024,ANKARA,212330,212334,212332,212335,212329,212337,941.15,,146.25,,102.3,,37.93,
07/09/2024,ISTANBUL,212328,212345,212327,212344,212333,212340,418.37,,181.77,,79.65,,12.62,
07/09/2024,ISTANBUL,212333,212340,212342,212341,212343,212339,32870.15,,12176.64,,6835.8,,882.43,
08/09/2024,ADANA,212350,212360,212361,212349,212365,212363,879.75,,486.99,,191.9,,45.12,
08/09/2024,ADANA,212365,212363,212364,212359,212348,212362,77143.4,,19601.58,,16517.45,,623.31,
08/09/2024,ISTANBUL,212347,212353,212351,212357,212354,212358,942.37,,226.92,,173.9,,101.31,
08/09/2024,ISTANBUL,212354,212358,212355,212356,212352,212346,1270.12,,353.73,,66.45,,39.68,
09/09/2024,BURSA,212380,212368,212378,212379,212381,212367,156134.05,,49335.96,,2355.25,,908.31,
09/09/2024,BURSA,212381,212367,212382,212383,212366,212384,260864.25,,60414.03,,1071.55,,172.25,
09/09/2024,ELAZIG,212375,212371,212372,212377,212370,212376,23342.3,,4730.64,,,,,
09/09/2024,ELAZIG,212377,212370,212376,212373,212374,212369,57797.22,,3418.14,,984.2,,244.68,
10/09/2024,ANKARA,212396,212391,212390,212388,212392,212394,12766.67,,1275.45,,,,,
10/09/2024,ANKARA,212388,212392,212394,212389,212387,212400,181223.97,,27742.68,,2062.8,,1159.62,
10/09/2024,KOCAELI,212386,212402,212398,212393,212395,212403,5841.22,,2326.41,,658.35,,222.68,
10/09/2024,KOCAELI,212395,212403,212399,212385,212401,212397,218479.47,,6750.09,,2255.7,,47.25,
11/09/2024,ELAZIG,212411,212414,212410,212404,212412,212409,5547.6,,1454.43,,259.25,,109.81,
11/09/2024,ISTANBUL,212417,212418,212413,212416,212406,212415,4594.17,,704.46,,,,,
11/09/2024,ISTANBUL,212416,212406,212415,212419,212407,212420,63387.6,,14423.46,,3799.75,,1095.31,
12/09/2024,ANKARA,212424,212431,212429,212428,212423,212430,20789.1,,5109.36,,,,,
12/09/2024,ANKARA,212428,212423,212430,212434,212432,212435,152199.27,,19773.72,,1962.4,,168.5,
12/09/2024,IZMIR,212422,212436,212433,212427,212426,212437,1330.55,,530.52,,,,,
12/09/2024,IZMIR,212427,212426,212437,212438,212421,212425,8212.5,,1008.24,,498.85,,83.25,
13/09/2024,BURSA,212441,212456,212454,212452,212455,212450,32006.1,,5787.45,,287.95,,111.25,
13/09/2024,ISTANBUL,212449,212442,212448,212440,212451,212447,1189.35,,,,,,,
13/09/2024,ISTANBUL,212440,212451,212447,212444,212443,212439,401.97,,136.35,,40.0,,7.12,
14/09/2024,ANKARA,212468,212467,212463,212462,212464,212465,1412.25,,277.44,,230.85,,57.5,
14/09/2024,DBAKIR,212473,212474,212477,212471,212476,212472,112490.54,,9783.66,,2912.05,,262.81,
14/09/2024,IZMIR,212458,212479,212478,212457,212475,212460,114120.32,,,,,,,
14/09/2024,IZMIR,212475,212460,212466,212470,212459,212480,11574.32,,2441.88,,349.7,,152.25,
15/09/2024,ADANA,212483,212495,212494,212497,212500,212484,2022.35,,586.68,,315.9,,53.37,
15/09/2024,ADANA,212500,212484,212498,212499,212496,212485,5528.77,,1066.98,,391.2,,20.12,
15/09/2024,ISTANBUL,212482,212491,212481,212490,212489,212487,49063.47,,,,,,,
15/09/2024,ISTANBUL,212490,212489,212487,212488,212492,212493,168539.22,,30415.26,,4376.85,,765.56,
16/09/2024,BURSA,212502,212516,212513,212501,212514,212511,1044.27,,350.46,,,,,
16/09/2024,BURSA,212501,212514,212511,212512,212515,212517,361.82,,132.81,,78.7,,45.12,
16/09/2024,ELAZIG,212508,212503,212505,212510,212509,212507,2020.14,,1665.36,,366.9,,124.56,
17/09/2024,ANKARA,212520,212527,212532,212526,212522,212534,922.12,,330.36,,244.0,,146.62,
17/09/2024,ANKARA,212522,212534,212530,212531,212528,212521,3959.32,,543.03,,202.25,,27.87,
17/09/2024,KOCAELI,212529,212519,212525,212535,212533,212524,85278.25,,5869.44,,,,,
17/09/2024,KOCAELI,212535,212533,212524,212536,212518,212523,44445.87,,6200.97,,2168.15,,945.56,
18/09/2024,ELAZIG,212544,212539,212542,212543,212540,212545,6900.3,,2012.55,,601.4,,128.56,
18/09/2024,ISTANBUL,212549,212553,212537,212550,212548,212538,44083.77,,8006.7,,,,,
18/09/2024,ISTANBUL,212550,212548,212538,212551,212547,212552,18977.72,,1433.28,,265.05,,88.93,
19/09/2024,ANKARA,212561,212570,212564,212557,212569,212567,24120.77,,4019.28,,,,,
19/09/2024,ANKARA,212557,212569,212567,212566,212562,212556,5047.52,,556.11,,270.45,,33.0,
19/09/2024,IZMIR,212555,212571,212563,212558,212554,212568,2134.5,,678.6,,,,,
19/09/2024,IZMIR,212558,212554,212568,212565,212560,212559,1411.52,,199.47,,136.7,,187.87,
20/09/2024,BURSA,212575,212589,212577,212574,212582,212578,604455.12,,167546.28,,,,,
20/09/2024,BURSA,212574,212582,212578,212576,212590,212587,1171025.95,,361490.94,,16230.65,,885.81,
20/09/2024,ISTANBUL,212572,212580,212579,212586,212588,212583,1928.05,,1061.07,,520.8,,340.87,
20/09/2024,ISTANBUL,212588,212583,212584,212585,212581,212573,240.75,,57.03,,28.95,,21.68,
21/09/2024,ANKARA,212596,212592,212598,212611,212604,212607,5721.97,,2928.0,,,,,
21/09/2024,ANKARA,212611,212604,212607,212600,212597,212591,5918.42,,1198.77,,148.55,,21.87,
21/09/2024,DBAKIR,212608,212605,212609,212602,212601,212612,14390.28,,3455.76,,524.35,,134.37,
21/09/2024,IZMIR,212615,212594,212614,212595,212603,212613,11830.47,,3026.61,,919.15,,188.37,
21/09/2024,IZMIR,212603,212613,212610,212599,212593,212606,5390034.75,,1310652.75,,54227.25,,8010.87,
22/09/2024,ADANA,212616,212624,212622,212620,212618,212625,1228345.65,,17887.8,,4324.8,,450.18,
22/09/2024,ADANA,212618,212625,212627,212621,212617,212629,365147.22,,18204.18,,2014.15,,474.87,
22/09/2024,ISTANBUL,212630,212619,212634,212632,212635,212633,1555.25,,522.24,,,,,
22/09/2024,ISTANBUL,212632,212635,212633,212628,212631,212623,3998.1,,2692.14,,670.2,,130.06,
23/09/2024,BURSA,212638,212647,212651,212639,212650,212649,589.25,,375.42,,107.6,,23.25,
23/09/2024,BURSA,212650,212649,212640,212652,212648,212653,32001.77,,11513.28,,7693.35,,1965.37,
23/09/2024,ELAZIG,212643,212646,212644,212642,212641,212637,778.2,,628.68,,134.7,,30.56,
24/09/2024,ANKARA,212667,212666,212671,212669,212657,212668,100720.42,,21658.38,,,,,
24/09/2024,ANKARA,212669,212657,212668,212672,212670,212656,44084.42,,3416.52,,232.5,,71.12,
24/09/2024,KOCAELI,212664,212665,212655,212658,212661,212659,26274.92,,8112.45,,4066.8,,1344.06,
24/09/2024,KOCAELI,212661,212659,212662,212654,212660,212663,43067.27,,5835.18,,425.7,,93.43,
25/09/2024,ELAZIG,212680,212677,212679,212678,212681,212676,16537.84,,3620.04,,523.6,,149.62,
25/09/2024,ISTANBUL,212674,212686,212689,212688,212675,212685,2661.17,,553.32,,,,,
25/09/2024,ISTANBUL,212688,212675,212685,212687,212690,212691,1528.25,,342.15,,129.95,,68.81,
26/09/2024,ANKARA,212705,212693,212702,212709,212692,212704,12835.95,,7309.71,,,,,
26/09/2024,ANKARA,212709,212692,212704,212700,212707,212701,27040.97,,5632.59,,475.55,,112.31,
26/09/2024,IZMIR,212708,212695,212698,212696,212706,212699,8040.07,,1194.42,,304.9,,86.62,
26/09/2024,IZMIR,212706,212699,212697,212703,212694,212710,5366.02,,660.54,,316.55,,19.0,
27/09/2024,BURSA,212723,212722,212726,212724,212728,212725,466269.35,,38050.11,,,,,
27/09/2024,BURSA,212724,212728,212725,212721,212720,212727,8865.35,,429.3,,161.7,,25.25,
27/09/2024,ISTANBUL,212718,212711,212715,212719,212714,212717,14529.42,,1915.23,,,,,
27/09/2024,ISTANBUL,212719,212714,212717,212713,212716,212712,12467.15,,3256.95,,679.0,,396.18,
28/09/2024,ANKARA,212746,212730,212739,212744,212743,212737,94987.07,,46912.11,,18754.25,,6744.31,
28/09/2024,ANKARA,212743,212737,212740,212738,212741,212729,180217.02,,2047.17,,409.4,,293.37,
28/09/2024,DBAKIR,212747,212748,212751,212753,212752,212749,8163.0,,1894.98,,387.8,,317.37,
28/09/2024,IZMIR,212731,212736,212745,212732,212750,212735,1186682.4,,222877.35,,84025.8,,1125.37,
28/09/2024,IZMIR,212750,212735,212734,212754,212733,212742,16787.27,,1201.65,,379.2,,97.12,
29/09/2024,ADANA,212756,212767,212772,212769,212768,212770,2672.3,,3185.49,,,,,
29/09/2024,ADANA,212769,212768,212770,212771,212755,212766,8471.3,,811.11,,712.15,,56.62,
29/09/2024,ISTANBUL,212765,212764,212758,212763,212762,212761,48286.15,,11195.31,,,,,
29/09/2024,ISTANBUL,212763,212762,212761,212757,212759,212760,22175.4,,3944.73,,460.35,,57.06,
30/09/2024,BURSA,212788,212781,212786,212783,212784,212782,1107.27,,564.39,,,,,
30/09/2024,BURSA,212783,212784,212782,212785,212789,212787,738.87,,285.27,,123.45,,72.0,
30/09/2024,ELAZIG,212778,212776,212779,212775,212777,212774,271.06,,86.07,,50.85,,12.87,
01/10/2024,ADANA,212792,212801,212804,212806,212803,212794,50885.0,,5289.69,,1283.15,,340.06,
01/10/2024,ADANA,212803,212794,212800,212802,212805,212793,127845.65,,26784.63,,1565.5,,613.06,
01/10/2024,KOCAELI,212798,212791,212795,212797,212796,212790,20087.6,,5026.83,,3657.65,,1356.31,
02/10/2024,ELAZIG,212811,212815,212814,212810,212813,212821,2691.7,,435.99,,,,,
02/10/2024,ELAZIG,212810,212813,212821,212816,212812,212819,2823.02,,1338.81,,306.45,,48.56,
02/10/2024,ISTANBUL,212826,212809,212825,212817,212808,212822,17069.95,,2680.56,,,,,
02/10/2024,ISTANBUL,212817,212808,212822,212823,212824,212820,37531.37,,2776.44,,627.35,,246.62,
03/10/2024,ANKARA,212829,212837,212839,212830,212838,212836,104627.45,,13454.82,,7825.25,,4061.43,
03/10/2024,ANKARA,212838,212836,212834,212833,212832,212840,160743.02,,5374.59,,790.15,,200.87,
03/10/2024,IZMIR,212828,212843,212831,212841,212835,212844,27578.37,,5907.27,,,,,
03/10/2024,IZMIR,212841,212835,212844,212842,212827,212845,166136.25,,22179.42,,4057.95,,204.68,
04/10/2024,BURSA,212847,212861,212857,212854,212846,212852,3653.35,,1116.72,,,,,
04/10/2024,BURSA,212854,212846,212852,212853,212856,212859,115862.25,,10691.25,,4112.4,,1008.81,
04/10/2024,ISTANBUL,212850,212858,212855,212851,212849,212864,7482.4,,269.37,,52.65,,36.75,
04/10/2024,ISTANBUL,212849,212864,212863,212860,212862,212848,1618.9,,460.29,,171.35,,27.12,
05/10/2024,ANKARA,212869,212882,212878,212880,212885,212883,402.35,,150.45,,97.8,,82.81,
05/10/2024,ANKARA,212885,212883,212886,212872,212868,212873,3876.0,,632.25,,296.8,,28.81,
05/10/2024,DBAKIR,212875,212877,212881,212879,212876,212874,32805.48,,3546.33,,172.8,,28.81,
05/10/2024,IZMIR,212866,212870,212887,212871,212889,212867,32527.75,,16035.63,,,,,
05/10/2024,IZMIR,212871,212889,212867,212884,212865,212888,55688.2,,6581.28,,1783.75,,340.31,
06/10/2024,ADANA,212902,212900,212904,212897,212893,212895,697.82,,114.99,,,,,
06/10/2024,ADANA,212897,212893,212895,212906,212894,212892,5283.7,,898.17,,707.2,,207.25,
06/10/2024,ISTANBUL,212890,212908,212899,212901,212903,212896,2052.17,,537.54,,425.35,,183.06,
06/10/2024,ISTANBUL,212903,212896,212910,212905,212909,212891,311754.62,,18388.26,,6459.05,,941.12,
07/10/2024,BURSA,212913,212924,212925,212912,212922,212923,70360.62,,5841.72,,1438.75,,1264.62,
07/10/2024,BURSA,212922,212923,212911,212926,212927,212928,3062301.07,,77911.17,,8360.95,,3387.93,
07/10/2024,ELAZIG,212919,212917,212915,212921,212916,212914,1857.98,,308.07,,165.2,,40.62,
08/10/2024,ADANA,212934,212946,212942,212947,212944,212933,1417.85,,,,,,,
08/10/2024,ADANA,212944,212933,212948,212945,212932,212943,17294.9,,6808.14,,3875.8,,1377.25,
08/10/2024,KOCAELI,212929,212936,212935,212941,212930,212937,20874.0,,8976.45,,1757.2,,90.18,
08/10/2024,KOCAELI,212930,212937,212938,212940,212939,212931,90192.02,,18015.12,,2071.95,,593.75,
09/10/2024,ELAZIG,212955,212957,212961,212954,212960,212956,2700.26,,1151.28,,,,,
09/10/2024,ELAZIG,212954,212960,212956,212958,212959,212953,3034.94,,943.44,,268.2,,94.62,
09/10/2024,ISTANBUL,212963,212969,212967,212962,212952,212965,10949.47,,2316.99,,454.45,,243.62,
09/10/2024,ISTANBUL,212952,212965,212964,212968,212966,212951,1693.72,,328.59,,105.55,,46.56,
10/10/2024,ANKARA,212975,212980,212970,212978,212979,212974,20016.35,,1840.56,,,,,
10/10/2024,ANKARA,212978,212979,212974,212976,212977,212971,12563.5,,3010.77,,1136.05,,215.93,
10/10/2024,IZMIR,212973,212987,212981,212985,212984,212982,1535.22,,941.19,,,,,
10/10/2024,IZMIR,212985,212984,212982,212986,212972,212983,258460.05,,36358.26,,6050.65,,1572.18,
11/10/2024,BURSA,212997,212999,212995,212993,212991,212994,62524.3,,2984.43,,,,,
11/10/2024,BURSA,212993,212991,212994,212998,212992,212996,484048.42,,78429.69,,6831.8,,2291.37,
11/10/2024,ISTANBUL,212989,213004,213001,213005,213000,212990,1570.62,,825.15,,385.55,,303.12,
11/10/2024,ISTANBUL,213000,212990,213002,213003,212988,213006,525322.37,,22648.35,,5715.45,,673.12,
12/10/2024,ANKARA,213008,213017,213020,213022,213023,213019,16109.92,,1403.91,,200.15,,109.06,
12/10/2024,ANKARA,213023,213019,213021,213018,213016,213007,163340.8,,22903.98,,5329.3,,513.56,
12/10/2024,DBAKIR,213032,213031,213026,213027,213029,213030,31355.2,,10672.5,,4138.6,,361.62,
12/10/2024,IZMIR,213011,213025,213028,213009,213013,213015,9036.15,,1329.0,,1775.1,,457.31,
12/10/2024,IZMIR,213013,213015,213024,213012,213010,213014,25251.32,,7022.22,,517.65,,80.06,
13/10/2024,ADANA,213036,213046,213051,213049,213052,213037,65223.3,,5775.57,,2243.4,,65.25,
13/10/2024,ADANA,213052,213037,213050,213044,213047,213038,26726.2,,3028.53,,2339.85,,280.75,
13/10/2024,ISTANBUL,213035,213048,213045,213042,213033,213043,1379.6,,340.05,,195.6,,65.5,
13/10/2024,ISTANBUL,213033,213043,213039,213041,213040,213034,91903.3,,13721.13,,2960.5,,792.18,
14/10/2024,BURSA,213063,213066,213067,213064,213068,213062,8329.17,,1469.28,,136.7,,7.0,
14/10/2024,ELAZIG,213061,213058,213055,213060,213059,213054,175920.7,,36287.79,,12903.4,,889.18,
15/10/2024,ADANA,213086,213074,213083,213087,213084,213073,54539.32,,7976.37,,2764.8,,392.18,
15/10/2024,ADANA,213084,213073,213088,213085,213082,213072,103504.57,,5233.26,,1925.25,,694.87,
15/10/2024,KOCAELI,213069,213075,213078,213070,213080,213081,5517.65,,1636.38,,676.25,,92.12,
15/10/2024,KOCAELI,213080,213081,213077,213076,213071,213079,2030.97,,887.16,,181.65,,73.56,
16/10/2024,ELAZIG,213089,213093,213091,213092,213096,213095,16166.0,,3303.69,,1111.55,,266.75,
16/10/2024,ISTANBUL,213101,213099,213098,213103,213105,213100,96295.0,,61071.36,,,,,
16/10/2024,ISTANBUL,213103,213105,213100,213104,213097,213102,263945.52,,2658.6,,644.75,,109.56,
17/10/2024,ANKARA,213121,213116,213115,213124,213107,213123,17345.05,,3282.15,,,,,
17/10/2024,ANKARA,213124,213107,213123,213120,213118,213106,632073.75,,61930.35,,9526.55,,1465.06,
17/10/2024,IZMIR,213108,213112,213114,213109,213122,213110,10236.07,,573.96,,582.9,,104.06,
17/10/2024,IZMIR,213122,213110,213113,213117,213119,213111,20349.05,,7047.21,,5097.05,,629.31,
18/10/2024,BURSA,213146,213127,213144,213149,213148,213143,58200.4,,5320.95,,,,,
18/10/2024,BURSA,213149,213148,213143,213145,213128,213147,652700.82,,203023.83,,29077.0,,4995.56,
18/10/2024,ISTANBUL,213135,213125,213136,213131,213133,213130,3661.45,,1355.61,,459.8,,201.5,
18/10/2024,ISTANBUL,213133,213130,213134,213132,213126,213129,741.37,,132.33,,71.6,,31.06,
18/10/2024,SANLIURFA,213142,213138,213137,213139,213141,213140,66897.68,,20618.55,,3768.4,,839.06,
19/10/2024,ANKARA,213172,213150,213173,213160,213171,213151,47562.27,,6895.35,,1657.25,,400.25,
19/10/2024,ANKARA,213171,213151,213165,213168,213156,213157,333539.82,,49950.66,,18610.55,,948.18,
19/10/2024,DBAKIR,213169,213164,213177,213167,213166,213161,23658.36,,5045.52,,590.3,,295.37,
19/10/2024,IZMIR,213162,213154,213175,213176,213170,213153,121867.9,,21188.7,,13355.75,,1552.06,
19/10/2024,IZMIR,213170,213153,213174,213158,213155,213152,26769.97,,896.04,,217.6,,98.75,
20/10/2024,ADANA,213179,213192,213188,213194,213193,213180,6100.67,,1525.32,,1093.35,,232.75,
20/10/2024,ADANA,213193,213180,213197,213186,213178,213196,12177.32,,983.1,,985.95,,70.93,
20/10/2024,ISTANBUL,213182,213184,213189,213187,213181,213191,577.97,,139.86,,,,,
20/10/2024,ISTANBUL,213187,213181,213191,213183,213185,213195,1818.02,,730.98,,379.6,,274.31,
21/10/2024,BURSA,213202,213212,213211,213214,213215,213201,26443.27,,3890.43,,2746.95,,352.62,
21/10/2024,BURSA,213215,213201,213213,213209,213210,213200,120267.45,,8115.9,,971.2,,285.12,
21/10/2024,ELAZIG,213207,213204,213198,213203,213205,213208,2221.26,,585.06,,103.85,,89.81,
22/10/2024,ADANA,213220,213233,213219,213230,213228,213234,41598.4,,4542.36,,,,,
22/10/2024,ADANA,213230,213228,213234,213232,213229,213231,12362.17,,2341.86,,1145.55,,81.93,
22/10/2024,KOCAELI,213216,213224,213221,213222,213217,213226,8946.65,,1298.13,,463.05,,187.75,
22/10/2024,KOCAELI,213217,213226,213227,213225,213218,213223,1289191.2,,124784.58,,20218.25,,2350.56,
23/10/2024,ELAZIG,213235,213241,213243,213239,213242,213236,24155.92,,1544.37,,811.75,,219.87,
23/10/2024,ISTANBUL,213237,213248,213238,213247,213245,213249,33267.2,,6919.17,,,,,
23/10/2024,ISTANBUL,213247,213245,213249,213250,213246,213244,48655.57,,12002.64,,3750.2,,296.62,
24/10/2024,ANKARA,213259,213267,213256,213262,213258,213260,5944.47,,3562.44,,,,,
24/10/2024,ANKARA,213262,213258,213260,213264,213266,213255,10087.5,,5275.23,,2068.5,,114.5,
24/10/2024,IZMIR,213252,213269,213261,213254,213253,213265,41965.15,,8466.0,,1684.15,,839.68,
24/10/2024,IZMIR,213253,213265,213268,213263,213251,213257,655407.37,,9292.17,,3701.75,,981.37,
25/10/2024,BURSA,213294,213270,213274,213279,213284,213281,103454.05,,48704.52,,,,,
25/10/2024,BURSA,213279,213284,213281,213277,213271,213282,167546.1,,15079.53,,3513.95,,245.56,
25/10/2024,ISTANBUL,213286,213272,213283,213280,213288,213276,2429.25,,565.5,,,,,
25/10/2024,ISTANBUL,213280,213288,213276,213275,213273,213278,15267.12,,5170.56,,1231.0,,259.93,
25/10/2024,SANLIURFA,213291,213290,213292,213293,213289,213287,7360.6,,2337.54,,392.6,,127.43,
26/10/2024,ANKARA,213306,213303,213309,213307,213310,213305,20572.37,,4955.19,,,,,
26/10/2024,ANKARA,213307,213310,213305,213300,213304,213302,20300.82,,1800.54,,341.55,,128.0,
26/10/2024,DBAKIR,213311,213315,213314,213316,213312,213308,7646.32,,1850.85,,318.05,,123.75,
26/10/2024,IZMIR,213299,213296,213319,213318,213313,213298,18319.85,,6751.44,,,,,
26/10/2024,IZMIR,213318,213313,213298,213297,213295,213317,42380.02,,8968.95,,943.6,,296.25,
27/10/2024,ADANA,213323,213334,213330,213325,213336,213331,6681.4,,343.38,,124.3,,56.62,
27/10/2024,ADANA,213336,213331,213327,213324,213333,213328,32422.27,,4251.66,,1620.15,,644.18,
27/10/2024,ISTANBUL,213322,213335,213320,213339,213321,213337,4555.42,,1396.11,,788.2,,166.56,
27/10/2024,ISTANBUL,213321,213337,213332,213326,213329,213338,47506.32,,11613.87,,2337.8,,751.56,
28/10/2024,BURSA,213341,213356,213353,213340,213355,213354,29731.42,,2583.87,,,,,
28/10/2024,BURSA,213340,213355,213354,213351,213352,213350,64104.5,,20692.53,,8176.9,,2072.93,
28/10/2024,ELAZIG,213344,213345,213346,213343,213349,213348,8856.32,,2577.78,,670.6,,219.31,
29/10/2024,ADANA,213371,213361,213370,213373,213375,213369,85922.47,,17150.43,,1252.85,,613.68,
29/10/2024,ADANA,213375,213369,213360,213372,213374,213359,20909.87,,3928.92,,379.6,,303.81,
29/10/2024,KOCAELI,213358,213362,213365,213364,213357,213368,502.2,,158.37,,,,,
29/10/2024,KOCAELI,213364,213357,213368,213366,213367,213363,5108.92,,5063.37,,1186.55,,195.87,
30/10/2024,ELAZIG,213386,213381,213388,213389,213380,213385,9765.04,,706.53,,,,,
30/10/2024,ELAZIG,213389,213380,213385,213383,213382,213379,42789.98,,16282.8,,2728.55,,894.0,
30/10/2024,ISTANBUL,213377,213390,213378,213392,213384,213391,14433.57,,3051.27,,,,,
30/10/2024,ISTANBUL,213392,213384,213391,213393,213394,213387,5091.82,,1419.84,,122.0,,39.75,
31/10/2024,ANKARA,213395,213409,213405,213407,213396,213402,9969.42,,1527.39,,,,,
31/10/2024,ANKARA,213407,213396,213402,213403,213406,213401,6905.2,,3199.86,,302.1,,156.06,
31/10/2024,IZMIR,213413,213397,213400,213399,213412,213404,30501.25,,10082.34,,3063.2,,101.56,
31/10/2024,IZMIR,213412,213404,213398,213410,213414,213411,24352.97,,4088.79,,1068.65,,382.87,
01/11/2024,BURSA,213416,213422,213417,213424,213425,213421,8230.85,,4732.98,,,,,
01/11/2024,BURSA,213424,213425,213421,213423,213420,213439,28190.0,,5099.82,,250.8,,211.62,
01/11/2024,ISTANBUL,213438,213426,213428,213429,213418,213435,11811.97,,3340.17,,,,,
01/11/2024,ISTANBUL,213429,213418,213435,213431,213433,213419,9401.9,,6084.42,,1231.95,,70.31,
01/11/2024,SANLIURFA,213437,213430,213427,213436,213432,213434,815493.96,,108408.84,,9069.35,,600.68,
02/11/2024,ANKARA,213442,213454,213455,213449,213441,213448,151.4,,63.33,,38.3,,14.75,
02/11/2024,ANKARA,213441,213448,213451,213457,213459,213440,457.17,,236.1,,191.8,,135.93,
02/11/2024,DBAKIR,213452,213453,213460,213461,213458,213456,80785.54,,19902.18,,3467.65,,181.5,
02/11/2024,IZMIR,213463,213464,213462,213446,213444,213447,90061.45,,13352.64,,,,,
02/11/2024,IZMIR,213446,213444,213447,213450,213445,213443,214429.47,,49477.29,,8452.1,,1222.81,
03/11/2024,ADANA,213469,213482,213481,213467,213480,213477,863735.67,,143018.37,,32084.15,,3627.5,
03/11/2024,ADANA,213480,213477,213479,213478,213468,213483,870528.37,,57320.82,,2382.85,,397.81,
03/11/2024,ISTANBUL,213475,213465,213471,213472,213484,213476,624.52,,217.5,,276.8,,99.0,
03/11/2024,ISTANBUL,213484,213476,213466,213473,213470,213474,6989.92,,754.26,,281.3,,77.68,
04/11/2024,BURSA,213497,213503,213498,213500,213487,213502,3305.42,,853.11,,,,,
04/11/2024,BURSA,213500,213487,213502,213499,213501,213488,367571.15,,66166.02,,16530.45,,3853.68,
04/11/2024,ELAZIG,213496,213493,213490,213491,213492,213495,22693.06,,3143.55,,1188.85,,682.37,
05/11/2024,ADANA,213518,213507,213521,213517,213519,213508,37581.2,,9633.51,,1665.8,,364.06,
05/11/2024,ADANA,213519,213508,213520,213522,213516,213506,21087.0,,2536.5,,931.3,,243.68,
05/11/2024,KOCAELI,213514,213513,213512,213515,213523,213505,2170.25,,247.65,,97.6,,20.75,
05/11/2024,KOCAELI,213523,213505,213509,213510,213511,213504,1257.55,,542.16,,279.2,,58.5,
06/11/2024,ELAZIG,213529,213530,213532,213528,213526,213531,39667.08,,6417.42,,1276.7,,375.31,
06/11/2024,ISTANBUL,213537,213524,213534,213535,213539,213538,8001.5,,1253.13,,,,,
06/11/2024,ISTANBUL,213535,213539,213538,213525,213536,213540,11385.67,,2552.19,,180.05,,118.93,
07/11/2024,ANKARA,213549,213541,213553,213547,213559,213555,8323.85,,1753.32,,,,,
07/11/2024,ANKARA,213547,213559,213555,213546,213542,213552,2065.42,,216.69,,118.05,,37.12,
07/11/2024,IZMIR,213557,213543,213554,213556,213558,213545,650427.52,,16647.54,,,,,
07/11/2024,IZMIR,213556,213558,213545,213550,213544,213548,189869.35,,43389.03,,7745.0,,939.62,
08/11/2024,BURSA,213574,213563,213583,213578,213584,213582,19613.62,,5248.53,,,,,
08/11/2024,BURSA,213578,213584,213582,213569,213564,213571,16848.97,,3087.42,,545.95,,236.18,
08/11/2024,ISTANBUL,213565,213561,213572,213566,213567,213581,1640.7,,1174.56,,,,,
08/11/2024,ISTANBUL,213566,213567,213581,213562,213570,213568,39971.72,,10464.48,,2269.7,,532.75,
08/11/2024,SANLIURFA,213573,213576,213575,213577,213580,213579,84726.44,,13139.13,,3853.2,,1173.62,
09/11/2024,ANKARA,213602,213598,213596,213595,213588,213604,16652.6,,2951.7,,,,,
09/11/2024,ANKARA,213595,213588,213604,213597,213601,213587,537473.32,,31177.17,,1493.6,,307.56,
09/11/2024,DBAKIR,213606,213608,213609,213603,213600,213607,246411.86,,22772.85,,8386.9,,1695.31,
09/11/2024,IZMIR,213605,213589,213599,213591,213594,213592,4096.72,,663.78,,499.55,,148.37,
09/11/2024,IZMIR,213594,213592,213585,213593,213590,213586,6543.65,,847.95,,529.65,,110.0,
10/11/2024,ADANA,213612,213626,213625,213613,213624,213627,3604.35,,904.35,,,,,
10/11/2024,ADANA,213613,213624,213627,213622,213620,213628,56882.15,,19409.55,,2731.65,,653.62,
10/11/2024,ISTANBUL,213623,213611,213615,213618,213617,213614,19236.22,,9508.38,,3002.5,,442.43,
10/11/2024,ISTANBUL,213617,213614,213621,213616,213619,213610,19032.75,,6165.12,,616.9,,168.43,
11/11/2024,BURSA,213631,213644,213641,213642,213632,213645,4121.85,,1283.46,,,,,
11/11/2024,BURSA,213642,213632,213645,213640,213639,213643,14257.3,,1699.53,,869.7,,135.5,
11/11/2024,ELAZIG,213635,213637,213636,213638,213630,213634,1615.84,,528.03,,315.1,,131.56,
12/11/2024,ADANA,213649,213664,213662,213659,213660,213658,2182.57,,730.08,,263.4,,118.31,
12/11/2024,ADANA,213660,213658,213650,213663,213661,213648,4552.52,,644.97,,149.6,,42.37,
12/11/2024,KOCAELI,213647,213656,213653,213654,213646,213655,3058.25,,1799.25,,,,,
12/11/2024,KOCAELI,213654,213646,213655,213652,213651,213657,15270.85,,2609.43,,601.75,,241.12,
13/11/2024,ELAZIG,213675,213668,213673,213669,213671,213670,12395.66,,4723.65,,705.35,,90.18,
13/11/2024,ISTANBUL,213682,213665,213676,213666,213677,213680,30217.9,,2852.55,,1959.4,,1074.31,
13/11/2024,ISTANBUL,213677,213680,213672,213679,213681,213678,61716.25,,10162.29,,903.35,,282.75,
14/11/2024,ANKARA,213690,213693,213698,213695,213694,213691,3756.42,,984.15,,,,,
14/11/2024,ANKARA,213695,213694,213691,213697,213688,213685,3973.3,,1339.68,,462.35,,171.06,
14/11/2024,IZMIR,213684,213696,213700,213692,213701,213687,36792.05,,2719.65,,,,,
14/11/2024,IZMIR,213692,213701,213687,213689,213683,213699,7693.95,,2052.57,,258.85,,129.93,
15/11/2024,BURSA,213705,213725,213727,213718,213722,213713,1082.67,,376.41,,,,,
15/11/2024,BURSA,213718,213722,213713,213708,213706,213728,16003.42,,1353.3,,424.05,,353.75,
15/11/2024,ISTANBUL,213704,213720,213726,213723,213710,213702,655.82,,131.64,,54.0,,39.25,
15/11/2024,ISTANBUL,213702,213716,213719,213717,213703,213714,17751.97,,4874.25,,1111.0,,588.62,
15/11/2024,SANLIURFA,213707,213711,213715,213721,213724,213709,50297.78,,11032.65,,5770.3,,1011.62,
16/11/2024,ANKARA,213752,213745,213749,213750,213730,213743,1099.02,,382.08,,,,,
16/11/2024,ANKARA,213750,213730,213743,213747,213729,213753,6717.92,,716.55,,262.5,,238.56,
16/11/2024,DBAKIR,213739,213746,213737,213742,213740,213744,30281.46,,7892.67,,1870.2,,119.12,
16/11/2024,IZMIR,213733,213741,213736,213732,213754,213735,6318.72,,,,,,,
16/11/2024,IZMIR,213754,213735,213734,213751,213731,213748,248208.1,,44700.66,,11996.25,,4010.18,
17/11/2024,ADANA,213756,213760,213768,213757,213765,213767,54861.72,,28836.36,,17197.15,,1661.93,
17/11/2024,ADANA,213765,213767,213770,213762,213755,213763,5139777.55,,402877.2,,9632.4,,1452.31,
17/11/2024,ISTANBUL,213758,213769,213761,213771,213772,213759,13119.25,,5531.73,,,,,
17/11/2024,ISTANBUL,213771,213772,213759,213764,213766,213773,185843.57,,29694.54,,2446.65,,245.93,
18/11/2024,BURSA,213781,213775,213779,213785,213788,213783,65147.12,,8193.99,,,,,
18/11/2024,BURSA,213785,213788,213783,213790,213774,213791,105297.72,,19926.12,,1786.85,,818.68,
18/11/2024,SANLIURFA,213778,213780,213782,213777,213787,213789,6489.6,,1959.78,,,,,
18/11/2024,SANLIURFA,213777,213787,213789,213784,213786,213776,11537.84,,7485.75,,1710.75,,344.31,
19/11/2024,ADANA,213808,213798,213811,213807,213799,213812,106711.22,,18968.07,,8960.05,,1229.56,
19/11/2024,ANTALYA,213800,213806,213802,213805,213804,213801,40349.82,,5279.1,,1150.75,,284.81,
20/11/2024,ISTANBUL,213824,213826,213818,213820,213822,213819,41074.05,,3890.52,,673.45,,20.87,
20/11/2024,SANLIURFA,213831,213816,213825,213828,213827,213829,7421.86,,1772.64,,,,,
20/11/2024,SANLIURFA,213828,213827,213829,213830,213817,213823,142136.88,,17858.13,,1506.35,,391.18,
21/11/2024,IZMIR,213841,213833,213838,213837,213832,213836,10578.2,,3717.18,,1935.2,,510.62,
21/11/2024,KOCAELI,213840,213847,213846,213835,213842,213843,7579.7,,967.17,,,,,
21/11/2024,KOCAELI,213835,213842,213843,213844,213845,213834,3679.0,,989.73,,587.6,,116.56,
22/11/2024,ANTALYA,213863,213858,213857,213861,213862,213848,195758.9,,19626.9,,14673.3,,2062.18,
22/11/2024,IZMIR,213852,213865,213855,213860,213853,213864,229077.45,,54096.75,,5732.55,,776.81,
23/11/2024,ADANA,213866,213888,213890,213867,213889,213884,3784.55,,876.63,,,,,
23/11/2024,ADANA,213867,213889,213884,213891,213873,213880,77513.8,,13478.46,,3937.25,,569.31,
23/11/2024,DBAKIR,213878,213883,213881,213886,213872,213875,485937.12,,69047.64,,13797.6,,663.37,
23/11/2024,ISTANBUL,213876,213874,213882,213879,213869,213885,21960.05,,4855.74,,,,,
23/11/2024,ISTANBUL,213879,213869,213885,213870,213887,213868,11805.55,,2033.52,,180.55,,63.56,
24/11/2024,ADANA,213893,213900,213902,213898,213901,213892,7482.1,,2583.93,,316.3,,208.06,
24/11/2024,IZMIR,213896,213908,213905,213907,213894,213903,299.65,,,,,,,
24/11/2024,IZMIR,213894,213903,213899,213906,213895,213904,3001.07,,873.45,,316.7,,39.93,
25/11/2024,BURSA,213918,213923,213920,213924,213911,213922,710.37,,417.27,,,,,
25/11/2024,BURSA,213924,213911,213922,213919,213921,213912,10238.4,,1453.77,,714.15,,229.37,
25/11/2024,SANLIURFA,213909,213913,213915,213917,213910,213914,16898.7,,11905.14,,2292.45,,354.0,
26/11/2024,ADANA,213929,213934,213937,213936,213927,213935,8197.52,,371.67,,163.3,,107.87,
26/11/2024,ADANA,213927,213935,213938,213931,213932,213928,6809.5,,1737.15,,221.9,,97.62,
26/11/2024,ANTALYA,213943,213925,213939,213942,213926,213941,176858.15,,5652.21,,1013.7,,366.25,
27/11/2024,ISTANBUL,213954,213952,213951,213949,213948,213950,576.9,,144.0,,55.9,,29.0,
27/11/2024,SANLIURFA,213946,213957,213955,213959,213944,213958,9065.8,,5806.74,,,,,
27/11/2024,SANLIURFA,213959,213944,213958,213953,213945,213956,4744.12,,737.7,,211.35,,60.18,
28/11/2024,IZMIR,213975,213972,213974,213973,213969,213967,5711.9,,1344.24,,302.6,,187.81,
28/11/2024,KOCAELI,213962,213970,213963,213964,213971,213968,4198.6,,1268.82,,,,,
28/11/2024,KOCAELI,213964,213971,213968,213965,213961,213966,33773.02,,3734.58,,966.5,,496.37,
29/11/2024,ANTALYA,213986,213988,213989,213985,213977,213983,121060.45,,4102.14,,,,,
29/11/2024,ANTALYA,213985,213977,213983,213990,213976,213981,63611.8,,11166.78,,2629.35,,212.68,
29/11/2024,IZMIR,213980,213978,213979,213984,213987,213982,6312.35,,1377.09,,559.35,,86.25,
30/11/2024,ADANA,213994,214006,213993,213996,213999,214005,1032.07,,84.18,,,,60.56,
30/11/2024,ADANA,213996,213999,214005,214004,214009,214001,1065.12,,390.21,,105.4,,60.56,
30/11/2024,DBAKIR,214000,214007,213998,214013,214010,214011,44033.46,,4054.77,,1001.5,,259.75,
30/11/2024,ISTANBUL,213992,214014,213997,214002,213991,213995,839.72,,159.0,,105.75,,42.5,
01/12/2024,ADANA,214026,214016,214023,214027,214015,214024,4824.97,,864.48,,704.65,,167.93,
01/12/2024,IZMIR,214017,214029,214019,214022,214028,214030,2925.9,,899.43,,,,,
01/12/2024,IZMIR,214022,214028,214030,214018,214031,214025,31103.25,,8760.81,,682.85,,216.12,
02/12/2024,BURSA,214039,214042,214045,214047,214036,214049,30498.8,,7001.85,,,,,
02/12/2024,BURSA,214047,214036,214049,214046,214035,214048,38544.9,,3696.66,,1805.5,,328.12,
02/12/2024,SANLIURFA,214033,214040,214037,214044,214034,214043,2712.9,,892.2,,,,,
02/12/2024,SANLIURFA,214044,214034,214043,214041,214038,214032,10667.96,,2674.35,,428.3,,143.93,
03/12/2024,ADANA,214057,214055,214052,214056,214058,214054,12861.45,,3075.18,,350.55,,99.68,
03/12/2024,ANTALYA,214063,214064,214059,214062,214061,214050,1919.1,,483.87,,98.5,,13.12,
04/12/2024,ISTANBUL,214066,214070,214081,214080,214072,214065,44970.5,,6366.78,,231.55,,41.68,
04/12/2024,SANLIURFA,214069,214073,214078,214077,214068,214071,2733.42,,647.16,,,,,
04/12/2024,SANLIURFA,214077,214068,214071,214074,214067,214076,64826.38,,27135.42,,5206.65,,1863.75,
05/12/2024,IZMIR,214091,214095,214083,214084,214097,214088,41283.12,,7343.82,,945.65,,51.31,
05/12/2024,KOCAELI,214086,214096,214094,214092,214090,214089,23215.32,,9413.97,,834.05,,447.87,
06/12/2024,ANTALYA,214115,214098,214112,214113,214109,214108,37539.3,,9440.01,,,,,
06/12/2024,ANTALYA,214113,214109,214108,214111,214099,214114,101424.35,,1234.68,,1186.05,,577.5,
06/12/2024,IZMIR,214107,214103,214105,214102,214101,214104,1355.3,,307.5,,110.2,,93.56,
07/12/2024,ADANA,214134,214133,214131,214138,214119,214128,60649.87,,7366.65,,,,,
07/12/2024,ADANA,214138,214119,214128,214136,214124,214118,119263.1,,13732.56,,19134.35,,722.0,
07/12/2024,ISTANBUL,214117,214123,214135,214137,214139,214132,7635.9,,902.37,,,,,
07/12/2024,ISTANBUL,214137,214139,214132,214120,214116,214127,6555.55,,1314.54,,273.15,,22.68,
08/12/2024,ADANA,214147,214144,214148,214150,214149,214142,273.5,,135.84,,60.55,,21.43,
08/12/2024,ADANA,214149,214142,214145,214146,214151,214143,224581.65,,81307.47,,14563.05,,1059.62,
08/12/2024,DBAKIR,214122,214129,214126,214121,214130,214125,4932.42,,1838.31,,446.3,,45.43,
08/12/2024,IZMIR,214154,214140,214157,214153,214155,214152,289.35,,152.85,,,,,
08/12/2024,IZMIR,214153,214155,214152,214158,214141,214156,6643.9,,950.37,,298.6,,171.12,
09/12/2024,BURSA,214162,214173,214164,214171,214174,214169,5486.67,,3371.19,,,,,
09/12/2024,BURSA,214171,214174,214169,214167,214161,214172,50493.02,,14507.67,,6398.3,,1287.62,
09/12/2024,SANLIURFA,214168,214170,214165,214159,214163,214166,368765.0,,134338.68,,13949.2,,1569.87,
10/12/2024,ADANA,214176,214189,214188,214186,214175,214187,828571.62,,46885.83,,5528.95,,264.68,
10/12/2024,ANTALYA,214177,214183,214178,214184,214181,214185,72742.2,,25472.1,,,,,
10/12/2024,ANTALYA,214184,214181,214185,214182,214179,214180,4747.1,,1296.75,,101.25,,37.75,
11/12/2024,ISTANBUL,214208,214192,214206,214204,214191,214207,22930.77,,3784.62,,1926.05,,224.62,
11/12/2024,SANLIURFA,214195,214202,214194,214196,214203,214199,87328.0,,45346.56,,10766.25,,345.62,
11/12/2024,SANLIURFA,214203,214199,214200,214198,214193,214197,1340913.04,,105624.57,,19761.9,,609.5,
12/12/2024,IZMIR,214212,214224,214220,214222,214211,214223,9019.47,,1611.54,,110.75,,34.75,
12/12/2024,KOCAELI,214218,214217,214215,214216,214209,214219,27226.92,,1822.8,,,,,
12/12/2024,KOCAELI,214216,214209,214219,214213,214214,214210,1238.4,,542.25,,179.25,,78.56,
13/12/2024,ANTALYA,214226,214232,214233,214239,214236,214230,2721.95,,1724.22,,,,,
13/12/2024,ANTALYA,214239,214236,214230,214238,214225,214240,90880.97,,55854.21,,12125.55,,530.56,
13/12/2024,IZMIR,214227,214229,214228,214237,214231,214234,7316.5,,1490.97,,1083.05,,255.81,
14/12/2024,ADANA,214264,214260,214263,214258,214244,214261,32705.05,,1709.49,,,,,
14/12/2024,ADANA,214258,214244,214261,214259,214243,214262,2572.5,,476.28,,227.5,,24.87,
14/12/2024,DBAKIR,214253,214248,214252,214246,214256,214249,2740.38,,1149.78,,513.35,,270.43,
14/12/2024,ISTANBUL,214245,214255,214251,214247,214257,214254,2421.95,,900.96,,341.45,,23.75,
15/12/2024,ADANA,214272,214276,214273,214265,214280,214279,6513.8,,386.4,,,,,
15/12/2024,ADANA,214265,214280,214279,214275,214266,214278,31780.02,,8023.32,,2273.35,,540.62,
15/12/2024,IZMIR,214274,214281,214271,214277,214267,214270,18842.6,,3087.9,,,,,
15/12/2024,IZMIR,214277,214267,214270,214269,214282,214268,28352.87,,6721.86,,2137.45,,237.37,
16/12/2024,BURSA,214291,214294,214295,214298,214285,214296,1575.7,,804.03,,,,,
16/12/2024,BURSA,214298,214285,214296,214292,214297,214286,11079.0,,961.89,,528.85,,118.93,
16/12/2024,SANLIURFA,214288,214283,214289,214290,214284,214287,428137.26,,36295.11,,1434.3,,241.56,
17/12/2024,ADANA,214312,214299,214313,214310,214300,214314,5850015.32,,138112.26,,28713.1,,2409.37,
17/12/2024,ANTALYA,214303,214308,214307,214302,214306,214305,9907.67,,1258.59,,,,,
17/12/2024,ANTALYA,214302,214306,214305,214304,214301,214309,11664.87,,2632.38,,221.8,,90.81,
18/12/2024,ISTANBUL,214319,214328,214330,214323,214325,214332,5027.92,,986.16,,476.15,,215.06,
18/12/2024,SANLIURFA,214316,214326,214329,214320,214315,214322,2193.76,,630.24,,160.75,,55.43,
18/12/2024,SANLIURFA,214315,214322,214327,214331,214317,214324,14250.42,,10708.05,,1921.25,,499.87,
19/12/2024,IZMIR,214339,214334,214335,214336,214337,214333,11345.9,,2953.53,,870.4,,57.75,
19/12/2024,KOCAELI,214341,214347,214340,214345,214343,214338,4864.9,,2018.79,,1381.95,,329.75,
20/12/2024,ANTALYA,214358,214348,214355,214361,214363,214356,2958.27,,831.33,,,,,
20/12/2024,ANTALYA,214361,214363,214356,214360,214349,214362,50031.12,,30976.59,,6769.7,,389.12,
20/12/2024,IZMIR,214359,214352,214354,214353,214351,214357,12572.55,,1349.52,,351.8,,54.25,
21/12/2024,ADANA,214366,214386,214375,214376,214383,214378,247.1,,75.51,,,,,
21/12/2024,ADANA,214376,214383,214378,214385,214373,214367,381.65,,123.33,,48.4,,26.18,
21/12/2024,ISTANBUL,214364,214377,214374,214368,214371,214372,6488.55,,2654.04,,,,,
21/12/2024,ISTANBUL,214368,214371,214372,214370,214365,214369,9954.07,,2099.22,,531.8,,84.18,
22/12/2024,ADANA,214403,214400,214401,214402,214397,214389,1231.25,,274.71,,9.0,,5.12,
22/12/2024,DBAKIR,214387,214384,214379,214388,214381,214382,1414.64,,238.5,,121.15,,38.12,
22/12/2024,IZMIR,214396,214394,214399,214392,214404,214393,47389.32,,8807.85,,2407.8,,903.0,
23/12/2024,BURSA,214410,214411,214413,214412,214406,214421,219.82,,130.56,,,,,
23/12/2024,BURSA,214412,214406,214421,214419,214415,214405,1622.17,,716.55,,92.4,,69.18,
23/12/2024,SANLIURFA,214417,214414,214408,214416,214418,214407,30930.2,,9064.41,,2133.5,,602.0,
24/12/2024,ADANA,214433,214424,214437,214434,214425,214435,74450.47,,17499.09,,5063.95,,1949.37,
24/12/2024,ANTALYA,214423,214431,214428,214422,214426,214430,360.15,,175.53,,,,,
24/12/2024,ANTALYA,214422,214426,214430,214429,214427,214432,3514.27,,366.3,,185.55,,47.81,
25/12/2024,ISTANBUL,214453,214452,214446,214447,214439,214451,47230.07,,1530.9,,138.25,,24.18,
25/12/2024,SANLIURFA,214444,214448,214443,214442,214441,214449,25174.9,,4602.48,,200.1,,114.87,
26/12/2024,IZMIR,214454,214468,214466,214465,214464,214455,14898.6,,1769.04,,588.15,,251.5,
26/12/2024,KOCAELI,214457,214462,214460,214458,214463,214461,4154.0,,1117.02,,433.7,,70.0,
27/12/2024,ANTALYA,214469,214473,214476,214470,214471,214475,1469.27,,458.07,,,,,
27/12/2024,ANTALYA,214470,214471,214475,214477,214472,214482,3078.9,,2397.45,,261.35,,24.31,
27/12/2024,IZMIR,214479,214480,214474,214481,214483,214478,1112.2,,97.41,,51.3,,35.31,
28/12/2024,ADANA,214498,214506,214501,214495,214500,214505,3500.17,,2617.17,,250.9,,125.68,
28/12/2024,DBAKIR,214491,214496,214499,214504,214486,214489,922.8,,394.11,,141.0,,22.87,
28/12/2024,ISTANBUL,214487,214485,214492,214494,214490,214484,17589.67,,2487.6,,526.15,,20.18,
29/12/2024,ADANA,214513,214507,214514,214515,214517,214508,6891.67,,1670.19,,268.75,,42.06,
29/12/2024,IZMIR,214520,214512,214510,214509,214518,214511,1155.05,,308.55,,68.5,,28.43,
30/12/2024,BURSA,214532,214535,214522,214529,214534,214536,5555.42,,4230.75,,,,,
30/12/2024,BURSA,214529,214534,214536,214531,214521,214533,2620.8,,263.85,,87.95,,13.68,
30/12/2024,SANLIURFA,214530,214525,214527,214524,214528,214523,28999.6,,3920.82,,1850.05,,330.87,
31/12/2024,ADANA,214546,214550,214551,214548,214549,214545,435.7,,97.26,,54.6,,32.0,
31/12/2024,ANTALYA,214543,214541,214540,214537,214539,214544,19729.42,,987.54,,628.45,,180.93,
01/01/2025,ISTANBUL,214562,214559,214554,214557,214555,214567,63685.56,,6301.57,,4907.06,,1752.22,
01/01/2025,SANLIURFA,214556,214552,214565,214563,214558,214564,9569.37,,3044.55,,2614.06,,745.65,
02/01/2025,ANTALYA,214574,214582,214573,214578,214570,214576,4724.58,,857.13,,160.31,,27.6,
02/01/2025,IZMIR,214581,214568,214575,214580,214577,214579,926.43,,451.5,,25.43,,12.0,
03/01/2025,BURSA,214604,214593,214603,214602,214600,214592,22448.52,,5087.32,,1326.06,,102.22,
03/01/2025,IZMIR,214594,214597,214595,214601,214596,214599,3563.55,,1283.17,,54.68,,31.42,
04/01/2025,ADANA,214608,214617,214621,214619,214620,214618,3217.62,,703.83,,,,,
04/01/2025,ADANA,214619,214620,214618,214616,214622,214607,21010.5,,4924.76,,1839.81,,155.47,
04/01/2025,ISTANBUL,214605,214610,214609,214615,214614,214611,35683.41,,1644.15,,,,,
04/01/2025,ISTANBUL,214615,214614,214611,214613,214606,214612,17604.78,,5494.31,,163.87,,83.32,
05/01/2025,ADANA,214629,214635,214623,214631,214632,214634,1592.37,,476.92,,108.56,,65.4,
05/01/2025,IZMIR,214633,214626,214637,214636,214638,214625,4640.85,,1340.73,,451.62,,39.82,
06/01/2025,BURSA,214649,214640,214650,214648,214639,214651,110342.88,,4264.53,,5286.06,,1004.55,
06/01/2025,SANLIURFA,214654,214646,214652,214655,214645,214653,3960690.75,,29978.36,,,,,
06/01/2025,SANLIURFA,214655,214645,214653,214656,214644,214657,14696681.4,,1069236.0,,247445.12,,13424.7,
07/01/2025,ADANA,214659,214667,214668,214670,214669,214658,300.24,,109.95,,10.87,,3.07,
07/01/2025,ANTALYA,214660,214664,214663,214666,214661,214662,62229.93,,7123.46,,5043.75,,1642.12,
08/01/2025,ISTANBUL,214672,214689,214685,214673,214688,214686,6189.27,,1052.62,,,,,
08/01/2025,ISTANBUL,214673,214688,214686,214680,214674,214687,2831.52,,1153.65,,138.06,,21.67,
08/01/2025,SANLIURFA,214675,214679,214677,214683,214682,214684,2683.75,,1290.82,,,,,
08/01/2025,SANLIURFA,214683,214682,214684,214678,214676,214681,8088.9,,1345.42,,529.62,,71.4,
09/01/2025,ANTALYA,214693,214701,214692,214694,214691,214699,3007.56,,748.95,,605.93,,318.0,
09/01/2025,IZMIR,214702,214700,214703,214698,214697,214696,895.41,,313.46,,138.87,,9.9,
10/01/2025,ANTALYA,214712,214714,214717,214713,214705,214715,8854.41,,1641.67,,810.93,,325.65,
10/01/2025,IZMIR,214706,214711,214716,214709,214707,214710,4869.72,,2506.31,,1056.5,,226.05,
11/01/2025,ADANA,214734,214731,214733,214730,214721,214729,2197.77,,1106.13,,,,,
11/01/2025,ADANA,214730,214721,214729,214732,214735,214720,277554.21,,58062.82,,4881.5,,3178.65,
11/01/2025,ISTANBUL,214725,214718,214723,214726,214719,214722,3646.62,,1071.78,,,,,
11/01/2025,ISTANBUL,214726,214719,214722,214727,214728,214724,7964.85,,1792.8,,807.81,,130.05,
12/01/2025,ADANA,214746,214738,214747,214744,214739,214743,6034.53,,1302.26,,950.68,,207.52,
12/01/2025,IZMIR,214737,214749,214742,214740,214736,214748,1208.52,,437.58,,39.31,,26.17,
13/01/2025,BURSA,214758,214765,214764,214755,214750,214766,1352.79,,398.4,,87.75,,33.37,
13/01/2025,SANLIURFA,214754,214760,214753,214759,214762,214763,80360.5,,16132.61,,,,,
13/01/2025,SANLIURFA,214759,214762,214763,214752,214757,214761,1781.25,,784.57,,416.37,,102.67,
14/01/2025,ADANA,214784,214785,214786,214788,214789,214774,12157.05,,1149.37,,83.5,,54.82,
14/01/2025,ANTALYA,214778,214783,214779,214777,214781,214782,8466.87,,745.27,,,,,
14/01/2025,ANTALYA,214777,214781,214782,214780,214776,214787,17511.18,,14713.91,,2558.62,,715.5,
15/01/2025,ISTANBUL,214796,214791,214798,214797,214790,214800,174.96,,55.46,,57.56,,42.45,
15/01/2025,SANLIURFA,214794,214804,214799,214805,214792,214801,63823.7,,7463.21,,,,,
15/01/2025,SANLIURFA,214805,214792,214801,214803,214793,214802,36993.57,,5178.86,,1469.12,,508.12,
16/01/2025,ANTALYA,214817,214819,214816,214808,214811,214813,6212.43,,1618.61,,1284.18,,481.72,
16/01/2025,IZMIR,214807,214814,214820,214812,214806,214818,12351.51,,6658.95,,2626.12,,82.95,
17/01/2025,BURSA,214833,214822,214830,214831,214832,214821,7992.12,,4701.82,,695.87,,174.67,
17/01/2025,IZMIR,214824,214827,214828,214829,214823,214826,1068.69,,919.87,,44.62,,27.15,
18/01/2025,ADANA,214869,214878,214874,214871,214877,214873,67499.79,,16814.81,,,,,
18/01/2025,ADANA,214871,214877,214873,214875,214870,214879,9584.52,,2102.58,,215.62,,42.67,
18/01/2025,ISTANBUL,214867,214872,214881,214868,214884,214883,23615.7,,5646.63,,,,,
18/01/2025,ISTANBUL,214868,214884,214883,214880,214882,214876,1847.07,,567.3,,127.5,,23.77,
19/01/2025,ADANA,214891,214887,214892,214896,214893,214886,660.12,,80.28,,46.43,,21.82,
19/01/2025,IZMIR,214890,214901,214897,214895,214899,214888,25232.01,,6290.96,,2817.06,,666.9,
19/01/2025,IZMIR,214899,214888,214898,214900,214902,214889,393517.59,,32938.68,,1834.56,,443.17,
20/01/2025,BURSA,214918,214917,214907,214916,214906,214919,38085.12,,9948.48,,5810.87,,672.75,
20/01/2025,SANLIURFA,214905,214915,214911,214904,214912,214910,3428220.12,,1919378.17,,,,,
20/01/2025,SANLIURFA,214904,214912,214910,214913,214903,214909,,13848734.9,386581.16,,10294.18,,1093.05,
21/01/2025,ADANA,214929,214924,214928,214932,214926,214923,39581.4,,4497.75,,793.12,,134.77,
21/01/2025,ANTALYA,214920,214933,214925,214927,214921,214931,40655.49,,16348.8,,2616.75,,620.62,
22/01/2025,ISTANBUL,214961,214962,214963,214958,214950,214959,31789.62,,1147.12,,495.75,,248.85,
22/01/2025,SANLIURFA,214955,214960,214952,214956,214954,214957,348674.95,,21668.85,,4136.43,,544.5,
23/01/2025,ANTALYA,214974,214966,214970,214973,214968,214975,10572.27,,1012.53,,487.93,,50.77,
23/01/2025,IZMIR,214977,214965,214978,214976,214972,214964,6784.17,,2348.77,,650.0,,170.77,
24/01/2025,ANTALYA,214979,214986,214988,214991,214980,214990,7739.13,,2535.67,,1576.68,,150.0,
24/01/2025,IZMIR,214987,214989,214985,214983,214982,214992,6981.93,,2198.13,,986.37,,121.27,
25/01/2025,ADANA,214997,214999,215003,214996,215008,215007,472.14,,152.28,,97.06,,27.07,
25/01/2025,ADANA,215008,215007,215006,214998,215004,214995,321.57,,110.06,,41.81,,27.07,
25/01/2025,ISTANBUL,215001,215002,214993,215009,215010,215011,319.74,,148.95,,,,,
25/01/2025,ISTANBUL,215009,215010,215011,215000,214994,215005,313.86,,161.28,,20.12,,15.15,
26/01/2025,ADANA,215021,215023,215016,215025,215014,215024,75434.22,,63242.85,,2960.5,,382.72,
26/01/2025,IZMIR,215012,215017,215018,215027,215013,215019,6408.36,,772.57,,,,,
26/01/2025,IZMIR,215027,215013,215019,215026,215022,215028,844.86,,276.22,,62.37,,63.9,
27/01/2025,BURSA,215032,215041,215034,215046,215043,215033,3784.14,,1140.3,,,,,
27/01/2025,BURSA,215046,215043,215033,215042,215045,215044,7392.33,,1596.18,,619.25,,326.4,
27/01/2025,SANLIURFA,215029,215038,215036,215031,215035,215037,1114.77,,174.48,,,,,
27/01/2025,SANLIURFA,215031,215035,215037,215030,215040,215039,3858.75,,941.1,,862.5,,282.3,
28/01/2025,ADANA,215050,215063,215062,215058,215059,215051,726.15,,586.27,,,,,
28/01/2025,ADANA,215058,215059,215051,215061,215064,215060,711.99,,494.4,,135.43,,27.37,
28/01/2025,ANTALYA,215048,215052,215054,215049,215053,215056,21038.1,,5365.91,,,,,
28/01/2025,ANTALYA,215049,215053,215056,215055,215047,215057,16739.7,,1174.68,,492.93,,42.67,
29/01/2025,ISTANBUL,215070,215079,215076,215068,215081,215078,26732.58,,14254.01,,,,,
29/01/2025,ISTANBUL,215068,215081,215078,215082,215080,215069,3975.3,,1097.43,,232.25,,18.52,
29/01/2025,SANLIURFA,215065,215071,215067,215072,215073,215075,18347.37,,500.73,,,,,
29/01/2025,SANLIURFA,215072,215073,215075,215077,215066,215074,557.17,,225.63,,189.5,,55.65,
30/01/2025,ANTALYA,215095,215091,215092,215087,215090,215097,30513.24,,2125.98,,1535.93,,148.35,
30/01/2025,IZMIR,215093,215096,215094,215088,215085,215089,6459.51,,2969.17,,683.68,,142.65,
31/01/2025,BURSA,215106,215105,215109,215103,215098,215111,29722.5,,5208.6,,3355.12,,757.87,
31/01/2025,IZMIR,215108,215101,215107,215102,215104,215100,6443.91,,2010.67,,51.75,,11.47,
01/02/2025,ADANA,215124,215112,215127,215122,215123,215126,263.34,,135.78,,,,,
01/02/2025,ADANA,215122,215123,215126,215121,215125,215113,167.13,,47.85,,32.0,,17.47,
01/02/2025,ISTANBUL,215114,215117,215118,215115,215119,215120,1967.49,,460.57,,153.43,,29.1,
02/02/2025,ADANA,215135,215138,215140,215137,215136,215139,2085.54,,420.82,,126.0,,126.37,
02/02/2025,IZMIR,215134,215130,215131,215133,215129,215132,4599.45,,426.3,,,,,
02/02/2025,IZMIR,215133,215129,215132,215142,215141,215128,2433.12,,755.28,,215.68,,158.7,
03/02/2025,BURSA,215149,215148,215147,215150,215151,215146,32140.8,,2278.23,,870.37,,200.25,
03/02/2025,SANLIURFA,215144,215154,215152,215157,215143,215153,1334.4,,615.82,,,,,
03/02/2025,SANLIURFA,215157,215143,215153,215156,215145,215155,27454.52,,11822.47,,6094.87,,2155.27,
04/02/2025,ADANA,215168,215161,215170,215166,215169,215160,26909.58,,566.28,,373.68,,54.6,
04/02/2025,ANTALYA,215164,215165,215163,215162,215159,215172,1219.14,,223.76,,263.0,,233.62,
05/02/2025,ISTANBUL,215173,215185,215174,215186,215187,215184,2814.39,,599.02,,,,,
05/02/2025,ISTANBUL,215186,215187,215184,215189,215190,215188,2524.98,,326.88,,95.0,,42.45,
05/02/2025,SANLIURFA,215177,215182,215175,215179,215181,215178,2919.5,,828.0,,,,,
05/02/2025,SANLIURFA,215179,215181,215178,215183,215176,215180,10507.2,,3308.4,,3811.31,,528.75,
06/02/2025,ANTALYA,215198,215191,215196,215194,215192,215195,879.21,,299.7,,305.81,,49.5,
06/02/2025,IZMIR,215202,215201,215197,215203,215200,215199,1375.83,,469.8,,247.81,,111.67,
07/02/2025,ANTALYA,215208,215212,215217,215206,215215,215213,265.44,,134.06,,,,,
07/02/2025,ANTALYA,215206,215215,215213,215218,215207,215219,13060.59,,3507.86,,365.18,,296.85,
07/02/2025,IZMIR,215205,215214,215216,215209,215204,215211,887.37,,358.08,,73.62,,32.85,
08/02/2025,ADANA,215234,215225,215232,215222,215226,215230,189196.23,,1523.43,,,,,
08/02/2025,ADANA,215222,215226,215230,215233,215223,215228,7698.12,,1145.1,,313.31,,139.27,
08/02/2025,ISTANBUL,215229,215220,215231,215227,215221,215235,31666.38,,3331.16,,1290.93,,107.32,
09/02/2025,ADANA,215242,215236,215245,215247,215237,215244,9914.22,,6063.26,,2493.81,,186.3,
09/02/2025,IZMIR,215240,215248,215249,215250,215251,215239,1603.44,,531.48,,370.25,,67.5,
10/02/2025,BURSA,215264,215265,215256,215266,215255,215267,68712.54,,9791.28,,3553.0,,816.82,
10/02/2025,SANLIURFA,215257,215260,215259,215252,215258,215262,52462.95,,23587.8,,13961.18,,677.55,
11/02/2025,ADANA,215270,215280,215278,215268,215282,215277,26809.56,,5344.68,,,,,
11/02/2025,ADANA,215268,215282,215277,215279,215269,215281,1151.43,,471.26,,53.56,,15.9,
11/02/2025,ANTALYA,215271,215273,215276,215272,215274,215283,17045.22,,1218.26,,366.62,,79.12,
12/02/2025,ISTANBUL,215297,215299,215287,215298,215292,215295,659.25,,212.62,,23.18,,13.72,
12/02/2025,SANLIURFA,215284,215291,215286,215289,215293,215290,39406.52,,21965.43,,,,,
12/02/2025,SANLIURFA,215289,215293,215290,215294,215285,215296,417348.7,,147295.35,,4566.75,,1451.4,
13/02/2025,ANTALYA,215305,215313,215300,215304,215306,215312,63819.6,,15126.07,,2953.25,,87.97,
13/02/2025,IZMIR,215307,215302,215309,215314,215303,215310,306630.48,,18205.57,,1279.5,,293.02,
14/02/2025,BURSA,215315,215325,215323,215319,215316,215320,414.12,,209.62,,114.62,,17.77,
14/02/2025,IZMIR,215327,215317,215324,215326,215321,215322,479.19,,146.96,,39.56,,20.4,
15/02/2025,ADANA,215346,215332,215342,215341,215331,215343,9008.28,,5012.47,,,,,
15/02/2025,ADANA,215341,215331,215343,215344,215340,215345,170920.89,,39171.3,,19768.81,,1597.42,
15/02/2025,ISTANBUL,215337,215329,215335,215333,215334,215328,151271.31,,37222.98,,6570.68,,1399.95,
15/02/2025,ISTANBUL,215334,215328,215336,215338,215330,215339,30786.93,,550.42,,107.31,,42.0,
16/02/2025,ADANA,215356,215348,215358,215354,215347,215355,16796.97,,6794.73,,1051.87,,50.85,
16/02/2025,IZMIR,215349,215361,215352,215357,215360,215351,999.96,,382.76,,,,,
16/02/2025,IZMIR,215357,215360,215351,215350,215353,215362,1755.03,,298.98,,155.31,,163.2,
17/02/2025,BURSA,215375,215369,215380,215377,215379,215367,63116.94,,6752.28,,2450.75,,429.45,
17/02/2025,SANLIURFA,215365,215370,215376,215371,215366,215374,1191.45,,739.2,,,,,
17/02/2025,SANLIURFA,215371,215366,215374,215373,215372,215364,3288.87,,4092.93,,622.68,,176.02,
18/02/2025,ADANA,215396,215391,215393,215392,215384,215394,1788.87,,183.0,,104.5,,33.15,
18/02/2025,ANTALYA,215389,215388,215390,215385,215381,215386,3498.42,,627.75,,634.68,,30.82,
19/02/2025,ISTANBUL,215401,215402,215404,215410,215397,215408,34458.42,,2502.0,,691.93,,229.05,
19/02/2025,SANLIURFA,215400,215411,215403,215406,215409,215405,1144784.92,,18353.17,,9804.12,,617.85,
20/02/2025,ANTALYA,215419,215412,215417,215413,215425,215424,3468.15,,359.85,,51.25,,19.65,
20/02/2025,IZMIR,215415,215422,215423,215418,215420,215416,664.59,,205.83,,23.0,,16.95,
21/02/2025,ANTALYA,215434,215438,215436,215433,215432,215428,104986.92,,19969.46,,2278.56,,795.9,
21/02/2025,IZMIR,215437,215440,215441,215435,215430,215439,95544.75,,43742.58,,5399.31,,244.35,
22/02/2025,ADANA,215450,215451,215453,215446,215448,215449,4157.13,,484.68,,,,,
22/02/2025,ADANA,215446,215448,215449,215452,215447,215445,387.03,,237.0,,15.93,,17.25,
22/02/2025,ISTANBUL,215459,215443,215457,215461,215458,215454,1815.3,,113.58,,,,,
22/02/2025,ISTANBUL,215461,215458,215454,215456,215444,215460,12400.77,,4582.2,,2940.18,,936.67,
23/02/2025,ADANA,215473,215471,215469,215468,215472,215467,333.36,,165.15,,32.06,,37.5,
23/02/2025,IZMIR,215466,215470,215465,215463,215474,215475,997.41,,322.68,,50.81,,48.15,
24/02/2025,BURSA,215480,215483,215482,215484,215479,215492,792.21,,48.22,,36.56,,20.25,
24/02/2025,SANLIURFA,215488,215478,215486,215476,215491,215489,7786.37,,4724.1,,,,,
24/02/2025,SANLIURFA,215476,215491,215489,215490,215477,215487,224396.6,,93794.85,,42859.75,,1346.02,
25/02/2025,ADANA,215508,215497,215504,215506,215495,215507,1692.45,,510.6,,207.31,,139.8,
25/02/2025,ANTALYA,215500,215499,215502,215498,215493,215503,4044.9,,1594.08,,166.12,,99.22,
26/02/2025,ISTANBUL,215518,215509,215514,215520,215510,215516,2965.83,,2707.98,,815.18,,74.77,
26/02/2025,SANLIURFA,215522,215521,215512,215523,215519,215524,7657156.7,,1009597.98,,43878.06,,1339.65,
27/02/2025,ANTALYA,215538,215526,215531,215530,215534,215525,87556.17,,33489.6,,5594.18,,1248.97,
27/02/2025,IZMIR,215535,215528,215532,215537,215529,215527,11457.51,,6302.55,,1069.56,,360.15,
28/02/2025,BURSA,215546,215545,215544,215543,215541,215549,831.45,,323.58,,159.87,,53.17,
28/02/2025,IZMIR,215547,215550,215551,215548,215542,215552,33560.73,,4929.71,,544.12,,165.9,
01/03/2025,ADANA,215557,215564,215556,215568,215566,215569,15776.58,,2676.56,,,,,
01/03/2025,ADANA,215568,215566,215569,215567,215565,215570,17036.67,,5900.58,,807.0,,683.17,
01/03/2025,ISTANBUL,215554,215563,215558,215560,215562,215561,756.66,,198.22,,103.81,,47.92,
02/03/2025,ADANA,215586,215577,215576,215583,215581,215587,3257.79,,1064.25,,281.0,,177.82,
02/03/2025,IZMIR,215584,215572,215574,215579,215578,215575,206.55,,111.41,,42.62,,16.57,
03/03/2025,BURSA,215602,215598,215599,215600,215588,215601,1671.15,,414.56,,99.18,,15.0,
03/03/2025,SANLIURFA,215596,215592,215593,215595,215591,215594,22174.82,,2451.67,,828.43,,153.45,
04/03/2025,ADANA,215618,215605,215614,215613,215617,215612,5002.56,,1446.45,,,,,
04/03/2025,ADANA,215613,215617,215612,215615,215606,215616,5962.62,,484.72,,174.93,,39.45,
04/03/2025,ANTALYA,215603,215607,215610,215609,215604,215608,51536.49,,17566.91,,4198.56,,1037.77,
05/03/2025,ISTANBUL,215625,215629,215624,215627,215622,215631,35388.21,,14271.52,,5337.87,,375.82,
05/03/2025,SANLIURFA,215623,215632,215619,215630,215633,215628,142317.87,,99287.81,,21029.37,,2721.45,
06/03/2025,ANTALYA,215656,215641,215654,215655,215657,215640,456.36,,201.3,,21.62,,28.72,
06/03/2025,IZMIR,215653,215660,215661,215650,215658,215662,14471.91,,2247.3,,39.5,,16.35,
07/03/2025,ANTALYA,215669,215673,215671,215675,215676,215674,2483.76,,392.36,,57.75,,14.25,
07/03/2025,IZMIR,215670,215665,215666,215672,215664,215668,17620.02,,9238.35,,1738.43,,433.42,
08/03/2025,ADANA,215680,215692,215679,215690,215691,215688,14555.04,,2625.75,,,,,
08/03/2025,ADANA,215690,215691,215688,215689,215693,215694,93419.07,,9800.4,,3331.12,,731.77,
08/03/2025,ISTANBUL,215677,215687,215682,215684,215683,215686,8550.87,,2060.58,,,,,
08/03/2025,ISTANBUL,215684,215683,215686,215681,215678,215685,3348.06,,316.2,,143.18,,12.37,
09/03/2025,ADANA,215697,215703,215698,215696,215702,215700,153257.61,,6949.98,,,,,
09/03/2025,ADANA,215696,215702,215700,215699,215701,215695,31877.7,,2718.6,,481.62,,213.67,
09/03/2025,IZMIR,215706,215710,215712,215711,215704,215708,29407.5,,7757.06,,1278.37,,105.52,
10/03/2025,BURSA,215724,215726,215714,215718,215717,215722,330.66,,81.48,,51.81,,23.7,
10/03/2025,SANLIURFA,215727,215721,215728,215725,215716,215719,7114558.87,,563176.76,,16305.12,,4054.65,
11/03/2025,ADANA,215731,215744,215743,215745,215741,215742,1310.64,,1057.91,,,,,
11/03/2025,ADANA,215745,215741,215742,215732,215740,215739,95968.89,,13470.03,,872.0,,481.12,
11/03/2025,ANTALYA,215738,215729,215734,215737,215730,215735,5520.12,,2672.73,,1372.62,,406.35,
12/03/2025,ISTANBUL,215749,215751,215753,215750,215752,215760,54987.57,,67200.07,,8269.87,,6943.05,
12/03/2025,SANLIURFA,215758,215746,215754,215747,215759,215755,130920.22,,2703.56,,,,,
12/03/2025,SANLIURFA,215747,215759,215755,215756,215748,215757,14439.2,,3282.03,,307.56,,67.2,
13/03/2025,ANTALYA,215765,215761,215768,215763,215770,215762,3587.25,,353.73,,128.87,,38.55,
13/03/2025,IZMIR,215769,215764,215775,215773,215766,215772,275.61,,79.2,,61.87,,36.22,
14/03/2025,BURSA,215782,215777,215783,215784,215776,215785,8325.27,,1717.91,,769.31,,57.9,
14/03/2025,IZMIR,215778,215786,215791,215787,215780,215790,18884.85,,1066.38,,,,,
14/03/2025,IZMIR,215787,215780,215790,215789,215788,215779,20308.92,,2720.32,,556.37,,152.02,
15/03/2025,ADANA,215812,215814,215813,215801,215816,215817,1168.38,,548.55,,,,,
15/03/2025,ADANA,215801,215816,215817,215818,215800,215815,9197.07,,941.47,,207.12,,188.55,
15/03/2025,ISTANBUL,215811,215804,215810,215809,215806,215803,5513.91,,1182.18,,444.37,,31.35,
15/03/2025,ISTANBUL,215806,215803,215805,215807,215808,215802,1560.9,,895.27,,244.87,,81.6,
16/03/2025,ADANA,215838,215839,215840,215843,215841,215846,15006.15,,6389.43,,1624.31,,596.1,
16/03/2025,IZMIR,215851,215837,215848,215836,215844,215847,301.38,,179.62,,,,,
16/03/2025,IZMIR,215836,215844,215847,215849,215850,215852,4417.95,,1236.78,,665.68,,505.2,
17/03/2025,BURSA,215861,215857,215866,215859,215855,215864,85402.8,,34036.16,,11884.93,,2155.5,
17/03/2025,SANLIURFA,215867,215865,215862,215860,215853,215868,83175.7,,6174.41,,2305.62,,248.17,
18/03/2025,ADANA,215881,215879,215878,215876,215880,215877,15340.47,,4812.93,,1347.56,,248.47,
18/03/2025,ANTALYA,215874,215873,215872,215871,215869,215882,52502.88,,10549.16,,2874.25,,1250.17,
19/03/2025,ISTANBUL,215885,215898,215886,215894,215897,215895,2941.47,,1361.43,,,,,
19/03/2025,ISTANBUL,215894,215897,215895,215893,215896,215899,125949.12,,51102.3,,10885.43,,789.3,
19/03/2025,SANLIURFA,215887,215891,215890,215889,215888,215892,17898.05,,10754.43,,4313.43,,427.5,
20/03/2025,ANTALYA,215906,215908,215905,215907,215901,215909,69899.07,,4628.02,,1077.56,,386.92,
20/03/2025,IZMIR,215902,215912,215904,215914,215915,215911,19725.0,,6768.86,,,,,
20/03/2025,IZMIR,215914,215915,215911,215910,215903,215913,7272.21,,3855.97,,235.5,,54.82,
21/03/2025,ANTALYA,215923,215916,215920,215922,215917,215921,7208.85,,2805.6,,701.37,,193.2,
21/03/2025,IZMIR,215930,215928,215925,215926,215918,215931,438.36,,70.38,,,,,
21/03/2025,IZMIR,215926,215918,215931,215927,215919,215929,89.94,,55.91,,13.31,,6.07,
22/03/2025,ADANA,215943,215933,215942,215941,215945,215940,841.41,,194.36,,,,,
22/03/2025,ADANA,215941,215945,215940,215946,215932,215944,277.08,,72.41,,52.43,,8.55,
22/03/2025,ISTANBUL,215937,215936,215934,215935,215939,215938,2097.9,,1701.33,,155.18,,76.65,
23/03/2025,ADANA,215956,215960,215959,215954,215948,215958,2570.55,,443.92,,65.37,,9.45,
23/03/2025,IZMIR,215955,215952,215961,215951,215949,215950,4803.36,,1289.43,,290.31,,152.4,
24/03/2025,BURSA,215975,215969,215968,215976,215971,215973,236057.49,,54727.2,,14343.81,,3227.4,
24/03/2025,SANLIURFA,215965,215972,215964,215974,215963,215970,26033.97,,6215.51,,2343.0,,248.77,
25/03/2025,ADANA,215987,215989,215985,215990,215986,215988,2338.83,,548.66,,155.93,,61.12,
25/03/2025,ANTALYA,215978,215980,215982,215993,215977,215981,6410.13,,611.17,,,,,
25/03/2025,ANTALYA,215993,215977,215981,215984,215979,215983,4263.9,,1280.13,,501.43,,58.65,
26/03/2025,ISTANBUL,215998,216005,215996,216006,216010,216008,1299.66,,711.67,,,,,
26/03/2025,ISTANBUL,216006,216010,216008,216007,215997,216009,534.15,,213.78,,73.31,,12.45,
26/03/2025,SANLIURFA,216000,215994,215999,216003,215995,216004,2199449.07,,283514.28,,83698.43,,13007.32,
27/03/2025,ANTALYA,216024,216014,216022,216025,216016,216015,7877.67,,1482.18,,797.56,,47.62,
27/03/2025,IZMIR,216013,216027,216017,216028,216023,216020,5706.84,,3020.62,,,,,
27/03/2025,IZMIR,216028,216023,216020,216019,216012,216026,1446604.89,,162497.21,,14307.0,,3335.92,
28/03/2025,BURSA,216039,216030,216042,216041,216040,216043,140.7,,45.15,,12.37,,9.45,
28/03/2025,IZMIR,216035,216036,216034,216037,216031,216038,1497.39,,271.35,,102.31,,72.45,
29/03/2025,ADANA,216056,216047,216055,216062,216061,216049,3525.27,,545.06,,565.12,,198.45,
29/03/2025,ADANA,216061,216049,216060,216064,216048,216058,11570.31,,3339.78,,1412.12,,295.87,
29/03/2025,ISTANBUL,216063,216045,216050,216053,216052,216044,62158.89,,4624.2,,847.18,,275.77,
29/03/2025,ISTANBUL,216052,216044,216059,216051,216054,216046,37927.65,,1893.03,,929.5,,69.9,
30/03/2025,IZMIR,216067,216071,216072,216069,216066,216068,36331.02,,1273.57,,,,,
30/03/2025,IZMIR,216069,216066,216068,216070,216073,216074,23571.09,,10921.91,,3972.68,,1033.8,
31/03/2025,BURSA,216075,216090,216089,216088,216076,216091,63934.44,,3010.98,,690.93,,280.12,
31/03/2025,SANLIURFA,216079,216101,216080,216106,216104,216105,53489.72,,11965.16,,,,,
31/03/2025,SANLIURFA,216106,216104,216105,216103,216081,216102,3835.17,,779.7,,278.93,,46.8,
01/04/2025,ADANA,216092,216093,216099,216097,216098,216096,16499.61,,7588.95,,,,,
01/04/2025,ADANA,216097,216098,216096,216094,216100,216095,68989.26,,20011.27,,2613.93,,437.47,
01/04/2025,ANTALYA,216084,216078,216087,216085,216082,216077,12328.26,,1721.73,,146.56,,25.27,
02/04/2025,ELAZIG,216112,216110,216115,216113,216118,216117,51254.3,,59126.96,,19332.81,,2248.95,
02/04/2025,ISTANBUL,216108,216114,216121,216111,216120,216116,101290.77,,52932.15,,,,,
02/04/2025,ISTANBUL,216111,216120,216116,216109,216107,216122,98187.57,,6871.5,,2133.87,,266.4,
03/04/2025,ANTALYA,216126,216127,216125,216129,216128,216134,3902.79,,462.37,,96.06,,15.97,
03/04/2025,IZMIR,216131,216137,216130,216136,216124,216132,4044.63,,1806.07,,,,,
03/04/2025,IZMIR,216136,216124,216132,216133,216135,216123,20111.97,,3667.2,,1088.68,,126.6,
04/04/2025,ANTALYA,216144,216146,216143,216147,216145,216138,490.95,,225.18,,42.0,,13.42,
04/04/2025,IZMIR,216141,216153,216152,216142,216151,216149,202.08,,82.91,,,,,
04/04/2025,IZMIR,216142,216151,216149,216148,216140,216150,4679.67,,3814.91,,1537.93,,603.97,
05/04/2025,ADANA,216154,216166,216163,216164,216165,216162,2178.87,,,,,,,
05/04/2025,ADANA,216163,216164,216165,216162,216155,216167,4766.73,,1843.98,,893.12,,138.15,
05/04/2025,ISTANBUL,216160,216158,216157,216156,216159,216161,2665.41,,626.85,,96.25,,49.12,
06/04/2025,ADANA,216169,216181,216174,216168,216179,216176,226.56,,173.62,,89.43,,86.62,
06/04/2025,ADANA,216179,216176,216177,216180,216178,216183,11541.63,,2123.43,,1105.12,,847.8,
06/04/2025,IZMIR,216171,216184,216172,216170,216182,216173,160627.83,,10913.73,,4817.0,,680.25,
07/04/2025,BURSA,216207,216206,216208,216196,216204,216203,2111.91,,897.78,,326.5,,76.72,
07/04/2025,SANLIURFA,216209,216198,216197,216201,216200,216202,19212.87,,5550.67,,2973.06,,974.17,
08/04/2025,ADANA,216213,216220,216221,216226,216222,216225,7793.61,,3108.52,,,,,
08/04/2025,ADANA,216226,216222,216225,216223,216212,216224,21927.96,,4706.17,,286.18,,173.02,
08/04/2025,ANTALYA,216211,216218,216219,216216,216214,216215,5174.04,,,,,,,
08/04/2025,ANTALYA,216219,216216,216214,216215,216210,216217,9117.72,,1547.73,,504.0,,68.92,
09/04/2025,ELAZIG,216229,216235,216233,216231,216232,216234,43924.42,,7301.73,,3208.0,,361.87,
09/04/2025,ISTANBUL,216240,216239,216236,216238,216237,216227,9607.26,,523.27,,277.18,,51.6,
10/04/2025,ANTALYA,216252,216254,216250,216243,216251,216247,692205.96,,,,,,,
10/04/2025,ANTALYA,216250,216243,216251,216247,216248,216244,194426.19,,9660.45,,3812.62,,170.92,
10/04/2025,IZMIR,216241,216255,216253,216245,216257,216246,104791.26,,47800.2,,,,,
10/04/2025,IZMIR,216245,216257,216246,216256,216242,216249,248085.84,,74219.73,,938.93,,145.27,
11/04/2025,BURSA,216265,216259,216273,216268,216261,216266,3439.08,,252.11,,,,,
11/04/2025,BURSA,216268,216261,216266,216270,216269,216260,3571.71,,952.05,,248.68,,177.0,
11/04/2025,IZMIR,216264,216267,216262,216271,216275,216274,168.12,,,,,,,
11/04/2025,IZMIR,216262,216271,216275,216274,216272,216263,3602.31,,1197.26,,856.06,,383.55,
12/04/2025,ADANA,216320,216339,216335,216322,216338,216334,2182.08,,491.17,,,,,
12/04/2025,ADANA,216322,216338,216334,216340,216336,216321,452.67,,135.41,,15.0,,7.5,
12/04/2025,ISTANBUL,216318,216323,216326,216319,216325,216328,9661.26,,2573.73,,,,,
12/04/2025,ISTANBUL,216319,216325,216328,216329,216324,216327,43260.84,,6310.5,,462.87,,166.2,
13/04/2025,ADANA,216353,216358,216365,216354,216363,216357,801.45,,200.17,,,,,
13/04/2025,ADANA,216354,216363,216357,216366,216359,216367,6359.07,,1510.87,,979.93,,346.57,
13/04/2025,IZMIR,216364,216355,216360,216361,216356,216362,1854.3,,272.85,,,,,
13/04/2025,IZMIR,216361,216356,216362,216370,216369,216368,6176.61,,3366.9,,1609.12,,281.17,
14/04/2025,BURSA,216388,216393,216395,216389,216398,216396,5741.61,,869.85,,,,,
14/04/2025,BURSA,216389,216398,216396,216394,216397,216404,7136.73,,275.43,,145.5,,82.05,
14/04/2025,SANLIURFA,216392,216402,216403,216391,216401,216405,66700.52,,16287.03,,,,,
14/04/2025,SANLIURFA,216391,216401,216405,216399,216390,216400,47331.3,,6487.76,,670.68,,249.52,
15/04/2025,ANTALYA,216409,216416,216421,216418,216410,216422,1425.06,,335.92,,274.06,,60.0,
15/04/2025,ANTALYA,216410,216422,216423,216411,216408,216420,13004.58,,6329.92,,2716.75,,515.85,
15/04/2025,ELAZIG,216419,216415,216407,216413,216412,216414,30850.47,,,,,,,
15/04/2025,ELAZIG,216407,216413,216412,216414,216417,216406,57547.72,,7154.4,,1689.37,,361.35,
16/04/2025,ELAZIG,216427,216452,216455,216457,216454,216456,5251473.45,,,,,,,
16/04/2025,ELAZIG,216455,216457,216454,216456,216426,216453,113485.37,,7204.08,,716.12,,137.02,
16/04/2025,ISTANBUL,216466,216473,216470,216472,216464,216468,2625.69,,1674.82,,477.93,,63.0,
16/04/2025,ISTANBUL,216464,216468,216469,216467,216465,216471,13268.7,,2759.43,,2488.06,,535.72,
17/04/2025,ANKARA,216477,216495,216488,216485,216478,216494,335719.56,,128929.42,,33217.12,,1368.0,
17/04/2025,ANKARA,216478,216494,216491,216486,216479,216496,831138.96,,122378.55,,2086.0,,378.6,
17/04/2025,IZMIR,216481,216493,216483,216480,216484,216489,3924.6,,1240.61,,914.62,,963.6,
17/04/2025,IZMIR,216484,216489,216492,216487,216482,216490,5186.49,,1016.1,,50.12,,35.17,
18/04/2025,BURSA,216528,216522,216515,216520,216518,216529,1597.56,,227.06,,,,,
18/04/2025,BURSA,216520,216518,216529,216516,216525,216530,261721.68,,38597.17,,12315.18,,3111.6,
18/04/2025,ISTANBUL,216526,216513,216519,216514,216517,216524,1183.44,,,,,,,
18/04/2025,ISTANBUL,216514,216517,216524,216521,216527,216523,926818.5,,304098.48,,36277.25,,6677.7,
19/04/2025,ANKARA,216541,216547,216546,216550,216540,216544,3459.36,,943.2,,282.5,,81.45,
19/04/2025,ANKARA,216540,216544,216545,216549,216542,216543,133311.87,,10480.2,,2807.12,,824.47,
19/04/2025,DBAKIR,216554,216556,216553,216552,216557,216551,4675.9,,2296.5,,148.18,,47.47,
19/04/2025,IZMIR,216559,216548,216561,216563,216558,216562,54762.45,,,,,,,
19/04/2025,IZMIR,216561,216563,216558,216562,216555,216560,47114.79,,1340.96,,317.5,,46.72,
20/04/2025,ADANA,216574,216589,216591,216592,216575,216590,1577.1,,480.22,,384.81,,51.6,
20/04/2025,ADANA,216575,216590,216584,216587,216573,216588,6979.56,,1929.67,,566.06,,282.15,
20/04/2025,ISTANBUL,216572,216577,216582,216580,216571,216576,58309.86,,7225.87,,1022.37,,820.65,
20/04/2025,ISTANBUL,216571,216576,216581,216578,216579,216570,22712.1,,477.48,,87.5,,19.27,
21/04/2025,BURSA,216609,216615,216612,216622,216619,216617,856679.13,,56453.51,,,,,
21/04/2025,BURSA,216622,216619,216617,216621,216608,216620,4878.6,,2745.75,,684.5,,42.67,
21/04/2025,SANLIURFA,216607,216611,216614,216616,216613,216606,1954.27,,,,,,,
21/04/2025,SANLIURFA,216614,216616,216613,216606,216610,216618,100443.5,,37740.93,,5396.87,,1014.45,
22/04/2025,ANTALYA,216635,216625,216629,216626,216631,216627,17715.33,,,,,,,
22/04/2025,ANTALYA,216629,216626,216631,216627,216634,216628,9735.09,,1816.08,,404.5,,122.62,
22/04/2025,ELAZIG,216624,216636,216639,216632,216633,216638,15898.65,,,,,,,
22/04/2025,ELAZIG,216639,216632,216633,216638,216623,216630,55366.5,,7919.32,,1377.56,,327.52,
23/04/2025,ELAZIG,216650,216644,216645,216651,216648,216649,3132.32,,656.02,,280.75,,124.5,
23/04/2025,ISTANBUL,216643,216646,216653,216655,216640,216654,3592.5,,831.45,,,,,
23/04/2025,ISTANBUL,216655,216640,216654,216652,216642,216641,8319.54,,1208.55,,352.25,,273.97,
24/04/2025,ANKARA,216679,216678,216675,216677,216680,216665,10909.83,,4121.13,,2134.43,,537.75,
24/04/2025,ANKARA,216680,216665,216671,216676,216673,216664,1422407.52,,67681.16,,5834.06,,1685.4,
24/04/2025,IZMIR,216667,216683,216670,216666,216684,216681,62856.36,,,,,,,
24/04/2025,IZMIR,216684,216681,216674,216672,216668,216682,219588.87,,42303.52,,1364.81,,145.95,
25/04/2025,BURSA,216718,216719,216717,216721,216704,216716,52997.34,,1396.95,,,,,
25/04/2025,BURSA,216721,216704,216716,216715,216720,216703,85054.2,,4060.35,,860.5,,300.22,
25/04/2025,ISTANBUL,216713,216705,216712,216711,216709,216706,50622.21,,6650.13,,1929.25,,226.12,
25/04/2025,ISTANBUL,216709,216706,216710,216708,216714,216707,59696.07,,9828.52,,1182.12,,984.67,
26/04/2025,ANKARA,216723,216735,216736,216729,216730,216732,71084.43,,8945.88,,,,,
26/04/2025,ANKARA,216729,216730,216732,216727,216734,216722,8162.04,,1050.07,,336.12,,75.82,
26/04/2025,DBAKIR,216737,216733,216738,216728,216731,216739,5232.4,,1236.93,,540.18,,77.47,
26/04/2025,IZMIR,216742,216724,216740,216743,216741,216725,6265.59,,4457.36,,741.12,,489.75,
26/04/2025,IZMIR,216741,216725,216746,216744,216745,216726,1661076.93,,98264.43,,16429.12,,862.27,
27/04/2025,ADANA,216750,216763,216759,216758,216761,216760,7213.53,,156.71,,,,,
27/04/2025,ADANA,216758,216761,216760,216749,216762,216764,4565.67,,2244.71,,779.0,,180.22,
27/04/2025,ISTANBUL,216751,216754,216752,216747,216755,216753,334.74,,57.48,,,,,
27/04/2025,ISTANBUL,216747,216755,216753,216756,216757,216748,717.45,,185.36,,70.87,,47.02,
28/04/2025,BURSA,216785,216787,216784,216791,216789,216788,341227.29,,,,,,,
28/04/2025,BURSA,216784,216791,216789,216788,216786,216790,6722526.66,,149206.16,,10649.81,,1107.0,
28/04/2025,SANLIURFA,216794,216793,216797,216783,216795,216796,,4984634.63,,,,,,
28/04/2025,SANLIURFA,216797,216783,216795,216796,216792,216782,1510998.75,,95213.51,,4377.87,,779.7,
29/04/2025,ANTALYA,216808,216815,216802,216811,216813,216800,100738.86,,20453.66,,20861.68,,1678.42,
29/04/2025,ANTALYA,216813,216800,216803,216814,216801,216816,22095.75,,4717.31,,557.81,,143.02,
29/04/2025,ELAZIG,216805,216806,216812,216799,216809,216807,21649.2,,,,,,,
29/04/2025,ELAZIG,216812,216799,216809,216807,216798,216804,35063.67,,8349.26,,649.25,,59.55,
30/04/2025,ELAZIG,216819,216825,216821,216824,216827,216822,813.37,,,,,,,
30/04/2025,ELAZIG,216821,216824,216827,216822,216820,216829,1030.02,,564.56,,320.62,,94.27,
30/04/2025,ISTANBUL,216817,216828,216818,216833,216826,216831,16802.1,,2007.56,,,,,
30/04/2025,ISTANBUL,216833,216826,216831,216830,216823,216832,9246.9,,2501.47,,739.18,,33.07,
01/05/2025,ANKARA,216855,216843,216850,216852,216851,216841,1344275.37,,87130.53,,4352.31,,737.7,
01/05/2025,ANKARA,216851,216841,216857,216849,216854,216842,20987.46,,4364.85,,1110.25,,250.87,
01/05/2025,IZMIR,216853,216844,216847,216858,216845,216859,176647.29,,15397.23,,2936.06,,555.97,
01/05/2025,IZMIR,216845,216859,216856,216848,216860,216846,32085.6,,5977.08,,3043.12,,360.07,
02/05/2025,BURSA,216891,216895,216894,216882,216893,216890,1946.31,,1421.92,,,,,
02/05/2025,BURSA,216882,216893,216890,216892,216881,216896,19866.78,,6934.68,,1447.31,,408.75,
02/05/2025,ISTANBUL,216880,216889,216888,216886,216879,216883,4920.03,,548.4,,,,,
02/05/2025,ISTANBUL,216886,216879,216883,216885,216887,216884,437.22,,178.65,,120.87,,116.77,
03/05/2025,ANKARA,216913,216924,216926,216923,216927,216922,1218.99,,639.48,,281.56,,247.2,
03/05/2025,ANKARA,216927,216922,216920,216919,216914,216929,2837.4,,300.52,,152.12,,72.97,
03/05/2025,DBAKIR,216932,216928,216931,216930,216934,216935,797.15,,458.17,,113.93,,45.15,
03/05/2025,IZMIR,216915,216938,216918,216917,216921,216933,1177.53,,363.9,,305.18,,157.42,
03/05/2025,IZMIR,216921,216933,216916,216925,216936,216937,32410.32,,4362.67,,1808.5,,106.05,
04/05/2025,ADANA,216942,216957,216953,216943,216956,216954,107000.46,,6654.97,,811.56,,338.02,
04/05/2025,ADANA,216956,216954,216952,216955,216951,216941,6240.84,,2042.77,,443.56,,123.75,
04/05/2025,ISTANBUL,216940,216945,216944,216948,216947,216949,47908.05,,12611.73,,,,,
04/05/2025,ISTANBUL,216948,216947,216949,216946,216950,216939,78487.08,,2883.86,,861.75,,43.87,
05/05/2025,BURSA,216961,216967,216965,216966,216962,216968,8711.52,,913.42,,358.43,,122.7,
05/05/2025,BURSA,216962,216968,216964,216969,216963,216970,17974.44,,2095.53,,936.68,,285.9,
05/05/2025,SANLIURFA,216975,216959,216972,216971,216960,216974,1201.3,,454.61,,,,,
05/05/2025,SANLIURFA,216971,216960,216974,216973,216976,216958,4251.57,,1096.83,,652.93,,300.15,
06/05/2025,ANKARA,216990,216995,216989,216984,216991,216993,269484.03,,16900.57,,,,,
06/05/2025,ANKARA,216984,216991,216993,216986,216992,216994,278078.34,,44035.2,,3294.87,,138.82,
06/05/2025,ANTALYA,216981,216979,216983,216985,216977,216987,197963.25,,16826.28,,,,,
06/05/2025,ANTALYA,216985,216977,216987,216982,216988,216978,9981.75,,2978.02,,971.0,,72.15,
07/05/2025,ELAZIG,217013,217011,217008,216999,217007,217005,7215.67,,,,,,,
07/05/2025,ELAZIG,217008,216999,217007,217005,216998,217012,3452.6,,302.7,,161.81,,40.05,
07/05/2025,ISTANBUL,217010,217000,217003,217004,216996,217001,19816.74,,3506.81,,,,,
07/05/2025,ISTANBUL,217004,216996,217001,217002,216997,217006,3261.75,,873.22,,412.87,,130.35,
08/05/2025,ANKARA,217034,217020,217033,217025,217026,217019,2980.2,,322.5,,120.93,,48.52,
08/05/2025,ANKARA,217026,217019,217031,217032,217028,217021,15355.11,,9827.4,,2013.93,,219.67,
08/05/2025,IZMIR,217036,217018,217035,217022,217023,217017,3963.57,,1013.51,,1019.18,,159.75,
08/05/2025,IZMIR,217023,217017,217024,217029,217016,217027,16570.14,,1995.71,,917.12,,90.0,
09/05/2025,BURSA,217051,217039,217038,217050,217037,217040,1602.15,,595.46,,,,,
09/05/2025,BURSA,217050,217037,217040,217052,217053,217054,108543.3,,12300.78,,11495.43,,2180.17,
09/05/2025,ISTANBUL,217042,217047,217046,217049,217043,217044,31112.52,,9688.53,,,,,
09/05/2025,ISTANBUL,217049,217043,217044,217048,217041,217045,31993.53,,3225.86,,657.87,,43.5,
10/05/2025,ANKARA,217063,217058,217062,217067,217057,217059,15975.9,,3172.05,,,,,
10/05/2025,ANKARA,217067,217057,217059,217065,217068,217060,6278.58,,916.05,,357.68,,254.32,
10/05/2025,DBAKIR,217075,217078,217077,217076,217073,217074,10945.25,,4355.88,,2657.18,,405.52,
10/05/2025,IZMIR,217061,217064,217066,217070,217055,217072,9886.59,,5421.93,,,,,
10/05/2025,IZMIR,217070,217055,217072,217071,217056,217069,1903059.63,,149643.6,,76416.43,,4655.77,
11/05/2025,ADANA,217081,217094,217091,217093,217097,217082,1361.7,,295.42,,204.75,,217.57,
11/05/2025,ADANA,217097,217082,217092,217096,217083,217095,55022.82,,9062.58,,1391.18,,282.07,
11/05/2025,ISTANBUL,217088,217089,217090,217085,217079,217086,4185.75,,921.67,,,,,
11/05/2025,ISTANBUL,217085,217079,217086,217084,217087,217080,40072.26,,5602.31,,1245.06,,187.2,
12/05/2025,BURSA,217110,217112,217113,217111,217101,217109,2712.42,,509.28,,,,,
12/05/2025,BURSA,217111,217101,217109,217114,217102,217115,2209.8,,801.22,,169.87,,51.6,
12/05/2025,SANLIURFA,217100,217107,217106,217108,217104,217098,1798.35,,1218.3,,,,,
12/05/2025,SANLIURFA,217108,217104,217098,217103,217099,217105,4415.7,,1421.81,,312.43,,80.32,
13/05/2025,ANKARA,217130,217131,217128,217127,217132,217126,8876.67,,3115.76,,,,,
13/05/2025,ANKARA,217127,217132,217126,217129,217125,217124,20254.02,,10257.0,,1887.75,,373.57,
13/05/2025,ANTALYA,217121,217116,217120,217122,217117,217118,770.28,,,,,,,
13/05/2025,ANTALYA,217120,217122,217117,217118,217123,217119,12776.22,,1273.76,,1070.0,,179.17,
14/05/2025,ELAZIG,217137,217146,217138,217149,217150,217151,2436.07,,689.85,,,,,
14/05/2025,ELAZIG,217149,217150,217151,217147,217136,217148,6934.57,,2432.25,,562.93,,312.37,
14/05/2025,ISTANBUL,217133,217140,217135,217144,217145,217139,2699.91,,1474.91,,425.31,,154.42,
14/05/2025,ISTANBUL,217145,217139,217143,217134,217141,217142,20639.82,,4466.06,,1715.56,,488.7,
15/05/2025,ANKARA,217172,217168,217160,217166,217158,217161,13122.09,,498.11,,,,,
15/05/2025,ANKARA,217166,217158,217161,217163,217169,217157,3460.68,,653.96,,105.18,,35.62,
15/05/2025,IZMIR,217155,217159,217162,217164,217156,217167,2462.67,,1395.9,,1324.5,,269.25,
15/05/2025,IZMIR,217156,217167,217165,217154,217171,217170,52062.9,,17030.58,,3129.5,,365.17,
16/05/2025,BURSA,217198,217193,217197,217194,217181,217192,18390.81,,4170.48,,,,,
16/05/2025,BURSA,217194,217181,217192,217196,217195,217180,3361.41,,2290.5,,359.37,,124.12,
16/05/2025,ISTANBUL,217191,217190,217183,217185,217189,217182,18499.77,,,,,,,
16/05/2025,ISTANBUL,217189,217182,217186,217188,217184,217187,24053.31,,5064.33,,2062.18,,106.35,
17/05/2025,ANKARA,217239,217217,217240,217238,217216,217235,3880.95,,2243.92,,1653.37,,105.52,
17/05/2025,ANKARA,217216,217235,217234,217236,217237,217215,4425.42,,322.57,,203.0,,25.95,
17/05/2025,DBAKIR,217223,217224,217222,217226,217227,217221,4086.05,,1564.12,,416.06,,48.97,
17/05/2025,IZMIR,217233,217218,217225,217231,217228,217220,4654.38,,193.5,,51.37,,16.27,
17/05/2025,IZMIR,217228,217220,217229,217232,217219,217230,2028.81,,770.73,,670.56,,176.25,
18/05/2025,ADANA,217265,217282,217276,217281,217278,217279,1990.89,,912.3,,,,,
18/05/2025,ADANA,217281,217278,217279,217280,217266,217277,4778.82,,816.0,,375.93,,203.85,
18/05/2025,ISTANBUL,217273,217269,217272,217270,217275,217267,65879.55,,14490.15,,,,,
18/05/2025,ISTANBUL,217270,217275,217267,217274,217271,217268,13849.62,,3002.32,,1763.31,,190.12,
19/05/2025,BURSA,217292,217309,217306,217301,217293,217308,10040.64,,2080.87,,345.0,,105.9,
19/05/2025,BURSA,217293,217308,217298,217297,217291,217304,17592.09,,3773.55,,1667.93,,367.2,
19/05/2025,SANLIURFA,217305,217295,217299,217300,217294,217303,,4740215.86,198489.18,,,,,
19/05/2025,SANLIURFA,217300,217294,217303,217302,217296,217307,298749.8,,23987.73,,10171.87,,200.55,
20/05/2025,ANKARA,217312,217316,217317,217320,217321,217314,229.56,,91.61,,,,,
20/05/2025,ANKARA,217320,217321,217314,217319,217313,217315,1820.4,,336.6,,224.06,,80.62,
20/05/2025,ANTALYA,217311,217324,217323,217326,217322,217327,186.84,,67.8,,,,,
20/05/2025,ANTALYA,217326,217322,217327,217325,217310,217328,1950.21,,455.88,,182.31,,122.02,
21/05/2025,ELAZIG,217344,217332,217339,217343,217342,217331,14632.95,,,,,,,
21/05/2025,ELAZIG,217339,217343,217342,217331,217340,217341,23893.82,,8113.91,,1157.06,,36.37,
21/05/2025,ISTANBUL,217338,217337,217333,217330,217336,217335,258.15,,,,,,,
21/05/2025,ISTANBUL,217333,217330,217336,217335,217334,217329,6289.56,,2635.8,,1077.81,,615.75,
22/05/2025,ANKARA,217346,217358,217354,217351,217355,217350,88774.17,,34028.32,,,,,
22/05/2025,ANKARA,217351,217355,217350,217353,217357,217345,142789.5,,25332.82,,3651.68,,459.0,
22/05/2025,IZMIR,217352,217348,217356,217349,217361,217360,12143.4,,,,,,,
22/05/2025,IZMIR,217356,217349,217361,217360,217347,217359,97279.8,,33621.15,,7792.0,,107.55,
23/05/2025,BURSA,217379,217386,217378,217382,217370,217387,38656.41,,4378.05,,,,,
23/05/2025,BURSA,217382,217370,217387,217384,217369,217385,30251.64,,5982.52,,721.87,,358.8,
23/05/2025,ISTANBUL,217371,217375,217381,217383,217376,217372,2978.7,,845.51,,957.75,,895.95,
23/05/2025,ISTANBUL,217376,217372,217377,217374,217373,217380,6241.83,,629.51,,97.25,,36.97,
24/05/2025,ANKARA,217412,217425,217415,217424,217405,217420,14498.64,,10657.65,,,,,
24/05/2025,ANKARA,217424,217405,217420,217422,217406,217426,80348.01,,20345.51,,1224.06,,42.07,
24/05/2025,DBAKIR,217417,217421,217413,217416,217414,217419,5806.77,,1478.66,,305.06,,200.55,
24/05/2025,IZMIR,217427,217408,217428,217410,217430,217407,5942.67,,537.86,,149.25,,61.5,
24/05/2025,IZMIR,217430,217407,217411,217423,217429,217409,19985.07,,3374.43,,705.56,,353.17,
25/05/2025,ADANA,217462,217458,217461,217457,217464,217463,21141.84,,,,,,,
25/05/2025,ADANA,217461,217457,217464,217463,217459,217460,6791.91,,1876.53,,36.5,,16.05,
25/05/2025,ISTANBUL,217455,217447,217454,217453,217451,217448,52792.62,,6831.45,,686.37,,339.67,
25/05/2025,ISTANBUL,217451,217448,217456,217452,217449,217450,51964.8,,5686.65,,4444.75,,1022.92,
26/05/2025,BURSA,217465,217481,217474,217482,217478,217480,26593.47,,,,,,,
26/05/2025,BURSA,217482,217478,217480,217477,217466,217475,24783.93,,5922.48,,1027.43,,233.77,
26/05/2025,SANLIURFA,217469,217471,217470,217467,217479,217472,16890.12,,5703.07,,,,,
26/05/2025,SANLIURFA,217467,217479,217472,217476,217468,217473,1105275.85,,153980.73,,12489.25,,817.05,
27/05/2025,ANKARA,217485,217501,217497,217492,217487,217489,1683.33,,785.47,,259.62,,230.32,
27/05/2025,ANKARA,217487,217489,217495,217500,217486,217502,121192.56,,9258.41,,2197.18,,179.17,
27/05/2025,ANTALYA,217503,217490,217494,217491,217483,217493,179.49,,107.02,,,,,
27/05/2025,ANTALYA,217491,217483,217493,217498,217504,217484,37918.17,,7509.52,,1921.62,,1664.7,
28/05/2025,ELAZIG,217509,217511,217513,217514,217510,217512,12734.4,,,,,,,
28/05/2025,ELAZIG,217513,217514,217510,217512,217508,217515,15090.15,,1883.81,,711.93,,25.57,
28/05/2025,ISTANBUL,217507,217522,217516,217506,217520,217521,20620.44,,3790.95,,823.18,,103.87,
28/05/2025,ISTANBUL,217520,217521,217517,217518,217519,217505,2300.79,,722.62,,96.37,,45.52,
29/05/2025,ANKARA,217532,217530,217527,217526,217528,217531,184604.85,,,,,,,
29/05/2025,ANKARA,217527,217526,217528,217531,217529,217525,7716.99,,2051.13,,641.43,,167.77,
29/05/2025,IZMIR,217537,217535,217534,217539,217524,217538,263200.5,,44312.1,,,,,
29/05/2025,IZMIR,217539,217524,217538,217533,217536,217523,3643509.78,,209818.35,,23098.31,,10346.7,
30/05/2025,BURSA,217563,217548,217560,217557,217559,217558,6446.97,,1027.95,,,,,
30/05/2025,BURSA,217557,217559,217558,217562,217547,217561,130888.68,,58614.71,,11734.81,,1390.42,
30/05/2025,ISTANBUL,217549,217551,217556,217554,217552,217553,375.72,,,,,,,
30/05/2025,ISTANBUL,217556,217554,217552,217553,217550,217555,1831.26,,534.45,,118.5,,53.47,
31/05/2025,ANKARA,217589,217580,217588,217583,217582,217585,2835.27,,345.26,,,,,
31/05/2025,ANKARA,217583,217582,217585,217584,217586,217579,34622.52,,12498.63,,4107.43,,2848.8,
31/05/2025,DBAKIR,217595,217596,217592,217594,217599,217598,614954.62,,39112.01,,3088.68,,290.85,
31/05/2025,IZMIR,217587,217581,217593,217600,217591,217590,140063.37,,,,,,,
31/05/2025,IZMIR,217593,217600,217591,217590,217601,217597,4798.92,,644.32,,257.31,,49.42,
01/06/2025,ADANA,217632,217611,217636,217633,217635,217612,23186.2,,3697.26,,862.8,,223.3,
01/06/2025,ADANA,217635,217612,217637,217631,217634,217613,47663.65,,3718.8,,1384.12,,110.1,
01/06/2025,ISTANBUL,217619,217623,217621,217618,217609,217624,21218.0,,3590.34,,,,,
01/06/2025,ISTANBUL,217618,217609,217624,217616,217625,217610,33828.65,,3983.7,,178.57,,147.6,
02/06/2025,BURSA,217655,217656,217662,217660,217657,217664,6385.05,,3453.84,,,,,
02/06/2025,BURSA,217660,217657,217664,217658,217665,217659,26761.0,,4817.22,,713.47,,326.5,
02/06/2025,SANLIURFA,217653,217668,217663,217666,217667,217661,6457.6,,,,,,,
02/06/2025,SANLIURFA,217663,217666,217667,217661,217654,217669,50650.68,,16490.04,,3020.25,,594.6,
03/06/2025,ANKARA,217676,217680,217675,217677,217670,217678,38320.95,,7200.6,,,,,
03/06/2025,ANKARA,217677,217670,217678,217681,217679,217671,2749.2,,702.42,,86.7,,27.2,
03/06/2025,KOCAELI,217672,217682,217673,217684,217683,217686,1089.15,,344.04,,,,,
03/06/2025,KOCAELI,217684,217683,217686,217685,217674,217687,8891.45,,2487.84,,720.9,,303.9,
04/06/2025,ELAZIG,217691,217699,217702,217701,217704,217703,556205.0,,,,,,,
04/06/2025,ELAZIG,217702,217701,217704,217703,217690,217700,437928.28,,63659.64,,4437.15,,648.4,
04/06/2025,ISTANBUL,217694,217697,217693,217696,217689,217692,93115.7,,15210.0,,,,,
04/06/2025,ISTANBUL,217696,217689,217692,217698,217695,217688,86907.15,,8607.54,,578.77,,211.6,
05/06/2025,ANKARA,217718,217712,217713,217706,217716,217720,361012.9,,74916.0,,,,,
05/06/2025,ANKARA,217706,217716,217720,217717,217705,217721,430104.4,,120306.54,,28581.52,,884.3,
05/06/2025,IZMIR,217709,217711,217715,217724,217723,217708,8371.8,,,,,,,
05/06/2025,IZMIR,217723,217708,217719,217710,217707,217722,719.15,,226.86,,91.35,,51.5,
06/06/2025,ISTANBUL,217733,217740,217735,217732,217737,217741,13995.45,,1194.96,,451.72,,168.7,
06/06/2025,ISTANBUL,217737,217741,217734,217736,217738,217739,4502.85,,1270.8,,292.35,,133.3,
07/06/2025,ANKARA,217779,217778,217782,217744,217781,217776,16927.45,,5354.46,,,,,
07/06/2025,ANKARA,217744,217781,217776,217777,217780,217745,18805.6,,2658.12,,297.75,,75.1,
07/06/2025,DBAKIR,217750,217753,217751,217748,217752,217749,29632.64,,5900.76,,1096.2,,198.9,
07/06/2025,IZMIR,217761,217765,217764,217747,217766,217762,34479.3,,8099.4,,,,,
07/06/2025,IZMIR,217747,217766,217762,217763,217746,217771,901993.65,,64682.22,,24425.4,,5251.1,
08/06/2025,ADANA,217773,217769,217768,217767,217775,217772,624.95,,,,,,,
08/06/2025,ADANA,217768,217767,217775,217772,217774,217770,5054.1,,1267.62,,547.8,,341.3,
08/06/2025,ISTANBUL,217758,217742,217759,217757,217743,217755,77380.7,,11581.08,,,,,
08/06/2025,ISTANBUL,217757,217743,217755,217760,217756,217754,168382.5,,47325.3,,16052.02,,484.9,
09/06/2025,BURSA,217783,217799,217785,217795,217798,217802,31875.05,,25227.0,,18256.72,,1910.9,
09/06/2025,BURSA,217798,217802,217791,217784,217801,217800,559380.0,,15714.84,,1205.55,,550.5,
09/06/2025,SANLIURFA,217789,217786,217796,217790,217788,217792,8906.64,,2046.06,,,,,
09/06/2025,SANLIURFA,217790,217788,217792,217797,217787,217793,146954.84,,69196.8,,23931.45,,1341.9,
10/06/2025,ANKARA,217811,217805,217812,217809,217807,217806,4377.6,,961.86,,,,,
10/06/2025,ANKARA,217809,217807,217806,217813,217810,217808,7353.25,,2320.92,,371.32,,110.2,
10/06/2025,KOCAELI,217804,217818,217803,217815,217817,217816,1016.1,,297.84,,,,,
10/06/2025,KOCAELI,217815,217817,217816,217814,217819,217820,538.05,,180.54,,106.95,,76.0,
11/06/2025,ELAZIG,217823,217830,217835,217825,217832,217829,1494.24,,1220.04,,,,,
11/06/2025,ELAZIG,217825,217832,217829,217836,217833,217824,11944.48,,2996.82,,1435.42,,112.1,
11/06/2025,ISTANBUL,217822,217838,217821,217828,217837,217826,646209.6,,412672.86,,,,,
11/06/2025,ISTANBUL,217828,217837,217826,217831,217834,217827,27785.15,,6095.82,,365.7,,18.6,
12/06/2025,ANKARA,217842,217844,217845,217843,217848,217849,180054.35,,,,,,,
12/06/2025,ANKARA,217845,217843,217848,217849,217846,217847,730292.0,,3698.16,,1279.87,,672.5,
12/06/2025,IZMIR,217841,217856,217852,217853,217850,217855,7157.9,,417.78,,230.7,,204.1,
12/06/2025,IZMIR,217850,217855,217840,217851,217839,217854,1625055.1,,121890.78,,30048.3,,636.6,
13/06/2025,BURSA,217882,217889,217881,217880,217894,217884,8570.55,,3093.3,,,,,
13/06/2025,BURSA,217880,217894,217884,217895,217886,217892,88748.5,,11551.02,,4884.75,,451.4,
13/06/2025,ISTANBUL,217890,217883,217891,217879,217888,217893,42344.55,,,,,,,
13/06/2025,ISTANBUL,217891,217879,217888,217893,217885,217878,58441.55,,3342.3,,170.4,,61.8,
14/06/2025,ANKARA,217931,217932,217924,217928,217926,217919,1363.55,,588.84,,85.65,,66.8,
14/06/2025,ANKARA,217926,217919,217930,217925,217929,217920,77471.65,,9959.7,,3182.1,,593.3,
14/06/2025,DBAKIR,217934,217940,217938,217939,217936,217935,146151.56,,5428.74,,332.32,,100.8,
14/06/2025,IZMIR,217941,217922,217937,217927,217943,217921,42406.15,,18745.14,,3170.25,,251.0,
14/06/2025,IZMIR,217943,217921,217933,217942,217944,217923,14685731.3,,1769715.12,,345918.07,,5642.6,
15/06/2025,ADANA,217958,217961,217960,217963,217962,217957,12743.35,,,,,,,
15/06/2025,ADANA,217960,217963,217962,217957,217959,217956,3984.4,,405.12,,101.77,,19.2,
15/06/2025,ISTANBUL,217966,217953,217955,217968,217952,217965,3908.95,,946.74,,359.02,,108.2,
15/06/2025,ISTANBUL,217952,217965,217969,217967,217954,217964,1747.0,,680.64,,159.37,,140.9,
16/06/2025,BURSA,217980,217971,217977,217976,217978,217970,333697.45,,68105.28,,15989.32,,4249.9,
16/06/2025,BURSA,217978,217970,217982,217981,217979,217972,243804.9,,11997.18,,331.12,,41.3,
16/06/2025,SANLIURFA,217984,217974,217983,217988,217975,217987,1595.52,,1205.7,,,,,
16/06/2025,SANLIURFA,217988,217975,217987,217985,217973,217986,16199.08,,5568.24,,1451.85,,248.2,
17/06/2025,ANKARA,217991,218003,217999,217998,218000,217989,6213.25,,2287.56,,256.12,,18.4,
17/06/2025,ANKARA,218000,217989,218001,218008,218002,217990,4693.05,,2137.5,,178.42,,366.6,
17/06/2025,KOCAELI,218005,217996,218004,217997,218006,218007,4619079.3,,1552940.88,,16335.07,,1122.0,
17/06/2025,KOCAELI,218006,218007,218010,218011,217995,218009,50344.75,,8430.12,,721.27,,187.6,
18/06/2025,ELAZIG,218015,218016,218018,218017,218019,218020,14919.2,,,,,,,
18/06/2025,ELAZIG,218018,218017,218019,218020,218014,218023,14122.36,,11785.86,,4217.32,,519.0,
18/06/2025,ISTANBUL,218027,218012,218028,218024,218022,218026,350224.75,,30347.28,,4115.62,,639.3,
18/06/2025,ISTANBUL,218022,218026,218025,218029,218013,218030,39458.55,,7111.8,,234.07,,92.6,
19/06/2025,ANKARA,218041,218032,218044,218040,218036,218038,25526.35,,1599.42,,906.67,,175.1,
19/06/2025,ANKARA,218036,218038,218042,218037,218031,218047,18982.6,,4363.02,,371.85,,149.0,
19/06/2025,IZMIR,218039,218033,218043,218048,218034,218035,153637.3,,3657.42,,,,,
19/06/2025,IZMIR,218048,218034,218035,218046,218045,218049,7957.7,,1801.44,,750.82,,179.4,
20/06/2025,BURSA,218082,218065,218076,218074,218080,218078,1726.75,,579.84,,573.15,,233.9,
20/06/2025,BURSA,218080,218078,218079,218081,218066,218083,6512.95,,842.76,,368.7,,123.9,
20/06/2025,ISTANBUL,218068,218075,218077,218072,218073,218070,44231.15,,20073.42,,,,,
20/06/2025,ISTANBUL,218072,218073,218070,218071,218067,218069,65127.85,,13408.86,,1122.97,,422.9,
21/06/2025,ANKARA,218095,218093,218090,218091,218085,218094,2969.15,,267.48,,,,,
21/06/2025,ANKARA,218091,218085,218094,218096,218101,218084,20509.05,,2256.3,,1762.42,,274.5,
21/06/2025,DBAKIR,218106,218099,218098,218104,218102,218103,11251.48,,4806.72,,663.15,,152.2,
21/06/2025,IZMIR,218097,218086,218100,218089,218107,218087,3558.0,,1122.66,,530.17,,171.0,
21/06/2025,IZMIR,218107,218087,218108,218105,218092,218088,40576.95,,11266.14,,4278.37,,838.9,
22/06/2025,ADANA,218142,218157,218159,218144,218156,218160,19941.8,,4453.26,,1185.9,,360.5,
22/06/2025,ADANA,218156,218160,218155,218161,218143,218158,3873.15,,1895.58,,334.35,,163.1,
22/06/2025,ISTANBUL,218152,218147,218151,218148,218154,218145,694.65,,206.1,,51.3,,35.8,
22/06/2025,ISTANBUL,218154,218145,218153,218150,218149,218146,32121.75,,8000.16,,2191.87,,798.6,
23/06/2025,BURSA,218168,218177,218167,218174,218163,218178,7783.35,,2910.3,,,,,
23/06/2025,BURSA,218174,218163,218178,218179,218166,218162,11760.2,,8432.52,,2789.85,,308.2,
23/06/2025,ELAZIG,218170,218169,218175,218165,218172,218176,10584.56,,,,,,,
23/06/2025,ELAZIG,218175,218165,218172,218176,218164,218171,495501.24,,165204.6,,48366.45,,5987.3,
24/06/2025,ANKARA,218190,218184,218187,218191,218189,218185,3833.8,,,,,,,
24/06/2025,ANKARA,218187,218191,218189,218185,218186,218183,1882.85,,465.54,,159.67,,12.0,
24/06/2025,KOCAELI,218188,218181,218182,218192,218180,218194,14050.05,,7713.48,,,,,
24/06/2025,KOCAELI,218192,218180,218194,218193,218195,218196,86075.55,,14373.84,,1531.27,,146.2,
25/06/2025,BURSA,218201,218203,218208,218200,218211,218204,95229.45,,14145.06,,11861.25,,2508.8,
25/06/2025,BURSA,218211,218204,218206,218210,218199,218209,62288.8,,8439.12,,813.45,,544.8,
25/06/2025,ISTANBUL,218216,218214,218213,218207,218202,218198,268588.0,,152508.3,,9938.02,,207.2,
25/06/2025,ISTANBUL,218202,218198,218205,218212,218215,218197,49061.1,,16387.98,,2473.72,,160.2,
26/06/2025,ANKARA,218218,218224,218222,218217,218223,218221,134418.85,,17333.88,,,,,
26/06/2025,ANKARA,218217,218223,218221,218220,218219,218225,1679126.0,,211096.74,,63799.57,,6462.5,
26/06/2025,IZMIR,218229,218232,218228,218230,218231,218227,18043.65,,,,,,,
26/06/2025,IZMIR,218228,218230,218231,218227,218226,218233,1790448.55,,26074.74,,3567.15,,849.1,
27/06/2025,ELAZIG,218236,218250,218249,218245,218248,218237,6672.68,,,,,,,
27/06/2025,ELAZIG,218249,218245,218248,218237,218247,218246,45004.44,,5789.64,,321.52,,82.6,
27/06/2025,ISTANBUL,218243,218234,218241,218244,218242,218238,52156.2,,4391.28,,,,,
27/06/2025,ISTANBUL,218244,218242,218238,218239,218240,218235,22489.8,,7383.0,,558.9,,115.7,
28/06/2025,ANKARA,218255,218258,218256,218262,218257,218260,2098.85,,874.86,,,,,
28/06/2025,ANKARA,218262,218257,218260,218253,218259,218254,2842.6,,803.4,,176.77,,42.3,
28/06/2025,DBAKIR,218271,218270,218272,218273,218268,218274,26106.28,,5067.0,,1720.05,,532.7,
28/06/2025,IZMIR,218251,218261,218265,218263,218267,218266,229020.7,,21405.06,,,,,
28/06/2025,IZMIR,218263,218267,218266,218264,218252,218269,606055.7,,112565.1,,4157.62,,236.4,
29/06/2025,ADANA,218284,218281,218286,218280,218282,218285,164088.05,,12267.18,,1736.17,,1095.6,
29/06/2025,ISTANBUL,218290,218276,218289,218288,218278,218277,543135.5,,135130.92,,,,,
29/06/2025,ISTANBUL,218288,218278,218277,218287,218291,218279,58730.4,,6529.32,,689.7,,60.3,
30/06/2025,BURSA,218292,218302,218298,218293,218297,218311,36884.2,,3982.5,,533.02,,141.5,
30/06/2025,BURSA,218297,218311,218303,218300,218299,218312,117512.35,,28898.76,,5437.65,,1152.0,
30/06/2025,ELAZIG,218295,218307,218304,218296,218301,218308,4484957.92,,346442.88,,,,,
30/06/2025,ELAZIG,218296,218301,218308,218305,218294,218306,6041918.16,,4523029.74,,12300.07,,879.9,
01/07/2025,ANKARA,218313,218317,218316,218315,218314,218320,366857.85,,13330.26,,,,,
01/07/2025,ANKARA,218315,218314,218320,218318,218321,218319,73743.05,,16441.44,,1385.4,,47.8,
01/07/2025,KOCAELI,218322,218324,218326,218325,218329,218328,51704.4,,,,,,,
01/07/2025,KOCAELI,218326,218325,218329,218328,218323,218327,318237.3,,40111.56,,2408.85,,609.9,
02/07/2025,ELAZIG,218334,218338,218337,218336,218333,218335,46156.68,,20274.24,,,,,
02/07/2025,ELAZIG,218336,218333,218335,218339,218332,218340,32042.12,,893.52,,397.87,,182.9,
02/07/2025,ISTANBUL,218348,218331,218343,218345,218346,218347,2016.35,,513.78,,,,,
02/07/2025,ISTANBUL,218345,218346,218347,218344,218342,218330,27725.8,,9499.02,,1672.35,,1045.6,
03/07/2025,ANKARA,218351,218358,218355,218357,218354,218356,6515.5,,303.3,,,,,
03/07/2025,ANKARA,218357,218354,218356,218359,218353,218352,6209.45,,987.36,,576.3,,186.1,
03/07/2025,KOCAELI,218366,218360,218350,218361,218362,218365,5611.0,,4295.7,,,,,
03/07/2025,KOCAELI,218361,218362,218365,218349,218363,218364,80150.9,,13316.82,,7355.25,,483.8,
04/07/2025,BURSA,218369,218381,218384,218382,218380,218368,12565.35,,3363.96,,3165.3,,748.1,
04/07/2025,BURSA,218380,218368,218383,218378,218379,218367,1797.25,,294.06,,68.17,,44.2,
04/07/2025,ISTANBUL,218370,218371,218374,218377,218373,218375,664.95,,,,,,,
04/07/2025,ISTANBUL,218374,218377,218373,218375,218376,218372,14386.2,,4269.3,,1778.32,,1279.5,
05/07/2025,ANKARA,218393,218392,218386,218394,218397,218395,28426.95,,6175.56,,,,,
05/07/2025,ANKARA,218394,218397,218395,218396,218398,218385,164457.85,,86142.48,,21237.6,,7001.9,
05/07/2025,DBAKIR,218408,218411,218404,218405,218410,218406,3177039.84,,1867046.34,,40407.0,,4283.1,
05/07/2025,IZMIR,218388,218401,218389,218409,218403,218402,24457.3,,3850.68,,600.6,,80.3,
05/07/2025,IZMIR,218403,218402,218413,218412,218387,218399,1781.35,,579.12,,83.4,,11.5,
06/07/2025,ISTANBUL,218431,218429,218428,218432,218423,218427,1395.7,,499.38,,,,,
06/07/2025,ISTANBUL,218432,218423,218427,218430,218435,218422,23791.45,,3049.32,,786.6,,793.6,
06/07/2025,IZMIR,218426,218436,218438,218424,218437,218434,2884.6,,184.98,,68.92,,30.7,
06/07/2025,IZMIR,218437,218434,218440,218433,218425,218439,64185.55,,37783.38,,5101.42,,260.7,
07/07/2025,BURSA,218454,218472,218471,218461,218455,218469,340282.65,,80444.76,,14930.92,,1955.1,
07/07/2025,BURSA,218455,218469,218470,218464,218468,218459,63580.5,,26219.76,,356.62,,117.1,
07/07/2025,ELAZIG,218456,218467,218463,218457,218465,218466,1252.92,,310.2,,,,,
07/07/2025,ELAZIG,218457,218465,218466,218460,218458,218462,1164.36,,488.4,,508.95,,206.6,
08/07/2025,ANKARA,218480,218484,218476,218482,218479,218478,97657.0,,10981.08,,,,,
08/07/2025,ANKARA,218482,218479,218478,218481,218483,218477,4943.3,,1170.96,,326.17,,37.1,
08/07/2025,KOCAELI,218487,218474,218485,218488,218473,218489,3208.85,,353.04,,,,,
08/07/2025,KOCAELI,218488,218473,218489,218486,218490,218475,12536.1,,2472.42,,511.95,,161.0,
09/07/2025,ELAZIG,218493,218499,218503,218506,218491,218505,16709.92,,4492.14,,,,,
09/07/2025,ELAZIG,218506,218491,218505,218504,218492,218501,6371.56,,1120.32,,644.02,,127.0,
09/07/2025,ISTANBUL,218502,218495,218498,218497,218507,218500,43819.45,,2384.46,,,,,
09/07/2025,ISTANBUL,218497,218507,218500,218496,218494,218508,41594.8,,7469.22,,864.45,,648.4,
10/07/2025,ANKARA,218523,218518,218525,218524,218517,218520,46152.5,,9002.76,,,,,
10/07/2025,ANKARA,218524,218517,218520,218519,218522,218521,165384.45,,17180.76,,3754.72,,483.1,
10/07/2025,KOCAELI,218530,218531,218526,218528,218529,218527,378479.05,,,,,,,
10/07/2025,KOCAELI,218526,218528,218529,218527,218532,218533,887091.25,,171150.6,,31948.87,,603.8,
11/07/2025,BURSA,218538,218549,218541,218544,218552,218551,1595.5,,515.94,,,,,
11/07/2025,BURSA,218544,218552,218551,218548,218537,218550,322.2,,206.46,,90.22,,19.4,
11/07/2025,ISTANBUL,218535,218547,218539,218543,218536,218545,2376.7,,838.38,,311.62,,314.3,
11/07/2025,ISTANBUL,218536,218545,218540,218546,218534,218542,6891.1,,1230.0,,275.32,,183.9,
12/07/2025,ANKARA,218555,218563,218553,218557,218558,218559,87202.05,,90998.1,,15336.75,,2766.6,
12/07/2025,ANKARA,218558,218559,218562,218560,218561,218554,4819104.75,,167646.6,,2736.0,,462.8,
12/07/2025,DBAKIR,218564,218565,218567,218568,218569,218566,17174.48,,9983.22,,680.7,,509.6,
12/07/2025,IZMIR,218571,218575,218570,218574,218556,218572,242154.3,,,,,,,
12/07/2025,IZMIR,218570,218574,218556,218572,218573,218576,11270.6,,2623.14,,278.47,,89.4,
13/07/2025,ISTANBUL,218578,218582,218592,218589,218591,218586,169584.05,,53811.3,,12937.2,,1400.4,
13/07/2025,ISTANBUL,218591,218586,218588,218584,218577,218583,6702.75,,2076.48,,62.4,,11.6,
13/07/2025,IZMIR,218596,218579,218594,218593,218590,218581,1879.85,,2090.34,,123.9,,36.9,
13/07/2025,IZMIR,218590,218581,218587,218595,218580,218585,3126.6,,683.82,,467.02,,123.6,
14/07/2025,BURSA,218597,218609,218598,218610,218615,218612,770.05,,386.7,,121.35,,104.0,
14/07/2025,BURSA,218615,218612,218614,218608,218613,218611,4261.9,,1639.38,,784.5,,188.6,
14/07/2025,ELAZIG,218600,218603,218601,218604,218602,218605,4611.96,,2425.38,,,,,
14/07/2025,ELAZIG,218604,218602,218605,218606,218599,218607,1874.92,,701.88,,204.82,,81.3,
15/07/2025,ANKARA,218617,218622,218626,218627,218616,218621,3812.0,,2230.38,,,,,
15/07/2025,ANKARA,218627,218616,218621,218625,218624,218623,4517.5,,1074.72,,425.7,,440.4,
15/07/2025,KOCAELI,218632,218620,218630,218628,218631,218619,12625.3,,689.04,,247.2,,105.2,
15/07/2025,KOCAELI,218631,218619,218629,218634,218633,218618,6067.85,,1484.04,,638.1,,751.5,
16/07/2025,ELAZIG,218652,218635,218651,218650,218636,218648,177088.24,,59316.18,,,,,
16/07/2025,ELAZIG,218650,218636,218648,218649,218637,218647,321847.48,,5375.88,,1198.42,,269.3,
16/07/2025,ISTANBUL,218645,218644,218638,218639,218646,218641,4469.4,,2162.1,,,,,
16/07/2025,ISTANBUL,218639,218646,218641,218640,218643,218642,96976.2,,4399.26,,858.0,,816.6,
17/07/2025,ANKARA,218655,218662,218660,218663,218656,218661,4182.3,,702.72,,,,,
17/07/2025,ANKARA,218663,218656,218661,218657,218658,218659,6292.05,,1400.76,,357.0,,32.9,
17/07/2025,KOCAELI,218668,218664,218653,218670,218666,218665,87734.7,,27005.76,,,,,
17/07/2025,KOCAELI,218670,218666,218665,218667,218654,218669,23775.55,,3483.0,,1317.07,,142.5,
18/07/2025,BURSA,218674,218691,218684,218679,218681,218688,15508.7,,5856.06,,786.6,,36.9,
18/07/2025,BURSA,218681,218688,218675,218680,218678,218673,11586.45,,2321.46,,997.5,,45.6,
18/07/2025,ISTANBUL,218685,218690,218682,218686,218677,218689,25610.45,,,,,,,
18/07/2025,ISTANBUL,218686,218677,218689,218683,218692,218676,1807.4,,528.96,,201.67,,79.1,
19/07/2025,ANKARA,218697,218700,218703,218699,218693,218695,5759.75,,2106.18,,,,,
19/07/2025,ANKARA,218699,218693,218695,218701,218696,218694,16744.25,,1728.18,,711.82,,508.5,
19/07/2025,DBAKIR,218704,218709,218707,218708,218706,218698,107624.8,,21653.76,,3225.9,,865.4,
19/07/2025,IZMIR,218715,218705,218712,218714,218711,218713,2792178.85,,,,,,,
19/07/2025,IZMIR,218712,218714,218711,218713,218710,218716,,15171443.45,93214.02,,4070.92,,916.9,
20/07/2025,ISTANBUL,218718,218726,218724,218727,218728,218719,1140913.9,,416826.9,,18253.5,,2801.6,
20/07/2025,ISTANBUL,218728,218719,218722,218723,218725,218717,84905.6,,7627.62,,381.3,,59.4,
20/07/2025,IZMIR,218721,218735,218729,218733,218730,218734,1299.05,,926.76,,,,,
20/07/2025,IZMIR,218733,218730,218734,218732,218720,218731,2357.35,,575.7,,248.62,,217.6,
21/07/2025,BURSA,218736,218742,218743,218751,218753,218741,4048.4,,1213.02,,,,,
21/07/2025,BURSA,218751,218753,218741,218752,218737,218748,29854.5,,16119.12,,2324.85,,563.1,
21/07/2025,ELAZIG,218746,218739,218745,218744,218740,218747,79347.92,,5168.52,,,,,
21/07/2025,ELAZIG,218744,218740,218747,218749,218750,218738,243237.08,,51169.98,,7116.67,,2072.4,
22/07/2025,ANKARA,218765,218770,218766,218771,218755,218768,25444.1,,2667.66,,,,,
22/07/2025,ANKARA,218771,218755,218768,218769,218767,218754,335761.05,,54585.0,,9156.67,,1255.2,
22/07/2025,KOCAELI,218758,218761,218763,218756,218764,218762,330223.45,,26170.26,,,,,
22/07/2025,KOCAELI,218756,218764,218762,218760,218757,218759,1684787.65,,250485.3,,22877.77,,4860.2,
23/07/2025,ELAZIG,218775,218784,218785,218774,218777,218776,27826.88,,,,,,,
23/07/2025,ELAZIG,218785,218774,218777,218776,218778,218779,69484.28,,5657.7,,1209.37,,280.5,
23/07/2025,ISTANBUL,218790,218773,218787,218789,218791,218780,5915.8,,4332.18,,,,,
23/07/2025,ISTANBUL,218789,218791,218780,218786,218772,218788,39241.65,,2881.98,,779.85,,65.6,
24/07/2025,ANKARA,218802,218794,218793,218800,218803,218804,3332.45,,1202.04,,,,,
24/07/2025,ANKARA,218800,218803,218804,218796,218792,218798,2975.85,,1772.28,,341.02,,87.0,
24/07/2025,KOCAELI,218805,218797,218806,218799,218801,218807,12687.8,,,,,,,
24/07/2025,KOCAELI,218806,218799,218801,218807,218795,218808,7203.15,,1890.9,,76.95,,43.7,
25/07/2025,BURSA,218813,218818,218816,218825,218827,218821,18543.1,,7545.54,,,,,
25/07/2025,BURSA,218825,218827,218821,218823,218812,218819,47551.35,,14781.3,,1610.77,,470.9,
25/07/2025,ISTANBUL,218822,218810,218817,218814,218811,218824,25881.75,,14427.18,,2541.6,,385.0,
25/07/2025,ISTANBUL,218811,218824,218826,218815,218820,218809,17139.55,,3914.7,,1389.9,,286.5,
26/07/2025,ANKARA,218837,218841,218835,218842,218838,218840,1942.8,,638.16,,,,,
26/07/2025,ANKARA,218842,218838,218840,218836,218834,218832,1725.5,,539.82,,197.4,,109.0,
26/07/2025,DBAKIR,218846,218845,218849,218850,218844,218847,106920.96,,21769.68,,4081.72,,234.8,
26/07/2025,IZMIR,218830,218839,218829,218831,218828,218852,12080.0,,4648.44,,1519.95,,429.9,
26/07/2025,IZMIR,218828,218852,218851,218843,218833,218848,482973.25,,135722.34,,8254.42,,1156.6,
27/07/2025,ISTANBUL,218877,218863,218872,218869,218864,218876,3380.8,,454.44,,243.07,,72.3,
27/07/2025,ISTANBUL,218864,218876,218875,218874,218878,218862,84888.5,,20541.06,,3605.4,,1215.7,
27/07/2025,IZMIR,218860,218866,218865,218870,218871,218867,551.5,,129.9,,,,,
27/07/2025,IZMIR,218870,218871,218867,218868,218861,218873,1393.25,,1026.48,,387.6,,113.3,
28/07/2025,BURSA,218887,218884,218885,218883,218886,218889,6310.25,,,,,,,
28/07/2025,BURSA,218885,218883,218886,218889,218888,218890,6003.6,,1953.24,,164.7,,122.5,
28/07/2025,ELAZIG,218882,218895,218881,218893,218892,218891,217078.28,,359982.96,,,,,
28/07/2025,ELAZIG,218893,218892,218891,218896,218880,218894,199240.0,,59890.38,,6384.07,,95.5,
29/07/2025,ANKARA,218906,218903,218905,218907,218898,218902,6837.35,,2028.84,,272.92,,40.5,
29/07/2025,ANKARA,218898,218902,218904,218908,218909,218897,887.5,,361.08,,133.27,,66.1,
29/07/2025,KOCAELI,218899,218912,218916,218910,218900,218913,19222.8,,3007.56,,888.52,,345.7,
29/07/2025,KOCAELI,218900,218913,218911,218915,218901,218914,9157.5,,2624.82,,1865.47,,633.0,
30/07/2025,ELAZIG,218918,218924,218919,218922,218926,218920,3841.08,,1766.4,,,,,
30/07/2025,ELAZIG,218922,218926,218920,218923,218917,218921,13160.24,,2302.02,,478.65,,96.3,
30/07/2025,ISTANBUL,218927,218925,218931,218929,218928,218933,11679.15,,3943.32,,,,,
30/07/2025,ISTANBUL,218929,218928,218933,218930,218932,218934,1465785.25,,80655.24,,32069.1,,3233.3,
31/07/2025,ANKARA,218945,218953,218941,218950,218938,218942,2946.1,,699.48,,,,,
31/07/2025,ANKARA,218950,218938,218942,218951,218939,218946,2525.85,,1407.84,,831.0,,284.7,
31/07/2025,KOCAELI,218937,218944,218952,218948,218954,218936,15951.0,,2243.34,,725.7,,676.2,
31/07/2025,KOCAELI,218954,218936,218940,218956,218955,218935,10699.25,,3504.18,,146.1,,111.7,
01/08/2025,BURSA,218974,218961,218972,218969,218970,218960,6747.4,,942.96,,394.2,,129.9,
01/08/2025,BURSA,218970,218960,218971,218973,218959,218975,202625.1,,22880.58,,2801.1,,391.4,
01/08/2025,ISTANBUL,218958,218964,218962,218966,218968,218965,355972.2,,17530.56,,,,,
01/08/2025,ISTANBUL,218966,218968,218965,218967,218957,218963,1053374.05,,64588.08,,7829.62,,924.2,
02/08/2025,ANKARA,218978,218987,218989,218986,218976,218984,2315.7,,489.6,,220.57,,78.3,
02/08/2025,ANKARA,218976,218984,218983,218985,218990,218977,773.1,,135.54,,75.82,,17.3,
02/08/2025,DBAKIR,218993,218995,218998,218997,218992,218996,18172.24,,3725.82,,519.22,,82.3,
02/08/2025,IZMIR,218979,218994,218991,219000,218981,219001,168548.2,,34535.52,,9608.85,,1204.1,
02/08/2025,IZMIR,218981,219001,218982,218988,218980,218999,149771.6,,29093.82,,876.52,,191.7,
03/08/2025,ISTANBUL,219004,219012,219006,219010,219005,219008,2732.95,,323.16,,162.75,,40.7,
03/08/2025,ISTANBUL,219005,219008,219013,219011,219007,219014,38468.75,,8238.48,,4480.95,,227.3,
03/08/2025,IZMIR,219016,219003,219018,219017,219020,219019,128307.0,,55744.62,,,,,
03/08/2025,IZMIR,219017,219020,219019,219002,219009,219015,43317.3,,6896.4,,764.17,,76.0,
04/08/2025,BURSA,219024,219033,219034,219037,219035,219036,867.1,,259.98,,,,,
04/08/2025,BURSA,219037,219035,219036,219029,219032,219023,3515.4,,708.78,,237.15,,74.5,
04/08/2025,ELAZIG,219021,219028,219027,219031,219030,219022,3885.12,,,,,,,
04/08/2025,ELAZIG,219027,219031,219030,219022,219025,219026,70137.2,,15233.76,,2562.3,,1553.9,
05/08/2025,ANKARA,219054,219042,219044,219049,219039,219047,2628.0,,789.12,,403.5,,32.4,
05/08/2025,ANKARA,219039,219047,219052,219045,219051,219038,18346.35,,8297.58,,1048.5,,617.5,
05/08/2025,KOCAELI,219041,219048,219055,219053,219050,219046,71639.95,,,,,,,
05/08/2025,KOCAELI,219055,219053,219050,219046,219040,219043,18185.4,,4293.84,,416.32,,115.5,
06/08/2025,ELAZIG,219059,219068,219060,219069,219073,219071,4845.04,,2004.66,,,,,
06/08/2025,ELAZIG,219069,219073,219071,219058,219072,219070,6185.28,,2345.76,,347.02,,277.4,
06/08/2025,ISTANBUL,219067,219064,219066,219063,219057,219061,18832.95,,3300.06,,,,,
06/08/2025,ISTANBUL,219063,219057,219061,219065,219062,219056,1811.2,,207.72,,53.02,,36.6,
07/08/2025,ANKARA,219077,219081,219080,219076,219083,219078,6752.5,,353.94,,104.7,,65.8,
07/08/2025,ANKARA,219083,219078,219082,219085,219084,219079,6365.15,,5492.34,,2529.97,,216.0,
07/08/2025,KOCAELI,219091,219088,219089,219090,219075,219092,4183.95,,678.72,,,,,
07/08/2025,KOCAELI,219090,219075,219092,219087,219074,219086,1571.9,,440.58,,212.92,,29.2,
08/08/2025,BURSA,219101,219093,219099,219102,219094,219098,11425.05,,2254.08,,,,,
08/08/2025,BURSA,219102,219094,219098,219100,219106,219104,32831.8,,10170.24,,1864.95,,898.4,
08/08/2025,ISTANBUL,219107,219097,219109,219105,219111,219096,15521.05,,8609.82,,1308.3,,394.2,
08/08/2025,ISTANBUL,219111,219096,219108,219103,219110,219095,2709.7,,1281.66,,421.8,,92.7,
09/08/2025,ANKARA,219118,219112,219123,219117,219125,219113,4248.7,,1200.72,,451.2,,76.5,
09/08/2025,ANKARA,219125,219113,219122,219120,219124,219119,167386.15,,20644.5,,4788.3,,881.2,
09/08/2025,DBAKIR,219129,219132,219130,219126,219127,219131,134539.2,,10076.88,,2555.17,,541.8,
09/08/2025,IZMIR,219114,219135,219134,219121,219115,219137,1500.7,,425.22,,260.02,,109.2,
09/08/2025,IZMIR,219115,219137,219136,219133,219116,219128,7283.7,,4101.0,,927.67,,350.8,
10/08/2025,ISTANBUL,219148,219146,219139,219150,219138,219140,618875.45,,82178.94,,,,,
10/08/2025,ISTANBUL,219150,219138,219140,219143,219141,219145,3427466.95,,118871.88,,7594.12,,1775.6,
10/08/2025,IZMIR,219147,219149,219153,219155,219152,219151,10273.95,,,,,,,
10/08/2025,IZMIR,219153,219155,219152,219151,219142,219154,63649.2,,10719.0,,6065.62,,1876.2,
11/08/2025,BURSA,219168,219172,219170,219173,219164,219171,3248.6,,988.38,,,,,
11/08/2025,BURSA,219173,219164,219171,219169,219167,219163,3969.3,,562.38,,435.15,,121.8,
11/08/2025,ELAZIG,219177,219176,219179,219166,219175,219178,1611068.84,,,,,,,
11/08/2025,ELAZIG,219179,219166,219175,219178,219174,219165,4336824.04,,88091.94,,15768.07,,532.4,
12/08/2025,ANKARA,219194,219180,219191,219192,219193,219181,12597.25,,3217.8,,706.87,,362.4,
12/08/2025,ANKARA,219193,219181,219195,219190,219196,219182,9591.0,,1125.72,,186.82,,81.6,
12/08/2025,KOCAELI,219188,219187,219185,219189,219183,219184,5744.8,,884.16,,174.07,,96.0,
13/08/2025,ELAZIG,219199,219207,219206,219202,219204,219201,147206.6,,20097.3,,,,,
13/08/2025,ELAZIG,219202,219204,219201,219203,219200,219205,29711.72,,3263.28,,1130.32,,258.1,
13/08/2025,ISTANBUL,219213,219214,219208,219212,219197,219210,3942792.95,,338853.36,,,,,
13/08/2025,ISTANBUL,219212,219197,219210,219209,219211,219198,135022.45,,8714.22,,1340.25,,252.7,
14/08/2025,ANKARA,219226,219220,219224,219225,219221,219216,64415.05,,8829.06,,576.6,,190.3,
14/08/2025,ANKARA,219221,219216,219223,219227,219215,219222,27563.75,,5530.08,,2753.25,,514.6,
14/08/2025,KOCAELI,219232,219218,219231,219229,219234,219217,13902.2,,3202.56,,238.95,,95.2,
14/08/2025,KOCAELI,219234,219217,219233,219235,219219,219230,3976.8,,422.34,,203.1,,118.5,
15/08/2025,BURSA,219260,219249,219265,219258,219250,219257,2398.9,,790.56,,109.42,,49.6,
15/08/2025,BURSA,219250,219257,219266,219263,219251,219267,288425.2,,176620.38,,36916.2,,3260.3,
15/08/2025,ISTANBUL,219259,219254,219261,219253,219252,219255,5174.9,,266.46,,,,,
15/08/2025,ISTANBUL,219253,219252,219255,219262,219256,219264,15024.7,,2379.0,,489.3,,229.4,
16/08/2025,ANKARA,219286,219282,219285,219289,219283,219284,87114.15,,30569.4,,7134.15,,1457.0,
16/08/2025,ANKARA,219283,219284,219277,219281,219288,219276,1134252.65,,85908.9,,8199.22,,1047.5,
16/08/2025,DBAKIR,219301,219300,219298,219297,219296,219299,98588.6,,8495.82,,1506.07,,261.5,
16/08/2025,IZMIR,219278,219291,219295,219279,219293,219292,23253.9,,4062.18,,493.2,,153.6,
16/08/2025,IZMIR,219293,219292,219280,219287,219294,219290,81891.3,,20528.64,,2411.02,,652.1,
17/08/2025,ISTANBUL,219315,219306,219310,219308,219318,219304,4379.25,,1535.28,,786.37,,279.6,
17/08/2025,ISTANBUL,219318,219304,219312,219313,219316,219305,14926.85,,2296.8,,352.35,,71.0,
17/08/2025,IZMIR,219311,219319,219317,219314,219303,219307,3635.15,,1119.6,,,,,
17/08/2025,IZMIR,219314,219303,219307,219320,219309,219302,2775.05,,2146.2,,292.35,,130.8,
18/08/2025,BURSA,219323,219335,219334,219324,219332,219336,2379.4,,1174.02,,,,,
18/08/2025,BURSA,219324,219332,219336,219333,219331,219337,1483.65,,420.12,,102.15,,34.1,
18/08/2025,ELAZIG,219326,219325,219330,219321,219329,219327,969.2,,,,,,,
18/08/2025,ELAZIG,219330,219321,219329,219327,219322,219328,32763.32,,6950.22,,1733.32,,478.4,
19/08/2025,ANKARA,219341,219349,219350,219356,219342,219353,5811.45,,6958.8,,5001.0,,1550.1,
19/08/2025,ANKARA,219342,219353,219351,219354,219352,219355,15963.0,,7661.7,,378.9,,233.4,
19/08/2025,KOCAELI,219340,219343,219346,219339,219345,219344,1417571.35,,149916.06,,,,,
19/08/2025,KOCAELI,219339,219345,219344,219348,219338,219347,980515.8,,239222.76,,10199.7,,125.8,
20/08/2025,ELAZIG,219363,219359,219361,219358,219360,219357,323419.04,,51187.26,,1759.72,,550.8,
20/08/2025,ISTANBUL,219367,219365,219369,219364,219372,219368,185396.8,,10282.38,,,,,
20/08/2025,ISTANBUL,219364,219372,219368,219366,219371,219370,134516.4,,15386.22,,1961.32,,542.2,
21/08/2025,ANKARA,219384,219382,219376,219379,219385,219383,1967.1,,299.82,,,,,
21/08/2025,ANKARA,219379,219385,219383,219380,219378,219377,16156.4,,6251.4,,1398.9,,203.1,
21/08/2025,KOCAELI,219388,219375,219381,219386,219373,219390,60676.6,,,,,,,
21/08/2025,KOCAELI,219386,219373,219390,219389,219387,219374,17333.65,,7540.02,,636.22,,178.2,
22/08/2025,BURSA,219399,219397,219395,219401,219392,219400,1745.1,,632.22,,,,,
22/08/2025,BURSA,219401,219392,219400,219396,219398,219391,15756.45,,6599.64,,974.92,,381.3,
22/08/2025,ISTANBUL,219404,219407,219402,219393,219408,219405,1172393.15,,165823.2,,,,,
22/08/2025,ISTANBUL,219393,219408,219405,219403,219394,219406,255810.55,,46320.96,,12345.45,,299.5,
23/08/2025,ANKARA,219418,219416,219409,219419,219421,219423,20334.75,,2194.02,,738.75,,138.5,
23/08/2025,ANKARA,219421,219423,219414,219417,219410,219415,7786.5,,1792.38,,245.92,,44.8,
23/08/2025,DBAKIR,219426,219424,219422,219427,219429,219428,655504.28,,29342.7,,803.4,,245.0,
23/08/2025,IZMIR,219431,219413,219430,219420,219434,219411,1323801.0,,418263.06,,28229.02,,348.1,
23/08/2025,IZMIR,219434,219411,219433,219432,219425,219412,14773987.4,,590380.98,,27364.12,,4079.4,
24/08/2025,ISTANBUL,219450,219452,219445,219443,219449,219453,2800.1,,1112.46,,,,,
24/08/2025,ISTANBUL,219443,219449,219453,219447,219442,219448,32910.75,,6818.04,,1632.6,,1318.6,
24/08/2025,IZMIR,219435,219440,219441,219437,219444,219446,212.25,,130.74,,106.35,,44.3,
24/08/2025,IZMIR,219444,219446,219439,219438,219436,219451,2861.9,,1254.3,,277.8,,140.7,
25/08/2025,BURSA,219455,219468,219466,219470,219454,219460,105881.5,,11150.1,,,,,
25/08/2025,BURSA,219470,219454,219460,219459,219463,219471,13297.75,,2163.0,,407.85,,89.3,
25/08/2025,ELAZIG,219462,219457,219461,219467,219458,219465,58617.12,,20978.04,,,,,
25/08/2025,ELAZIG,219467,219458,219465,219469,219464,219456,81277.0,,21341.52,,2796.07,,167.2,
26/08/2025,ANKARA,219489,219474,219486,219487,219488,219476,127921.9,,34726.2,,4981.57,,2202.9,
26/08/2025,ANKARA,219488,219476,219485,219490,219484,219475,63173.55,,10530.96,,606.07,,111.6,
26/08/2025,KOCAELI,219473,219482,219477,219480,219483,219481,25684.1,,791.28,,,,,
26/08/2025,KOCAELI,219480,219483,219481,219479,219472,219478,6717.3,,905.76,,347.1,,167.1,
27/08/2025,ELAZIG,219502,219501,219497,219492,219498,219496,4615.72,,,,,,,
27/08/2025,ELAZIG,219497,219492,219498,219496,219499,219491,6885.96,,1419.54,,218.92,,58.3,
27/08/2025,ISTANBUL,219503,219495,219504,219506,219508,219493,30787.85,,1478.82,,468.15,,278.9,
27/08/2025,ISTANBUL,219508,219493,219507,219505,219500,219494,66263.15,,22181.52,,3212.02,,620.5,
28/08/2025,ANKARA,219520,219517,219509,219514,219516,219515,514.75,,114.3,,,,,
28/08/2025,ANKARA,219514,219516,219515,219519,219518,219510,374.0,,205.62,,68.77,,18.8,
28/08/2025,KOCAELI,219528,219512,219526,219524,219527,219511,17010.45,,8731.26,,200.25,,98.3,
28/08/2025,KOCAELI,219527,219511,219525,219529,219523,219513,8812.05,,1812.54,,417.52,,243.0,
29/08/2025,BURSA,219556,219557,219560,219551,219558,219565,355952.0,,33308.52,,301.72,,279.1,
29/08/2025,BURSA,219558,219565,219559,219555,219550,219562,50454.25,,6887.58,,403.8,,77.5,
29/08/2025,ISTANBUL,219553,219569,219570,219554,219568,219564,17440.45,,3140.46,,1264.27,,433.1,
29/08/2025,ISTANBUL,219568,219564,219561,219567,219552,219563,13637.45,,1884.6,,718.42,,30.6,
30/08/2025,ANKARA,219572,219591,219589,219571,219595,219593,2541.85,,851.34,,,,,
30/08/2025,ANKARA,219571,219595,219593,219584,219587,219592,6149.7,,698.1,,331.05,,99.3,
30/08/2025,DBAKIR,219580,219576,219577,219582,219579,219586,162802.08,,23042.04,,1029.37,,381.5,
30/08/2025,IZMIR,219573,219585,219575,219578,219588,219581,381936.05,,2587.02,,1315.57,,269.4,
30/08/2025,IZMIR,219588,219581,219583,219574,219590,219594,24465.1,,7839.54,,461.7,,99.4,
31/08/2025,ADANA,219600,219610,219614,219608,219599,219611,2308869.2,,120177.66,,7181.32,,879.7,
31/08/2025,ADANA,219599,219611,219609,219613,219598,219612,502511.9,,16181.34,,2048.62,,461.0,
31/08/2025,ISTANBUL,219603,219604,219601,219596,219605,219602,1880567.0,,86321.52,,,,,
31/08/2025,ISTANBUL,219596,219605,219602,219606,219597,219607,389074.85,,60012.84,,14326.8,,519.4,
01/09/2025,BURSA,219620,219623,219625,219622,219618,219621,84124.0,,12478.5,,,,,
01/09/2025,BURSA,219622,219618,219621,219619,219627,219617,298725.0,,47116.8,,17909.77,,2161.1,
01/09/2025,ELAZIG,219628,219615,219624,219633,219626,219630,10999.24,,,,,,,
01/09/2025,ELAZIG,219624,219633,219626,219630,219616,219632,18167.4,,1874.34,,995.55,,317.9,
02/09/2025,ANKARA,219648,219643,219644,219641,219646,219647,71960.45,,,,,,,
02/09/2025,ANKARA,219641,219646,219647,219642,219645,219640,6959.7,,3061.8,,1266.6,,197.2,
02/09/2025,KOCAELI,219655,219653,219654,219649,219656,219652,23914.85,,,,,,,
02/09/2025,KOCAELI,219654,219649,219656,219652,219651,219650,3903.7,,611.94,,125.32,,12.8,
03/09/2025,ELAZIG,219660,219671,219667,219673,219659,219672,40730.16,,23189.76,,,,,
03/09/2025,ELAZIG,219673,219659,219672,219669,219661,219668,57250.08,,3417.6,,1610.62,,358.7,
03/09/2025,ISTANBUL,219657,219666,219658,219674,219670,219665,17944.25,,19952.04,,,,,
03/09/2025,ISTANBUL,219674,219670,219665,219663,219664,219662,40037.8,,5393.04,,441.97,,131.9,
04/09/2025,ANKARA,219681,219680,219683,219676,219682,219686,4960.3,,1444.92,,,,,
04/09/2025,ANKARA,219676,219682,219686,219685,219684,219675,2878.7,,625.68,,268.42,,223.5,
04/09/2025,IZMIR,219678,219692,219693,219691,219689,219679,308.1,,217.02,,102.75,,62.7,
04/09/2025,IZMIR,219689,219679,219690,219688,219677,219694,71343.25,,12263.7,,6018.82,,274.5,
05/09/2025,BURSA,219716,219729,219717,219736,219734,219732,16034.35,,8373.0,,,,,
05/09/2025,BURSA,219736,219734,219732,219727,219731,219739,77587.2,,12727.56,,833.92,,220.7,
05/09/2025,IZMIR,219718,219737,219719,219726,219728,219738,688095.6,,90206.94,,,,,
05/09/2025,IZMIR,219726,219728,219738,219733,219730,219735,16847.3,,2778.3,,758.02,,136.5,
06/09/2025,ANKARA,219740,219744,219742,219752,219748,219741,2502.25,,1212.18,,,,,
06/09/2025,ANKARA,219752,219748,219741,219746,219751,219743,943813.95,,166194.96,,38799.22,,3379.8,
06/09/2025,ISTANBUL,219750,219747,219745,219754,219749,219756,184510.85,,71790.72,,,,,
06/09/2025,ISTANBUL,219754,219749,219756,219757,219755,219753,369721.85,,29988.78,,10459.2,,535.0,
07/09/2025,ADANA,219769,219783,219779,219768,219781,219785,45837.35,,38024.1,,4656.15,,1815.6,
07/09/2025,ADANA,219781,219785,219780,219784,219770,219782,63989.1,,1023.06,,235.35,,29.9,
07/09/2025,ISTANBUL,219766,219772,219767,219777,219773,219778,430.9,,101.58,,44.55,,10.1,
07/09/2025,ISTANBUL,219773,219778,219775,219776,219771,219774,249083.3,,79614.6,,27621.0,,2587.8,
08/09/2025,BURSA,219795,219788,219793,219791,219794,219789,37219.15,,4759.68,,858.37,,157.9,
08/09/2025,BURSA,219794,219789,219802,219803,219790,219792,12847.6,,1534.2,,643.42,,175.7,
08/09/2025,ELAZIG,219798,219787,219800,219797,219796,219801,6295941.12,,,,,,,
08/09/2025,ELAZIG,219800,219797,219796,219801,219786,219799,524694.84,,32457.66,,1016.4,,59.3,
09/09/2025,ANKARA,219810,219805,219813,219809,219811,219804,436909.2,,93312.06,,11332.5,,1503.0,
09/09/2025,ANKARA,219811,219804,219812,219807,219808,219806,27477.25,,940.5,,229.87,,15.8,
09/09/2025,KOCAELI,219816,219817,219815,219820,219819,219821,6957.15,,,,,,,
09/09/2025,KOCAELI,219815,219820,219819,219821,219822,219818,76456.1,,29915.4,,2481.37,,792.2,
10/09/2025,ELAZIG,219824,219829,219830,219832,219831,219825,106653.04,,11514.36,,,,,
10/09/2025,ELAZIG,219832,219831,219825,219833,219834,219823,63682.04,,6633.78,,2745.45,,708.5,
10/09/2025,ISTANBUL,219838,219828,219835,219837,219841,219827,11412.4,,3270.72,,1393.8,,516.5,
10/09/2025,ISTANBUL,219841,219827,219836,219840,219839,219826,6938.05,,2043.18,,218.17,,60.9,
11/09/2025,ANKARA,219854,219843,219847,219852,219851,219848,372973.15,,54134.64,,4671.52,,2757.5,
11/09/2025,ANKARA,219851,219848,219849,219855,219850,219842,20554.75,,2187.36,,495.07,,46.9,
11/09/2025,IZMIR,219844,219846,219845,219858,219857,219860,2485.05,,,,,,,
11/09/2025,IZMIR,219858,219857,219860,219859,219856,219853,4744.0,,803.7,,230.25,,80.5,
12/09/2025,BURSA,219862,219866,219869,219861,219876,219877,52384.4,,36695.46,,,,,
12/09/2025,BURSA,219861,219876,219877,219875,219872,219874,198694.6,,20794.02,,3159.6,,216.1,
12/09/2025,ISTANBUL,219873,219871,219870,219878,219863,219865,1268.55,,388.74,,,,,
12/09/2025,ISTANBUL,219878,219863,219865,219868,219867,219864,6011.9,,2075.22,,459.3,,216.0,
13/09/2025,ANKARA,219893,219888,219884,219885,219896,219891,112345.45,,15738.12,,,,,
13/09/2025,ANKARA,219885,219896,219891,219899,219887,219898,38957.55,,5690.28,,306.97,,133.6,
13/09/2025,DBAKIR,219892,219886,219883,219889,219882,219895,9299.2,,1479.42,,292.5,,69.1,
13/09/2025,IZMIR,219900,219879,219903,219901,219902,219880,17485.75,,8399.28,,6494.02,,286.9,
13/09/2025,IZMIR,219902,219880,219894,219897,219881,219904,27401.45,,6631.2,,898.8,,389.4,
14/09/2025,ADANA,219923,219907,219919,219917,219920,219908,90381.7,,24631.56,,5027.92,,846.9,
14/09/2025,ADANA,219920,219908,219921,219922,219918,219909,580176.3,,140977.14,,20688.15,,888.7,
14/09/2025,ISTANBUL,219913,219905,219910,219911,219915,219912,2409.15,,,,,,,
14/09/2025,ISTANBUL,219911,219915,219912,219914,219906,219916,698769.25,,72934.98,,18663.6,,3840.6,
15/09/2025,BURSA,219941,219929,219939,219938,219942,219928,41406.25,,26839.08,,1172.55,,485.8,
15/09/2025,BURSA,219942,219928,219937,219940,219936,219927,13416.85,,1478.94,,469.42,,251.4,
15/09/2025,SANLIURFA,219931,219924,219932,219933,219926,219935,30590.2,,2650.38,,,,,
15/09/2025,SANLIURFA,219933,219926,219935,219934,219925,219930,135341.52,,40077.12,,8004.97,,1480.3,
16/09/2025,ANKARA,219947,219958,219955,219952,219957,219954,8924.8,,2167.26,,263.4,,130.0,
16/09/2025,ANKARA,219957,219954,219946,219956,219953,219945,19141.6,,3579.42,,723.97,,110.8,
16/09/2025,KOCAELI,219944,219960,219961,219959,219948,219950,5821.35,,,,,,,
16/09/2025,KOCAELI,219961,219959,219948,219950,219949,219943,2484.0,,1058.64,,162.45,,70.2,
17/09/2025,ELAZIG,219962,219975,219974,219968,219970,219963,20908.76,,,,,,,
17/09/2025,ELAZIG,219974,219968,219970,219963,219972,219976,337327.6,,65056.8,,13448.55,,2880.8,
17/09/2025,ISTANBUL,219977,219969,219967,219964,219971,219973,14491.45,,2279.76,,,,,
17/09/2025,ISTANBUL,219964,219971,219973,219978,219966,219965,24420.55,,1016.04,,230.92,,130.7,
18/09/2025,ANKARA,219979,219985,219992,219980,219993,219986,4004.95,,2827.5,,1055.92,,535.7,
18/09/2025,ANKARA,219993,219986,219981,219989,219990,219988,12752.85,,2020.68,,598.05,,189.4,
18/09/2025,IZMIR,219994,219983,219996,219995,219982,219987,16079.75,,,,,,,
18/09/2025,IZMIR,219996,219995,219982,219987,219984,219991,12304.35,,3089.64,,589.5,,285.6,
19/09/2025,BURSA,220009,219997,220003,220014,220006,220008,8448.25,,4606.68,,,,,
19/09/2025,BURSA,220014,220006,220008,220002,219998,220011,4349.75,,660.18,,81.9,,39.8,
19/09/2025,ISTANBUL,220000,220001,220004,219999,220012,220015,158915.85,,4107.36,,1783.27,,532.4,
19/09/2025,ISTANBUL,220012,220015,220010,220005,220013,220007,1567352.6,,161995.56,,18963.52,,1383.6,
20/09/2025,ANKARA,220024,220022,220021,220027,220016,220023,7532.3,,3275.88,,,,,
20/09/2025,ANKARA,220027,220016,220023,220026,220025,220017,5982.05,,873.3,,213.75,,212.8,
20/09/2025,DBAKIR,220040,220039,220029,220028,220030,220033,255919.96,,151703.76,,24671.77,,1938.0,
20/09/2025,IZMIR,220020,220038,220032,220019,220034,220036,29982.95,,4262.46,,616.8,,307.5,
20/09/2025,IZMIR,220034,220036,220031,220037,220018,220035,39494.6,,6758.16,,1699.95,,259.9,
21/09/2025,ADANA,220042,220053,220052,220058,220041,220054,6539.1,,4228.26,,,,,
21/09/2025,ADANA,220058,220041,220054,220055,220057,220056,29028.65,,18768.84,,7499.62,,335.3,
21/09/2025,ISTANBUL,220048,220049,220043,220046,220044,220047,371.2,,135.18,,,,,
21/09/2025,ISTANBUL,220046,220044,220047,220051,220045,220050,2051.85,,433.44,,309.97,,90.8,
22/09/2025,BURSA,220072,220060,220074,220068,220077,220059,93129.75,,25240.74,,3019.05,,1239.8,
22/09/2025,BURSA,220077,220059,220070,220076,220061,220069,31802.95,,3902.58,,246.75,,84.1,
22/09/2025,SANLIURFA,220065,220063,220066,220064,220067,220075,564955.44,,160158.18,,,,,
22/09/2025,SANLIURFA,220064,220067,220075,220078,220062,220073,14595002.76,,,,,,,
23/09/2025,ANKARA,220080,220082,220081,220079,220084,220086,9807.4,,1384.32,,,,,
23/09/2025,ANKARA,220079,220084,220086,220085,220083,220087,80677.45,,2161.38,,2015.47,,754.6,
23/09/2025,KOCAELI,220094,220089,220092,220088,220095,220091,13203.8,,,,,,,
23/09/2025,KOCAELI,220092,220088,220095,220091,220093,220090,493815.45,,64858.2,,10337.32,,982.0,
24/09/2025,ELAZIG,220098,220102,220105,220103,220100,220101,16013.68,,,,,,,
24/09/2025,ELAZIG,220105,220103,220100,220101,220099,220108,28102.48,,6700.62,,1491.45,,676.5,
24/09/2025,ISTANBUL,220097,220109,220106,220111,220112,220104,3640.6,,485.1,,281.62,,122.5,
24/09/2025,ISTANBUL,220112,220104,220110,220107,220096,220113,39721.35,,9976.56,,1684.5,,527.4,
25/09/2025,ANKARA,220130,220127,220131,220136,220117,220133,204267.9,,8527.44,,,,,
25/09/2025,ANKARA,220136,220117,220133,220129,220134,220116,30415.95,,3776.76,,1012.2,,346.8,
25/09/2025,IZMIR,220137,220121,220139,220128,220120,220132,11682.85,,3228.9,,318.15,,106.9,
25/09/2025,IZMIR,220120,220132,220135,220138,220119,220140,1804504.45,,568683.42,,63689.77,,12375.0,
26/09/2025,BURSA,220152,220153,220158,220154,220161,220151,9880.55,,6713.64,,,,,
26/09/2025,BURSA,220154,220161,220151,220155,220150,220163,36211.5,,2087.52,,438.15,,94.7,
26/09/2025,ISTANBUL,220166,220159,220160,220164,220149,220156,11887.1,,677.94,,,,,
26/09/2025,ISTANBUL,220164,220149,220156,220162,220157,220148,6180.4,,1610.28,,643.27,,344.5,
27/09/2025,ANKARA,220175,220167,220178,220181,220180,220173,6215.8,,770.82,,,,,
27/09/2025,ANKARA,220181,220180,220173,220177,220172,220168,36450.7,,29810.22,,8356.42,,1077.2,
27/09/2025,DBAKIR,220184,220182,220179,220187,220188,220186,175397.84,,46197.72,,1462.27,,964.2,
27/09/2025,IZMIR,220171,220176,220190,220174,220191,220170,11703.1,,8926.32,,3067.35,,969.1,
27/09/2025,IZMIR,220191,220170,220189,220185,220169,220183,2859.25,,799.2,,112.57,,90.3,
28/09/2025,ADANA,220209,220202,220206,220204,220201,220207,6655.55,,1013.88,,,,,
28/09/2025,ADANA,220204,220201,220207,220205,220208,220203,39022.4,,4502.16,,839.62,,169.2,
28/09/2025,ISTANBUL,220210,220217,220199,220216,220215,220211,21276.0,,6930.78,,1293.52,,301.6,
28/09/2025,ISTANBUL,220215,220211,220214,220213,220200,220212,14357.15,,1078.14,,261.97,,146.0,
29/09/2025,BURSA,220231,220218,220224,220225,220226,220234,5511.9,,2607.24,,1777.65,,446.0,
29/09/2025,BURSA,220226,220234,220219,220223,220222,220229,58159.9,,9979.92,,996.75,,232.3,
29/09/2025,SANLIURFA,220221,220232,220230,220233,220228,220220,11530.96,,,,,,,
29/09/2025,SANLIURFA,220230,220233,220228,220220,220235,220227,1583.6,,417.06,,159.9,,43.5,
30/09/2025,ADANA,220249,220238,220254,220252,220250,220239,85322.9,,19984.26,,682.27,,254.2,
30/09/2025,ADANA,220250,220239,220253,220248,220251,220240,46010.45,,8591.88,,1386.3,,395.2,
30/09/2025,KOCAELI,220242,220243,220246,220245,220241,220247,208748.2,,48273.24,,,,,
30/09/2025,KOCAELI,220245,220241,220247,220236,220244,220237,147602.6,,29838.54,,9765.9,,444.3,
01/10/2025,ELAZIG,220269,220267,220258,220272,220268,220271,87053.44,,,,,,,
01/10/2025,ELAZIG,220258,220272,220268,220271,220259,220270,345116.84,,4929.24,,1633.72,,310.3,
01/10/2025,ISTANBUL,220263,220257,220265,220261,220256,220264,16978.75,,3177.06,,1424.4,,655.5,
01/10/2025,ISTANBUL,220256,220264,220262,220260,220255,220266,133724.75,,6349.44,,1965.07,,352.3,
02/10/2025,ANKARA,220276,220287,220283,220279,220284,220288,38491.8,,3287.46,,208.72,,153.1,
02/10/2025,ANKARA,220284,220288,220280,220281,220285,220275,44769.15,,7866.3,,1356.3,,441.5,
02/10/2025,IZMIR,220273,220277,220289,220282,220291,220274,6252.95,,1911.84,,,,,
02/10/2025,IZMIR,220282,220291,220274,220286,220278,220292,8339.85,,2710.74,,122.4,,107.2,
03/10/2025,BURSA,220310,220293,220309,220311,220307,220308,147865.1,,83750.22,,,,,
03/10/2025,BURSA,220311,220307,220308,220299,220294,220306,73745.4,,11698.2,,2325.37,,419.8,
03/10/2025,ISTANBUL,220296,220305,220300,220298,220295,220304,1777.85,,562.44,,360.3,,78.6,
03/10/2025,ISTANBUL,220295,220304,220302,220303,220297,220301,39243.7,,4918.32,,2267.55,,588.7,
04/10/2025,ANKARA,220312,220321,220322,220324,220313,220318,1056.55,,,,,,,
04/10/2025,ANKARA,220324,220313,220318,220317,220319,220320,1973.5,,1388.4,,627.97,,262.3,
04/10/2025,DBAKIR,220331,220335,220332,220327,220333,220330,26157.72,,4624.68,,317.47,,205.8,
04/10/2025,IZMIR,220328,220334,220325,220323,220315,220316,4681.1,,856.26,,,,,
04/10/2025,IZMIR,220323,220315,220316,220336,220314,220326,66419.9,,12463.32,,6640.65,,2320.3,
05/10/2025,ADANA,220349,220350,220352,220351,220339,220353,3731.25,,1656.66,,,,,
05/10/2025,ADANA,220351,220339,220353,220348,220340,220354,5704.1,,1271.58,,451.57,,72.3,
05/10/2025,ISTANBUL,220338,220346,220337,220347,220345,220344,129029.75,,35933.64,,,,,
05/10/2025,ISTANBUL,220347,220345,220344,220341,220343,220342,291314.2,,50145.66,,2865.82,,29.0,
06/10/2025,BURSA,220364,220357,220362,220363,220367,220359,52386.55,,10532.88,,3013.57,,371.3,
06/10/2025,BURSA,220367,220359,220365,220361,220358,220360,524685.6,,128304.66,,17380.12,,2739.4,
06/10/2025,SANLIURFA,220356,220366,220369,220372,220370,220368,58399.12,,,,,,,
06/10/2025,SANLIURFA,220369,220372,220370,220368,220355,220371,55881.0,,2776.2,,1282.42,,363.7,
07/10/2025,ADANA,220389,220375,220383,220384,220386,220374,20123.95,,542.58,,193.12,,59.0,
07/10/2025,ADANA,220386,220374,220388,220387,220385,220373,1729979.8,,408862.32,,134115.52,,1725.8,
07/10/2025,KOCAELI,220376,220381,220379,220380,220382,220378,375057.8,,42867.48,,9718.35,,853.7,
08/10/2025,ELAZIG,220390,220395,220397,220391,220398,220394,235975.24,,,,,,,
08/10/2025,ELAZIG,220397,220391,220398,220394,220396,220399,111464.92,,36689.16,,8121.22,,1494.1,
08/10/2025,ISTANBUL,220402,220401,220403,220405,220392,220404,4279.0,,2147.04,,,,,
08/10/2025,ISTANBUL,220405,220392,220404,220407,220393,220406,4400.35,,706.56,,325.87,,97.0,
09/10/2025,ANKARA,220415,220409,220418,220421,220408,220420,343.75,,164.88,,,,,
09/10/2025,ANKARA,220421,220408,220420,220414,220416,220419,1058.1,,274.32,,70.72,,51.9,
09/10/2025,IZMIR,220410,220417,220412,220425,220426,220411,539029.2,,7062.54,,463.42,,149.6,
09/10/2025,IZMIR,220426,220411,220413,220422,220423,220424,115981.4,,33908.34,,6976.42,,394.1,
10/10/2025,BURSA,220436,220428,220432,220445,220427,220443,100862.75,,15235.5,,,,,
10/10/2025,BURSA,220445,220427,220443,220440,220434,220438,2594665.75,,143748.18,,22914.67,,2860.1,
10/10/2025,ISTANBUL,220442,220430,220441,220439,220444,220431,1228.95,,930.6,,601.87,,39.9,
10/10/2025,ISTANBUL,220444,220431,220437,220435,220433,220429,8148.95,,2041.44,,1151.32,,213.6,
11/10/2025,ANKARA,220462,220465,220467,220464,220469,220447,1549.1,,438.72,,226.87,,210.3,
11/10/2025,ANKARA,220469,220447,220466,220461,220463,220446,19330.8,,6887.16,,929.25,,286.6,
11/10/2025,DBAKIR,220457,220456,220455,220460,220458,220459,1636.76,,1098.72,,396.82,,59.2,
11/10/2025,IZMIR,220453,220471,220449,220454,220452,220448,371095.9,,34880.34,,2987.1,,401.3,
11/10/2025,IZMIR,220452,220448,220468,220451,220450,220470,4538.85,,1819.62,,295.27,,71.5,
12/10/2025,ADANA,220474,220487,220485,220476,220490,220486,730068.75,,38260.02,,9128.7,,1573.2,
12/10/2025,ADANA,220490,220486,220475,220484,220488,220489,865297.95,,101540.4,,6442.57,,157.0,
12/10/2025,ISTANBUL,220482,220473,220483,220477,220481,220479,16000.45,,1637.88,,,,,
12/10/2025,ISTANBUL,220477,220481,220479,220480,220478,220472,4816.5,,948.78,,306.9,,113.5,
13/10/2025,BURSA,220499,220493,220501,220492,220508,220504,6017.7,,3645.0,,,,,
13/10/2025,BURSA,220492,220508,220504,220507,220506,220509,68880.5,,16864.74,,2849.77,,710.6,
13/10/2025,SANLIURFA,220503,220495,220497,220502,220494,220500,525791.52,,210420.42,,,,,
13/10/2025,SANLIURFA,220502,220494,220500,220505,220496,220498,715293.68,,24209.22,,2736.9,,2122.8,
14/10/2025,ADANA,220512,220516,220515,220514,220517,220511,1519537.55,,193195.92,,46548.82,,8303.5,
14/10/2025,ADANA,220517,220511,220518,220519,220513,220510,18114890.95,,76326.3,,3184.35,,284.7,
14/10/2025,KOCAELI,220526,220520,220524,220523,220525,220522,33542.7,,11465.88,,2159.92,,283.9,
15/10/2025,ELAZIG,220530,220538,220534,220527,220532,220529,15930.28,,,,,,,
15/10/2025,ELAZIG,220534,220527,220532,220529,220528,220536,2686.08,,949.2,,221.32,,49.9,
15/10/2025,ISTANBUL,220535,220541,220533,220543,220531,220542,1151073.95,,65073.12,,,,,
15/10/2025,ISTANBUL,220543,220531,220542,220539,220537,220540,310627.95,,23849.46,,577.8,,497.4,
16/10/2025,ANKARA,220555,220551,220552,220558,220547,220556,8674.95,,2175.72,,,,,
16/10/2025,ANKARA,220558,220547,220556,220554,220550,220546,5256.7,,1502.88,,507.75,,131.0,
16/10/2025,IZMIR,220557,220553,220548,220544,220559,220549,306505.35,,23655.96,,,,,
16/10/2025,IZMIR,220544,220559,220549,220560,220545,220561,468185.2,,5455.62,,1525.2,,960.8,
17/10/2025,BURSA,220563,220577,220578,220574,220564,220572,12657.55,,12352.74,,3339.52,,459.1,
17/10/2025,BURSA,220564,220572,220575,220580,220562,220579,20228.95,,3610.38,,1852.5,,691.0,
17/10/2025,ISTANBUL,220568,220567,220566,220573,220570,220569,4126.1,,461.04,,,,,
17/10/2025,ISTANBUL,220573,220570,220569,220571,220565,220576,9746.0,,2165.64,,461.32,,134.7,
18/10/2025,ANKARA,220592,220582,220588,220587,220591,220590,21997.55,,14331.42,,,,,
18/10/2025,ANKARA,220587,220591,220590,220589,220586,220581,7253.7,,1200.78,,54.67,,14.0,
18/10/2025,DBAKIR,220595,220600,220596,220602,220598,220601,48885.96,,15101.4,,4265.77,,547.4,
18/10/2025,IZMIR,220597,220585,220593,220599,220605,220584,526.45,,240.12,,108.52,,102.8,
18/10/2025,IZMIR,220605,220584,220594,220603,220583,220606,39362.45,,11501.94,,7538.62,,91.3,
19/10/2025,ADANA,220609,220625,220621,220623,220620,220610,1391.3,,956.1,,828.15,,263.9,
19/10/2025,ADANA,220620,220610,220624,220622,220611,220626,493137.2,,66989.4,,19653.97,,4155.5,
19/10/2025,ISTANBUL,220607,220617,220612,220614,220616,220615,161761.6,,11033.58,,2699.77,,575.7,
19/10/2025,ISTANBUL,220616,220615,220618,220613,220608,220619,6591.7,,561.18,,128.17,,113.5,
20/10/2025,BURSA,220641,220631,220640,220639,220644,220630,2056.4,,1332.84,,196.12,,76.8,
20/10/2025,BURSA,220644,220630,220643,220638,220642,220629,62896.0,,16891.2,,3028.05,,765.0,
20/10/2025,SANLIURFA,220635,220632,220633,220628,220634,220637,21792.84,,,,,,,
20/10/2025,SANLIURFA,220633,220628,220634,220637,220627,220636,51809.76,,20632.32,,2529.3,,572.2,
21/10/2025,ADANA,220645,220650,220646,220652,220655,220649,1816.55,,630.3,,,,,
21/10/2025,ADANA,220652,220655,220649,220651,220654,220653,12809.45,,2769.48,,448.95,,311.8,
21/10/2025,KOCAELI,220656,220660,220662,220661,220647,220658,204630.95,,189021.0,,,,,
21/10/2025,KOCAELI,220661,220647,220658,220657,220659,220648,974449.7,,8105.16,,1695.52,,586.1,
22/10/2025,ELAZIG,220671,220670,220668,220672,220667,220666,9245.88,,4408.26,,911.62,,223.5,
22/10/2025,ISTANBUL,220664,220674,220678,220665,220677,220676,5186.05,,2784.3,,2299.57,,408.7,
22/10/2025,ISTANBUL,220677,220676,220663,220673,220680,220679,87733.35,,20416.62,,1451.02,,575.6,
23/10/2025,ANKARA,220686,220689,220688,220691,220682,220690,1992.45,,930.84,,141.82,,101.4,
23/10/2025,ANKARA,220682,220690,220695,220685,220681,220687,4019.55,,876.72,,201.9,,73.8,
23/10/2025,IZMIR,220696,220684,220692,220683,220698,220697,29358.7,,15354.18,,,,,
23/10/2025,IZMIR,220683,220698,220697,220694,220693,220699,44985.1,,9637.98,,2702.02,,360.6,
24/10/2025,BURSA,220702,220704,220715,220716,220713,220714,,15589483.0,,,,,,
24/10/2025,BURSA,220715,220716,220713,220714,220712,220708,2182262.25,,67218.3,,10460.47,,2699.3,
24/10/2025,ISTANBUL,220707,220706,220710,220705,220700,220711,28146.15,,7514.76,,,,,
24/10/2025,ISTANBUL,220705,220700,220711,220703,220709,220701,20684.75,,3481.44,,1176.75,,155.8,
25/10/2025,ANKARA,220727,220718,220731,220725,220717,220728,133996.5,,26449.02,,,,,
25/10/2025,ANKARA,220725,220717,220728,220726,220724,220730,382525.1,,9577.26,,1795.42,,234.1,
25/10/2025,DBAKIR,220734,220741,220738,220740,220742,220736,288972.4,,66643.14,,1636.12,,274.5,
25/10/2025,IZMIR,220720,220737,220722,220719,220733,220739,100619.3,,11924.04,,1401.97,,400.6,
25/10/2025,IZMIR,220733,220739,220732,220721,220735,220743,2416.1,,1152.42,,207.9,,50.7,
26/10/2025,ADANA,220745,220760,220761,220762,220744,220758,14333.95,,3233.4,,,,,
26/10/2025,ADANA,220762,220744,220758,220756,220757,220759,1731.85,,330.84,,261.37,,60.8,
26/10/2025,ISTANBUL,220754,220747,220751,220748,220753,220746,49722.8,,6682.98,,765.45,,84.7,
26/10/2025,ISTANBUL,220753,220746,220752,220749,220750,220755,10296.5,,5152.38,,2052.6,,375.2,
27/10/2025,BURSA,220773,220765,220771,220776,220770,220778,6311.1,,1932.06,,,,,
27/10/2025,BURSA,220776,220770,220778,220779,220766,220768,5423.65,,795.24,,516.97,,148.3,
27/10/2025,SANLIURFA,220775,220767,220774,220763,220769,220777,220272.76,,,,,,,
27/10/2025,SANLIURFA,220774,220763,220769,220777,220764,220772,28058.16,,1674.6,,844.87,,212.0,
28/10/2025,ADANA,220785,220788,220794,220789,220784,220790,1676678.95,,99359.58,,18634.57,,1952.7,
28/10/2025,ADANA,220784,220790,220787,220786,220792,220783,1646832.45,,99480.48,,5025.67,,1714.2,
28/10/2025,KOCAELI,220781,220797,220798,220791,220780,220795,22939.6,,18268.32,,1722.37,,719.6,
28/10/2025,KOCAELI,220780,220795,220799,220796,220782,220793,342743.15,,51614.76,,5266.57,,2095.7,
29/10/2025,ELAZIG,220803,220814,220816,220815,220817,220813,77328.08,,,,,,,
29/10/2025,ELAZIG,220816,220815,220817,220813,220802,220812,137434.56,,27685.26,,1425.67,,351.8,
29/10/2025,ISTANBUL,220805,220809,220808,220806,220810,220801,49941.3,,905.04,,274.72,,68.8,
29/10/2025,ISTANBUL,220810,220801,220804,220807,220800,220811,1933.65,,1029.0,,343.87,,28.5,
30/10/2025,ANKARA,220829,220826,220828,220824,220818,220827,3223.2,,1179.84,,,,,
30/10/2025,ANKARA,220824,220818,220827,220823,220825,220819,5256.65,,1209.42,,586.05,,98.9,
30/10/2025,IZMIR,220836,220835,220820,220833,220838,220821,3196.4,,2200.86,,1642.87,,263.4,
30/10/2025,IZMIR,220838,220821,220834,220837,220830,220822,13355.2,,4180.08,,422.92,,182.3,
31/10/2025,BURSA,220840,220855,220852,220854,220839,220853,99336.9,,16538.52,,,,,
31/10/2025,BURSA,220854,220839,220853,220851,220857,220856,22908.5,,1604.04,,687.22,,177.0,
31/10/2025,ISTANBUL,220841,220848,220842,220850,220843,220847,30168.1,,5183.28,,1746.9,,1142.2,
31/10/2025,ISTANBUL,220843,220847,220849,220844,220846,220845,17416.55,,4174.86,,694.72,,70.5,
01/11/2025,ANKARA,220860,220862,220865,220863,220869,220867,19662.9,,7250.04,,,,,
01/11/2025,ANKARA,220863,220869,220867,220866,220868,220861,,24860440.8,6250067.28,,668701.5,,37396.9,
01/11/2025,DBAKIR,220873,220880,220879,220878,220871,220875,135791.44,,17866.86,,4655.47,,1156.4,
01/11/2025,IZMIR,220859,220876,220870,220864,220858,220872,2579.8,,481.56,,,,,
01/11/2025,IZMIR,220864,220858,220872,220874,220877,220881,12715.25,,2278.56,,615.07,,306.3,
02/11/2025,ADANA,220901,220886,220899,220900,220896,220885,701.7,,535.74,,213.97,,106.1,
02/11/2025,ADANA,220896,220885,220898,220897,220895,220884,9375.05,,3142.14,,563.55,,106.8,
02/11/2025,ISTANBUL,220888,220882,220889,220892,220891,220883,7980.85,,3188.16,,336.75,,190.7,
02/11/2025,ISTANBUL,220891,220883,220887,220890,220893,220894,14780.95,,3129.42,,703.27,,202.5,
03/11/2025,BURSA,220917,220913,220912,220918,220903,220914,1094.45,,583.08,,,,,
03/11/2025,BURSA,220918,220903,220914,220915,220916,220902,14788.8,,1610.82,,594.82,,164.6,
03/11/2025,SANLIURFA,220905,220910,220906,220909,220919,220907,3000.12,,930.54,,,,,
03/11/2025,SANLIURFA,220909,220919,220907,220908,220904,220911,79604.04,,33243.48,,3995.02,,2234.8,
04/11/2025,ADANA,220927,220938,220937,220942,220926,220940,160470.9,,7854.66,,576.52,,446.0,
04/11/2025,ADANA,220926,220940,220929,220939,220928,220941,26467.75,,2573.64,,912.75,,101.2,
04/11/2025,KOCAELI,220925,220934,220930,220936,220935,220932,15056.8,,1414.62,,,,,
04/11/2025,KOCAELI,220936,220935,220932,220933,220924,220931,5812.35,,2139.6,,425.92,,99.0,
05/11/2025,ELAZIG,220949,220944,220948,220943,220946,220950,34068.32,,,,,,,
05/11/2025,ELAZIG,220948,220943,220946,220950,220945,220947,10341.08,,1757.46,,319.27,,64.1,
05/11/2025,ISTANBUL,220958,220955,220956,220952,220959,220957,145215.45,,,,,,,
05/11/2025,ISTANBUL,220956,220952,220959,220957,220953,220954,721473.35,,108639.6,,13423.65,,1561.3,
06/11/2025,ANKARA,220965,220963,220969,220967,220968,220966,41816.0,,,,,,,
06/11/2025,ANKARA,220969,220967,220968,220966,220962,220964,8436.15,,644.46,,216.22,,89.9,
06/11/2025,IZMIR,220970,220960,220971,220975,220961,220974,1376760.85,,346653.78,,,,,
06/11/2025,IZMIR,220975,220961,220974,220972,220976,220973,21442.6,,4266.54,,201.97,,102.5,
07/11/2025,BURSA,221013,220993,221008,221011,221010,220992,2309.2,,932.82,,373.8,,98.0,
07/11/2025,BURSA,221010,220992,221009,221007,220991,221012,12302.9,,1975.08,,630.52,,73.7,
07/11/2025,ISTANBUL,221003,220997,221005,221000,221006,220998,1873.75,,520.5,,188.1,,88.8,
07/11/2025,ISTANBUL,221006,220998,221002,221004,220999,221001,37484.6,,12871.38,,2454.45,,432.4,
08/11/2025,ANKARA,221014,221020,221024,221026,221023,221019,18569.3,,1278.36,,,,,
08/11/2025,ANKARA,221026,221023,221019,221025,221022,221015,15197.75,,2281.32,,508.12,,102.1,
08/11/2025,DBAKIR,221032,221028,221036,221027,221029,221031,3199338.52,,154494.78,,12995.4,,1611.2,
08/11/2025,IZMIR,221037,221018,221030,221035,221039,221016,734243.9,,117027.72,,8925.52,,286.3,
08/11/2025,IZMIR,221039,221016,221034,221021,221038,221017,82472.85,,14788.08,,2282.92,,663.6,
09/11/2025,ADANA,221089,221075,221085,221090,221074,221088,10084.05,,3362.82,,,,,
09/11/2025,ADANA,221090,221074,221088,221087,221091,221086,105547.5,,27810.72,,5258.32,,493.1,
09/11/2025,ISTANBUL,221084,221078,221083,221076,221082,221079,14752.7,,4940.76,,,,,
09/11/2025,ISTANBUL,221076,221082,221079,221080,221077,221081,11159.55,,4773.36,,449.17,,150.0,
10/11/2025,BURSA,221098,221094,221100,221101,221103,221092,5565.4,,1329.18,,1233.6,,102.5,
10/11/2025,BURSA,221103,221092,221102,221099,221093,221104,71491.1,,3761.1,,2699.1,,698.6,
10/11/2025,SANLIURFA,221110,221095,221109,221105,221108,221096,160783.8,,42315.66,,,,,
10/11/2025,SANLIURFA,221105,221108,221096,221107,221097,221106,4604.68,,2735.22,,501.75,,153.4,
11/11/2025,ADANA,221114,221125,221126,221124,221113,221129,163446.75,,30763.44,,15533.4,,3747.8,
11/11/2025,ADANA,221113,221129,221123,221127,221128,221115,164924.4,,3271.38,,768.07,,214.4,
11/11/2025,KOCAELI,221112,221116,221119,221111,221117,221120,11255.45,,1656.6,,,,,
11/11/2025,KOCAELI,221111,221117,221120,221122,221118,221121,4072.8,,1287.78,,339.6,,88.2,
12/11/2025,ELAZIG,221135,221139,221141,221140,221142,221134,603330.28,,115296.12,,12888.6,,4651.2,
12/11/2025,ISTANBUL,221143,221133,221146,221144,221145,221138,2130.7,,1044.3,,623.77,,165.9,
12/11/2025,ISTANBUL,221145,221138,221136,221147,221132,221148,8964.95,,452.22,,225.52,,103.1,
13/11/2025,ANKARA,221173,221172,221177,221176,221163,221175,3058.1,,186.6,,,,,
13/11/2025,ANKARA,221176,221163,221175,221174,221164,221178,4189.45,,2325.54,,2200.42,,543.8,
13/11/2025,IZMIR,221165,221183,221166,221185,221187,221180,85010.45,,7388.22,,,,,
13/11/2025,IZMIR,221185,221187,221180,221181,221186,221182,101725.3,,4049.22,,691.8,,91.8,
14/11/2025,BURSA,221206,221189,221198,221204,221205,221202,11926.25,,6286.2,,,,,
14/11/2025,BURSA,221204,221205,221202,221200,221188,221207,22196.2,,736.74,,261.52,,131.8,
14/11/2025,ISTANBUL,221191,221194,221201,221190,221193,221196,10609.1,,2451.0,,546.22,,462.8,
14/11/2025,ISTANBUL,221196,221197,221199,221203,221192,221195,404407.1,,115699.86,,20495.47,,5414.3,
15/11/2025,ANKARA,221209,221214,221221,221217,221218,221213,1032289.6,,92255.82,,,,,
15/11/2025,ANKARA,221217,221218,221213,221215,221219,221208,18264.15,,4567.86,,1094.92,,301.6,
15/11/2025,DBAKIR,221223,221225,221227,221229,221231,221228,59578.88,,4393.32,,186.45,,99.0,
15/11/2025,IZMIR,221211,221216,221232,221212,221230,221233,116598.0,,114768.6,,9755.32,,2416.4,
15/11/2025,IZMIR,221230,221233,221222,221226,221210,221220,1094232.0,,195419.76,,4412.02,,2872.7,
16/11/2025,ADANA,221251,221236,221247,221252,221246,221238,7279729.8,,653820.9,,81093.67,,15900.3,
16/11/2025,ADANA,221246,221238,221248,221250,221249,221237,12086879.1,,,7258361.76,36921.52,,6085.0,
16/11/2025,ISTANBUL,221244,221245,221235,221240,221242,221239,37003.75,,10409.16,,,,,
16/11/2025,ISTANBUL,221240,221242,221239,221234,221241,221243,13058.3,,6294.66,,498.52,,132.6,
17/11/2025,BURSA,221259,221256,221257,221260,221258,221261,3123.6,,1275.24,,329.17,,141.3,
17/11/2025,SANLIURFA,221262,221253,221265,221266,221254,221267,3137437.6,,386118.9,,,,,
17/11/2025,SANLIURFA,221266,221254,221267,221264,221255,221263,5084810.56,,19411.62,,4149.97,,2014.5,
18/11/2025,ADANA,221278,221270,221279,221280,221271,221281,9314.5,,874.98,,382.27,,89.9,
18/11/2025,ANTALYA,221275,221272,221268,221274,221276,221269,2761.75,,,,,,,
18/11/2025,ANTALYA,221268,221274,221276,221269,221273,221277,6978.5,,714.18,,178.57,,162.8,
19/11/2025,ELAZIG,221284,221290,221293,221289,221291,221288,2796.12,,,,,,,
19/11/2025,ELAZIG,221293,221289,221291,221288,221283,221292,11088.72,,2088.42,,750.15,,131.8,
19/11/2025,ISTANBUL,221287,221297,221295,221298,221286,221299,173277.45,,118965.84,,,,,
19/11/2025,ISTANBUL,221298,221286,221299,221294,221285,221296,209333.65,,49720.14,,1682.85,,130.9,
20/11/2025,ANTALYA,221303,221311,221307,221309,221304,221308,12106.9,,1406.64,,,,,
20/11/2025,ANTALYA,221309,221304,221308,221305,221306,221302,14213.45,,10356.36,,1532.02,,639.4,
20/11/2025,IZMIR,221312,221313,221310,221301,221315,221314,61696.5,,7166.1,,495.82,,127.4,
21/11/2025,BURSA,221330,221338,221329,221342,221340,221328,370140.05,,,,,,,
21/11/2025,BURSA,221329,221342,221340,221328,221341,221339,105444.0,,18456.3,,882.3,,93.5,
21/11/2025,IZMIR,221335,221337,221332,221334,221331,221336,5897.4,,578.04,,181.05,,31.1,
22/11/2025,ADANA,221346,221361,221355,221356,221359,221345,65702.15,,10282.8,,1399.12,,397.1,
22/11/2025,ADANA,221359,221345,221360,221357,221347,221358,165458.6,,29389.5,,3195.52,,264.1,
22/11/2025,ISTANBUL,221349,221352,221348,221344,221354,221353,1243.6,,425.1,,,,,
22/11/2025,ISTANBUL,221344,221354,221353,221350,221343,221351,252754.25,,35177.22,,7394.77,,1753.7,
23/11/2025,ADANA,221370,221363,221374,221373,221371,221362,67711.5,,13650.42,,4988.55,,317.9,
23/11/2025,IZMIR,221372,221376,221367,221364,221377,221366,13054.15,,3678.66,,,,,
23/11/2025,IZMIR,221364,221377,221366,221369,221365,221375,2213.7,,166.44,,77.55,,18.5,
24/11/2025,BURSA,221393,221403,221386,221402,221398,221387,108381.15,,,,,,,
24/11/2025,BURSA,221386,221402,221398,221387,221400,221401,71957.25,,21868.68,,1936.12,,187.6,
24/11/2025,SANLIURFA,221390,221397,221389,221391,221396,221392,31683.12,,8422.62,,,,,
24/11/2025,SANLIURFA,221391,221396,221392,221399,221395,221388,,14900991.08,1201986.18,,66146.25,,11512.1,
25/11/2025,ADANA,221419,221406,221416,221418,221408,221417,152488.5,,15309.96,,699.15,,231.9,
25/11/2025,ADANA,221408,221417,221415,221414,221420,221407,166271.7,,9514.8,,2382.0,,936.2,
25/11/2025,ANTALYA,221411,221412,221404,221409,221405,221413,2186.35,,428.76,,220.27,,87.5,
26/11/2025,ELAZIG,221421,221431,221426,221422,221427,221428,40245.32,,,,,,,
26/11/2025,ELAZIG,221426,221422,221427,221428,221429,221430,11503.52,,4351.68,,975.75,,200.2,
26/11/2025,ISTANBUL,221424,221437,221423,221434,221436,221432,5072.1,,2154.18,,,,,
26/11/2025,ISTANBUL,221434,221436,221432,221435,221425,221438,14698.1,,1026.3,,570.82,,184.8,
27/11/2025,ANTALYA,221457,221446,221460,221445,221453,221455,2098.2,,,,,,,
27/11/2025,ANTALYA,221460,221445,221453,221455,221447,221458,7217.45,,1226.34,,1001.77,,180.4,
27/11/2025,IZMIR,221451,221442,221456,221452,221454,221459,64639.5,,36130.5,,7143.82,,1888.1,
28/11/2025,ANTALYA,221502,221508,221512,221500,221506,221513,316486.35,,,,,,,
28/11/2025,ANTALYA,221512,221500,221506,221513,221501,221511,11195.25,,4159.2,,524.17,,228.9,
28/11/2025,IZMIR,221509,221503,221504,221505,221507,221510,904.95,,387.18,,174.07,,50.7,
29/11/2025,ADANA,221515,221518,221521,221523,221522,221520,7139.65,,5639.94,,,,,
29/11/2025,ADANA,221523,221522,221520,221524,221514,221519,32742.85,,8287.8,,2443.05,,182.0,
29/11/2025,ISTANBUL,221516,221526,221527,221525,221517,221529,623.6,,454.02,,83.47,,13.5,
30/11/2025,ADANA,221547,221544,221538,221548,221545,221543,23376.35,,,,,,,
30/11/2025,ADANA,221538,221548,221545,221543,221549,221537,524293.5,,190851.3,,16368.37,,3617.2,
30/11/2025,IZMIR,221546,221539,221550,221554,221553,221541,6812.8,,1238.94,,570.67,,398.5,
30/11/2025,IZMIR,221553,221541,221555,221556,221542,221540,27477.15,,11780.58,,1890.82,,230.4,
01/12/2025,BURSA,221563,221558,221566,221572,221557,221570,10223.85,,1776.78,,229.2,,45.9,
01/12/2025,SANLIURFA,221565,221559,221568,221567,221561,221564,11384.8,,2747.16,,,,,
01/12/2025,SANLIURFA,221567,221561,221564,221571,221569,221560,6775.6,,3665.28,,830.92,,284.0,
02/12/2025,ADANA,221573,221589,221588,221574,221587,221590,18507.9,,,,,,,
02/12/2025,ADANA,221588,221574,221587,221590,221575,221591,26434.2,,2766.36,,953.4,,212.0,
02/12/2025,ANTALYA,221578,221584,221581,221576,221580,221583,46651.55,,3896.28,,,,,
02/12/2025,ANTALYA,221576,221580,221583,221582,221577,221579,57328.35,,19183.92,,3325.42,,913.6,
03/12/2025,ISTANBUL,221602,221593,221605,221606,221607,221604,25110.85,,6029.34,,1338.9,,604.6,
03/12/2025,SANLIURFA,221596,221598,221595,221599,221601,221600,3528.68,,981.0,,,,,
03/12/2025,SANLIURFA,221599,221601,221600,221597,221594,221603,25067.0,,7646.34,,1448.92,,891.1,
04/12/2025,ANTALYA,221624,221608,221620,221610,221625,221622,1460.65,,767.58,,,,,
04/12/2025,ANTALYA,221610,221625,221622,221621,221609,221623,140528.7,,98770.62,,10929.97,,2773.5,
04/12/2025,IZMIR,221619,221617,221615,221616,221613,221611,785.95,,,,,,,
04/12/2025,IZMIR,221615,221616,221613,221611,221618,221614,1027.9,,333.54,,82.65,,25.5,
05/12/2025,BURSA,221643,221630,221639,221646,221628,221645,3655.65,,1067.52,,,,,
05/12/2025,BURSA,221646,221628,221645,221638,221629,221641,1874.65,,463.68,,194.55,,68.3,
05/12/2025,IZMIR,221640,221626,221642,221647,221644,221627,4590.45,,837.06,,134.47,,92.7,
06/12/2025,ADANA,221671,221670,221657,221669,221658,221666,39310.35,,766.8,,,,,
06/12/2025,ADANA,221669,221658,221666,221668,221665,221672,3247.55,,1624.02,,446.4,,120.8,
06/12/2025,ISTANBUL,221660,221663,221664,221661,221655,221662,130839.0,,50849.34,,,,,
06/12/2025,ISTANBUL,221661,221655,221662,221659,221656,221667,87269.25,,30199.56,,2785.12,,358.8,
07/12/2025,ADANA,221679,221675,221681,221677,221682,221674,3747.1,,1258.62,,220.5,,26.9,
07/12/2025,ADANA,221682,221674,221680,221676,221678,221673,3383.35,,945.72,,494.77,,142.6,
07/12/2025,IZMIR,221689,221683,221685,221688,221690,221686,52217.35,,,,,,,
07/12/2025,IZMIR,221685,221688,221690,221686,221684,221687,13442.4,,3724.5,,1506.37,,286.8,
08/12/2025,BURSA,221703,221692,221706,221701,221705,221691,1291.8,,530.22,,295.12,,190.9,
08/12/2025,SANLIURFA,221694,221696,221697,221693,221700,221704,384319.84,,68130.78,,,,,
08/12/2025,SANLIURFA,221693,221700,221704,221702,221695,221698,182570.32,,33486.42,,20951.55,,1034.6,
09/12/2025,ADANA,221713,221715,221716,221719,221717,221718,71559.4,,1570.44,,252.0,,56.2,
09/12/2025,ANTALYA,221709,221707,221711,221708,221710,221720,50178.05,,947.46,,334.42,,59.5,
10/12/2025,ISTANBUL,221736,221731,221728,221723,221734,221737,86734.0,,35770.14,,,,,
10/12/2025,ISTANBUL,221723,221734,221737,221733,221724,221735,499321.75,,97317.72,,9214.8,,2019.5,
10/12/2025,SANLIURFA,221726,221730,221729,221722,221732,221727,68224.08,,,,,,,
10/12/2025,SANLIURFA,221729,221722,221732,221727,221725,221721,351286.72,,35234.04,,997.8,,311.5,
11/12/2025,ANTALYA,221740,221746,221741,221751,221744,221743,3152.75,,,,,,,
11/12/2025,ANTALYA,221741,221751,221744,221743,221742,221749,22737.15,,14483.94,,2336.7,,416.9,
11/12/2025,IZMIR,221738,221748,221752,221750,221747,221739,901.2,,250.8,,48.52,,22.5,
12/12/2025,ANTALYA,221765,221764,221762,221763,221760,221772,468130.95,,76985.4,,7617.15,,1805.0,
12/12/2025,IZMIR,221768,221771,221766,221769,221767,221770,7524.65,,2371.8,,267.52,,88.6,
13/12/2025,ADANA,221796,221798,221797,221794,221787,221799,3588.9,,762.78,,,,,
13/12/2025,ADANA,221794,221787,221799,221800,221795,221786,4320.35,,873.66,,403.5,,72.0,
13/12/2025,ISTANBUL,221791,221788,221790,221789,221792,221793,4503.25,,2590.44,,804.0,,639.7,
14/12/2025,ADANA,221811,221809,221815,221812,221802,221810,37996.3,,4215.42,,,,,
14/12/2025,ADANA,221812,221802,221810,221808,221813,221801,55607.4,,1687.8,,1006.5,,547.1,
14/12/2025,IZMIR,221816,221817,221807,221804,221820,221818,21991.5,,6990.42,,,,,
14/12/2025,IZMIR,221804,221820,221818,221819,221803,221814,213523.6,,33622.86,,2998.65,,900.5,
15/12/2025,BURSA,221833,221824,221831,221835,221823,221834,2024.55,,1513.68,,498.6,,109.1,
15/12/2025,SANLIURFA,221830,221829,221825,221822,221826,221828,55643.56,,,,,,,
15/12/2025,SANLIURFA,221825,221822,221826,221828,221821,221827,909576.6,,114345.06,,2019.67,,482.7,
16/12/2025,ADANA,221840,221843,221838,221844,221841,221842,33304.65,,,,,,,
16/12/2025,ADANA,221838,221844,221841,221842,221839,221845,78841.1,,4464.0,,423.3,,122.8,
16/12/2025,ANTALYA,221849,221837,221848,221850,221847,221846,9095.25,,,,,,,
16/12/2025,ANTALYA,221848,221850,221847,221846,221836,221851,624626.45,,58882.92,,16420.12,,9537.8,
17/12/2025,ISTANBUL,221857,221860,221856,221862,221858,221865,23428.5,,5659.2,,3833.4,,974.4,
17/12/2025,SANLIURFA,221866,221854,221867,221852,221863,221859,318353.68,,71304.9,,,,,
17/12/2025,SANLIURFA,221852,221863,221859,221864,221853,221861,1152991.32,,71249.04,,1387.87,,306.4,
18/12/2025,ANTALYA,221880,221869,221877,221878,221879,221881,147003.7,,,,,,,
18/12/2025,ANTALYA,221877,221878,221879,221881,221868,221883,8503.4,,835.5,,198.75,,39.0,
18/12/2025,IZMIR,221871,221884,221872,221888,221889,221885,42422.95,,,,,,,
18/12/2025,IZMIR,221872,221888,221889,221885,221870,221887,71652.45,,576.48,,200.92,,70.7,
19/12/2025,BURSA,221919,221923,221911,221922,221921,221910,65091.5,,11583.06,,1583.4,,365.3,
19/12/2025,IZMIR,221914,221917,221912,221918,221915,221913,765.35,,154.92,,54.67,,27.2,
20/12/2025,ADANA,221937,221924,221935,221931,221936,221939,11899.4,,2558.28,,,,,
20/12/2025,ADANA,221931,221936,221939,221932,221930,221925,3004.5,,381.06,,160.27,,75.5,
20/12/2025,ISTANBUL,221927,221941,221940,221926,221933,221929,17019.05,,,,,,,
20/12/2025,ISTANBUL,221940,221926,221933,221929,221938,221928,41408.65,,9057.24,,850.12,,54.1,
21/12/2025,ADANA,221957,221942,221954,221947,221953,221948,20663.95,,5935.74,,,,,
21/12/2025,ADANA,221947,221953,221948,221955,221943,221946,37976.45,,7937.34,,365.85,,206.8,
21/12/2025,IZMIR,221956,221945,221952,221959,221958,221951,34205.6,,2844.72,,,,,
21/12/2025,IZMIR,221959,221958,221951,221949,221944,221950,4200.85,,825.84,,79.2,,75.5,
22/12/2025,BURSA,221974,221986,221988,221975,221987,221989,100722.5,,,,,,,
22/12/2025,BURSA,221988,221975,221987,221989,221985,221990,834262.5,,277591.26,,17551.12,,1273.7,
22/12/2025,SANLIURFA,221980,221983,221984,221978,221979,221977,102639.2,,56956.62,,,,,
22/12/2025,SANLIURFA,221978,221979,221977,221982,221976,221981,51698.0,,38733.18,,3177.67,,1028.6,
23/12/2025,ADANA,222003,221992,222000,222006,222004,221991,33121.3,,1929.54,,257.1,,36.4,
23/12/2025,ANTALYA,222005,221997,222007,221998,222002,222001,50571.25,,,,,,,
23/12/2025,ANTALYA,222007,221998,222002,222001,221996,222008,338591.85,,110740.08,,35419.2,,2346.9,
24/12/2025,ISTANBUL,222009,222013,222017,222010,222016,222015,4639.2,,,,,,,
24/12/2025,ISTANBUL,222017,222010,222016,222015,222014,222018,75194.55,,15569.82,,3939.07,,1954.1,
24/12/2025,SANLIURFA,222021,222012,222020,222023,222019,222022,983.0,,,,,,,
24/12/2025,SANLIURFA,222020,222023,222019,222022,222011,222024,5033.32,,1802.76,,941.4,,433.4,
25/12/2025,ANTALYA,222037,222025,222033,222030,222031,222035,6026.45,,2021.52,,869.17,,363.6,
25/12/2025,IZMIR,222038,222027,222032,222029,222028,222034,139273.85,,5905.86,,1352.7,,118.5,
26/12/2025,ANTALYA,222039,222046,222044,222040,222048,222045,364375.3,,397529.34,,14066.55,,1838.8,
26/12/2025,IZMIR,222049,222047,222050,222042,222051,222041,2138.55,,938.52,,463.05,,257.6,
27/12/2025,ADANA,222065,222067,222053,222064,222066,222069,1599.85,,1133.1,,,,,
27/12/2025,ADANA,222064,222066,222069,222063,222052,222068,6148.65,,3475.98,,234.52,,98.9,
27/12/2025,ISTANBUL,222055,222058,222057,222056,222060,222061,7808.4,,895.2,,,,,
27/12/2025,ISTANBUL,222056,222060,222061,222059,222062,222054,4045.55,,2982.72,,414.6,,169.0,
28/12/2025,ADANA,222072,222077,222071,222079,222078,222075,4789.45,,,,,,,
28/12/2025,ADANA,222071,222079,222078,222075,222076,222070,6868.45,,2263.2,,650.85,,97.1,
28/12/2025,IZMIR,222073,222080,222084,222083,222086,222081,2550.75,,1906.56,,,,,
28/12/2025,IZMIR,222083,222086,222081,222085,222074,222082,489932.6,,69832.26,,8490.0,,1920.1,
29/12/2025,BURSA,222102,222094,222097,222088,222100,222099,7064.15,,,,,,,
29/12/2025,BURSA,222097,222088,222100,222099,222101,222087,55127.5,,12386.52,,8579.25,,1494.7,
29/12/2025,SANLIURFA,222090,222096,222092,222098,222089,222095,110070.6,,,,,,,
29/12/2025,SANLIURFA,222092,222098,222089,222095,222093,222091,414321.8,,34490.64,,10899.52,,1380.8,
30/12/2025,ADANA,222115,222116,222118,222120,222106,222114,586.35,,257.22,,,,,
30/12/2025,ADANA,222120,222106,222114,222119,222107,222117,6062.6,,1626.9,,1699.2,,599.7,
30/12/2025,ANTALYA,222104,222111,222112,222109,222103,222110,178121.95,,38609.76,,,,,
30/12/2025,ANTALYA,222109,222103,222110,222108,222105,222121,292038.0,,45487.92,,6945.0,,440.7,
31/12/2025,ISTANBUL,222135,222122,222137,222136,222134,222132,13123.3,,,,,,,
31/12/2025,ISTANBUL,222137,222136,222134,222132,222133,222123,30381.9,,10849.08,,2096.25,,54.7,
01/01/2026,ANTALYA,222147,222142,222139,222143,222148,222145,29956.75,,,,,,,
01/01/2026,ANTALYA,222139,222143,222148,222145,222138,222150,43876.8,,5506.98,,849.52,,58.5,
01/01/2026,IZMIR,222140,222146,222149,222152,222144,222151,3257.25,,583.56,,80.25,,54.2,
02/01/2026,ANTALYA,222185,222182,222178,222187,222179,222188,7851.45,,1458.0,,607.57,,247.7,
02/01/2026,IZMIR,222183,222186,222190,222181,222180,222189,1494447.45,,57283.26,,845.85,,61.4,
03/01/2026,ADANA,222195,222196,222199,222194,222198,222197,1768.25,,,,,,,
03/01/2026,ADANA,222199,222194,222198,222197,222200,222193,1736.9,,879.48,,113.62,,60.0,
03/01/2026,ISTANBUL,222192,222202,222191,222204,222205,222203,31462.5,,,,,,,
03/01/2026,ISTANBUL,222191,222204,222205,222203,222201,222206,2395075.75,,904761.36,,73583.25,,7068.5,
03/01/2026,SANLIURFA,222125,222129,222127,222124,222131,222128,356456.16,,,,,,,
03/01/2026,SANLIURFA,222127,222124,222131,222128,222130,222126,116906.44,,24332.46,,3019.42,,457.2,
04/01/2026,ADANA,222213,222211,222208,222216,222214,222215,146.25,,,,,,,
04/01/2026,ADANA,222208,222216,222214,222215,222207,222212,1323.05,,742.44,,294.9,,175.1,
04/01/2026,IZMIR,222218,222219,222209,222222,222217,222221,25496.45,,,,,,,
04/01/2026,IZMIR,222209,222222,222217,222221,222220,222210,7096.9,,1612.56,,138.37,,56.1,
05/01/2026,BURSA,222243,222237,222249,222251,222238,222245,413.0,,225.6,,66.67,,19.2,
05/01/2026,SANLIURFA,222239,222247,222250,222241,222244,222248,78105.95,,,,,,,
05/01/2026,SANLIURFA,222250,222241,222244,222248,222246,222240,46709.65,,8349.6,,1353.27,,312.0,
06/01/2026,ADANA,222267,222282,222279,222280,222269,222281,3666.37,,614.7,,,,,
06/01/2026,ADANA,222280,222269,222281,222278,222277,222268,669.93,,59.55,,34.65,,10.9,
06/01/2026,ANTALYA,222274,222270,222275,222273,222272,222276,2271.25,,791.32,,493.5,,220.8,
07/01/2026,ISTANBUL,222292,222293,222296,222286,222295,222294,15056.06,,,,,,,
07/01/2026,ISTANBUL,222296,222286,222295,222294,222285,222297,15180.31,,3220.12,,872.55,,319.8,
07/01/2026,SANLIURFA,222284,222289,222290,222287,222291,222283,3758.55,,1458.9,,525.0,,353.2,
08/01/2026,ANTALYA,222300,222308,222298,222310,222311,222317,165355.68,,46628.77,,,,,
08/01/2026,ANTALYA,222310,222311,222317,222315,222299,222313,10689.18,,2122.05,,102.28,,18.7,
08/01/2026,IZMIR,222304,222306,222303,222302,222301,222305,23212.25,,2022.22,,375.28,,116.7,
09/01/2026,BURSA,222345,222339,222347,222342,222338,222351,106817.06,,51667.95,,3194.27,,469.8,
09/01/2026,IZMIR,222349,222350,222346,222344,222348,222340,5547.37,,769.05,,53.37,,41.9,
10/01/2026,ADANA,222353,222361,222359,222358,222352,222356,3938.93,,,,,,,
10/01/2026,ADANA,222359,222358,222352,222356,222357,222360,6179.5,,2435.02,,461.12,,38.0,
10/01/2026,ISTANBUL,222354,222362,222367,222365,222363,222366,12191.12,,,,,,,
10/01/2026,ISTANBUL,222367,222365,222363,222366,222355,222364,185099.68,,33017.32,,5566.92,,1602.2,
11/01/2026,IZMIR,222392,222395,222396,222397,222391,222393,17590.43,,,,,,,
11/01/2026,IZMIR,222396,222397,222391,222393,222394,222398,223044.68,,45923.77,,2308.95,,725.6,
12/01/2026,BURSA,222453,222442,222452,222449,222454,222441,114971.43,,5121.15,,408.97,,98.9,
12/01/2026,SANLIURFA,222451,222447,222445,222446,222444,222450,254114.6,,48049.27,,1260.7,,610.5,
13/01/2026,ADANA,222480,222481,222482,222483,222471,222484,88742.81,,14416.5,,487.28,,137.9,
13/01/2026,ANTALYA,222478,222476,222475,222474,222473,222479,224375.31,,12475.27,,791.08,,537.6,
14/01/2026,ISTANBUL,222495,222499,222501,222498,222496,222500,1239316.37,,175643.02,,6139.35,,2180.7,
14/01/2026,SANLIURFA,222505,222493,222502,222494,222506,222503,119945.3,,,,,,,
14/01/2026,SANLIURFA,222502,222494,222506,222503,222492,222504,124924.75,,12181.65,,1459.32,,735.5,
15/01/2026,ANTALYA,222516,222507,222521,222523,222509,222517,344029.37,,159486.82,,,,,
15/01/2026,ANTALYA,222523,222509,222517,222520,222524,222508,710870.56,,9239.55,,382.81,,65.4,
15/01/2026,IZMIR,222512,222515,222518,222510,222511,222513,3324.68,,955.95,,147.0,,80.5,
16/01/2026,ANTALYA,222529,222542,222547,222539,222530,222550,5526.62,,,,,,,
16/01/2026,ANTALYA,222547,222539,222530,222550,222540,222548,2036324.18,,366012.67,,40259.71,,3557.0,
16/01/2026,IZMIR,222536,222541,222544,222543,222537,222538,1117.68,,284.55,,94.67,,35.4,
17/01/2026,ADANA,222604,222602,222592,222607,222603,222605,43820.75,,,,,,,
17/01/2026,ADANA,222592,222607,222603,222605,222593,222606,1101801.31,,51931.05,,22121.92,,606.5,
17/01/2026,ISTANBUL,222594,222598,222599,222596,222597,222600,12188.25,,,,,,,
17/01/2026,ISTANBUL,222599,222596,222597,222600,222601,222595,11201.25,,837.67,,251.38,,74.6,
18/01/2026,ADANA,222608,222619,222609,222621,222620,222622,4096.18,,,,,,,
18/01/2026,ADANA,222609,222621,222620,222622,222623,222618,55852.75,,5807.77,,1834.43,,785.9,
18/01/2026,IZMIR,222611,222613,222610,222615,222616,222614,517.56,,,,,,,
18/01/2026,IZMIR,222610,222615,222616,222614,222612,222617,631.75,,373.05,,57.05,,48.5,
19/01/2026,BURSA,222637,222636,222638,222626,222635,222634,125336.0,,,,,,,
19/01/2026,BURSA,222638,222626,222635,222634,222633,222627,596577.5,,62436.52,,2954.78,,356.5,
19/01/2026,SANLIURFA,222631,222624,222628,222629,222625,222632,307794.45,,57641.1,,8176.26,,928.3,
20/01/2026,ADANA,222652,222646,222648,222651,222653,222649,190217.81,,,,,,,
20/01/2026,ADANA,222648,222651,222653,222649,222650,222647,7431.12,,2359.12,,157.06,,47.4,
20/01/2026,ANTALYA,222643,222645,222644,222641,222642,222640,1699.31,,1323.82,,406.78,,127.8,
21/01/2026,ISTANBUL,222657,222662,222670,222666,222656,222669,30953.06,,,,,,,
21/01/2026,ISTANBUL,222670,222666,222656,222669,222664,222667,123446.37,,6441.3,,602.08,,264.2,
21/01/2026,SANLIURFA,222668,222659,222671,222661,222665,222663,46689.4,,,,,,,
21/01/2026,SANLIURFA,222671,222661,222665,222663,222658,222660,72889.2,,6239.92,,297.58,,110.4,
22/01/2026,ANTALYA,222673,222679,222678,222677,222672,222682,1432844.81,,1015651.2,,15551.98,,5174.3,
22/01/2026,IZMIR,222684,222674,222683,222685,222675,222681,91222.5,,18157.87,,4878.3,,1171.1,
23/01/2026,BURSA,222694,222710,222708,222705,222695,222711,2335.0,,991.8,,411.86,,116.5,
23/01/2026,IZMIR,222706,222703,222698,222699,222704,222709,5816.37,,1157.47,,101.76,,32.7,
24/01/2026,ADANA,222738,222754,222751,222748,222737,222746,20104.0,,6499.57,,,,,
24/01/2026,ADANA,222748,222737,222746,222752,222739,222747,15918.68,,7998.6,,316.22,,154.1,
24/01/2026,ISTANBUL,222740,222743,222745,222753,222750,222742,75646.87,,,,,,,
24/01/2026,ISTANBUL,222745,222753,222750,222742,222741,222744,511589.37,,425354.85,,14681.27,,7384.2,
25/01/2026,ADANA,222756,222762,222761,222764,222755,222763,2186227.5,,152473.12,,6800.15,,1879.3,
25/01/2026,IZMIR,222758,222766,222759,222768,222770,222757,2425.12,,2489.85,,,,,
25/01/2026,IZMIR,222768,222770,222757,222767,222765,222769,11624.12,,2990.32,,134.22,,57.4,
26/01/2026,BURSA,222772,222780,222784,222776,222771,222777,13111.31,,1244.85,,84.26,,23.9,
26/01/2026,SANLIURFA,222774,222783,222778,222781,222782,222773,1658928.65,,126078.37,,26455.36,,1332.3,
27/01/2026,ADANA,222786,222799,222800,222797,222798,222801,1448.18,,,,,,,
27/01/2026,ADANA,222800,222797,222798,222801,222785,222796,5106.18,,1199.25,,1012.72,,229.4,
27/01/2026,ANTALYA,222787,222794,222792,222788,222791,222790,3559.81,,,,,,,
27/01/2026,ANTALYA,222792,222788,222791,222790,222789,222793,2408.43,,442.65,,246.83,,64.4,
28/01/2026,ISTANBUL,222814,222811,222806,222804,222809,222807,809846.0,,,,,,,
28/01/2026,ISTANBUL,222806,222804,222809,222807,222805,222808,9542676.12,,1759468.8,,102457.86,,518.5,
28/01/2026,SANLIURFA,222802,222812,222803,222813,222816,222815,462286.3,,82290.52,,18066.3,,7621.4,
29/01/2026,ANTALYA,222818,222821,222817,222832,222823,222822,2956.62,,,,,,,
29/01/2026,ANTALYA,222817,222832,222823,222822,222825,222831,5050.37,,699.6,,384.82,,124.0,
29/01/2026,IZMIR,222824,222819,222827,222830,222828,222829,141.18,,,,,,,
29/01/2026,IZMIR,222827,222830,222828,222829,222820,222826,1087.56,,403.87,,243.42,,152.8,
30/01/2026,ANTALYA,222843,222833,222842,222840,222839,222844,3212.75,,437.92,,82.86,,26.3,
30/01/2026,IZMIR,222836,222838,222846,222845,222835,222837,69647.87,,,,,,,
30/01/2026,IZMIR,222846,222845,222835,222837,222841,222847,93341.81,,18085.12,,605.93,,177.3,
31/01/2026,ADANA,222855,222851,222854,222858,222856,222853,2640.5,,779.32,,,,,
31/01/2026,ADANA,222858,222856,222853,222852,222857,222850,300.87,,147.07,,66.5,,34.3,
31/01/2026,ISTANBUL,222861,222848,222864,222865,222866,222863,234879.56,,10542.07,,,,,
31/01/2026,ISTANBUL,222865,222866,222863,222860,222849,222862,87587.0,,17836.65,,1687.17,,735.8,
01/02/2026,ADANA,222874,222867,222878,222877,222868,222875,1080.25,,,,,,,
01/02/2026,ADANA,222878,222877,222868,222875,222879,222881,2891.31,,1002.0,,244.21,,178.0,
01/02/2026,IZMIR,222869,222872,222883,222870,222882,222873,571.75,,,,,,,
01/02/2026,IZMIR,222883,222870,222882,222873,222871,222880,21746.56,,7398.15,,957.95,,111.0,
02/02/2026,BURSA,222895,222894,222884,222899,222897,222898,42144.87,,,,,,,
02/02/2026,BURSA,222884,222899,222897,222898,222885,222896,24659.25,,4406.85,,831.33,,34.9,
02/02/2026,SANLIURFA,222887,222889,222891,222886,222892,222893,59635.9,,,,,,,
02/02/2026,SANLIURFA,222891,222886,222892,222893,222888,222890,908652.9,,92622.6,,4020.62,,1088.4,
03/02/2026,ADANA,222901,222912,222910,222900,222914,222909,13823.0,,,,,,,
03/02/2026,ADANA,222910,222900,222914,222909,222911,222913,11314.43,,1047.75,,351.92,,157.0,
03/02/2026,ANTALYA,222903,222904,222908,222906,222902,222907,33461.25,,,,,,,
03/02/2026,ANTALYA,222908,222906,222902,222907,222905,222916,172903.43,,38468.1,,3051.73,,1892.1,
04/02/2026,ISTANBUL,222927,222917,222929,222918,222923,222921,2704.37,,,,,,,
04/02/2026,ISTANBUL,222929,222918,222923,222921,222922,222925,58784.62,,12597.07,,1874.68,,1088.1,
04/02/2026,SANLIURFA,222930,222931,222924,222926,222919,222928,201520.95,,105057.15,,15265.42,,1320.6,
05/02/2026,ANTALYA,222934,222945,222937,222932,222938,222941,2549.56,,,,,,,
05/02/2026,ANTALYA,222937,222932,222938,222941,222933,222942,1839.12,,819.52,,288.92,,196.0,
05/02/2026,IZMIR,222940,222943,222946,222936,222935,222944,30043.18,,3986.25,,722.92,,169.1,
06/02/2026,BURSA,222983,222977,222985,222980,222979,222987,3279.18,,768.15,,81.28,,32.3,
06/02/2026,IZMIR,222984,222975,222986,222982,222976,222978,128864.43,,45844.2,,8907.15,,1564.3,
07/02/2026,ADANA,222998,223001,223002,222991,222999,223000,685.12,,,,,,,
07/02/2026,ADANA,223002,222991,222999,223000,222990,223003,6292.25,,3816.67,,98.43,,96.9,
07/02/2026,ISTANBUL,222994,222995,222997,222988,222996,222993,247544.62,,,,,,,
07/02/2026,ISTANBUL,222997,222988,222996,222993,222989,222992,173556.25,,43798.05,,4302.2,,1153.8,
08/02/2026,ADANA,223005,223011,223014,223013,223016,223015,247.56,,,,,,,
08/02/2026,ADANA,223014,223013,223016,223015,223004,223018,599.93,,73.05,,55.21,,35.5,
08/02/2026,IZMIR,223010,223008,223019,223007,223009,223017,354.37,,,,,,,
08/02/2026,IZMIR,223019,223007,223009,223017,223012,223006,987.68,,451.87,,122.32,,51.0,
09/02/2026,BURSA,223032,223023,223026,223028,223022,223030,1028.62,,758.85,,,,,
09/02/2026,BURSA,223028,223022,223030,223025,223024,223031,92607.37,,28462.12,,4476.5,,1058.8,
09/02/2026,SANLIURFA,223029,223021,223027,223033,223034,223035,41320.7,,,,,,,
09/02/2026,SANLIURFA,223027,223033,223034,223035,223020,223036,2646077.3,,234262.8,,12645.58,,3123.5,
10/02/2026,ADANA,223038,223048,223037,223047,223046,223050,332515.43,,,,,,,
10/02/2026,ADANA,223037,223047,223046,223050,223049,223045,7018.18,,706.5,,242.9,,34.9,
10/02/2026,ANTALYA,223039,223044,223042,223041,223040,223043,3784.18,,478.72,,141.75,,41.3,
11/02/2026,ISTANBUL,223062,223064,223060,223063,223058,223061,1918.18,,700.65,,323.75,,129.9,
11/02/2026,SANLIURFA,223051,223057,223056,223054,223052,223055,173847.6,,19416.45,,11262.82,,2104.2,
12/02/2026,ANTALYA,223069,223095,223088,223070,223096,223086,14792.06,,1358.4,,,,,
12/02/2026,ANTALYA,223070,223096,223086,223089,223068,223093,35946.75,,16314.97,,1748.07,,713.6,
12/02/2026,IZMIR,223090,223084,223094,223087,223085,223092,26863.93,,3972.0,,1190.61,,306.3,
13/02/2026,ANTALYA,223129,223123,223135,223125,223133,223138,38532.93,,,,,,,
13/02/2026,ANTALYA,223135,223125,223133,223138,223124,223131,128222.31,,4731.37,,2300.02,,254.2,
13/02/2026,IZMIR,223137,223134,223130,223128,223136,223132,1122.75,,206.85,,157.93,,59.9,
14/02/2026,ADANA,223150,223157,223151,223164,223161,223163,37005.93,,18054.75,,,,,
14/02/2026,ADANA,223164,223161,223163,223162,223154,223149,15096.75,,6681.9,,1366.05,,56.8,
14/02/2026,ISTANBUL,223146,223153,223147,223152,223160,223155,2837.56,,,,,,,
14/02/2026,ISTANBUL,223147,223152,223160,223155,223148,223158,4344.31,,740.25,,299.07,,62.3,
15/02/2026,ADANA,223177,223166,223178,223165,223179,223174,32182.56,,,,,,,
15/02/2026,ADANA,223178,223165,223179,223174,223180,223176,3668.87,,1234.87,,334.6,,148.0,
15/02/2026,IZMIR,223171,223168,223173,223167,223169,223181,27369.56,,,,,,,
15/02/2026,IZMIR,223173,223167,223169,223181,223175,223172,63782.93,,15006.67,,5401.9,,700.8,
16/02/2026,BURSA,223193,223183,223194,223189,223182,223195,86435.0,,15870.3,,1592.67,,431.3,
16/02/2026,SANLIURFA,223185,223192,223190,223186,223187,223184,373922.7,,10970.62,,1759.62,,230.5,
17/02/2026,ADANA,223205,223208,223203,223209,223204,223206,1520.43,,,,,,,
17/02/2026,ADANA,223203,223209,223204,223206,223207,223210,1254.06,,248.7,,80.76,,29.2,
17/02/2026,ANTALYA,223200,223201,223202,223198,223196,223199,14734.18,,3596.7,,595.52,,117.8,
18/02/2026,ISTANBUL,223212,223221,223226,223223,223225,223219,2534.81,,,,,,,
18/02/2026,ISTANBUL,223226,223223,223225,223219,223213,223227,5299.93,,750.9,,351.83,,137.1,
18/02/2026,SANLIURFA,223215,223224,223220,223222,223218,223216,8670.85,,,,,,,
18/02/2026,SANLIURFA,223220,223222,223218,223216,223214,223217,19285.7,,4733.47,,444.06,,67.4,
19/02/2026,ANTALYA,223241,223236,223238,223239,223234,223233,1290.87,,333.82,,47.51,,6.3,
19/02/2026,IZMIR,223229,223232,223237,223228,223242,223231,6746.12,,1605.67,,,,,
19/02/2026,IZMIR,223228,223242,223231,223240,223230,223235,1447.12,,412.57,,105.08,,74.1,
20/02/2026,BURSA,223268,223271,223260,223267,223259,223269,4735713.25,,713555.92,,69094.2,,357.6,
20/02/2026,IZMIR,223262,223272,223270,223263,223274,223265,15005.25,,,,,,,
20/02/2026,IZMIR,223270,223263,223274,223265,223264,223273,45280.87,,2331.37,,775.42,,266.3,
21/02/2026,ADANA,223284,223279,223283,223280,223281,223282,16537.06,,2969.17,,532.17,,53.6,
21/02/2026,ISTANBUL,223288,223275,223285,223289,223277,223290,16587.12,,5065.57,,,,,
21/02/2026,ISTANBUL,223289,223277,223290,223286,223287,223276,75871.37,,12474.0,,1799.26,,122.7,
22/02/2026,ADANA,223300,223310,223309,223313,223312,223311,18021.68,,,,,,,
22/02/2026,ADANA,223309,223313,223312,223311,223301,223314,5125.0,,2801.62,,143.41,,24.7,
22/02/2026,IZMIR,223305,223302,223303,223306,223304,223307,1530.87,,,,,,,
22/02/2026,IZMIR,223303,223306,223304,223307,223299,223308,4115.25,,867.07,,267.05,,147.7,
23/02/2026,BURSA,223320,223325,223324,223316,223321,223323,2775.25,,,,,,,
23/02/2026,BURSA,223324,223316,223321,223323,223315,223322,9181.06,,2269.2,,1044.75,,404.6,
23/02/2026,SANLIURFA,223318,223326,223317,223327,223329,223330,1709230.8,,,,,,,
23/02/2026,SANLIURFA,223317,223327,223329,223330,223319,223328,187308.9,,8540.4,,2888.28,,730.4,
24/02/2026,ADANA,223342,223343,223347,223332,223344,223345,236218.06,,,,,,,
24/02/2026,ADANA,223347,223332,223344,223345,223346,223331,160001.43,,16536.22,,1556.97,,211.2,
24/02/2026,ANTALYA,223337,223334,223338,223339,223335,223340,19677.68,,13111.95,,,,,
24/02/2026,ANTALYA,223339,223335,223340,223336,223341,223333,275125.62,,73167.0,,3259.28,,1477.9,
25/02/2026,ISTANBUL,223351,223353,223355,223357,223352,223356,1673.31,,,,,,,
25/02/2026,ISTANBUL,223355,223357,223352,223356,223354,223359,8252.81,,4442.7,,458.06,,167.2,
25/02/2026,SANLIURFA,223362,223349,223360,223361,223363,223364,20223.9,,,,,,,
25/02/2026,SANLIURFA,223360,223361,223363,223364,223350,223358,16774.3,,4495.2,,603.4,,166.5,
26/02/2026,ANTALYA,223375,223365,223371,223377,223370,223369,31933.68,,,,,,,
26/02/2026,ANTALYA,223371,223377,223370,223369,223366,223373,137092.25,,10685.02,,1302.43,,463.9,
26/02/2026,IZMIR,223368,223378,223376,223372,223380,223374,408.5,,,,,,,
26/02/2026,IZMIR,223376,223372,223380,223374,223367,223379,357.0,,178.35,,56.7,,13.1,
27/02/2026,ANTALYA,223397,223390,223396,223398,223401,223400,1745.68,,,,,,,
27/02/2026,ANTALYA,223396,223398,223401,223400,223389,223402,6032.25,,1664.02,,972.3,,509.8,
27/02/2026,IZMIR,223393,223394,223399,223392,223391,223395,6116.81,,1678.2,,297.15,,29.7,
28/02/2026,ADANA,223418,223403,223414,223417,223415,223416,89575.68,,,,,,,
28/02/2026,ADANA,223414,223417,223415,223416,223419,223404,6234.12,,3026.92,,845.86,,271.7,
28/02/2026,ISTANBUL,223407,223409,223412,223411,223406,223408,1479.75,,530.85,,,,,
28/02/2026,ISTANBUL,223411,223406,223408,223410,223413,223405,11045.75,,3430.87,,736.66,,182.2,
01/03/2026,ADANA,223430,223422,223424,223423,223427,223425,8315.62,,,,,,,
01/03/2026,ADANA,223424,223423,223427,223425,223426,223428,3475.0,,1791.6,,540.05,,104.5,
01/03/2026,IZMIR,223431,223429,223421,223433,223432,223434,4459.0,,,,,,,
01/03/2026,IZMIR,223421,223433,223432,223434,223420,223435,15219.87,,1520.02,,241.93,,78.6,
02/03/2026,BURSA,223441,223444,223440,223442,223437,223443,8006.93,,4583.4,,1182.91,,217.9,
02/03/2026,SANLIURFA,223439,223450,223445,223438,223449,223446,4461743.25,,,,,,,
02/03/2026,SANLIURFA,223445,223438,223449,223446,223448,223447,421437.75,,37222.12,,933.62,,244.8,
03/03/2026,ADANA,223454,223464,223462,223460,223463,223465,4344.18,,,,,,,
03/03/2026,ADANA,223462,223460,223463,223465,223453,223461,1895.37,,880.65,,295.05,,17.4,
03/03/2026,ANTALYA,223451,223459,223458,223457,223452,223456,143740.62,,19443.9,,7456.57,,1623.0,
04/03/2026,ISTANBUL,223466,223470,223467,223475,223472,223474,3250.0,,,,,,,
04/03/2026,ISTANBUL,223467,223475,223472,223474,223471,223473,366569.75,,50747.4,,8013.77,,1465.1,
04/03/2026,SANLIURFA,223476,223468,223481,223480,223469,223479,21993.2,,,,,,,
04/03/2026,SANLIURFA,223481,223480,223469,223479,223477,223478,217823.6,,43606.2,,11331.68,,988.2,
05/03/2026,ANTALYA,223499,223484,223502,223485,223503,223500,2105.25,,,,,,,
05/03/2026,ANTALYA,223502,223485,223503,223500,223497,223507,19542.68,,6849.9,,1833.73,,511.0,
05/03/2026,IZMIR,223498,223482,223501,223506,223508,223494,794.56,,216.07,,,,36.5,
05/03/2026,IZMIR,223506,223508,223494,223495,223483,223496,5826.43,,1089.6,,537.6,,190.7,
06/03/2026,BURSA,223527,223528,223524,223522,223525,223529,522510.25,,66861.9,,8433.86,,502.1,
06/03/2026,IZMIR,223526,223520,223517,223521,223518,223519,29789.5,,3201.15,,950.16,,97.2,
07/03/2026,ADANA,223545,223533,223541,223543,223542,223540,336527.56,,,,,,,
07/03/2026,ADANA,223541,223543,223542,223540,223532,223544,399378.81,,29854.95,,2573.28,,814.0,
07/03/2026,ISTANBUL,223539,223537,223530,223538,223534,223536,6147602.62,,,,,,,
07/03/2026,ISTANBUL,223530,223538,223534,223536,223531,223535,881260.25,,371591.1,,15053.32,,5106.7,
08/03/2026,ADANA,223558,223546,223562,223548,223560,223559,3055268.75,,207315.67,,,,,
08/03/2026,ADANA,223548,223560,223559,223556,223555,223547,357495.81,,44924.92,,6606.33,,937.7,
08/03/2026,IZMIR,223550,223549,223551,223552,223557,223553,90941.93,,,,,,,
08/03/2026,IZMIR,223551,223552,223557,223553,223561,223554,893.0,,243.37,,88.55,,11.0,
09/03/2026,BURSA,223566,223568,223565,223570,223578,223569,306701.81,,,,,,,
09/03/2026,BURSA,223565,223570,223578,223569,223567,223571,295105.18,,36056.17,,2406.25,,417.0,
09/03/2026,SANLIURFA,223564,223573,223575,223572,223576,223577,495063.1,,,,,,,
09/03/2026,SANLIURFA,223575,223572,223576,223577,223563,223574,748518.25,,244887.22,,16049.42,,328.9,
10/03/2026,ADANA,223589,223591,223593,223582,223590,223592,15795.87,,,,,,,
10/03/2026,ADANA,223593,223582,223590,223592,223588,223581,170938.68,,20015.7,,1005.11,,593.6,
10/03/2026,ANTALYA,223587,223583,223585,223584,223579,223586,2651.06,,639.37,,309.31,,121.2,
11/03/2026,ISTANBUL,223595,223611,223609,223612,223594,223613,10168.12,,1867.72,,515.9,,322.9,
11/03/2026,ISTANBUL,223594,223613,223610,223608,223596,223614,168616.81,,26111.77,,2563.66,,604.0,
11/03/2026,SANLIURFA,223602,223603,223601,223607,223605,223604,20535.25,,,,,,,
11/03/2026,SANLIURFA,223601,223607,223605,223604,223600,223606,6280.2,,851.17,,432.77,,204.5,
12/03/2026,ANTALYA,223636,223615,223625,223627,223628,223616,2009.81,,427.72,,191.97,,80.0,
12/03/2026,IZMIR,223633,223629,223634,223635,223631,223632,27152.0,,2382.0,,348.77,,291.3,
13/03/2026,ANTALYA,223638,223643,223644,223654,223647,223653,33059.75,,,,,,,
13/03/2026,ANTALYA,223644,223654,223647,223653,223637,223652,24055.06,,8115.07,,266.08,,73.1,
13/03/2026,IZMIR,223650,223649,223645,223646,223639,223642,7755.56,,831.82,,264.86,,37.4,
14/03/2026,ADANA,223669,223679,223677,223667,223678,223676,8939.25,,2128.2,,,,,
14/03/2026,ADANA,223667,223678,223676,223675,223668,223680,2503.37,,717.15,,163.88,,99.3,
14/03/2026,ISTANBUL,223674,223670,223671,223673,223666,223672,42047.37,,3386.25,,2280.25,,64.0,
15/03/2026,IZMIR,223686,223681,223685,223688,223682,223684,778.0,,517.27,,,,,
15/03/2026,IZMIR,223688,223682,223684,223687,223683,223689,9820.0,,1576.87,,695.53,,244.2,
16/03/2026,ADANA,223738,223739,223742,223741,223740,223737,19387.81,,5592.07,,2160.98,,635.8,
16/03/2026,BURSA,223702,223705,223707,223701,223704,223703,1049.18,,,,,,,
16/03/2026,BURSA,223707,223701,223704,223703,223700,223706,1513.06,,754.95,,121.53,,36.9,
16/03/2026,SANLIURFA,223699,223710,223708,223712,223711,223713,3792394.35,,,,,,,
16/03/2026,SANLIURFA,223708,223712,223711,223713,223698,223709,712796.55,,11544.22,,980.0,,371.0,
17/03/2026,ADANA,223724,223723,223727,223726,223714,223725,7846.68,,,,,,,
17/03/2026,ADANA,223727,223726,223714,223725,223715,223728,3807.75,,1409.4,,323.05,,128.4,
17/03/2026,ANTALYA,223716,223722,223719,223718,223721,223717,4925.93,,1019.77,,142.8,,72.7,
18/03/2026,ISTANBUL,223746,223743,223744,223745,223750,223752,123888.06,,5165.92,,2855.21,,179.8,
18/03/2026,SANLIURFA,223748,223756,223749,223751,223754,223755,161693.8,,23356.65,,3190.33,,1471.7,
19/03/2026,ANTALYA,223760,223765,223759,223768,223764,223769,28255.56,,,,,,,
19/03/2026,ANTALYA,223759,223768,223764,223769,223771,223767,2674.12,,393.67,,281.83,,44.8,
19/03/2026,IZMIR,223766,223763,223762,223761,223758,223770,2713.75,,999.15,,234.67,,135.5,
20/03/2026,IZMIR,223774,223776,223775,223777,223778,223772,106096.37,,9807.07,,2028.86,,909.6,
20/03/2026,IZMIR,223778,223772,223779,223780,223773,223781,220411.25,,19885.65,,715.05,,62.7,
21/03/2026,ISTANBUL,223806,223807,223809,223805,223799,223808,101962.87,,,,,,,
21/03/2026,ISTANBUL,223809,223805,223799,223808,223802,223803,52080.12,,8651.47,,2344.82,,1407.9,
22/03/2026,ADANA,223794,223820,223795,223819,223821,223817,34710.87,,,,,,,
22/03/2026,ADANA,223795,223819,223821,223817,223818,223816,52885.06,,8184.22,,1611.57,,79.8,
22/03/2026,IZMIR,223796,223800,223789,223798,223804,223801,5824.56,,,,,,,
22/03/2026,IZMIR,223789,223798,223804,223801,223797,223790,17402.68,,3238.12,,728.96,,106.1,
23/03/2026,ADANA,223839,223840,223841,223842,223843,223844,11991.81,,4718.1,,,,,
23/03/2026,ADANA,223842,223843,223844,223845,223846,223847,40488.62,,6593.92,,3217.81,,143.4,
23/03/2026,BURSA,223824,223830,223829,223832,223823,223831,7807.93,,3939.37,,139.56,,65.4,
23/03/2026,SANLIURFA,223827,223836,223825,223833,223838,223835,22618.3,,3634.35,,,,,
23/03/2026,SANLIURFA,223833,223838,223835,223834,223826,223837,27800.7,,7563.52,,1214.23,,147.5,
24/03/2026,ADANA,223859,223857,223860,223861,223856,223862,1305.37,,,,,,,
24/03/2026,ADANA,223860,223861,223856,223862,223858,223863,404.56,,142.87,,61.51,,57.2,
24/03/2026,ANTALYA,223849,223852,223848,223850,223854,223853,42138.06,,,,,,,
24/03/2026,ANTALYA,223848,223850,223854,223853,223851,223855,37812.62,,6548.77,,1309.7,,552.2,
25/03/2026,ISTANBUL,223872,223874,223876,223879,223871,223875,28881.12,,,,,,,
25/03/2026,ISTANBUL,223876,223879,223871,223875,223873,223878,51038.93,,12708.45,,575.13,,101.5,
25/03/2026,SANLIURFA,223866,223864,223868,223870,223869,223867,7348.6,,,,,,,
25/03/2026,SANLIURFA,223868,223870,223869,223867,223865,223877,30487.75,,8834.85,,1525.91,,126.5,
26/03/2026,ANTALYA,223881,223886,223880,223890,223888,223889,2599.56,,,,,,,
26/03/2026,ANTALYA,223880,223890,223888,223889,223885,223892,5504.87,,2472.9,,557.37,,72.3,
26/03/2026,IZMIR,223887,223894,223884,223891,223883,223893,4184.56,,771.07,,366.53,,161.1,
27/03/2026,ANTALYA,223915,223912,223914,223916,223913,223917,8405.0,,2233.12,,681.18,,290.2,
27/03/2026,IZMIR,223922,223920,223925,223924,223921,223919,20749.68,,,,,,,
27/03/2026,IZMIR,223925,223924,223921,223919,223918,223923,7319.56,,2897.47,,1033.11,,228.8,
28/03/2026,ADANA,223955,223947,223954,223958,223946,223956,89372.5,,24510.97,,,,,
28/03/2026,ADANA,223958,223946,223956,223957,223951,223945,15498.68,,3214.12,,1350.47,,24.7,
28/03/2026,ISTANBUL,223952,223944,223942,223948,223953,223949,7802.12,,,,,,,
28/03/2026,ISTANBUL,223942,223948,223953,223949,223943,223950,94880.5,,31717.95,,840.96,,252.8,
29/03/2026,ADANA,223972,223960,223968,223970,223971,223959,1098.12,,,,,,,
29/03/2026,ADANA,223968,223970,223971,223959,223969,223973,14790.25,,7095.15,,1484.26,,420.3,
29/03/2026,IZMIR,223966,223965,223962,223963,223975,223964,526.37,,,,,,,
29/03/2026,IZMIR,223962,223963,223975,223964,223961,223967,3866.37,,1507.57,,462.96,,108.2,
30/03/2026,BURSA,223976,223986,223988,223989,223987,223985,5997.0,,,,,,,
30/03/2026,BURSA,223988,223989,223987,223985,223977,223990,5246.0,,1208.7,,829.85,,286.2,
30/03/2026,SANLIURFA,223981,223980,223984,223982,223979,223983,5766.55,,,,,,,
30/03/2026,SANLIURFA,223984,223982,223979,223983,223978,223991,6735.95,,1396.65,,313.86,,141.5,
31/03/2026,ADANA,223998,224000,223997,223999,223995,223994,1466.31,,365.4,,129.58,,9.7,
31/03/2026,ANTALYA,223992,224002,224003,224004,224005,224001,1787.18,,,,,,,
31/03/2026,ANTALYA,224003,224004,224005,224001,223993,224006,2093.81,,596.85,,179.81,,46.1,
01/04/2026,ELAZIG,224011,224014,224012,224019,224017,224020,25421.55,,,,,,,
01/04/2026,ELAZIG,224012,224019,224017,224020,224013,224016,2703.0,,2523.45,,1271.2,,112.7,
01/04/2026,ISTANBUL,224023,224009,224015,224007,224022,224010,38074.93,,,,,,,
01/04/2026,ISTANBUL,224015,224007,224022,224010,224008,224021,27265.5,,1042.65,,193.81,,71.5,
02/04/2026,ANTALYA,224024,224032,224025,224030,224029,224026,4803.5,,2976.75,,291.63,,100.0,
02/04/2026,IZMIR,224038,224035,224039,224041,224034,224037,45304.37,,,,,,,
02/04/2026,IZMIR,224039,224041,224034,224037,224040,224036,3601.87,,1440.75,,402.5,,98.7,
03/04/2026,BURSA,224051,224059,224057,224058,224052,224060,2805.18,,688.35,,663.86,,413.1,
04/04/2026,ADANA,224086,224076,224089,224078,224087,224085,20850.81,,4423.87,,,,,
04/04/2026,ADANA,224078,224087,224085,224088,224077,224090,184263.81,,36194.85,,10356.06,,1184.2,
04/04/2026,ISTANBUL,224075,224080,224079,224083,224084,224082,7544.18,,,,,,,
04/04/2026,ISTANBUL,224079,224083,224084,224082,224074,224081,29723.18,,13288.5,,3930.85,,418.0,
05/04/2026,ADANA,224092,224108,224105,224104,224107,224106,2629.31,,547.12,,,,,
05/04/2026,ADANA,224104,224107,224106,224110,224091,224109,36716.81,,17345.1,,1997.01,,257.9,
05/04/2026,IZMIR,224094,224097,224100,224101,224098,224095,2584.5,,,,,,,
05/04/2026,IZMIR,224100,224101,224098,224095,224093,224103,26496.81,,3579.37,,923.73,,63.0,
06/04/2026,BURSA,224129,224134,224126,224131,224136,224127,160865.81,,,,,,,
06/04/2026,BURSA,224126,224131,224136,224127,224128,224132,203751.18,,36034.5,,7094.32,,1576.6,
06/04/2026,IZMIR,224117,224118,224119,224120,224121,224122,349040.18,,645146.7,,,,,
06/04/2026,IZMIR,224120,224121,224122,224123,224124,224125,2412595.25,,50317.27,,631.22,,189.2,
06/04/2026,SANLIURFA,224137,224139,224135,224130,224140,224133,,7624497.65,,,,,,
06/04/2026,SANLIURFA,224135,224130,224140,224133,224138,224141,90630.85,,11598.0,,2263.71,,138.7,
07/04/2026,ADANA,224146,224155,224152,224157,224145,224158,1058.18,,657.07,,,,,
07/04/2026,ADANA,224157,224145,224158,224156,224147,224159,4152.68,,974.4,,74.11,,36.0,
07/04/2026,ANTALYA,224143,224150,224151,224153,224144,224148,6505.87,,2621.55,,,,,
07/04/2026,ANTALYA,224153,224144,224148,224149,224154,224142,12708.0,,2479.2,,449.92,,90.6,
08/04/2026,ELAZIG,224170,224171,224174,224177,224176,224175,6226.55,,,,,,,
08/04/2026,ELAZIG,224174,224177,224176,224175,224172,224168,17167.15,,6439.87,,3595.81,,230.6,
08/04/2026,ISTANBUL,224163,224160,224167,224166,224161,224162,8194.87,,958.2,,,,,
08/04/2026,ISTANBUL,224166,224161,224162,224165,224164,224169,3220.06,,1014.82,,554.13,,323.8,
09/04/2026,ANTALYA,224195,224202,224205,224203,224196,224207,11884.75,,2534.55,,678.65,,30.3,
09/04/2026,IZMIR,224208,224201,224198,224204,224199,224209,14974.68,,851.32,,133.96,,86.1,
10/04/2026,ANTALYA,224228,224232,224229,224242,224234,224233,905.87,,,,,,,
10/04/2026,ANTALYA,224229,224242,224234,224233,224243,224239,30188.81,,8618.55,,1153.68,,232.2,
10/04/2026,IZMIR,224235,224236,224231,224238,224241,224237,707.87,,,,,,,
10/04/2026,IZMIR,224231,224238,224241,224237,224240,224230,1106.37,,380.62,,119.0,,52.0,
11/04/2026,ADANA,224260,224246,224256,224258,224257,224248,3004.37,,1285.35,,,,,
11/04/2026,ADANA,224258,224257,224248,224255,224259,224247,16866.43,,5911.27,,451.67,,136.0,
11/04/2026,ISTANBUL,224244,224249,224254,224252,224250,224251,11514.0,,,,,,,
11/04/2026,ISTANBUL,224254,224252,224250,224251,224245,224253,21613.68,,5206.27,,630.52,,194.9,
12/04/2026,ADANA,224261,224262,224273,224274,224276,224275,37725.68,,,,,,,
12/04/2026,ADANA,224273,224274,224276,224275,224271,224272,3201.12,,1441.42,,542.67,,56.9,
12/04/2026,IZMIR,224264,224265,224266,224270,224263,224267,9670.0,,,,,,,
12/04/2026,IZMIR,224266,224270,224263,224267,224268,224269,15125.43,,3354.3,,1108.01,,244.2,
13/04/2026,BURSA,224278,224288,224289,224277,224290,224292,273091.5,,17377.05,,,,,
13/04/2026,BURSA,224277,224290,224292,224287,224291,224293,2347571.06,,44479.72,,5162.67,,1432.1,
13/04/2026,SANLIURFA,224280,224285,224279,224282,224283,224286,17375.6,,,,,,,
13/04/2026,SANLIURFA,224279,224282,224283,224286,224281,224284,157262.9,,6785.92,,6089.03,,1743.7,
14/04/2026,ELAZIG,224295,224303,224302,224300,224299,224301,980.8,,,,,,,
14/04/2026,ELAZIG,224302,224300,224299,224301,224294,224305,1442.55,,582.52,,102.72,,49.3,
14/04/2026,KOCAELI,224296,224308,224304,224297,224311,224310,15050.62,,3265.5,,1918.17,,642.3,
14/04/2026,KOCAELI,224311,224310,224306,224312,224298,224309,3706828.25,,111002.1,,10474.97,,1436.7,
15/04/2026,ELAZIG,224322,224319,224318,224314,224320,224321,545453.8,,,,,,,
15/04/2026,ELAZIG,224318,224314,224320,224321,224323,224313,1566944.5,,41910.22,,5299.35,,428.7,
15/04/2026,ISTANBUL,224328,224315,224326,224316,224327,224325,138242.5,,61672.12,,,,,
15/04/2026,ISTANBUL,224316,224327,224325,224324,224317,224329,11419.12,,4933.27,,953.48,,23.5,
16/04/2026,ANKARA,224364,224361,224357,224367,224366,224362,1509.25,,,,,,,
16/04/2026,ANKARA,224357,224367,224366,224362,224369,224356,4496.81,,2026.65,,511.43,,97.7,
16/04/2026,IZMIR,224354,224358,224355,224363,224365,224360,60635.5,,,,,,,
16/04/2026,IZMIR,224355,224363,224365,224360,224359,224368,100074.12,,47412.22,,8411.46,,1632.4,
17/04/2026,BURSA,224373,224388,224385,224374,224381,224387,10920717.5,,360385.27,,5330.41,,2164.6,
17/04/2026,BURSA,224381,224387,224383,224378,224372,224386,613787.43,,35969.47,,1582.35,,763.1,
17/04/2026,ISTANBUL,224377,224384,224370,224375,224380,224379,24948.25,,,,,,,
17/04/2026,ISTANBUL,224370,224375,224380,224379,224371,224382,2551.06,,1422.15,,273.35,,20.4,
18/04/2026,ANKARA,224407,224416,224406,224405,224424,224411,261086.37,,,,,,,
18/04/2026,ANKARA,224405,224424,224411,224413,224412,224419,59804.25,,11143.42,,229.68,,183.0,
18/04/2026,DBAKIR,224421,224428,224431,224423,224418,224430,1262.45,,747.75,,420.08,,98.1,
18/04/2026,IZMIR,224410,224408,224420,224432,224409,224429,49371.0,,,,,,,
18/04/2026,IZMIR,224420,224432,224409,224429,224425,224415,48607.43,,4344.22,,459.2,,61.7,
19/04/2026,ADANA,224455,224470,224457,224471,224472,224469,38970.37,,7036.27,,,,,
19/04/2026,ADANA,224471,224472,224469,224456,224467,224468,4126.43,,564.75,,70.78,,15.9,
19/04/2026,ISTANBUL,224459,224466,224462,224458,224461,224463,163831.0,,19941.37,,,,,
19/04/2026,ISTANBUL,224458,224461,224463,224464,224460,224465,20355.75,,5459.17,,1610.17,,128.5,
20/04/2026,BURSA,224500,224504,224502,224513,224499,224506,61136.75,,1711.35,,,,,
20/04/2026,BURSA,224513,224499,224506,224511,224512,224509,16895.06,,2503.8,,366.1,,54.6,
20/04/2026,SANLIURFA,224498,224503,224507,224508,224501,224505,2061.55,,,,,,,
20/04/2026,SANLIURFA,224507,224508,224501,224505,224497,224510,2078.65,,854.85,,431.81,,225.1,
21/04/2026,ELAZIG,224520,224518,224515,224517,224519,224516,28641.35,,,,,,,
21/04/2026,ELAZIG,224515,224517,224519,224516,224521,224514,4809.1,,2373.07,,1431.5,,884.0,
21/04/2026,KOCAELI,224524,224528,224526,224527,224522,224523,4514.56,,,,,,,
21/04/2026,KOCAELI,224526,224527,224522,224523,224525,224529,8375.37,,6023.62,,688.53,,157.3,
22/04/2026,ELAZIG,224534,224532,224539,224533,224541,224540,127133.35,,15697.5,,1960.96,,388.5,
22/04/2026,ISTANBUL,224543,224542,224536,224546,224531,224545,5184.75,,2300.47,,,,,
22/04/2026,ISTANBUL,224546,224531,224545,224538,224544,224530,787033.18,,80036.62,,6135.93,,2666.1,
23/04/2026,ANKARA,224568,224571,224569,224549,224563,224565,25476.18,,7068.37,,,,,
23/04/2026,ANKARA,224549,224563,224565,224561,224566,224550,5996.62,,1542.45,,338.53,,163.3,
23/04/2026,IZMIR,224562,224547,224564,224570,224558,224559,1919018.62,,,,,,,
23/04/2026,IZMIR,224564,224570,224558,224559,224548,224567,124889.93,,2864.7,,691.68,,89.8,
24/04/2026,BURSA,224602,224588,224601,224599,224603,224589,104614.06,,8855.25,,1932.43,,134.6,
24/04/2026,BURSA,224603,224589,224605,224600,224604,224587,26706.81,,3735.9,,848.22,,126.6,
24/04/2026,ISTANBUL,224591,224597,224595,224592,224596,224594,86151.68,,12006.37,,,,,
24/04/2026,ISTANBUL,224592,224596,224594,224593,224598,224590,51862.93,,6390.3,,400.66,,115.5,
25/04/2026,ANKARA,224621,224624,224612,224617,224622,224609,24214.37,,13645.5,,1252.56,,257.1,
25/04/2026,DBAKIR,224613,224615,224620,224610,224619,224611,44913.4,,8758.27,,1703.36,,281.3,
25/04/2026,IZMIR,224626,224606,224623,224627,224607,224616,7769.87,,2107.8,,,,,
25/04/2026,IZMIR,224627,224607,224616,224625,224608,224628,1681.93,,315.52,,211.83,,124.0,
26/04/2026,ADANA,224631,224643,224641,224640,224645,224642,39791.5,,8090.85,,,,,
26/04/2026,ADANA,224640,224645,224642,224644,224632,224639,184120.93,,24787.35,,6781.95,,2135.2,
26/04/2026,ISTANBUL,224633,224634,224629,224637,224635,224636,664421.75,,,,,,,
26/04/2026,ISTANBUL,224629,224637,224635,224636,224630,224638,1790259.18,,304884.37,,104004.25,,4810.7,
27/04/2026,BURSA,224653,224652,224651,224657,224646,224654,580.56,,474.0,,,,,
27/04/2026,BURSA,224657,224646,224654,224656,224647,224655,22373.56,,8204.25,,1250.37,,286.8,
27/04/2026,SANLIURFA,224662,224649,224660,224661,224648,224663,38586.1,,8530.87,,,,,
27/04/2026,SANLIURFA,224661,224648,224663,224658,224650,224659,14717.55,,1312.12,,356.91,,105.9,
28/04/2026,ELAZIG,224665,224669,224664,224673,224674,224672,3098.65,,,,,,,
28/04/2026,ELAZIG,224664,224673,224674,224672,224671,224670,11640.1,,1824.07,,443.88,,120.6,
28/04/2026,KOCAELI,224666,224675,224676,224667,224681,224678,30324.81,,8920.72,,1843.88,,800.8,
28/04/2026,KOCAELI,224681,224678,224679,224677,224668,224680,907473.31,,76309.95,,18733.66,,1972.7,
29/04/2026,ELAZIG,224687,224691,224685,224686,224689,224690,10267.1,,,,,,,
29/04/2026,ELAZIG,224685,224686,224689,224690,224688,224684,3274.95,,923.55,,193.2,,48.3,
29/04/2026,ISTANBUL,224693,224683,224696,224694,224699,224697,101540.37,,10532.47,,,,,
29/04/2026,ISTANBUL,224694,224699,224697,224692,224682,224698,3444.68,,801.07,,200.72,,67.4,
30/04/2026,ANKARA,224705,224713,224711,224717,224703,224708,92034.12,,2475.82,,,,,
30/04/2026,ANKARA,224717,224703,224708,224712,224714,224704,32636.43,,17005.5,,332.5,,273.5,
30/04/2026,IZMIR,224701,224707,224702,224710,224718,224706,63041.12,,15288.97,,,,,
30/04/2026,IZMIR,224710,224718,224706,224719,224700,224716,161898.87,,103120.5,,4265.18,,429.3,
01/05/2026,BURSA,224746,224751,224748,224749,224735,224750,1968.12,,806.7,,,,,
01/05/2026,BURSA,224749,224735,224750,224747,224736,224752,30673.25,,17690.1,,2595.42,,1012.3,
01/05/2026,ISTANBUL,224745,224743,224744,224738,224740,224741,17651.18,,2147.77,,,,,
01/05/2026,ISTANBUL,224738,224740,224741,224739,224742,224737,7120.81,,1850.25,,169.75,,77.9,
02/05/2026,ANKARA,224760,224763,224761,224753,224764,224759,201.87,,,,,,,
02/05/2026,ANKARA,224761,224753,224764,224759,224754,224762,527.12,,113.17,,100.01,,40.6,
02/05/2026,DBAKIR,224771,224770,224768,224766,224769,224765,3232.55,,761.25,,101.85,,37.3,
02/05/2026,IZMIR,224755,224774,224757,224767,224775,224758,60551.68,,24147.75,,,,,
02/05/2026,IZMIR,224767,224775,224758,224773,224756,224772,52842.87,,14192.7,,1784.38,,177.2,
03/05/2026,ADANA,224793,224802,224803,224804,224807,224805,739346.18,,,,,,,
03/05/2026,ADANA,224803,224804,224807,224805,224794,224806,1238881.5,,833385.67,,74377.97,,12415.6,
03/05/2026,ISTANBUL,224791,224795,224796,224799,224792,224800,178135.81,,1264.72,,,,,
03/05/2026,ISTANBUL,224799,224792,224800,224797,224801,224798,16617.87,,2853.6,,2263.88,,345.9,
04/05/2026,BURSA,224814,224820,224821,224813,224823,224824,15584.87,,1939.35,,,,,
04/05/2026,BURSA,224813,224823,224824,224822,224812,224825,1860.5,,439.65,,167.73,,90.6,
04/05/2026,SANLIURFA,224809,224816,224810,224818,224819,224815,2818.45,,,,,,,
04/05/2026,SANLIURFA,224810,224818,224819,224815,224811,224817,4809.4,,1931.62,,71.92,,30.0,
05/05/2026,ANKARA,224837,224831,224841,224840,224828,224829,22516.31,,,,,,,
05/05/2026,ANKARA,224841,224840,224828,224829,224830,224842,680410.75,,276551.62,,5366.37,,1739.3,
05/05/2026,KOCAELI,224827,224838,224832,224836,224839,224826,49331.68,,5795.55,,,,,
05/05/2026,KOCAELI,224836,224839,224826,224833,224834,224835,16691.31,,4870.72,,817.6,,128.1,
06/05/2026,ELAZIG,224850,224845,224851,224853,224849,224848,59441.6,,,,,,,
06/05/2026,ELAZIG,224851,224853,224849,224848,224846,224847,3351.05,,983.92,,174.82,,71.1,
06/05/2026,ISTANBUL,224855,224856,224857,224860,224843,224859,106262.75,,12227.4,,,,,
06/05/2026,ISTANBUL,224860,224843,224859,224854,224844,224858,449312.62,,15963.37,,3307.15,,449.1,
07/05/2026,ANKARA,224862,224866,224874,224871,224864,224868,232643.0,,,,,,,
07/05/2026,ANKARA,224874,224871,224864,224868,224861,224870,31716.0,,2869.12,,900.72,,112.4,
07/05/2026,IZMIR,224876,224875,224865,224873,224869,224863,1060.93,,,,,,,
07/05/2026,IZMIR,224865,224873,224869,224863,224867,224872,9975.68,,2827.95,,787.85,,126.0,
08/05/2026,BURSA,224893,224891,224889,224879,224896,224892,5036.68,,3495.3,,,,,
08/05/2026,BURSA,224879,224896,224892,224878,224895,224894,356921.37,,10829.62,,1919.83,,1456.9,
08/05/2026,ISTANBUL,224883,224880,224885,224888,224882,224887,54206.18,,10554.3,,,,,
08/05/2026,ISTANBUL,224888,224882,224887,224884,224881,224886,49717.56,,1978.57,,624.48,,147.5,
09/05/2026,ANKARA,224908,224897,224904,224912,224910,224907,43054.0,,4866.52,,,,,
09/05/2026,ANKARA,224912,224910,224907,224909,224898,224905,157034.31,,12050.92,,1637.38,,155.8,
09/05/2026,DBAKIR,224917,224920,224919,224915,224918,224916,248399.4,,22698.07,,7229.42,,2707.8,
09/05/2026,IZMIR,224911,224899,224902,224913,224906,224901,87368.68,,35325.82,,,,,
09/05/2026,IZMIR,224913,224906,224901,224903,224900,224914,61619.12,,4241.1,,322.78,,276.5,
10/05/2026,ADANA,224923,224934,224925,224933,224924,224935,34689.12,,1994.7,,,,,
10/05/2026,ADANA,224933,224924,224935,224936,224938,224937,110946.5,,32968.65,,3893.83,,749.8,
10/05/2026,ISTANBUL,224932,224930,224931,224927,224921,224928,155794.68,,23694.37,,,,,
10/05/2026,ISTANBUL,224927,224921,224928,224929,224926,224922,149682.87,,9729.9,,1147.21,,283.8,
11/05/2026,BURSA,224943,224941,224951,224942,224957,224954,3975.62,,745.35,,400.22,,172.3,
11/05/2026,BURSA,224957,224954,224956,224950,224952,224953,2459.31,,893.32,,197.66,,155.4,
11/05/2026,SANLIURFA,224939,224944,224946,224947,224945,224948,218175.65,,,,,,,
11/05/2026,SANLIURFA,224946,224947,224945,224948,224940,224949,481540.0,,22602.9,,5277.3,,651.5,
12/05/2026,ANKARA,224962,224961,224974,224964,224972,224966,208291.56,,24828.6,,,,,
12/05/2026,ANKARA,224964,224972,224966,224963,224965,224960,153176.87,,13131.82,,757.92,,389.6,
12/05/2026,KOCAELI,224958,224971,224970,224969,224968,224967,170907.12,,,,,,,
12/05/2026,KOCAELI,224970,224969,224968,224967,224959,224973,82321.43,,10013.1,,381.06,,76.4,
13/05/2026,ELAZIG,224978,224986,224989,224979,224983,224985,1620.8,,,,,,,
13/05/2026,ELAZIG,224989,224979,224983,224985,224984,224977,18760.5,,4903.95,,792.83,,131.5,
13/05/2026,ISTANBUL,224975,224976,224992,224980,224988,224987,14243.43,,,,,,,
13/05/2026,ISTANBUL,224992,224980,224988,224987,224990,224981,24111.93,,2448.0,,1005.98,,184.3,
14/05/2026,ANKARA,225006,224999,225003,224993,225001,225004,27000.62,,,,,,,
14/05/2026,ANKARA,225003,224993,225001,225004,225007,224994,17351.12,,9076.5,,352.71,,70.7,
14/05/2026,IZMIR,225009,224996,225002,225008,225000,224997,27654.18,,2040.07,,,,,
14/05/2026,IZMIR,225008,225000,224997,225005,224995,224998,1419.87,,410.77,,96.6,,17.4,
15/05/2026,BURSA,225027,225013,225028,225024,225023,225014,456901.31,,177154.35,,21653.01,,1164.8,
15/05/2026,BURSA,225023,225014,225025,225022,225026,225015,191454.43,,110375.02,,842.27,,143.0,
15/05/2026,ISTANBUL,225010,225020,225016,225012,225018,225019,12948.06,,4788.67,,,,,
15/05/2026,ISTANBUL,225012,225018,225019,225017,225011,225021,81761.93,,2893.12,,770.7,,422.9,
16/05/2026,ANKARA,225042,225034,225047,225033,225038,225036,19396.87,,7912.95,,,,,
16/05/2026,ANKARA,225033,225038,225036,225044,225041,225032,162835.56,,7876.95,,4408.51,,691.2,
16/05/2026,DBAKIR,225051,225054,225052,225055,225053,225050,2228314.3,,302433.6,,47071.67,,932.6,
16/05/2026,IZMIR,225031,225046,225040,225043,225030,225035,22978.68,,19085.77,,,,,
16/05/2026,IZMIR,225043,225030,225035,225039,225029,225037,7154.12,,1743.37,,263.11,,147.4,
17/05/2026,ADANA,225067,225072,225068,225073,225071,225056,1114.87,,121.2,,,,,
17/05/2026,ADANA,225073,225071,225056,225070,225057,225069,5293.25,,636.0,,321.73,,128.8,
17/05/2026,ISTANBUL,225063,225066,225062,225060,225065,225058,38042.06,,7250.77,,,,,
17/05/2026,ISTANBUL,225060,225065,225058,225064,225061,225059,19105.43,,3292.27,,331.36,,161.0,
18/05/2026,BURSA,225078,225090,225079,225087,225089,225086,12716926.06,,295708.95,,,,,
18/05/2026,BURSA,225087,225089,225086,225085,225077,225088,8365900.12,,60807.15,,7960.22,,901.3,
18/05/2026,SANLIURFA,225075,225083,225074,225081,225084,225082,6335803.1,,,,,,,
18/05/2026,SANLIURFA,225074,225081,225084,225082,225076,225080,,14921281.1,,6086043.98,1063658.4,,13860.7,
19/05/2026,ANKARA,225097,225092,225091,225098,225100,225096,5535.87,,2016.9,,,,,
19/05/2026,ANKARA,225098,225100,225096,225099,225101,225103,25464.68,,3492.67,,471.71,,180.9,
19/05/2026,KOCAELI,225093,225105,225095,225106,225109,225104,5378.43,,1098.15,,,,,
19/05/2026,KOCAELI,225106,225109,225104,225094,225108,225107,3430.06,,1541.92,,327.51,,111.7,
20/05/2026,ELAZIG,225112,225119,225118,225116,225113,225117,21821.2,,7316.62,,2229.67,,575.6,
20/05/2026,ISTANBUL,225124,225121,225125,225111,225120,225122,15838.0,,,,,,,
20/05/2026,ISTANBUL,225125,225111,225120,225122,225123,225110,47382.68,,8502.07,,1398.07,,248.6,
21/05/2026,ANKARA,225129,225138,225136,225140,225133,225130,11566.43,,9183.0,,,,,
21/05/2026,ANKARA,225140,225133,225130,225137,225134,225128,1295627.56,,116235.82,,3581.37,,1233.7,
21/05/2026,IZMIR,225126,225139,225127,225141,225142,225131,1844.37,,385.87,,,,,
21/05/2026,IZMIR,225141,225142,225131,225135,225132,225143,4061.31,,1121.47,,260.13,,140.9,
22/05/2026,BURSA,225155,225154,225152,225159,225145,225157,5388.37,,601.57,,,,,
22/05/2026,BURSA,225159,225145,225157,225158,225144,225160,167976.56,,22796.92,,5024.6,,1412.0,
22/05/2026,ISTANBUL,225151,225149,225156,225146,225150,225148,1273374.62,,,,,,,
22/05/2026,ISTANBUL,225156,225146,225150,225148,225147,225153,782697.18,,231608.77,,16529.45,,491.5,
23/05/2026,ANKARA,225161,225173,225170,225178,225163,225171,944.25,,326.25,,,,,
23/05/2026,ANKARA,225178,225163,225171,225175,225162,225174,5701.18,,1166.25,,855.4,,290.7,
23/05/2026,DBAKIR,225184,225182,225186,225183,225181,225185,2055.7,,554.7,,173.6,,113.7,
23/05/2026,IZMIR,225166,225168,225167,225164,225176,225169,46057.31,,18078.6,,,,,
23/05/2026,IZMIR,225164,225176,225169,225180,225165,225179,44097.12,,1430.47,,302.05,,24.0,
24/05/2026,ADANA,225205,225202,225191,225204,225200,225203,1893.81,,370.65,,,,,
24/05/2026,ADANA,225204,225200,225203,225206,225190,225201,1387.87,,993.3,,399.7,,23.4,
24/05/2026,ISTANBUL,225198,225189,225193,225197,225188,225192,24647.68,,1069.35,,545.82,,189.6,
24/05/2026,ISTANBUL,225188,225192,225196,225194,225187,225199,3741194.18,,387658.57,,55051.85,,3696.0,
25/05/2026,BURSA,225207,225214,225209,225213,225215,225219,5077.37,,1249.2,,,,,
25/05/2026,BURSA,225213,225215,225219,225218,225208,225224,135279.5,,37411.8,,2430.75,,485.3,
25/05/2026,SANLIURFA,225211,225217,225220,225222,225210,225223,68106.1,,,,,,,
25/05/2026,SANLIURFA,225220,225222,225210,225223,225212,225221,10428.8,,1379.92,,256.9,,61.3,
26/05/2026,ANKARA,225232,225226,225229,225234,225233,225230,8076.87,,,,,,,
26/05/2026,ANKARA,225229,225234,225233,225230,225225,225231,57206.75,,7053.75,,1311.8,,211.7,
26/05/2026,KOCAELI,225235,225237,225227,225239,225240,225238,1527.18,,,,,,,
26/05/2026,KOCAELI,225227,225239,225240,225238,225228,225236,86180.5,,41729.02,,6935.42,,1226.0,
27/05/2026,ISTANBUL,225250,225243,225245,225244,225241,225247,619568.68,,96809.17,,16381.92,,1634.9,
27/05/2026,ISTANBUL,225241,225247,225248,225246,225242,225249,5026733.62,,644048.32,,14248.67,,2315.5,
28/05/2026,ANKARA,225256,225266,225265,225258,225252,225262,64360.37,,9193.35,,,,,
28/05/2026,ANKARA,225258,225252,225262,225263,225251,225255,251577.81,,39651.75,,8926.48,,1283.2,
28/05/2026,IZMIR,225264,225259,225261,225253,225269,225268,20720.43,,5463.82,,,,,
28/05/2026,IZMIR,225253,225269,225268,225257,225254,225267,60690.75,,18683.85,,847.26,,155.2,
29/05/2026,BURSA,225270,225282,225272,225280,225285,225276,4603.12,,,,,,,
29/05/2026,BURSA,225272,225280,225285,225276,225271,225284,62289.5,,28725.9,,6189.92,,505.3,
29/05/2026,ISTANBUL,225278,225273,225274,225283,225275,225277,38996.62,,,,,,,
29/05/2026,ISTANBUL,225274,225283,225275,225277,225281,225279,127739.25,,41269.87,,786.45,,118.8,
30/05/2026,ANKARA,225287,225299,225288,225293,225289,225296,8962.37,,1810.2,,343.0,,36.6,
30/05/2026,ANKARA,225289,225296,225286,225300,225301,225292,5609.43,,2307.97,,933.27,,207.3,
30/05/2026,DBAKIR,225307,225308,225310,225309,225311,225312,,14889986.65,1123146.45,,18768.4,,1240.9,
30/05/2026,IZMIR,225298,225290,225302,225304,225303,225305,5958.12,,,,,,,
30/05/2026,IZMIR,225302,225304,225303,225305,225291,225306,42309.06,,8040.45,,1410.06,,172.3,
31/05/2026,ADANA,225314,225329,225326,225315,225327,225328,695327.56,,58944.52,,,,,
31/05/2026,ADANA,225315,225327,225328,225331,225313,225330,35809.37,,3576.22,,225.31,,28.0,
31/05/2026,ISTANBUL,225320,225317,225322,225323,225325,225318,456115.0,,15527.92,,8530.72,,2814.4,
31/05/2026,ISTANBUL,225325,225318,225324,225319,225321,225316,264132.93,,2794.2,,853.73,,118.6,
01/06/2026,BURSA,225334,225346,225335,225344,225343,225347,36820.18,,4940.92,,,,,
01/06/2026,BURSA,225344,225343,225347,225342,225348,225345,60209.87,,12630.9,,719.25,,263.4,
01/06/2026,SANLIURFA,225333,225339,225341,225336,225337,225332,563808.7,,,,,,,
01/06/2026,SANLIURFA,225341,225336,225337,225332,225340,225338,3044609.0,,145598.32,,108486.7,,6418.8,
02/06/2026,ANKARA,225357,225356,225350,225358,225359,225354,37775.93,,,,,,,
02/06/2026,ANKARA,225350,225358,225359,225354,225355,225349,512492.62,,121952.25,,1926.48,,998.4,
02/06/2026,KOCAELI,225351,225360,225361,225353,225363,225365,14189.25,,1272.67,,,,,
02/06/2026,KOCAELI,225353,225363,225365,225362,225352,225364,3934.06,,305.7,,176.92,,82.1,
03/06/2026,ELAZIG,225369,225378,225377,225380,225379,225376,9418.2,,,,,,,
03/06/2026,ELAZIG,225377,225380,225379,225376,225368,225381,8357.15,,6143.62,,1326.93,,285.1,
03/06/2026,ISTANBUL,225374,225372,225366,225373,225370,225375,12147.43,,,,,,,
03/06/2026,ISTANBUL,225366,225373,225370,225375,225367,225371,34752.43,,6021.75,,2033.41,,577.3,
04/06/2026,ANKARA,225384,225394,225388,225393,225390,225382,871.37,,517.57,,189.08,,68.3,
04/06/2026,ANKARA,225390,225382,225391,225392,225383,225389,2235.0,,639.37,,157.5,,75.9,
04/06/2026,KOCAELI,225387,225395,225396,225385,225400,225399,340663.06,,166591.42,,,,,
04/06/2026,KOCAELI,225385,225400,225399,225398,225386,225397,659072.25,,44732.4,,7536.11,,416.2,
05/06/2026,BURSA,225414,225405,225413,225404,225421,225419,1349906.12,,128798.47,,,,,
05/06/2026,BURSA,225404,225421,225419,225418,225420,225406,3211.43,,1314.67,,287.52,,67.6,
05/06/2026,ISTANBUL,225402,225407,225409,225411,225403,225408,682.06,,,,,,,
05/06/2026,ISTANBUL,225409,225411,225403,225408,225410,225416,1410.75,,494.25,,173.86,,38.9,
06/06/2026,ANKARA,225435,225438,225436,225422,225431,225430,119399.31,,10297.12,,,,,
06/06/2026,ANKARA,225422,225431,225430,225432,225427,225423,105476.93,,10026.6,,1874.6,,248.1,
06/06/2026,DBAKIR,225442,225444,225445,225441,225446,225443,43585.05,,4899.07,,557.02,,53.6,
06/06/2026,IZMIR,225439,225429,225425,225440,225434,225426,6661.75,,,,,,,
06/06/2026,IZMIR,225425,225440,225434,225426,225424,225437,3600.87,,1704.07,,91.35,,21.9,
07/06/2026,ISTANBUL,225460,225447,225462,225448,225464,225456,12754.87,,3209.02,,,,,
07/06/2026,ISTANBUL,225448,225464,225456,225459,225458,225455,2606.0,,743.77,,172.72,,15.3,
07/06/2026,IZMIR,225451,225454,225463,225461,225452,225453,1100109.62,,,,,,,
07/06/2026,IZMIR,225463,225461,225452,225453,225449,225457,2301508.18,,118528.05,,17256.75,,173.3,
08/06/2026,BURSA,225469,225480,225476,225468,225478,225473,3052.37,,599.62,,,,,
08/06/2026,BURSA,225468,225478,225473,225474,225467,225471,17751.43,,15289.57,,3272.85,,915.3,
08/06/2026,SANLIURFA,225477,225465,225470,225472,225479,225475,5269.5,,,,,,,
08/06/2026,SANLIURFA,225470,225472,225479,225475,225466,225481,270958.9,,272880.15,,32443.51,,2426.1,
09/06/2026,ANKARA,225491,225482,225494,225486,225483,225487,1910.06,,442.87,,,,,
09/06/2026,ANKARA,225486,225483,225487,225489,225490,225492,75093.87,,12964.87,,5606.73,,2373.4,
09/06/2026,KOCAELI,225493,225485,225496,225484,225497,225488,2242.68,,,,,,,
09/06/2026,KOCAELI,225496,225484,225497,225488,225498,225499,1741.62,,346.8,,172.46,,30.4,
10/06/2026,ELAZIG,225504,225508,225509,225507,225503,225505,7499289.05,,,,,,,
10/06/2026,ELAZIG,225509,225507,225503,225505,225506,225502,499696.95,,36281.62,,4124.31,,384.0,
10/06/2026,ISTANBUL,225515,225500,225501,225512,225510,225514,6099.43,,1438.5,,,,,
10/06/2026,ISTANBUL,225512,225510,225514,225516,225513,225511,9817.75,,1891.8,,1111.25,,330.7,
11/06/2026,ANKARA,225519,225526,225518,225529,225517,225530,40873.0,,9762.0,,1468.42,,249.4,
11/06/2026,ANKARA,225517,225530,225527,225532,225528,225533,24978.5,,7454.17,,598.5,,52.6,
11/06/2026,KOCAELI,225524,225535,225525,225537,225540,225523,31539.56,,10903.65,,,,,
11/06/2026,KOCAELI,225537,225540,225523,225538,225536,225539,127549.37,,9069.6,,1632.22,,344.7,
12/06/2026,BURSA,225550,225541,225542,225558,225556,225551,27938.43,,23543.1,,,,,
12/06/2026,BURSA,225558,225556,225551,225549,225554,225553,61237.62,,6334.87,,289.1,,37.5,
12/06/2026,ISTANBUL,225555,225546,225547,225544,225552,225548,535.25,,,,,,,
12/06/2026,ISTANBUL,225547,225544,225552,225548,225545,225543,10057.87,,3392.1,,932.31,,439.9,
13/06/2026,ANKARA,225564,225573,225574,225559,225565,225568,11331.25,,,,,,,
13/06/2026,ANKARA,225574,225559,225565,225568,225571,225560,21335.5,,5408.85,,1345.66,,161.0,
13/06/2026,DBAKIR,225581,225577,225579,225578,225580,225576,20837.1,,9299.85,,607.95,,92.0,
13/06/2026,IZMIR,225566,225563,225570,225561,225575,225567,11677.18,,,,,,,
13/06/2026,IZMIR,225570,225561,225575,225567,225569,225562,939640.43,,563436.22,,67594.01,,2559.6,
14/06/2026,ISTANBUL,225593,225582,225588,225591,225598,225595,12507.87,,5839.27,,,,,
14/06/2026,ISTANBUL,225591,225598,225595,225594,225583,225592,4444.93,,1545.6,,768.33,,99.0,
14/06/2026,IZMIR,225590,225586,225596,225584,225597,225587,1240.18,,,,,,,
14/06/2026,IZMIR,225596,225584,225597,225587,225585,225589,2852.75,,990.97,,294.78,,103.0,
15/06/2026,BURSA,225609,225599,225606,225600,225610,225614,445205.62,,70109.02,,,,,
15/06/2026,BURSA,225600,225610,225614,225615,225601,225612,1452638.0,,272218.65,,53665.58,,6042.8,
15/06/2026,SANLIURFA,225604,225605,225607,225602,225613,225611,703428.25,,,,,,,
15/06/2026,SANLIURFA,225607,225602,225613,225611,225603,225608,15601618.45,,3112473.37,,230669.51,,7213.1,
16/06/2026,ANKARA,225618,225621,225623,225619,225616,225622,47112.06,,18092.92,,,,,
16/06/2026,ANKARA,225619,225616,225622,225624,225620,225617,2003.56,,325.72,,64.05,,48.1,
16/06/2026,KOCAELI,225625,225629,225626,225628,225630,225631,211893.5,,20690.7,,5638.41,,770.8,
17/06/2026,ELAZIG,225647,225645,225644,225634,225642,225643,500860.6,,,,,,,
17/06/2026,ELAZIG,225644,225634,225642,225643,225635,225646,102602.7,,71324.55,,4738.38,,1269.2,
17/06/2026,ISTANBUL,225637,225633,225640,225632,225641,225639,111175.25,,,,,,,
17/06/2026,ISTANBUL,225640,225632,225641,225639,225638,225636,20760.68,,2013.07,,126.0,,77.1,
18/06/2026,ANKARA,225656,225652,225659,225655,225653,225657,53399.81,,,,,,,
18/06/2026,ANKARA,225659,225655,225653,225657,225658,225654,6631.5,,2685.67,,800.18,,254.9,
18/06/2026,KOCAELI,225660,225661,225650,225665,225662,225664,284539.25,,,,,,,
18/06/2026,KOCAELI,225650,225665,225662,225664,225651,225663,1341193.56,,267986.1,,9628.23,,533.6,
19/06/2026,BURSA,225670,225667,225666,225683,225678,225673,2229104.37,,2001721.8,,,,,
19/06/2026,BURSA,225683,225678,225673,225680,225675,225682,6341834.12,,554263.87,,6113.18,,2102.7,
19/06/2026,ISTANBUL,225674,225671,225669,225684,225668,225672,134345.62,,,,,,,
19/06/2026,ISTANBUL,225669,225684,225668,225672,225677,225681,94059.68,,45784.87,,5556.95,,721.4,
20/06/2026,ANKARA,225686,225704,225700,225699,225698,225685,78706.56,,6887.25,,4068.13,,2272.4,
20/06/2026,ANKARA,225698,225685,225697,225702,225687,225703,1471304.31,,49893.9,,2769.37,,223.3,
20/06/2026,DBAKIR,225705,225710,225706,225709,225708,225707,160727.4,,43450.42,,4499.77,,597.3,
20/06/2026,IZMIR,225695,225689,225694,225693,225688,225690,1399.62,,304.35,,,,,
20/06/2026,IZMIR,225693,225688,225690,225692,225691,225696,6270.56,,2830.42,,1553.38,,593.3,
21/06/2026,ISTANBUL,225713,225721,225719,225712,225728,225724,118021.56,,3305.1,,550.9,,697.8,
21/06/2026,ISTANBUL,225728,225724,225727,225723,225725,225711,2433101.68,,191392.27,,19340.03,,1620.6,
21/06/2026,IZMIR,225716,225717,225722,225715,225726,225720,71276.68,,,,,,,
21/06/2026,IZMIR,225722,225715,225726,225720,225714,225718,63419.87,,819.07,,216.03,,53.6,
22/06/2026,BURSA,225743,225732,225745,225741,225746,225747,527680.56,,36788.32,,695.53,,144.9,
22/06/2026,BURSA,225746,225747,225733,225742,225731,225744,37374.18,,13097.62,,1333.41,,845.5,
22/06/2026,ELAZIG,225738,225734,225739,225730,225740,225735,12312.55,,,,,,,
22/06/2026,ELAZIG,225739,225730,225740,225735,225736,225729,181547.85,,90955.12,,10761.97,,1093.5,
23/06/2026,ANKARA,225754,225750,225751,225759,225752,225753,954.43,,,,,,,
23/06/2026,ANKARA,225751,225759,225752,225753,225757,225756,11496.87,,3853.27,,1318.45,,591.1,
23/06/2026,KOCAELI,225758,225755,225749,225763,225760,225761,37979.75,,,,,,,
23/06/2026,KOCAELI,225749,225763,225760,225761,225762,225748,42755.43,,3163.5,,959.96,,200.2,
24/06/2026,ELAZIG,225766,225773,225775,225768,225770,225777,22312.5,,,,,,,
24/06/2026,ELAZIG,225775,225768,225770,225777,225767,225779,576832.45,,84638.02,,3307.93,,1523.4,
24/06/2026,ISTANBUL,225764,225771,225778,225780,225774,225776,104979.0,,16900.35,,,,,
24/06/2026,ISTANBUL,225780,225774,225776,225769,225765,225781,19679.18,,3151.95,,666.05,,63.2,
25/06/2026,BURSA,225802,225786,225800,225798,225797,225785,2419.75,,492.67,,163.97,,31.5,
25/06/2026,BURSA,225797,225785,225799,225801,225784,225803,5562.18,,1323.82,,666.4,,183.6,
25/06/2026,ISTANBUL,225782,225793,225794,225796,225783,225790,21191.25,,16175.62,,,,,
25/06/2026,ISTANBUL,225796,225783,225790,225792,225787,225795,68060.12,,10857.0,,1071.26,,444.5,
26/06/2026,ANKARA,225808,225811,225812,225807,225814,225813,268072.18,,50334.22,,,,,
26/06/2026,ANKARA,225807,225814,225813,225809,225810,225806,17529.81,,377.02,,88.63,,35.2,
26/06/2026,KOCAELI,225805,225816,225819,225815,225820,225817,1109.18,,,,,,,
26/06/2026,KOCAELI,225819,225815,225820,225817,225804,225821,745.37,,289.12,,53.2,,39.8,
27/06/2026,ANKARA,225833,225825,225830,225827,225826,225831,51733.56,,,,,,,
27/06/2026,ANKARA,225830,225827,225826,225831,225828,225823,13082.68,,3442.05,,1294.12,,253.3,
27/06/2026,DBAKIR,225840,225842,225843,225837,225838,225839,5755.05,,843.22,,362.42,,103.2,
27/06/2026,IZMIR,225829,225824,225832,225835,225822,225834,4547.0,,1520.85,,421.48,,213.0,
28/06/2026,ISTANBUL,225844,225856,225847,225854,225859,225845,533798.75,,74170.12,,,,,
28/06/2026,ISTANBUL,225854,225859,225845,225852,225857,225851,102668.06,,13174.05,,221.46,,46.9,
28/06/2026,IZMIR,225853,225858,225850,225846,225849,225855,37244.25,,20143.05,,5260.41,,1438.9,
29/06/2026,BURSA,225865,225870,225871,225872,225869,225875,52263.0,,5588.4,,,,,
29/06/2026,BURSA,225872,225869,225875,225874,225873,225876,2453.25,,831.45,,286.12,,41.3,
29/06/2026,ELAZIG,225862,225864,225861,225866,225867,225863,738289.6,,,,,,,
29/06/2026,ELAZIG,225861,225866,225867,225863,225860,225868,1157904.0,,239663.02,,10617.42,,3302.8,
30/06/2026,ANKARA,225880,225881,225884,225887,225879,225885,2783.25,,,,,,,
30/06/2026,ANKARA,225884,225887,225879,225885,225883,225886,1844.18,,468.0,,116.46,,34.4,
30/06/2026,KOCAELI,225890,225878,225888,225892,225889,225891,13927.06,,,,,,,
30/06/2026,KOCAELI,225888,225892,225889,225891,225877,225893,10179.68,,4753.05,,599.72,,189.1,
01/07/2026,ELAZIG,225902,225899,225898,225900,225895,225903,9563452.35,,323781.0,,17272.15,,465.5,
01/07/2026,ISTANBUL,225910,225908,225904,225896,225905,225906,1817694.0,,250340.25,,,,,
01/07/2026,ISTANBUL,225896,225905,225906,225909,225897,225907,346691.5,,71392.87,,6581.05,,494.1,
02/07/2026,ANKARA,225920,225913,225918,225921,225914,225912,25279.12,,1888.42,,619.67,,46.7,
02/07/2026,ANKARA,225914,225912,225923,225916,225911,225922,9414.37,,2244.22,,911.4,,407.8,
02/07/2026,KOCAELI,225928,225927,225930,225929,225926,225931,6238.37,,,,,,,
02/07/2026,KOCAELI,225930,225929,225926,225931,225925,225932,28191.06,,8056.57,,3531.58,,1355.6,
03/07/2026,BURSA,225949,225935,225948,225947,225937,225942,69713.81,,,,,,,
03/07/2026,BURSA,225937,225942,225944,225945,225936,225950,1080.18,,639.82,,171.41,,62.8,
03/07/2026,ISTANBUL,225946,225933,225938,225952,225934,225943,65001.93,,7322.17,,,,,
03/07/2026,ISTANBUL,225952,225934,225943,225940,225941,225953,3838.75,,1073.62,,354.55,,40.4,
04/07/2026,ANKARA,225968,225970,225967,225964,225969,225971,12185.75,,12654.45,,,,,
04/07/2026,ANKARA,225964,225969,225971,225973,225963,225972,34384.5,,14353.65,,236.25,,89.6,
04/07/2026,DBAKIR,225983,225984,225979,225977,225982,225981,1396604.4,,852712.87,,29670.11,,1940.6,
04/07/2026,IZMIR,225976,225966,225974,225975,225980,225965,3835.06,,372.9,,109.98,,15.4,
05/07/2026,ISTANBUL,225985,225999,225997,225996,225987,226002,7561.75,,2772.0,,553.43,,210.2,
05/07/2026,ISTANBUL,225987,226002,225994,225998,225986,226001,34450.25,,8011.5,,616.87,,347.2,
05/07/2026,IZMIR,225990,225991,225988,226000,225995,225989,9726.68,,,,,,,
05/07/2026,IZMIR,225988,226000,225995,225989,225992,225993,6329.37,,1212.3,,196.87,,10.5,
06/07/2026,BURSA,226008,226019,226015,226007,226016,226006,87670.06,,,,,,,
06/07/2026,BURSA,226006,226017,226022,226018,226020,226021,3081.37,,950.85,,554.48,,46.1,
06/07/2026,ELAZIG,226003,226009,226005,226014,226011,226013,26872.3,,,,,,,
06/07/2026,ELAZIG,226005,226014,226011,226013,226004,226010,2496.4,,1442.47,,528.23,,278.6,
07/07/2026,ANKARA,226029,226031,226028,226035,226034,226033,64556.18,,24921.97,,,,,
07/07/2026,ANKARA,226035,226034,226033,226024,226030,226023,939932.93,,64561.27,,7939.66,,645.2,
07/07/2026,KOCAELI,226027,226037,226032,226040,226036,226038,2715908.12,,278991.07,,,,,
07/07/2026,KOCAELI,226040,226036,226038,226025,226039,226026,122000.62,,9304.05,,317.45,,37.8,
08/07/2026,ELAZIG,226055,226051,226053,226054,226052,226050,477.45,,325.87,,210.7,,114.2,
08/07/2026,ISTANBUL,226044,226043,226045,226047,226049,226046,48513.75,,2987.55,,,,,
08/07/2026,ISTANBUL,226047,226049,226046,226048,226041,226042,12790.43,,2187.75,,324.1,,94.6,
09/07/2026,ANKARA,226060,226059,226061,226066,226064,226063,1184.75,,,,,,,
09/07/2026,ANKARA,226061,226066,226064,226063,226062,226071,5852.87,,3125.02,,479.5,,201.4,
09/07/2026,KOCAELI,226070,226072,226067,226074,226057,226065,1487.68,,1096.95,,,,,
09/07/2026,KOCAELI,226074,226057,226065,226073,226058,226069,20623.43,,1302.75,,726.16,,116.4,
10/07/2026,BURSA,226090,226079,226088,226087,226092,226078,6270.25,,2651.25,,552.91,,307.2,
10/07/2026,BURSA,226092,226078,226091,226086,226089,226077,238823.43,,75557.17,,6836.9,,1131.3,
10/07/2026,ISTANBUL,226081,226080,226076,226085,226084,226083,970.87,,,,,,,
10/07/2026,ISTANBUL,226076,226085,226084,226083,226082,226075,66862.93,,28809.15,,4260.9,,925.5,
11/07/2026,ANKARA,226103,226095,226097,226099,226093,226101,12322.93,,1719.15,,,,,
11/07/2026,ANKARA,226099,226093,226101,226100,226102,226094,18071.43,,1804.65,,541.18,,86.1,
11/07/2026,DBAKIR,226112,226113,226111,226115,226114,226110,142866.35,,27064.12,,2019.93,,1086.8,
11/07/2026,IZMIR,226098,226109,226105,226106,226096,226108,61891.93,,17903.62,,2564.62,,251.5,
12/07/2026,ISTANBUL,226128,226131,226125,226129,226130,226127,45461.81,,2234.17,,,,,
12/07/2026,ISTANBUL,226129,226130,226127,226132,226124,226126,74733.5,,16745.85,,1784.47,,931.1,
12/07/2026,IZMIR,226123,226118,226122,226117,226120,226121,9599.43,,,,,,,
12/07/2026,IZMIR,226122,226117,226120,226121,226119,226116,5415.12,,1821.9,,783.21,,132.1,
13/07/2026,BURSA,226139,226133,226149,226140,226134,226150,47453.25,,12430.95,,173.42,,50.5,
13/07/2026,BURSA,226134,226150,226147,226146,226138,226145,137787.12,,63833.1,,9557.45,,1915.4,
13/07/2026,ELAZIG,226137,226141,226135,226143,226142,226144,3783.25,,,,,,,
13/07/2026,ELAZIG,226135,226143,226142,226144,226136,226151,15349.45,,5403.82,,980.7,,566.1,
14/07/2026,ANKARA,226157,226166,226156,226165,226163,226164,16438.68,,4504.87,,,,,
14/07/2026,ANKARA,226165,226163,226164,226168,226155,226167,1201.56,,197.25,,86.01,,33.6,
14/07/2026,KOCAELI,226153,226158,226159,226152,226161,226154,223156.06,,,,,,,
14/07/2026,KOCAELI,226152,226161,226154,226160,226169,226162,5000616.81,,1718969.85,,255218.25,,14018.8,
15/07/2026,ELAZIG,226172,226173,226171,226176,226175,226174,2434407.3,,,,,,,
15/07/2026,ELAZIG,226171,226176,226175,226174,226177,226170,,16781739.3,2152879.72,,75602.45,,7105.9,
15/07/2026,ISTANBUL,226182,226184,226178,226188,226190,226180,2290.12,,753.0,,,,,
15/07/2026,ISTANBUL,226188,226190,226180,226181,226183,226179,2076.68,,428.02,,114.1,,61.6,
16/07/2026,ANKARA,226209,226207,226213,226192,226211,226206,196262.87,,,,,,,
16/07/2026,ANKARA,226213,226192,226211,226206,226205,226191,51384.31,,9601.27,,507.5,,243.5,
16/07/2026,KOCAELI,226201,226208,226202,226200,226204,226212,835999.81,,102503.47,,,,,
16/07/2026,KOCAELI,226200,226204,226212,226203,226199,226214,6461046.43,,1185075.75,,34382.25,,5346.7,
17/07/2026,BURSA,226216,226230,226228,226227,226215,226223,15084.31,,1524.67,,583.27,,58.8,
17/07/2026,BURSA,226215,226223,226233,226231,226217,226232,165028.25,,152046.07,,13899.46,,2560.6,
17/07/2026,ISTANBUL,226220,226235,226222,226225,226221,226219,16710.18,,903.97,,363.65,,84.9,
17/07/2026,ISTANBUL,226221,226219,226229,226234,226218,226236,3331.81,,1331.17,,146.38,,121.2,
18/07/2026,ANKARA,226248,226247,226244,226237,226242,226245,4398.81,,,,,,,
18/07/2026,ANKARA,226244,226237,226242,226245,226246,226238,1642.31,,434.85,,67.46,,55.4,
18/07/2026,DBAKIR,226259,226265,226264,226266,226262,226260,96006.3,,23861.02,,2318.92,,259.4,
18/07/2026,IZMIR,226239,226267,226243,226250,226240,226254,2648.81,,475.27,,,,,
18/07/2026,IZMIR,226250,226240,226254,226253,226241,226261,1567.18,,464.92,,130.98,,32.5,
19/07/2026,ISTANBUL,226280,226268,226282,226278,226270,226275,61989.12,,3719.1,,2426.63,,472.0,
19/07/2026,ISTANBUL,226270,226275,226277,226274,226272,226269,84471.43,,6517.65,,872.02,,357.9,
19/07/2026,IZMIR,226279,226281,226271,226284,226276,226283,4600.25,,1114.8,,84.87,,12.6,
20/07/2026,BURSA,226286,226295,226298,226300,226285,226297,31049.75,,8274.45,,1655.76,,791.3,
20/07/2026,BURSA,226285,226297,226301,226291,226299,226302,8622362.25,,599334.0,,73779.12,,10684.5,
20/07/2026,ELAZIG,226289,226290,226288,226294,226296,226292,56096.95,,,,,,,
20/07/2026,ELAZIG,226288,226294,226296,226292,226287,226293,103957.65,,20573.25,,927.67,,384.3,
21/07/2026,ANKARA,226308,226305,226307,226306,226304,226311,138114.12,,5343.15,,,,,
21/07/2026,ANKARA,226306,226304,226311,226309,226310,226303,108257.62,,16657.57,,392.35,,108.2,
21/07/2026,KOCAELI,226315,226313,226312,226316,226317,226318,35176.87,,,,,,,
21/07/2026,KOCAELI,226312,226316,226317,226318,226314,226319,32171.18,,11615.85,,1034.16,,55.7,
22/07/2026,ELAZIG,226323,226320,226325,226328,226329,226322,890740.6,,,,,,,
22/07/2026,ELAZIG,226325,226328,226329,226322,226321,226332,1712764.3,,140228.85,,16712.15,,648.0,
22/07/2026,ISTANBUL,226331,226334,226340,226333,226339,226330,11198.25,,,,,,,
22/07/2026,ISTANBUL,226340,226333,226339,226330,226326,226338,2678.43,,507.9,,252.43,,77.6,
23/07/2026,ANKARA,226352,226341,226344,226354,226343,226342,19167.87,,,,,,,
23/07/2026,ANKARA,226344,226354,226343,226342,226345,226348,17934.5,,1707.75,,569.18,,166.9,
23/07/2026,KOCAELI,226353,226350,226355,226351,226346,226349,15270.12,,,,,,,
23/07/2026,KOCAELI,226355,226351,226346,226349,226347,226356,11762.56,,2201.62,,832.91,,194.1,
24/07/2026,BURSA,226368,226358,226373,226361,226369,226371,729595.25,,46509.45,,7059.67,,815.4,
24/07/2026,BURSA,226371,226367,226370,226362,226379,226374,441455.25,,38857.2,,3322.98,,258.7,
24/07/2026,ISTANBUL,226359,226372,226378,226363,226366,226360,1421.37,,253.2,,28.52,,19.9,
24/07/2026,ISTANBUL,226366,226360,226365,226364,226357,226375,2220.87,,527.7,,333.2,,51.7,
25/07/2026,ANKARA,226387,226386,226380,226381,226384,226385,75313.25,,7715.85,,656.77,,90.3,
25/07/2026,DBAKIR,226395,226397,226398,226394,226400,226396,401855.35,,51576.37,,9220.13,,1694.9,
25/07/2026,IZMIR,226401,226393,226392,226391,226390,226399,2644.75,,355.27,,238.87,,30.6,
26/07/2026,ISTANBUL,226402,226413,226411,226403,226404,226415,31968.62,,5557.2,,483.0,,228.4,
26/07/2026,ISTANBUL,226404,226415,226414,226416,226417,226418,21007.25,,5492.02,,828.01,,88.1,
26/07/2026,IZMIR,226409,226412,226407,226408,226406,226410,36327.12,,5560.12,,741.38,,108.4,
27/07/2026,BURSA,226419,226432,226431,226433,226426,226436,2731.0,,869.55,,476.52,,228.8,
27/07/2026,BURSA,226426,226436,226434,226427,226420,226435,51322.93,,3913.95,,936.86,,855.5,
27/07/2026,ELAZIG,226421,226429,226422,226424,226428,226423,15945.4,,,,,,,
27/07/2026,ELAZIG,226422,226424,226428,226423,226430,226425,21742.55,,22889.47,,2590.35,,770.1,
28/07/2026,ANKARA,226437,226445,226438,226442,226447,226444,1592.75,,,,,,,
28/07/2026,ANKARA,226438,226442,226447,226444,226446,226448,1213.75,,470.02,,166.6,,69.2,
28/07/2026,KOCAELI,226440,226450,226451,226454,226439,226452,2975.31,,899.17,,,,,
28/07/2026,KOCAELI,226454,226439,226452,226453,226441,226449,11093.93,,2628.67,,260.13,,95.7,
29/07/2026,ELAZIG,226457,226462,226463,226455,226460,226458,7972.85,,,,,,,
29/07/2026,ELAZIG,226463,226455,226460,226458,226456,226459,41090.55,,11113.05,,1708.78,,823.7,
29/07/2026,ISTANBUL,226464,226465,226470,226468,226467,226466,12983.18,,,,,,,
29/07/2026,ISTANBUL,226470,226468,226467,226466,226469,226471,16589.56,,2708.17,,752.23,,90.4,
30/07/2026,ANKARA,226482,226484,226473,226483,226480,226477,6721.43,,1526.02,,,,,
30/07/2026,ANKARA,226483,226480,226477,226479,226472,226478,498081.5,,154152.15,,16431.71,,5567.0,
30/07/2026,KOCAELI,226486,226474,226488,226485,226489,226475,102131.0,,5858.47,,1595.82,,462.8,
30/07/2026,KOCAELI,226489,226475,226491,226490,226487,226476,25788.37,,7042.05,,720.12,,269.9,
31/07/2026,BURSA,226494,226500,226498,226497,226492,226511,244059.5,,81073.12,,18571.52,,2884.0,
31/07/2026,BURSA,226492,226511,226501,226503,226493,226508,1302968.43,,43949.02,,3555.47,,819.7,
31/07/2026,ISTANBUL,226496,226504,226499,226495,226509,226502,15626.62,,,,,,,
31/07/2026,ISTANBUL,226499,226495,226509,226502,226506,226505,81736.93,,54493.72,,4005.83,,577.4,
01/08/2026,ANKARA,226520,226512,226521,226522,226514,226519,17022.56,,5183.1,,,,,
01/08/2026,ANKARA,226522,226514,226519,226518,226524,226513,2753.0,,169.72,,55.47,,32.9,
01/08/2026,DBAKIR,226534,226530,226537,226529,226531,226532,127870.05,,34826.25,,2918.3,,533.3,
01/08/2026,IZMIR,226527,226517,226525,226526,226516,226523,740132.0,,,,,,,
01/08/2026,IZMIR,226525,226526,226516,226523,226515,226528,46045.06,,11456.1,,730.36,,242.9,
02/08/2026,ISTANBUL,226554,226539,226552,226538,226550,226547,16998.31,,1499.32,,723.97,,218.6,
02/08/2026,ISTANBUL,226550,226547,226553,226551,226548,226540,324330.56,,31508.32,,5218.23,,48.0,
02/08/2026,IZMIR,226545,226541,226546,226544,226543,226549,237270.25,,74231.77,,9789.06,,2293.3,
03/08/2026,BURSA,226560,226556,226561,226555,226565,226562,19283.18,,8223.75,,,,,
03/08/2026,BURSA,226555,226565,226562,226559,226563,226564,3527.5,,413.1,,91.17,,20.2,
03/08/2026,ELAZIG,226558,226569,226568,226557,226570,226567,1666822.95,,,,,,,
03/08/2026,ELAZIG,226568,226557,226570,226567,226566,226571,19902.3,,7235.4,,1048.68,,217.9,
04/08/2026,ANKARA,226577,226576,226574,226587,226579,226580,5675.06,,,,,,,
04/08/2026,ANKARA,226574,226587,226579,226580,226575,226583,80613.25,,29616.37,,7471.97,,1826.2,
04/08/2026,KOCAELI,226573,226578,226582,226572,226588,226584,51676.56,,4266.22,,,,,
04/08/2026,KOCAELI,226572,226588,226584,226581,226585,226586,21054.62,,5317.2,,787.15,,122.5,
05/08/2026,ELAZIG,226593,226601,226602,226592,226603,226605,65264.45,,,,,,,
05/08/2026,ELAZIG,226602,226592,226603,226605,226599,226591,1330991.5,,295518.22,,23037.0,,1868.5,
05/08/2026,ISTANBUL,226604,226595,226596,226597,226590,226594,1551330.93,,109982.77,,,,,
05/08/2026,ISTANBUL,226597,226590,226594,226600,226598,226589,31382.68,,3366.07,,611.97,,46.9,
06/08/2026,ANKARA,226612,226609,226611,226614,226615,226610,3883.12,,,,,,,
06/08/2026,ANKARA,226611,226614,226615,226610,226613,226608,7862.43,,4087.42,,655.81,,162.9,
06/08/2026,KOCAELI,226606,226617,226618,226621,226620,226616,342486.56,,,,,,,
06/08/2026,KOCAELI,226618,226621,226620,226616,226607,226619,595767.12,,178709.4,,12089.78,,4331.7,
07/08/2026,BURSA,226623,226633,226629,226634,226639,226636,2581.87,,1388.25,,598.32,,141.0,
07/08/2026,BURSA,226639,226636,226622,226630,226627,226628,106310.25,,16857.45,,1584.36,,386.2,
07/08/2026,ISTANBUL,226632,226626,226635,226640,226624,226638,10900.81,,2449.5,,,,,
07/08/2026,ISTANBUL,226640,226624,226638,226631,226625,226637,1453.18,,203.32,,67.11,,33.6,
08/08/2026,ANKARA,226651,226646,226645,226647,226649,226653,1959.81,,,,,,,
08/08/2026,ANKARA,226645,226647,226649,226653,226648,226654,38485.5,,10576.2,,1735.03,,1148.5,
08/08/2026,DBAKIR,226665,226660,226659,226664,226663,226661,4233126.95,,828054.6,,43137.23,,2841.0,
08/08/2026,IZMIR,226643,226652,226642,226655,226658,226657,84631.18,,,,,,,
08/08/2026,IZMIR,226642,226655,226658,226657,226644,226662,304452.0,,61071.07,,12495.61,,2595.6,
09/08/2026,ISTANBUL,226674,226669,226675,226668,226670,226671,4732.18,,,,,,,
09/08/2026,ISTANBUL,226675,226668,226670,226671,226672,226673,56731.68,,25921.5,,5736.93,,606.1,
09/08/2026,IZMIR,226676,226667,226680,226681,226677,226678,10680.06,,,,,,,
09/08/2026,IZMIR,226680,226681,226677,226678,226666,226679,5946.18,,3430.57,,918.13,,92.7,
10/08/2026,BURSA,226696,226699,226698,226695,226701,226684,85493.81,,5559.97,,1913.01,,270.5,
10/08/2026,BURSA,226701,226684,226700,226697,226703,226685,54949.56,,15786.3,,5610.93,,682.5,
10/08/2026,ELAZIG,226690,226683,226687,226692,226682,226691,804974.85,,,,,,,
10/08/2026,ELAZIG,226687,226692,226682,226691,226686,226693,235457.55,,57377.62,,1384.25,,228.2,
11/08/2026,ANKARA,226707,226712,226715,226710,226708,226711,8257.06,,1037.77,,,,,
11/08/2026,ANKARA,226710,226708,226711,226709,226714,226706,8846.18,,1834.2,,457.36,,176.3,
11/08/2026,KOCAELI,226705,226713,226721,226716,226720,226718,99158.43,,18192.45,,,,,
11/08/2026,KOCAELI,226716,226720,226718,226719,226704,226722,149063.37,,2118.6,,529.63,,160.7,
12/08/2026,ELAZIG,226726,226735,226739,226728,226732,226727,410318.55,,,,,,,
12/08/2026,ELAZIG,226739,226728,226732,226727,226731,226738,200064.9,,32942.77,,581.43,,184.0,
12/08/2026,ISTANBUL,226736,226724,226730,226729,226737,226725,26788.18,,2247.22,,419.91,,194.3,
12/08/2026,ISTANBUL,226737,226725,226734,226733,226740,226723,76630.5,,6385.42,,2133.86,,256.7,
13/08/2026,ANKARA,226748,226741,226752,226747,226751,226757,557761.43,,69346.57,,,,,
13/08/2026,ANKARA,226747,226751,226757,226742,226754,226750,62516.43,,9562.8,,1934.62,,100.6,
13/08/2026,KOCAELI,226743,226756,226746,226745,226753,226755,37034.0,,7716.3,,,,,
13/08/2026,KOCAELI,226745,226753,226755,226759,226744,226749,1219517.25,,156376.57,,32607.31,,1799.7,
14/08/2026,BURSA,226776,226762,226769,226770,226772,226760,11213.06,,7655.92,,1014.56,,637.9,
14/08/2026,BURSA,226772,226760,226773,226774,226777,226761,9383.68,,2390.02,,77.43,,28.1,
14/08/2026,ISTANBUL,226768,226764,226763,226766,226765,226771,390206.0,,,,,,,
14/08/2026,ISTANBUL,226763,226766,226765,226771,226767,226775,2780891.37,,198709.05,,14574.0,,3192.9,
15/08/2026,ANKARA,226787,226779,226785,226786,226784,226783,9529.68,,5974.87,,,,,
15/08/2026,ANKARA,226786,226784,226783,226788,226789,226778,5570.18,,934.87,,44.71,,35.2,
15/08/2026,DBAKIR,226796,226795,226798,226793,226792,226797,87424.95,,23133.6,,3289.21,,996.5,
15/08/2026,IZMIR,226781,226799,226782,226791,226790,226794,34842.0,,,,,,,
15/08/2026,IZMIR,226782,226791,226790,226794,226780,226800,9476.5,,1084.12,,152.07,,31.6,
16/08/2026,ISTANBUL,226813,226802,226811,226817,226819,226801,18575.43,,1116.3,,584.23,,148.1,
16/08/2026,ISTANBUL,226819,226801,226816,226815,226818,226803,8551.75,,1660.27,,280.0,,36.0,
16/08/2026,IZMIR,226805,226806,226810,226809,226807,226812,3239.56,,,,,,,
16/08/2026,IZMIR,226810,226809,226807,226812,226804,226808,9999.43,,1886.55,,443.71,,217.8,
17/08/2026,BURSA,226831,226820,226834,226821,226833,226836,14107.75,,5432.02,,796.77,,468.9,
17/08/2026,BURSA,226836,226838,226835,226832,226822,226837,43008.25,,4454.02,,929.68,,186.2,
17/08/2026,ELAZIG,226827,226825,226830,226824,226829,226828,53980.7,,,,,,,
17/08/2026,ELAZIG,226830,226824,226829,226828,226826,226823,856519.65,,77945.62,,13474.82,,3294.1,
18/08/2026,ANKARA,226840,226843,226839,226848,226844,226847,33451.18,,,,,,,
18/08/2026,ANKARA,226839,226848,226844,226847,226846,226845,9701.75,,1425.9,,472.85,,80.2,
18/08/2026,KOCAELI,226842,226849,226841,226854,226850,226852,121729.37,,,,,,,
18/08/2026,KOCAELI,226841,226854,226850,226852,226851,226853,135209.18,,17891.32,,1960.0,,463.3,
