kayit_ts,tarih,pist,seq,dk_grup,ayak,kosu_no,race_kod,saat,dk_kala,no,at_ad,bot1,bot2,kamu,oran,kaynak
2026-07-25 14:45,2026-07-25,ANKARA,1,30.0,1,2,226387,15:00,14.5,1,GRENTLY WINS,0.1103,0.0570725141641106,0.0537425183763603,12.9,geri_kurulan
2026-07-25 14:45,2026-07-25,ANKARA,1,30.0,1,2,226387,15:00,14.5,2,IRONHOOF,0.0186,0.0501309729418142,0.0737530305377711,9.4,geri_kurulan
2026-07-25 14:45,2026-07-25,ANKARA,1,30.0,1,2,226387,15:00,14.5,3,MIDNIGHT MIRAGE,0.0579,0.0369053876241134,0.0398435912100602,17.4,geri_kurulan
2026-07-25 14:45,2026-07-25,ANKARA,1,30.0,1,2,226387,15:00,14.5,4,PANCHO,0.0204,0.0512547674082348,0.0737530305377711,9.4,geri_kurulan
2026-07-25 14:45,2026-07-25,ANKARA,1,30.0,1,2,226387,15:00,14.5,5,ÇAPGUR,0.0644,0.1072032726283256,0.1205701716617475,5.75,geri_kurulan
2026-07-25 14:45,2026-07-25,ANKARA,1,30.0,1,2,226387,15:00,14.5,6,STEEL ROCK,0.4349,0.401192218819308,0.301425429154369,2.3,geri_kurulan
2026-07-25 14:45,2026-07-25,ANKARA,1,30.0,1,2,226387,15:00,14.5,7,TARCAN BABA,0.173,0.1193776360417359,0.1050421950083407,6.6,geri_kurulan
2026-07-25 14:45,2026-07-25,ANKARA,1,30.0,1,2,226387,15:00,14.5,8,EARTHQUAKE,0.0249,0.0537663890408142,0.0737530305377711,9.4,geri_kurulan
2026-07-25 14:45,2026-07-25,ANKARA,1,30.0,1,2,226387,15:00,14.5,11,THAT BEATS ALL,0.0223,0.0376533816806643,0.0519309728131122,13.35,geri_kurulan
2026-07-25 14:45,2026-07-25,ANKARA,1,30.0,1,2,226387,15:00,14.5,12,VEN CONMİGO,0.0429,0.03434287633307,0.0398435912100602,17.4,geri_kurulan
2026-07-25 14:45,2026-07-25,ANKARA,1,30.0,1,2,226387,15:00,14.5,13,JOYOUS GIRL,0.0305,0.0511005833178087,0.0663424389526362,10.45,geri_kurulan
2026-07-25 14:45,2026-07-25,ANKARA,1,30.0,2,3,226386,15:30,44.5,2,SER VEYRON,0.1247,0.2034034233576515,0.215532068708819,3.45,geri_kurulan
2026-07-25 14:45,2026-07-25,ANKARA,1,30.0,2,3,226386,15:30,44.5,3,SMART CHILDREN,0.5148,0.2938673854742788,0.2219658618046046,3.35,geri_kurulan
2026-07-25 14:45,2026-07-25,ANKARA,1,30.0,2,3,226386,15:30,44.5,4,BUMMER GIRL,0.0384,0.0653268330197799,0.0869690803561901,8.55,geri_kurulan
2026-07-25 14:45,2026-07-25,ANKARA,1,30.0,2,3,226386,15:30,44.5,6,MİA STAR,0.0486,0.0459571901517646,0.056332245230714,13.2,geri_kurulan
2026-07-25 14:45,2026-07-25,ANKARA,1,30.0,2,3,226386,15:30,44.5,7,TEMPESTA MIA,0.0617,0.0587692796839639,0.0688505219486505,10.8,geri_kurulan
2026-07-25 14:45,2026-07-25,ANKARA,1,30.0,2,3,226386,15:30,44.5,8,ÜNLÜ BOMBA,0.0318,0.0576910968022649,0.0799554448435941,9.3,geri_kurulan
2026-07-25 14:45,2026-07-25,ANKARA,1,30.0,2,3,226386,15:30,44.5,9,SERAHİRA,0.1802,0.2749847915102962,0.2703947771074275,2.75,geri_kurulan
2026-07-25 15:15,2026-07-25,ANKARA,1,30.0,3,4,226380,16:00,44.9,2,SEMENDHAN,0.1978,0.1206476498418901,0.1138044965861696,6.55,geri_kurulan
2026-07-25 15:15,2026-07-25,ANKARA,1,30.0,3,4,226380,16:00,44.9,3,ASİL MİR,0.0689,0.0781424101604618,0.0882153198389835,8.45,geri_kurulan
2026-07-25 15:15,2026-07-25,ANKARA,1,30.0,3,4,226380,16:00,44.9,4,ESİNİN KIZI,0.0472,0.0918735637849518,0.1120931507728438,6.65,geri_kurulan
2026-07-25 15:15,2026-07-25,ANKARA,1,30.0,3,4,226380,16:00,44.9,5,DELİ UMUT,0.2568,0.1302729086721407,0.1173888901794348,6.35,geri_kurulan
2026-07-25 15:15,2026-07-25,ANKARA,1,30.0,3,4,226380,16:00,44.9,7,CESURSOY,0.265,0.4172252496116342,0.3923260277049533,1.9,geri_kurulan
2026-07-25 15:15,2026-07-25,ANKARA,1,30.0,3,4,226380,16:00,44.9,8,NEVŞEHİR BEYİ,0.1272,0.1130889408780461,0.1155689073859552,6.45,geri_kurulan
2026-07-25 15:15,2026-07-25,ANKARA,1,30.0,3,4,226380,16:00,44.9,9,KASIRGA BEY,0.0371,0.0487492770508749,0.0606032075316594,12.3,geri_kurulan
2026-07-25 15:45,2026-07-25,ANKARA,1,30.0,4,5,226381,16:30,44.9,1,ELSENORDELOSCIELOS,0.056,0.0923708035022249,0.1277827416474482,5.85,geri_kurulan
2026-07-25 15:45,2026-07-25,ANKARA,1,30.0,4,5,226381,16:30,44.9,2,RATTLESNAKE,0.2052,0.159767324235515,0.164292096403862,4.55,geri_kurulan
2026-07-25 15:45,2026-07-25,ANKARA,1,30.0,4,5,226381,16:30,44.9,3,ANATOLIAN HERO,0.6682,0.621423596411407,0.5155372680259118,1.45,geri_kurulan
2026-07-25 15:45,2026-07-25,ANKARA,1,30.0,4,5,226381,16:30,44.9,4,HAVASUPAI,0.0409,0.0669799665374605,0.0983590840312594,7.6,geri_kurulan
2026-07-25 15:45,2026-07-25,ANKARA,1,30.0,4,5,226381,16:30,44.9,5,STAR WIZARD,0.0297,0.0594583093133924,0.0940288098915185,7.95,geri_kurulan
2026-07-25 16:15,2026-07-25,ANKARA,1,30.0,5,6,226384,17:00,44.9,1,EL LORD,0.147,0.2848213235508764,0.3050140144381962,2.45,geri_kurulan
2026-07-25 16:15,2026-07-25,ANKARA,1,30.0,5,6,226384,17:00,44.9,2,ŞEN AKYÜZ,0.0476,0.1253177566868095,0.1698373489485411,4.4,geri_kurulan
2026-07-25 16:15,2026-07-25,ANKARA,1,30.0,5,6,226384,17:00,44.9,3,JOHN ABRUZZI,0.1315,0.0620364326016629,0.062015297541376,12.05,geri_kurulan
2026-07-25 16:15,2026-07-25,ANKARA,1,30.0,5,6,226384,17:00,44.9,4,ŞERDİL,0.0458,0.0571220882554537,0.0743566502859284,10.05,geri_kurulan
2026-07-25 16:15,2026-07-25,ANKARA,1,30.0,5,6,226384,17:00,44.9,5,BABİLİ,0.0545,0.0516265269273715,0.0638704560148359,11.7,geri_kurulan
2026-07-25 16:15,2026-07-25,ANKARA,1,30.0,5,6,226384,17:00,44.9,6,GOLDEN DRAGON,0.5737,0.4190758719778258,0.3249062327711222,2.3,geri_kurulan
2026-07-25 16:45,2026-07-25,ANKARA,1,30.0,6,7,226385,17:30,44.9,1,CALL HIM DADDY,0.0387,0.0327280687039693,0.0362246165376886,20.65,geri_kurulan
2026-07-25 16:45,2026-07-25,ANKARA,1,30.0,6,7,226385,17:30,44.9,2,LAGARİ,0.1838,0.1043815803144112,0.0835797018439408,8.95,geri_kurulan
2026-07-25 16:45,2026-07-25,ANKARA,1,30.0,6,7,226385,17:30,44.9,3,MORİ PAŞA,0.0153,0.0160591672902613,0.0215262829209574,34.75,geri_kurulan
2026-07-25 16:45,2026-07-25,ANKARA,1,30.0,6,7,226385,17:30,44.9,4,MR TT,0.0462,0.1719091736468457,0.202172522027911,3.7,geri_kurulan
2026-07-25 16:45,2026-07-25,ANKARA,1,30.0,6,7,226385,17:30,44.9,5,SÜPER HAN,0.2162,0.1395438906636225,0.1092026761318643,6.85,geri_kurulan
2026-07-25 16:45,2026-07-25,ANKARA,1,30.0,6,7,226385,17:30,44.9,7,TIMETEX,0.0715,0.136178558219134,0.1411393078308058,5.3,geri_kurulan
2026-07-25 16:45,2026-07-25,ANKARA,1,30.0,6,7,226385,17:30,44.9,8,ASTRAEA,0.0127,0.0162838576709661,0.0229108217918306,32.65,geri_kurulan
2026-07-25 16:45,2026-07-25,ANKARA,1,30.0,6,7,226385,17:30,44.9,9,GREAT ANGEL,0.0227,0.0187193433619917,0.0229108217918306,32.65,geri_kurulan
2026-07-25 16:45,2026-07-25,ANKARA,1,30.0,6,7,226385,17:30,44.9,11,MANNARA,0.1213,0.0781577267721669,0.068314002877011,10.95,geri_kurulan
2026-07-25 16:45,2026-07-25,ANKARA,1,30.0,6,7,226385,17:30,44.9,12,MAXIMAND,0.0689,0.1018637202034627,0.1046207456647931,7.15,geri_kurulan
2026-07-25 16:45,2026-07-25,ANKARA,1,30.0,6,7,226385,17:30,44.9,13,METALIVE,0.041,0.0626678483330489,0.0712417458574543,10.5,geri_kurulan
2026-07-25 16:45,2026-07-25,ANKARA,1,30.0,6,7,226385,17:30,44.9,14,O PAPATYA,0.0567,0.0508356710583236,0.0524939180002295,14.25,geri_kurulan
2026-07-25 16:45,2026-07-25,ANKARA,1,30.0,6,7,226385,17:30,44.9,15,XERİNA,0.1051,0.0706713937617957,0.0636628367236826,11.75,geri_kurulan
2026-07-25 17:30,2026-07-25,IZMIR,1,30.0,1,2,226401,18:00,29.0,1,KAZANCI,0.0398,0.027910682031804,0.0318354445529578,21.75,geri_kurulan
2026-07-25 17:30,2026-07-25,IZMIR,1,30.0,1,2,226401,18:00,29.0,2,BER KEMAL,0.1614,0.1487147452485437,0.1398830139448145,4.95,geri_kurulan
2026-07-25 17:30,2026-07-25,IZMIR,1,30.0,1,2,226401,18:00,29.0,3,KAPTANPAŞALI,0.2028,0.0431462839158282,0.036929115681431,18.75,geri_kurulan
2026-07-25 17:30,2026-07-25,IZMIR,1,30.0,1,2,226401,18:00,29.0,4,KIVILCIM ATEŞİ,0.107,0.0683467284839925,0.0672253319443526,10.3,geri_kurulan
2026-07-25 17:30,2026-07-25,IZMIR,1,30.0,1,2,226401,18:00,29.0,5,TÜRKAN HANIM,0.0469,0.0589168830754308,0.0672253319443526,10.3,geri_kurulan
2026-07-25 17:30,2026-07-25,IZMIR,1,30.0,1,2,226401,18:00,29.0,6,AFŞINTAY,0.0629,0.032927921608577,0.0347078154900667,19.95,geri_kurulan
2026-07-25 17:30,2026-07-25,IZMIR,1,30.0,1,2,226401,18:00,29.0,7,CANYAMAN,0.1802,0.4930318394503372,0.477531668294367,1.45,geri_kurulan
2026-07-25 17:30,2026-07-25,IZMIR,1,30.0,1,2,226401,18:00,29.0,8,GÜÇLÜ KRAL,0.077,0.0231566844005506,0.0231578902684559,29.9,geri_kurulan
2026-07-25 17:30,2026-07-25,IZMIR,1,30.0,1,2,226401,18:00,29.0,9,COŞKUNTAY,0.0332,0.0346146808398727,0.0412155308944542,16.8,geri_kurulan
2026-07-25 17:30,2026-07-25,IZMIR,1,30.0,1,2,226401,18:00,29.0,10,SERİNTEPE,0.0604,0.0485946056341368,0.0524561302293054,13.2,geri_kurulan
2026-07-25 17:30,2026-07-25,IZMIR,1,30.0,1,2,226401,18:00,29.0,11,BORZEMİR,0.0103,0.0114899861614669,0.0162731120805365,42.55,geri_kurulan
2026-07-25 17:30,2026-07-25,IZMIR,1,30.0,1,2,226401,18:00,29.0,12,KISAKÜREK,0.018,0.0091489591494592,0.0115596146749053,59.9,geri_kurulan
2026-07-25 17:45,2026-07-25,IZMIR,1,30.0,2,3,226393,18:30,44.9,1,ADA RÜZGARI,0.0739,0.0729977100716245,0.0778525327760124,9.6,geri_kurulan
2026-07-25 17:45,2026-07-25,IZMIR,1,30.0,2,3,226393,18:30,44.9,2,AMBER KIZI,0.0899,0.0771627374539117,0.0795089696435871,9.4,geri_kurulan
2026-07-25 17:45,2026-07-25,IZMIR,1,30.0,2,3,226393,18:30,44.9,3,AŞAN SİMAY,0.1333,0.0832576027155153,0.0799341512994352,9.35,geri_kurulan
2026-07-25 17:45,2026-07-25,IZMIR,1,30.0,2,3,226393,18:30,44.9,4,DİLDA HATUN,0.0826,0.0437705715494467,0.0447535517754323,16.7,geri_kurulan
2026-07-25 17:45,2026-07-25,IZMIR,1,30.0,2,3,226393,18:30,44.9,5,EVGENİYA,0.08,0.0604951005216172,0.0630704062995543,11.85,geri_kurulan
2026-07-25 17:45,2026-07-25,IZMIR,1,30.0,2,3,226393,18:30,44.9,6,HASGÖKÇE,0.1598,0.1457066695180032,0.138404502712911,5.4,geri_kurulan
2026-07-25 17:45,2026-07-25,IZMIR,1,30.0,2,3,226393,18:30,44.9,7,IŞIKLARLIM,0.1243,0.244851077766314,0.2491281048832398,3.0,geri_kurulan
2026-07-25 17:45,2026-07-25,IZMIR,1,30.0,2,3,226393,18:30,44.9,8,MY GİRL,0.1759,0.1747392758910415,0.1642602889340042,4.55,geri_kurulan
2026-07-25 17:45,2026-07-25,IZMIR,1,30.0,2,3,226393,18:30,44.9,9,YURTHİSAR,0.0803,0.0970192545125255,0.1030874916758233,7.25,geri_kurulan
2026-07-25 18:15,2026-07-25,IZMIR,1,30.0,3,4,226392,19:00,44.9,1,ZAZA ENES,0.1503,0.2029830656207712,0.191272992493784,3.9,geri_kurulan
2026-07-25 18:15,2026-07-25,IZMIR,1,30.0,3,4,226392,19:00,44.9,2,ŞAHİN MELTEM,0.2075,0.1816927662113464,0.1604225098334963,4.65,geri_kurulan
2026-07-25 18:15,2026-07-25,IZMIR,1,30.0,3,4,226392,19:00,44.9,3,ALTIN ESMER,0.169,0.0496048980482453,0.0431193451286565,17.3,geri_kurulan
2026-07-25 18:15,2026-07-25,IZMIR,1,30.0,3,4,226392,19:00,44.9,4,TINASEFE,0.0694,0.0348478478093964,0.0352701971974353,21.15,geri_kurulan
2026-07-25 18:15,2026-07-25,IZMIR,1,30.0,3,4,226392,19:00,44.9,5,ERDAĞI,0.0903,0.2112677700094338,0.2194013737428699,3.4,geri_kurulan
2026-07-25 18:15,2026-07-25,IZMIR,1,30.0,3,4,226392,19:00,44.9,6,KRALÇINAR,0.0906,0.0796360204905475,0.0793579436942295,9.4,geri_kurulan
2026-07-25 18:15,2026-07-25,IZMIR,1,30.0,3,4,226392,19:00,44.9,7,EFSANEVİTAY,0.0351,0.0351421217346691,0.0404316894702307,18.45,geri_kurulan
2026-07-25 18:15,2026-07-25,IZMIR,1,30.0,3,4,226392,19:00,44.9,8,ERENDİZ,0.0265,0.0087713049377034,0.0100399013556629,74.3,geri_kurulan
2026-07-25 18:15,2026-07-25,IZMIR,1,30.0,3,4,226392,19:00,44.9,9,GAYEMSİN,0.0139,0.0214387771487956,0.028746230085771,25.95,geri_kurulan
2026-07-25 18:15,2026-07-25,IZMIR,1,30.0,3,4,226392,19:00,44.9,10,LOKUM HÜMA,0.0587,0.0329900312764545,0.0343762521071777,21.7,geri_kurulan
2026-07-25 18:15,2026-07-25,IZMIR,1,30.0,3,4,226392,19:00,44.9,11,SELMİNKIZ,0.0223,0.0335213026157607,0.0419081275688628,17.8,geri_kurulan
2026-07-25 18:15,2026-07-25,IZMIR,1,30.0,3,4,226392,19:00,44.9,12,ZAFER YILDIZI,0.0664,0.1081040940968757,0.1156534373218229,6.45,geri_kurulan
2026-07-25 18:45,2026-07-25,IZMIR,1,30.0,4,5,226391,19:30,44.9,1,EL CACİQUE,0.1056,0.0286744266145708,0.0319653646737746,27.55,geri_kurulan
2026-07-25 18:45,2026-07-25,IZMIR,1,30.0,4,5,226391,19:30,44.9,2,KLEIN,0.4211,0.8619145770986888,0.8387102826309439,1.05,geri_kurulan
2026-07-25 18:45,2026-07-25,IZMIR,1,30.0,4,5,226391,19:30,44.9,3,CAN EFE,0.2287,0.0378172531123317,0.0352258318704996,25.0,geri_kurulan
2026-07-25 18:45,2026-07-25,IZMIR,1,30.0,4,5,226391,19:30,44.9,4,DISTANCE RUNNER,0.0342,0.0109908335249517,0.0153690365927136,57.3,geri_kurulan
2026-07-25 18:45,2026-07-25,IZMIR,1,30.0,4,5,226391,19:30,44.9,5,ERBAALI SADİ,0.0708,0.0057072586178293,0.0063561587640742,138.55,geri_kurulan
2026-07-25 18:45,2026-07-25,IZMIR,1,30.0,4,5,226391,19:30,44.9,6,HUMAN TORCH,0.0828,0.0265950062141581,0.0313955720770941,28.05,geri_kurulan
2026-07-25 18:45,2026-07-25,IZMIR,1,30.0,4,5,226391,19:30,44.9,7,LITTLE JOE,0.0451,0.0223869541898103,0.030524984289861,28.85,geri_kurulan
2026-07-25 18:45,2026-07-25,IZMIR,1,30.0,4,5,226391,19:30,44.9,8,ZAGANOS,0.0117,0.0059136906276589,0.0104527691010384,84.25,geri_kurulan
2026-07-25 19:15,2026-07-25,IZMIR,1,30.0,5,6,226390,20:00,44.9,1,FROST CAT,0.2349,0.3017858036175374,0.2816265060240963,2.65,geri_kurulan
2026-07-25 19:15,2026-07-25,IZMIR,1,30.0,5,6,226390,20:00,44.9,2,MOĞOL,0.0929,0.1965434936251048,0.2261546184738955,3.3,geri_kurulan
2026-07-25 19:15,2026-07-25,IZMIR,1,30.0,5,6,226390,20:00,44.9,3,ÇEPNİ,0.043,0.1287907993625657,0.1756024096385542,4.25,geri_kurulan
2026-07-25 19:15,2026-07-25,IZMIR,1,30.0,5,6,226390,20:00,44.9,4,DANCE OF WIND,0.2282,0.1821855777964654,0.16584672021419,4.5,geri_kurulan
2026-07-25 19:15,2026-07-25,IZMIR,1,30.0,5,6,226390,20:00,44.9,5,ÖNDERBEYİM,0.4009,0.1906943255983264,0.1507697456492637,4.95,geri_kurulan
2026-07-25 19:45,2026-07-25,IZMIR,1,30.0,6,7,226399,20:30,44.9,1,SUPER SHOW,0.1007,0.0765138821698972,0.0677396830782515,11.05,geri_kurulan
2026-07-25 19:45,2026-07-25,IZMIR,1,30.0,6,7,226399,20:30,44.9,2,FLYING DRAGON,0.0771,0.1033021045412097,0.0998031330686239,7.5,geri_kurulan
2026-07-25 19:45,2026-07-25,IZMIR,1,30.0,6,7,226399,20:30,44.9,3,PARMIGIANO,0.1751,0.1076553722061966,0.0845789263293423,8.85,geri_kurulan
2026-07-25 19:45,2026-07-25,IZMIR,1,30.0,6,7,226399,20:30,44.9,4,AYCOO THUNDER,0.0768,0.1065473549661948,0.1032446204158178,7.25,geri_kurulan
2026-07-25 19:45,2026-07-25,IZMIR,1,30.0,6,7,226399,20:30,44.9,5,FEEL THE BATTLE,0.1107,0.1099177559972768,0.0972108438980103,7.7,geri_kurulan
2026-07-25 19:45,2026-07-25,IZMIR,1,30.0,6,7,226399,20:30,44.9,6,IRON TEMPEST,0.0645,0.0605484379783891,0.0591718180248758,12.65,geri_kurulan
2026-07-25 19:45,2026-07-25,IZMIR,1,30.0,6,7,226399,20:30,44.9,7,LITTLE GIANT,0.0219,0.0356842343520831,0.0444227595260937,16.85,geri_kurulan
2026-07-25 19:45,2026-07-25,IZMIR,1,30.0,6,7,226399,20:30,44.9,8,MANEKİ NEKO,0.0533,0.066816586143953,0.068988340830846,10.85,geri_kurulan
2026-07-25 19:45,2026-07-25,IZMIR,1,30.0,6,7,226399,20:30,44.9,9,NIGHT RUNNER,0.0327,0.0290286999949872,0.0321945590543948,23.25,geri_kurulan
2026-07-25 19:45,2026-07-25,IZMIR,1,30.0,6,7,226399,20:30,44.9,10,ORION BELT,0.0297,0.0472847951245798,0.0554461850381244,13.5,geri_kurulan
2026-07-25 19:45,2026-07-25,IZMIR,1,30.0,6,7,226399,20:30,44.9,11,YOU ARE BIG,0.0716,0.0637443984108969,0.0608555689442828,12.3,geri_kurulan
2026-07-25 19:45,2026-07-25,IZMIR,1,30.0,6,7,226399,20:30,44.9,12,CALL TO WARRIOR,0.0483,0.0441290999205465,0.0455029482075793,16.45,geri_kurulan
2026-07-25 19:45,2026-07-25,IZMIR,1,30.0,6,7,226399,20:30,44.9,13,DARK RİSHA,0.011,0.0245935834866251,0.0356439760959371,21.0,geri_kurulan
2026-07-25 19:45,2026-07-25,IZMIR,1,30.0,6,7,226399,20:30,44.9,14,ETERNAL STORM,0.0492,0.0379587327189778,0.0385836854646742,19.4,geri_kurulan
2026-07-25 19:45,2026-07-25,IZMIR,1,30.0,6,7,226399,20:30,44.9,15,OJO TURCO,0.0115,0.0162300557612322,0.0226482147659509,33.05,geri_kurulan
2026-07-25 19:45,2026-07-25,IZMIR,1,30.0,6,7,226399,20:30,44.9,16,LOVE IN MELİSA,0.018,0.0174288194337447,0.0217910770892191,34.35,geri_kurulan
2026-07-25 19:45,2026-07-25,IZMIR,1,30.0,6,7,226399,20:30,44.9,17,BOYALIK,0.0323,0.0355182206954336,0.0400279945462395,18.7,geri_kurulan
2026-07-25 19:45,2026-07-25,IZMIR,1,30.0,6,7,226399,20:30,44.9,18,MAMBERAMO,0.0156,0.0170978660977751,0.022145665621736,33.8,geri_kurulan
2026-07-26 13:00,2026-07-26,ISTANBUL,1,30.0,1,1,226402,13:30,29.6,1,BOZALAN,0.0901,0.1066343206625506,0.1090213478877862,6.85,geri_kurulan
2026-07-26 13:00,2026-07-26,ISTANBUL,1,30.0,1,1,226402,13:30,29.6,2,CİHANDERE,0.0281,0.0487207598556541,0.0599836331752077,12.45,geri_kurulan
2026-07-26 13:00,2026-07-26,ISTANBUL,1,30.0,1,1,226402,13:30,29.6,3,ÇEÇAN BEY,0.0124,0.0123394780972303,0.016725559530377,44.65,geri_kurulan
2026-07-26 13:00,2026-07-26,ISTANBUL,1,30.0,1,1,226402,13:30,29.6,4,DOĞANIN ASLANI,0.1653,0.1455718303422595,0.1345578798254659,5.55,geri_kurulan
2026-07-26 13:00,2026-07-26,ISTANBUL,1,30.0,1,1,226402,13:30,29.6,5,KOEMAN,0.1329,0.3193881814330799,0.3177856310771642,2.35,geri_kurulan
2026-07-26 13:00,2026-07-26,ISTANBUL,1,30.0,1,1,226402,13:30,29.6,6,PARLAMA ZAMANI,0.2206,0.1007024347819218,0.0868367712827134,8.6,geri_kurulan
2026-07-26 13:00,2026-07-26,ISTANBUL,1,30.0,1,1,226402,13:30,29.6,7,ULU AĞAÇ,0.0846,0.1498339721223433,0.1572202595855444,4.75,geri_kurulan
2026-07-26 13:00,2026-07-26,ISTANBUL,1,30.0,1,1,226402,13:30,29.6,8,ALLER YILDIZI,0.0617,0.028578823908751,0.029693687198065,25.15,geri_kurulan
2026-07-26 13:00,2026-07-26,ISTANBUL,1,30.0,1,1,226402,13:30,29.6,9,GÜNKARİ,0.0803,0.0320494925637953,0.03184632123801,23.45,geri_kurulan
2026-07-26 13:00,2026-07-26,ISTANBUL,1,30.0,1,1,226402,13:30,29.6,10,ŞAHANIL,0.1071,0.0477193534545125,0.0456756105829563,16.35,geri_kurulan
2026-07-26 13:00,2026-07-26,ISTANBUL,1,30.0,1,1,226402,13:30,29.6,11,TALTİF,0.0169,0.0084613527779012,0.0106532986167095,70.1,geri_kurulan
2026-07-26 13:15,2026-07-26,ISTANBUL,1,30.0,2,2,226413,14:00,44.9,1,GIRALAMO,0.1177,0.0577191176820716,0.0601610971025483,12.25,geri_kurulan
2026-07-26 13:15,2026-07-26,ISTANBUL,1,30.0,2,2,226413,14:00,44.9,2,HİDAN,0.1627,0.0842340461619563,0.0828060044389008,8.9,geri_kurulan
2026-07-26 13:15,2026-07-26,ISTANBUL,1,30.0,2,2,226413,14:00,44.9,3,DEJAME,0.1028,0.0682594084951586,0.0744417615662846,9.9,geri_kurulan
2026-07-26 13:15,2026-07-26,ISTANBUL,1,30.0,2,2,226413,14:00,44.9,4,INCOME,0.3822,0.5513218900016811,0.4913156263374784,1.5,geri_kurulan
2026-07-26 13:15,2026-07-26,ISTANBUL,1,30.0,2,2,226413,14:00,44.9,5,TRAİDORA,0.1365,0.0838619476504431,0.0861957239188558,8.55,geri_kurulan
2026-07-26 13:15,2026-07-26,ISTANBUL,1,30.0,2,2,226413,14:00,44.9,6,RAYMOND BABBITT,0.0817,0.1132144438240474,0.1352244843130674,5.45,geri_kurulan
2026-07-26 13:15,2026-07-26,ISTANBUL,1,30.0,2,2,226413,14:00,44.9,7,BOLD STEPS,0.0164,0.0413891461846416,0.0698553023228642,10.55,geri_kurulan
2026-07-26 13:45,2026-07-26,ISTANBUL,1,30.0,3,3,226411,14:30,44.9,1,SANDOKAN,0.2128,0.2357698753333037,0.2223213315910564,2.6,geri_kurulan
2026-07-26 13:45,2026-07-26,ISTANBUL,1,30.0,3,3,226411,14:30,44.9,2,VICTORY XECE,0.4588,0.3247791362472445,0.2569046498385541,2.25,geri_kurulan
2026-07-26 13:45,2026-07-26,ISTANBUL,1,30.0,3,3,226411,14:30,44.9,3,YONAGUNI,0.1962,0.1560617821783184,0.146338091680189,3.95,geri_kurulan
2026-07-26 13:45,2026-07-26,ISTANBUL,1,30.0,3,3,226411,14:30,44.9,4,INDIANA JONES,0.0274,0.1441568418280573,0.2223213315910564,2.6,geri_kurulan
2026-07-26 13:45,2026-07-26,ISTANBUL,1,30.0,3,3,226411,14:30,44.9,5,ALDANA,0.1048,0.1392323644130759,0.1521145952991439,3.8,geri_kurulan
2026-07-26 14:15,2026-07-26,ISTANBUL,1,30.0,4,4,226403,15:00,44.9,1,ARDEN TUNA,0.064,0.0387350581961468,0.0410256032882159,18.2,geri_kurulan
2026-07-26 14:15,2026-07-26,ISTANBUL,1,30.0,4,4,226403,15:00,44.9,2,BULLETS,0.1063,0.1282788939385255,0.129854953016614,5.75,geri_kurulan
2026-07-26 14:15,2026-07-26,ISTANBUL,1,30.0,4,4,226403,15:00,44.9,3,DOSTBAŞAR,0.067,0.0541470544951177,0.0576576046212765,12.95,geri_kurulan
2026-07-26 14:15,2026-07-26,ISTANBUL,1,30.0,4,4,226403,15:00,44.9,4,EFE KAPTAN,0.0744,0.100983019222053,0.1082124608471783,6.9,geri_kurulan
2026-07-26 14:15,2026-07-26,ISTANBUL,1,30.0,4,4,226403,15:00,44.9,5,GÖKKILIÇ,0.0266,0.0209042823738432,0.0254400674564065,29.35,geri_kurulan
2026-07-26 14:15,2026-07-26,ISTANBUL,1,30.0,4,4,226403,15:00,44.9,6,KARAT,0.0635,0.0995293262746964,0.1098038205655192,6.8,geri_kurulan
2026-07-26 14:15,2026-07-26,ISTANBUL,1,30.0,4,4,226403,15:00,44.9,7,ULUŞİRAN BEYİ,0.13,0.1630854884049175,0.1605733289990388,4.65,geri_kurulan
2026-07-26 14:15,2026-07-26,ISTANBUL,1,30.0,4,4,226403,15:00,44.9,8,QUEEN HANIM,0.2206,0.1487794097774036,0.1321532707691205,5.65,geri_kurulan
2026-07-26 14:15,2026-07-26,ISTANBUL,1,30.0,4,4,226403,15:00,44.9,9,TANKIZI,0.1684,0.2074004397427664,0.1964910473277712,3.8,geri_kurulan
2026-07-26 14:15,2026-07-26,ISTANBUL,1,30.0,4,4,226403,15:00,44.9,10,NAZÇEKMEZ,0.0794,0.0381570275745295,0.0387878431088587,19.25,geri_kurulan
2026-07-26 15:00,2026-07-26,ISTANBUL,2,30.0,1,5,226404,15:30,29.0,2,ALAZVUR,0.0109,0.0626070135271037,0.0926558429321755,6.6,geri_kurulan
2026-07-26 15:00,2026-07-26,ISTANBUL,2,30.0,1,5,226404,15:30,29.0,3,ALPLİ,0.1078,0.0550351435242361,0.0527179795993412,11.6,geri_kurulan
2026-07-26 15:00,2026-07-26,ISTANBUL,2,30.0,1,5,226404,15:30,29.0,4,KAFKAS YÜREKLİ,0.0501,0.0511218589925162,0.0563620795716459,10.85,geri_kurulan
2026-07-26 15:00,2026-07-26,ISTANBUL,2,30.0,1,5,226404,15:30,29.0,5,TOROSOĞLU,0.142,0.1878626904445445,0.1798613421624583,3.4,geri_kurulan
2026-07-26 15:00,2026-07-26,ISTANBUL,2,30.0,1,5,226404,15:30,29.0,6,YALNIZEDE,0.0939,0.1743847256147385,0.1798613421624583,3.4,geri_kurulan
2026-07-26 15:00,2026-07-26,ISTANBUL,2,30.0,1,5,226404,15:30,29.0,7,ÇİLDUTAY,0.182,0.1271281172486457,0.1143044043649268,5.35,geri_kurulan
2026-07-26 15:00,2026-07-26,ISTANBUL,2,30.0,1,5,226404,15:30,29.0,8,AFRİKA SULTANI,0.1466,0.2201154022671684,0.2108719183973649,2.9,geri_kurulan
2026-07-26 15:00,2026-07-26,ISTANBUL,2,30.0,1,5,226404,15:30,29.0,9,DOĞAN HANIM,0.0975,0.0597472042409818,0.0585194797466371,10.45,geri_kurulan
2026-07-26 15:00,2026-07-26,ISTANBUL,2,30.0,1,5,226404,15:30,29.0,10,ÜLFET ŞEKERİ,0.1692,0.0619978441400649,0.0548456110629917,11.15,geri_kurulan
2026-07-26 18:31,2026-07-26,IZMIR,1,30.0,1,2,226409,19:00,28.9,1,BARİ,0.0654,0.0768310182234935,0.0942982097848928,7.9,geri_kurulan
2026-07-26 18:31,2026-07-26,IZMIR,1,30.0,1,2,226409,19:00,28.9,2,WAR STORM,0.1676,0.1156790206614532,0.1146085934308697,6.5,geri_kurulan
2026-07-26 18:31,2026-07-26,IZMIR,1,30.0,1,2,226409,19:00,28.9,3,BAHİSÇİ,0.0602,0.0344608925258147,0.0410443998512756,18.15,geri_kurulan
2026-07-26 18:31,2026-07-26,IZMIR,1,30.0,1,2,226409,19:00,28.9,4,MORIARTY,0.3671,0.554102186383862,0.4966372382004355,1.5,geri_kurulan
2026-07-26 18:31,2026-07-26,IZMIR,1,30.0,1,2,226409,19:00,28.9,5,TOROS GÜZELİ,0.074,0.0135117945680268,0.0143813872065763,51.8,geri_kurulan
2026-07-26 18:31,2026-07-26,IZMIR,1,30.0,1,2,226409,19:00,28.9,6,KİNG EDDİE,0.0573,0.029106021485315,0.0347298767972332,21.45,geri_kurulan
2026-07-26 18:31,2026-07-26,IZMIR,1,30.0,1,2,226409,19:00,28.9,7,ASİLİKOM,0.1209,0.1240835765917646,0.1342262805947123,5.55,geri_kurulan
2026-07-26 18:31,2026-07-26,IZMIR,1,30.0,1,2,226409,19:00,28.9,8,PRIMUS,0.0744,0.0324857234013062,0.0365174439853261,20.4,geri_kurulan
2026-07-26 18:31,2026-07-26,IZMIR,1,30.0,1,2,226409,19:00,28.9,9,WINGS OF FREEDOM,0.013,0.0197397661589638,0.033556570148678,22.2,geri_kurulan
2026-07-26 18:45,2026-07-26,IZMIR,1,30.0,2,3,226412,19:30,44.9,1,UZUN TAY,0.1036,0.0510747373557212,0.0451950998538992,15.4,geri_kurulan
2026-07-26 18:45,2026-07-26,IZMIR,1,30.0,2,3,226412,19:30,44.9,2,BAD REFTAR,0.1257,0.0753504767634018,0.065352538755873,10.65,geri_kurulan
2026-07-26 18:45,2026-07-26,IZMIR,1,30.0,2,3,226412,19:30,44.9,3,FROZEN LOVE,0.1369,0.0532050335126678,0.0447591342604532,15.55,geri_kurulan
2026-07-26 18:45,2026-07-26,IZMIR,1,30.0,2,3,226412,19:30,44.9,4,RİGEL,0.1412,0.1098488912908439,0.0946944949319793,7.35,geri_kurulan
2026-07-26 18:45,2026-07-26,IZMIR,1,30.0,2,3,226412,19:30,44.9,5,HUMAY KIZIM,0.0113,0.0224777798294793,0.0291215287761526,23.9,geri_kurulan
2026-07-26 18:45,2026-07-26,IZMIR,1,30.0,2,3,226412,19:30,44.9,6,HALAY,0.0181,0.0464764316292722,0.0568166969591876,12.25,geri_kurulan
2026-07-26 18:45,2026-07-26,IZMIR,1,30.0,2,3,226412,19:30,44.9,7,UÇANEMİRHAN,0.0642,0.0426173674014271,0.0409414433970616,17.0,geri_kurulan
2026-07-26 18:45,2026-07-26,IZMIR,1,30.0,2,3,226412,19:30,44.9,8,ŞİFNE EFESİ,0.0795,0.0984158188418725,0.09405466726352,7.4,geri_kurulan
2026-07-26 18:45,2026-07-26,IZMIR,1,30.0,2,3,226412,19:30,44.9,9,BABY ARYA,0.091,0.0766284334877566,0.0706603591624414,9.85,geri_kurulan
2026-07-26 18:45,2026-07-26,IZMIR,1,30.0,2,3,226412,19:30,44.9,10,KING GÖKÇE,0.0543,0.0698274955952871,0.0706603591624414,9.85,geri_kurulan
2026-07-26 18:45,2026-07-26,IZMIR,1,30.0,2,3,226412,19:30,44.9,11,BABA ÇAKMAK,0.0229,0.0239857383398963,0.0272942955980411,25.5,geri_kurulan
2026-07-26 18:45,2026-07-26,IZMIR,1,30.0,2,3,226412,19:30,44.9,12,SERTTAYKUT,0.0446,0.039467011623423,0.0404653801017469,17.2,geri_kurulan
2026-07-26 18:45,2026-07-26,IZMIR,1,30.0,2,3,226412,19:30,44.9,13,FEHİMOĞLU,0.0242,0.0446095277987209,0.0515558916851887,13.5,geri_kurulan
2026-07-26 18:45,2026-07-26,IZMIR,1,30.0,2,3,226412,19:30,44.9,14,AYTEKİNBEY,0.0401,0.0964092014439737,0.1046623365037666,6.65,geri_kurulan
2026-07-26 18:45,2026-07-26,IZMIR,1,30.0,2,3,226412,19:30,44.9,15,DEMİRNAL,0.0423,0.149606055086256,0.1637657735882466,4.25,geri_kurulan
2026-07-26 19:15,2026-07-26,IZMIR,1,30.0,3,4,226407,20:00,44.9,1,KING FERİT,0.2571,0.1956193398748508,0.1758223761100431,4.25,geri_kurulan
2026-07-26 19:15,2026-07-26,IZMIR,1,30.0,3,4,226407,20:00,44.9,2,TOLPER,0.1619,0.0741488833688291,0.0704948206101588,10.6,geri_kurulan
2026-07-26 19:15,2026-07-26,IZMIR,1,30.0,3,4,226407,20:00,44.9,3,VİTE VİTE,0.2609,0.3232682526203249,0.2988980393870734,2.5,geri_kurulan
2026-07-26 19:15,2026-07-26,IZMIR,1,30.0,3,4,226407,20:00,44.9,4,WALTZ WITH DREAMS,0.0929,0.0985004644518486,0.1098889850687769,6.8,geri_kurulan
2026-07-26 19:15,2026-07-26,IZMIR,1,30.0,3,4,226407,20:00,44.9,5,DAISY DUKE,0.0322,0.0370066693216688,0.0508329998957607,14.7,geri_kurulan
2026-07-26 19:15,2026-07-26,IZMIR,1,30.0,3,4,226407,20:00,44.9,6,HAS SERÇE,0.1676,0.2271581321673212,0.2299215687592872,3.25,geri_kurulan
2026-07-26 19:15,2026-07-26,IZMIR,1,30.0,3,4,226407,20:00,44.9,7,NEW ARTİST,0.0274,0.0442982581951564,0.0641412101688998,11.65,geri_kurulan
2026-07-26 19:45,2026-07-26,IZMIR,1,30.0,4,5,226408,20:30,44.9,1,PRENSES SYLVESTER,0.3251,0.5582054828329607,0.5437536078612419,1.35,geri_kurulan
2026-07-26 19:45,2026-07-26,IZMIR,1,30.0,4,5,226408,20:30,44.9,2,THUNDER JEST,0.0645,0.0348098182213326,0.042927916410098,17.1,geri_kurulan
2026-07-26 19:45,2026-07-26,IZMIR,1,30.0,4,5,226408,20:30,44.9,3,DUYARLI,0.0132,0.021385669928174,0.0383324997708969,19.15,geri_kurulan
2026-07-26 19:45,2026-07-26,IZMIR,1,30.0,4,5,226408,20:30,44.9,4,LOVE WAY,0.133,0.0465489437750312,0.0486137331531574,15.1,geri_kurulan
2026-07-26 19:45,2026-07-26,IZMIR,1,30.0,4,5,226408,20:30,44.9,5,SPEEDY SOUL,0.2956,0.2795246411226493,0.2669335893137006,2.75,geri_kurulan
2026-07-26 19:45,2026-07-26,IZMIR,1,30.0,4,5,226408,20:30,44.9,6,KHIOS,0.1686,0.059525444119852,0.059438653490905,12.35,geri_kurulan
2026-07-26 20:45,2026-07-26,IZMIR,1,30.0,6,7,226410,21:30,44.9,1,DİLŞAHKAYA,0.0364,0.0053202996621981,0.004251792791849,173.2,geri_kurulan
2026-07-26 20:45,2026-07-26,IZMIR,1,30.0,6,7,226410,21:30,44.9,2,KIZIM MERYEM,0.0878,0.014269611468912,0.0100740152058585,73.1,geri_kurulan
2026-07-26 20:45,2026-07-26,IZMIR,1,30.0,6,7,226410,21:30,44.9,3,TAM YOL,0.0589,0.0313271026127808,0.0246291140986039,29.9,geri_kurulan
2026-07-26 20:45,2026-07-26,IZMIR,1,30.0,6,7,226410,21:30,44.9,4,DİLBERHATUN,0.0366,0.0135748376567428,0.0112687147903329,65.35,geri_kurulan
2026-07-26 20:45,2026-07-26,IZMIR,1,30.0,6,7,226410,21:30,44.9,5,ESENYIL,0.1156,0.0286045914300839,0.0197429091567897,37.3,geri_kurulan
2026-07-26 20:45,2026-07-26,IZMIR,1,30.0,6,7,226410,21:30,44.9,6,SÜTLİMAN,0.0836,0.0454884734566855,0.0340143423347925,21.65,geri_kurulan
2026-07-26 20:45,2026-07-26,IZMIR,1,30.0,6,7,226410,21:30,44.9,7,YILDIZ SOY,0.044,0.0432112940831019,0.0363659511875683,20.25,geri_kurulan
2026-07-26 20:45,2026-07-26,IZMIR,1,30.0,6,7,226410,21:30,44.9,8,CANFEZA,0.0255,0.0079412319557349,0.0068984591245738,106.75,geri_kurulan
2026-07-26 20:45,2026-07-26,IZMIR,1,30.0,6,7,226410,21:30,44.9,9,EFOR,0.0355,0.0085011695889229,0.006960401810475,105.8,geri_kurulan
2026-07-26 20:45,2026-07-26,IZMIR,1,30.0,6,7,226410,21:30,44.9,10,EFSUNHATUN,0.074,0.0142393846927962,0.0103792883939148,70.95,geri_kurulan
2026-07-26 20:45,2026-07-26,IZMIR,1,30.0,6,7,226410,21:30,44.9,11,GİZLİ YAKUT,0.0063,0.003582533680548,0.0039129145140715,188.2,geri_kurulan
2026-07-26 20:45,2026-07-26,IZMIR,1,30.0,6,7,226410,21:30,44.9,12,GÖKDİL,0.1493,0.025985310788627,0.0170268326369539,43.25,geri_kurulan
2026-07-26 20:45,2026-07-26,IZMIR,1,30.0,6,7,226410,21:30,44.9,13,HÜKÜMDAR KIZ,0.0179,0.0107387338418686,0.0100947294249247,72.95,geri_kurulan
2026-07-26 20:45,2026-07-26,IZMIR,1,30.0,6,7,226410,21:30,44.9,14,KOLOPHON,0.0212,0.0321228296666064,0.0306199796901562,24.05,geri_kurulan
2026-07-26 20:45,2026-07-26,IZMIR,1,30.0,6,7,226410,21:30,44.9,15,MİRAY ABLA,0.072,0.0181090087192506,0.0134014651783122,54.95,geri_kurulan
2026-07-26 20:45,2026-07-26,IZMIR,1,30.0,6,7,226410,21:30,44.9,16,SEREN RÜZGARI,0.0243,0.0053542998254801,0.0046169938028103,159.5,geri_kurulan
2026-07-26 20:45,2026-07-26,IZMIR,1,30.0,6,7,226410,21:30,44.9,17,YILDIZ SULTAN,0.0179,0.6296738183055183,0.7013433443316746,1.05,geri_kurulan
2026-07-26 20:45,2026-07-26,IZMIR,1,30.0,6,7,226410,21:30,44.9,18,YOL GEZER,0.0386,0.03535823071293,0.0302427314804212,24.35,geri_kurulan
2026-07-26 20:45,2026-07-26,IZMIR,1,30.0,6,7,226410,21:30,44.9,19,AYBUGA,0.0219,0.0212570275667476,0.0197959814932327,37.2,geri_kurulan
2026-07-26 20:45,2026-07-26,IZMIR,1,30.0,6,7,226410,21:30,44.9,20,ASEL SULTAN,0.0325,0.0053402102844635,0.0043600385526835,168.9,geri_kurulan
2026-07-27 13:00,2026-07-27,BURSA,1,30.0,1,1,226419,13:30,29.5,1,KÖSTENCELİ BEY,0.2491,0.322041269924993,0.3053676766664554,2.45,geri_kurulan
2026-07-27 13:00,2026-07-27,BURSA,1,30.0,1,1,226419,13:30,29.5,2,LAMPO NERO,0.108,0.0982262352362285,0.1068786868332594,7.0,geri_kurulan
2026-07-27 13:00,2026-07-27,BURSA,1,30.0,1,1,226419,13:30,29.5,3,ŞEVRAN,0.0298,0.0541189883445904,0.0787527166139806,9.5,geri_kurulan
2026-07-27 13:00,2026-07-27,BURSA,1,30.0,1,1,226419,13:30,29.5,4,ZEALANDIA,0.0695,0.0398077486752552,0.0457584591946676,16.35,geri_kurulan
2026-07-27 13:00,2026-07-27,BURSA,1,30.0,1,1,226419,13:30,29.5,5,CETRION,0.1372,0.1414063936955794,0.1481486748183794,5.05,geri_kurulan
2026-07-27 13:00,2026-07-27,BURSA,1,30.0,1,1,226419,13:30,29.5,6,KRALİÇE NONİKA,0.3667,0.3015632781082729,0.2579830371837296,2.9,geri_kurulan
2026-07-27 13:00,2026-07-27,BURSA,1,30.0,1,1,226419,13:30,29.5,8,MY LIFE ELİF,0.0396,0.0428360860150803,0.0571107486895279,13.1,geri_kurulan
2026-07-27 13:15,2026-07-27,BURSA,1,30.0,2,2,226432,14:00,44.9,1,CORSARO,0.4458,0.2403267410708251,0.1839502859019738,4.05,geri_kurulan
2026-07-27 13:15,2026-07-27,BURSA,1,30.0,2,2,226432,14:00,44.9,2,FALCON OF MUTAFLAR,0.1718,0.1807013569098264,0.1732555018379055,4.3,geri_kurulan
2026-07-27 13:15,2026-07-27,BURSA,1,30.0,2,2,226432,14:00,44.9,3,GRINGOLET,0.1082,0.1816494827241304,0.1960522783955247,3.8,geri_kurulan
2026-07-27 13:15,2026-07-27,BURSA,1,30.0,2,2,226432,14:00,44.9,4,ASYA MİLA,0.0162,0.0401747735392391,0.0639483826526175,11.65,geri_kurulan
2026-07-27 13:15,2026-07-27,BURSA,1,30.0,2,2,226432,14:00,44.9,5,ABDULLAH BEY,0.022,0.0140389532454509,0.019325516417717,38.55,geri_kurulan
2026-07-27 13:15,2026-07-27,BURSA,1,30.0,2,2,226432,14:00,44.9,6,ULUBEY,0.0848,0.1577124568864321,0.1795177488922876,4.15,geri_kurulan
2026-07-27 13:15,2026-07-27,BURSA,1,30.0,2,2,226432,14:00,44.9,7,EVERYTHING ALRIGHT,0.1512,0.1853962356240959,0.1839502859019738,4.05,geri_kurulan
2026-07-27 13:45,2026-07-27,BURSA,1,30.0,3,3,226431,14:30,44.9,1,GLITTER WINGS,0.3739,0.3157732660026383,0.261430600555859,2.85,geri_kurulan
2026-07-27 13:45,2026-07-27,BURSA,1,30.0,3,3,226431,14:30,44.9,2,MR MONK,0.2063,0.1599020880903792,0.147540041897861,5.05,geri_kurulan
2026-07-27 13:45,2026-07-27,BURSA,1,30.0,3,3,226431,14:30,44.9,3,PAKSUHAN,0.0226,0.0492513504447668,0.0741370359785271,10.05,geri_kurulan
2026-07-27 13:45,2026-07-27,BURSA,1,30.0,3,3,226431,14:30,44.9,4,RICARDO,0.0697,0.1157161426717986,0.1379772614044811,5.4,geri_kurulan
2026-07-27 13:45,2026-07-27,BURSA,1,30.0,3,3,226431,14:30,44.9,5,RÜZGAR UĞUR,0.1638,0.1228919497642447,0.1182662240609838,6.3,geri_kurulan
2026-07-27 13:45,2026-07-27,BURSA,1,30.0,3,3,226431,14:30,44.9,6,MADAME SCARLET,0.1172,0.2024979637906116,0.2191403563482936,3.4,geri_kurulan
2026-07-27 13:45,2026-07-27,BURSA,1,30.0,3,3,226431,14:30,44.9,7,MAJESTIC ENDEAVOUR,0.0466,0.0339672392355603,0.0415084797539943,17.95,geri_kurulan
2026-07-27 14:15,2026-07-27,BURSA,1,30.0,4,4,226433,15:00,44.9,1,İLKEJDER,0.0486,0.1334061083529325,0.1495677251836699,5.0,geri_kurulan
2026-07-27 14:15,2026-07-27,BURSA,1,30.0,4,4,226433,15:00,44.9,2,YAZIRBEYİ,0.1344,0.0067150201413419,0.0054927552399438,136.15,geri_kurulan
2026-07-27 14:15,2026-07-27,BURSA,1,30.0,4,4,226433,15:00,44.9,3,BODRUMLU,0.3302,0.183078490758661,0.1452113836734659,5.15,geri_kurulan
2026-07-27 14:15,2026-07-27,BURSA,1,30.0,4,4,226433,15:00,44.9,4,PAMİRALP,0.0251,0.0673691164925023,0.0830931806575944,9.0,geri_kurulan
2026-07-27 14:15,2026-07-27,BURSA,1,30.0,4,4,226433,15:00,44.9,6,YEŞİL ADA,0.1156,0.0926416513903915,0.0869579797579476,8.6,geri_kurulan
2026-07-27 14:15,2026-07-27,BURSA,1,30.0,4,4,226433,15:00,44.9,7,ADISOYLU,0.0541,0.0773561932567459,0.0830931806575944,9.0,geri_kurulan
2026-07-27 14:15,2026-07-27,BURSA,1,30.0,4,4,226433,15:00,44.9,8,AMCA,0.0759,0.2708080042845024,0.2876302407378268,2.6,geri_kurulan
2026-07-27 14:15,2026-07-27,BURSA,1,30.0,4,4,226433,15:00,44.9,9,GÜZEL ZEHRA,0.0719,0.0600901533090822,0.060553734892174,12.35,geri_kurulan
2026-07-27 14:15,2026-07-27,BURSA,1,30.0,4,4,226433,15:00,44.9,10,ZİRVE BEYİ,0.1441,0.10853526201384,0.0983998191997828,7.6,geri_kurulan
2026-07-27 15:15,2026-07-27,BURSA,2,30.0,2,6,226436,16:00,44.9,1,MADEN DAĞI,0.0285,0.0142450863208168,0.015234013122396,45.3,geri_kurulan
2026-07-27 15:15,2026-07-27,BURSA,2,30.0,2,6,226436,16:00,44.9,2,ERVANUR,0.0483,0.0371023358426744,0.037403837097265,18.45,geri_kurulan
2026-07-27 15:15,2026-07-27,BURSA,2,30.0,2,6,226436,16:00,44.9,3,MENGİSOY,0.0101,0.0067332649342313,0.0084778967376479,81.4,geri_kurulan
2026-07-27 15:15,2026-07-27,BURSA,2,30.0,2,6,226436,16:00,44.9,4,SOĞUKDAĞ,0.173,0.0697111674852317,0.0567984192958468,12.15,geri_kurulan
2026-07-27 15:15,2026-07-27,BURSA,2,30.0,2,6,226436,16:00,44.9,5,YEŞİLKAYA,0.0692,0.0768016088801082,0.0746054912913015,9.25,geri_kurulan
2026-07-27 15:15,2026-07-27,BURSA,2,30.0,2,6,226436,16:00,44.9,6,DESTE KIZIM,0.0298,0.0659948655601554,0.0746054912913015,9.25,geri_kurulan
2026-07-27 15:15,2026-07-27,BURSA,2,30.0,2,6,226436,16:00,44.9,7,İKİGAİ,0.0713,0.0709667441550102,0.0683268113311425,10.1,geri_kurulan
2026-07-27 15:15,2026-07-27,BURSA,2,30.0,2,6,226436,16:00,44.9,8,TOLSTOY,0.2074,0.0703574810492507,0.0554297826863083,12.45,geri_kurulan
2026-07-27 15:15,2026-07-27,BURSA,2,30.0,2,6,226436,16:00,44.9,9,GÜZELNİSA,0.0484,0.0232004075354368,0.0229269366925096,30.1,geri_kurulan
2026-07-27 15:15,2026-07-27,BURSA,2,30.0,2,6,226436,16:00,44.9,10,ALSAKİB,0.0546,0.0110852827291833,0.0103852640247485,66.45,geri_kurulan
2026-07-27 15:15,2026-07-27,BURSA,2,30.0,2,6,226436,16:00,44.9,11,HAYALİNOĞLU,0.0726,0.4588836604348447,0.4759315823755443,1.45,geri_kurulan
2026-07-27 15:15,2026-07-27,BURSA,2,30.0,2,6,226436,16:00,44.9,12,HÜMA YAPRAK,0.0082,0.0133239589950352,0.0179480050570751,38.45,geri_kurulan
2026-07-27 15:15,2026-07-27,BURSA,2,30.0,2,6,226436,16:00,44.9,13,BİÇERGİLLER,0.164,0.0462341269716026,0.037403837097265,18.45,geri_kurulan
2026-07-27 15:15,2026-07-27,BURSA,2,30.0,2,6,226436,16:00,44.9,14,DILDA,0.0146,0.0353600091064179,0.0445226318996476,15.5,geri_kurulan
2026-07-27 16:00,2026-07-27,BURSA,2,30.0,3,7,226434,16:30,29.4,1,GÖREME BEYİ,0.2185,0.2689066481010567,0.2563402377923308,2.1,geri_kurulan
2026-07-27 16:00,2026-07-27,BURSA,2,30.0,3,7,226434,16:30,29.4,2,SON İZCİ,0.4215,0.3026661441675668,0.2563402377923308,2.1,geri_kurulan
2026-07-27 16:00,2026-07-27,BURSA,2,30.0,3,7,226434,16:30,29.4,3,KAPTAN ARAS,0.0372,0.0173682357934728,0.0205856405110475,26.15,geri_kurulan
2026-07-27 16:00,2026-07-27,BURSA,2,30.0,3,7,226434,16:30,29.4,4,HIZLI KEREM,0.1439,0.0342750408607889,0.0324285842990298,16.6,geri_kurulan
2026-07-27 16:00,2026-07-27,BURSA,2,30.0,3,7,226434,16:30,29.4,5,OĞUL ÇINAR,0.0918,0.3282684943980388,0.3712513788716515,1.45,geri_kurulan
2026-07-27 16:00,2026-07-27,BURSA,2,30.0,3,7,226434,16:30,29.4,6,CİHAN ŞAHI,0.0244,0.0160397219740818,0.0205072190233864,26.25,geri_kurulan
2026-07-27 16:00,2026-07-27,BURSA,2,30.0,3,7,226434,16:30,29.4,7,HEP BİRLİKTE,0.0169,0.015068762368077,0.0205856405110475,26.15,geri_kurulan
2026-07-27 16:00,2026-07-27,BURSA,2,30.0,3,7,226434,16:30,29.4,8,PRENSES MEHLİKA,0.0236,0.0084831801857597,0.0106281243704618,50.65,geri_kurulan
2026-07-27 16:00,2026-07-27,BURSA,2,30.0,3,7,226434,16:30,29.4,9,DAĞLAROĞLU KIZI,0.0222,0.0089237721511572,0.0113329368287135,47.5,geri_kurulan
2026-07-27 16:45,2026-07-27,BURSA,2,30.0,5,9,226420,17:30,44.9,1,SON CESİ,0.3015,0.3777665175040181,0.3399606769239306,2.2,geri_kurulan
2026-07-27 16:45,2026-07-27,BURSA,2,30.0,5,9,226420,17:30,44.9,2,ÇİLLİ CAFER,0.1939,0.2256837651867436,0.219974555656661,3.4,geri_kurulan
2026-07-27 16:45,2026-07-27,BURSA,2,30.0,5,9,226420,17:30,44.9,3,DERNIERE STAR,0.1143,0.0717739460378367,0.0744192526599649,10.05,geri_kurulan
2026-07-27 16:45,2026-07-27,BURSA,2,30.0,5,9,226420,17:30,44.9,4,GRAY CONQUEROR,0.0588,0.0970911792596849,0.1216119494687231,6.15,geri_kurulan
2026-07-27 16:45,2026-07-27,BURSA,2,30.0,5,9,226420,17:30,44.9,5,ALTIN KELEBEK,0.0378,0.0183929725513481,0.0231911159451983,32.25,geri_kurulan
2026-07-27 16:45,2026-07-27,BURSA,2,30.0,5,9,226420,17:30,44.9,6,MOON ASH,0.1496,0.101444501568785,0.1003910723802211,7.45,geri_kurulan
2026-07-27 16:45,2026-07-27,BURSA,2,30.0,5,9,226420,17:30,44.9,7,QOUNTM CAT,0.0189,0.0200500172871771,0.0303413180216084,24.65,geri_kurulan
2026-07-27 16:45,2026-07-27,BURSA,2,30.0,5,9,226420,17:30,44.9,8,TODAY IS A GIFT,0.1251,0.0877971006044062,0.0901100589436924,8.3,geri_kurulan
2026-07-27 17:30,2026-07-27,BURSA,2,30.0,6,10,226435,18:00,29.4,1,DAMLA SUYU,0.0928,0.0332263679622672,0.0300723951599303,24.9,geri_kurulan
2026-07-27 17:30,2026-07-27,BURSA,2,30.0,6,10,226435,18:00,29.4,2,AKYEL ABİ,0.0866,0.0568407182467873,0.0532955615289868,14.05,geri_kurulan
2026-07-27 17:30,2026-07-27,BURSA,2,30.0,6,10,226435,18:00,29.4,3,DİLHUN,0.0391,0.0396803288800331,0.0425456045160377,17.6,geri_kurulan
2026-07-27 17:30,2026-07-27,BURSA,2,30.0,6,10,226435,18:00,29.4,4,RÜZGARSU,0.1402,0.0819876659848775,0.071314537093549,10.5,geri_kurulan
2026-07-27 17:30,2026-07-27,BURSA,2,30.0,6,10,226435,18:00,29.4,5,SEMENDİN GÜCÜ,0.0422,0.0486137043856556,0.0518202518672847,14.45,geri_kurulan
2026-07-27 17:30,2026-07-27,BURSA,2,30.0,6,10,226435,18:00,29.4,6,BENDEME,0.0734,0.0446873263829828,0.0427887222561294,17.5,geri_kurulan
2026-07-27 17:30,2026-07-27,BURSA,2,30.0,6,10,226435,18:00,29.4,7,KÜLÜNÇ AĞASI,0.1942,0.219574992567041,0.1872006598705662,4.0,geri_kurulan
2026-07-27 17:30,2026-07-27,BURSA,2,30.0,6,10,226435,18:00,29.4,8,ŞANLI ANKA,0.0184,0.0299267192433423,0.0365269580235251,20.5,geri_kurulan
2026-07-27 17:30,2026-07-27,BURSA,2,30.0,6,10,226435,18:00,29.4,9,MADEİRA,0.0472,0.083023822902339,0.0886156969801497,8.45,geri_kurulan
2026-07-27 17:30,2026-07-27,BURSA,2,30.0,6,10,226435,18:00,29.4,10,ANADOLUNUN SAZI,0.023,0.0247520514884883,0.0287448230127548,26.05,geri_kurulan
2026-07-27 17:30,2026-07-27,BURSA,2,30.0,6,10,226435,18:00,29.4,11,ÇUKUROVA EFESİ,0.0603,0.0670663910804259,0.0677649447495262,11.05,geri_kurulan
2026-07-27 17:30,2026-07-27,BURSA,2,30.0,6,10,226435,18:00,29.4,12,PRENSES SEDA,0.0256,0.0361759455911656,0.0418325496917466,17.9,geri_kurulan
2026-07-27 17:30,2026-07-27,BURSA,2,30.0,6,10,226435,18:00,29.4,13,MANGA PARBAT,0.0289,0.0446696529295373,0.0509389550668207,14.7,geri_kurulan
2026-07-27 17:30,2026-07-27,BURSA,2,30.0,6,10,226435,18:00,29.4,14,ÇUBUKLU,0.0319,0.0359978621524501,0.0399361407723874,18.75,geri_kurulan
2026-07-27 17:30,2026-07-27,BURSA,2,30.0,6,10,226435,18:00,29.4,16,KARANİMO,0.0154,0.0214861017213442,0.0267429514100808,28.0,geri_kurulan
2026-07-27 17:30,2026-07-27,BURSA,2,30.0,6,10,226435,18:00,29.4,17,KÜÇÜKAHSEN,0.0085,0.0202442498957418,0.0280976600180962,26.65,geri_kurulan
2026-07-27 17:30,2026-07-27,BURSA,2,30.0,6,10,226435,18:00,29.4,18,BİRGEDAĞ,0.0724,0.1120460985855202,0.1117615879824276,6.7,geri_kurulan
2026-07-28 14:00,2026-07-28,ANKARA,1,30.0,1,1,226437,14:30,29.4,1,BANKO MEHMET,0.1294,0.1662673587008561,0.1698543801794738,3.65,geri_kurulan
2026-07-28 14:00,2026-07-28,ANKARA,1,30.0,1,1,226437,14:30,29.4,2,BLESSED STORM,0.1339,0.1676370886579221,0.1698543801794738,3.65,geri_kurulan
2026-07-28 14:00,2026-07-28,ANKARA,1,30.0,1,1,226437,14:30,29.4,3,BOBİDİK,0.0899,0.0707837681362757,0.0751476954733429,8.25,geri_kurulan
2026-07-28 14:00,2026-07-28,ANKARA,1,30.0,1,1,226437,14:30,29.4,4,CAPRENO,0.0685,0.0346631361504447,0.0376880539607951,16.45,geri_kurulan
2026-07-28 14:00,2026-07-28,ANKARA,1,30.0,1,1,226437,14:30,29.4,5,DE HELE,0.0841,0.0721280186007385,0.0779834575666766,7.95,geri_kurulan
2026-07-28 14:00,2026-07-28,ANKARA,1,30.0,1,1,226437,14:30,29.4,6,POWER OF THE NIGHT,0.1367,0.0895436572061729,0.0867088793923188,7.15,geri_kurulan
2026-07-28 14:00,2026-07-28,ANKARA,1,30.0,1,1,226437,14:30,29.4,7,SOMETHING FAST,0.1908,0.1468400457284038,0.1347757581858868,4.6,geri_kurulan
2026-07-28 14:00,2026-07-28,ANKARA,1,30.0,1,1,226437,14:30,29.4,8,STAR OF HANDEL,0.1666,0.2521369268191859,0.2479873950620318,2.5,geri_kurulan
2026-07-28 14:15,2026-07-28,ANKARA,1,30.0,2,2,226445,15:00,44.9,1,HARD LION,0.0881,0.1005813503003704,0.1193767940164223,6.2,geri_kurulan
2026-07-28 14:15,2026-07-28,ANKARA,1,30.0,2,2,226445,15:00,44.9,2,TERCAL NİHAT,0.5014,0.5013718023556992,0.4229349273724678,1.75,geri_kurulan
2026-07-28 14:15,2026-07-28,ANKARA,1,30.0,2,2,226445,15:00,44.9,3,PALURİ MAN,0.1223,0.0851345125902532,0.0919423755157538,8.05,geri_kurulan
2026-07-28 14:15,2026-07-28,ANKARA,1,30.0,2,2,226445,15:00,44.9,4,EURO POWER,0.1099,0.1620352890205213,0.18737623364603,3.95,geri_kurulan
2026-07-28 14:15,2026-07-28,ANKARA,1,30.0,2,2,226445,15:00,44.9,5,GREEN EYED MEMO,0.1582,0.1123496726257838,0.1156462692034091,6.4,geri_kurulan
2026-07-28 14:15,2026-07-28,ANKARA,1,30.0,2,2,226445,15:00,44.9,6,NEURO RUSH,0.0201,0.0385273731073717,0.0627234002459168,11.8,geri_kurulan
2026-07-28 15:15,2026-07-28,ANKARA,2,30.0,2,4,226442,16:00,44.9,1,DOUBLE WORLD,0.034,0.0395078201935445,0.0513215721014859,14.55,geri_kurulan
2026-07-28 15:15,2026-07-28,ANKARA,2,30.0,2,4,226442,16:00,44.9,2,ANGLE RISING,0.1552,0.1040858289201612,0.0976116175263555,7.65,geri_kurulan
2026-07-28 15:15,2026-07-28,ANKARA,2,30.0,2,4,226442,16:00,44.9,3,ÇAKIR ASLANI,0.2265,0.1937562900258095,0.1716618101325563,4.35,geri_kurulan
2026-07-28 15:15,2026-07-28,ANKARA,2,30.0,2,4,226442,16:00,44.9,4,FIGHTING MAN,0.0317,0.0507486265503747,0.0681944177238922,10.95,geri_kurulan
2026-07-28 15:15,2026-07-28,ANKARA,2,30.0,2,4,226442,16:00,44.9,5,KENTUCKY BLAZE,0.0727,0.0677694412399626,0.0750481280479015,9.95,geri_kurulan
2026-07-28 15:15,2026-07-28,ANKARA,2,30.0,2,4,226442,16:00,44.9,6,SECRET STORM,0.2545,0.2411958100244055,0.2103461617117239,3.55,geri_kurulan
2026-07-28 15:15,2026-07-28,ANKARA,2,30.0,2,4,226442,16:00,44.9,7,SILVER PUNCH,0.0237,0.0144097724640379,0.0192455895380572,38.8,geri_kurulan
2026-07-28 15:15,2026-07-28,ANKARA,2,30.0,2,4,226442,16:00,44.9,8,LOQUİTA,0.1565,0.2038512564364399,0.1991276997537653,3.75,geri_kurulan
2026-07-28 15:15,2026-07-28,ANKARA,2,30.0,2,4,226442,16:00,44.9,9,MALCOOBA,0.0451,0.0846751541452638,0.1074430034642618,6.95,geri_kurulan
2026-07-28 16:00,2026-07-28,ANKARA,2,30.0,3,5,226447,16:30,29.4,1,ÖZTATMAR,0.3117,0.3508837277767816,0.3324410688537261,2.25,geri_kurulan
2026-07-28 16:00,2026-07-28,ANKARA,2,30.0,3,5,226447,16:30,29.4,2,BAY AHMET,0.3304,0.3970308306734633,0.3739962024604419,2.0,geri_kurulan
2026-07-28 16:00,2026-07-28,ANKARA,2,30.0,3,5,226447,16:30,29.4,3,DEDEMHAMZAREİS,0.0626,0.0200986250879934,0.0228394627456758,32.75,geri_kurulan
2026-07-28 16:00,2026-07-28,ANKARA,2,30.0,3,5,226447,16:30,29.4,4,ERBAŞKAN,0.1065,0.0586866249837872,0.0631217219342517,11.85,geri_kurulan
2026-07-28 16:00,2026-07-28,ANKARA,2,30.0,3,5,226447,16:30,29.4,5,GÖHERBEYİ,0.1032,0.0670738531968499,0.0729748687727691,10.25,geri_kurulan
2026-07-28 16:00,2026-07-28,ANKARA,2,30.0,3,5,226447,16:30,29.4,6,İSKENDER HAN,0.0385,0.0233707949107161,0.0292756322865316,25.55,geri_kurulan
2026-07-28 16:00,2026-07-28,ANKARA,2,30.0,3,5,226447,16:30,29.4,7,NAHİT ABİ,0.0471,0.0828555433704082,0.1053510429466033,7.1,geri_kurulan
2026-07-28 16:15,2026-07-28,ANKARA,2,30.0,4,6,226444,17:00,44.9,1,CAZATOR DE OSOS,0.0207,0.0139796858383637,0.0206953893624762,36.1,geri_kurulan
2026-07-28 16:15,2026-07-28,ANKARA,2,30.0,4,6,226444,17:00,44.9,2,BULL MAN,0.1798,0.0596200468701206,0.0557539967153278,13.4,geri_kurulan
2026-07-28 16:15,2026-07-28,ANKARA,2,30.0,4,6,226444,17:00,44.9,3,GEL OGLİM,0.0955,0.1428572694483333,0.1660230124411985,4.5,geri_kurulan
2026-07-28 16:15,2026-07-28,ANKARA,2,30.0,4,6,226444,17:00,44.9,4,MOUNTAIN,0.0712,0.0421411664092816,0.0488302977768231,15.3,geri_kurulan
2026-07-28 16:15,2026-07-28,ANKARA,2,30.0,4,6,226444,17:00,44.9,5,FAST PILOT,0.0264,0.0160337992736793,0.0225031191561865,33.2,geri_kurulan
2026-07-28 16:15,2026-07-28,ANKARA,2,30.0,4,6,226444,17:00,44.9,6,PATRICK STAR,0.4183,0.34732065909182,0.2929817866609386,2.55,geri_kurulan
2026-07-28 16:15,2026-07-28,ANKARA,2,30.0,4,6,226444,17:00,44.9,7,THOMAS SHELBY,0.1881,0.3780473730684013,0.3932123978870491,1.9,geri_kurulan
2026-07-28 16:45,2026-07-28,ANKARA,2,30.0,5,7,226446,17:30,44.4,1,SÜPER SONİK,0.1907,0.1052550373079102,0.0958009014648327,7.8,geri_kurulan
2026-07-28 16:45,2026-07-28,ANKARA,2,30.0,5,7,226446,17:30,44.4,2,MUHAFIZ,0.0848,0.1133981096313577,0.1205237147460798,6.2,geri_kurulan
2026-07-28 16:45,2026-07-28,ANKARA,2,30.0,5,7,226446,17:30,44.4,3,TAÇYİĞİT,0.0363,0.0996525958678965,0.123511906020776,6.05,geri_kurulan
2026-07-28 16:45,2026-07-28,ANKARA,2,30.0,5,7,226446,17:30,44.4,4,BAY TOSUNOĞLU,0.1725,0.1584168659276611,0.1494494062851389,5.0,geri_kurulan
2026-07-28 16:45,2026-07-28,ANKARA,2,30.0,5,7,226446,17:30,44.4,5,KOCAEFE,0.1851,0.1559512279991107,0.1450965109564456,5.15,geri_kurulan
2026-07-28 16:45,2026-07-28,ANKARA,2,30.0,5,7,226446,17:30,44.4,6,NACARLI,0.2093,0.2218849748542694,0.2047252140892314,3.65,geri_kurulan
2026-07-28 16:45,2026-07-28,ANKARA,2,30.0,5,7,226446,17:30,44.4,7,ABBAS BEY,0.0976,0.1042284161093846,0.1075175584785172,6.95,geri_kurulan
2026-07-28 16:45,2026-07-28,ANKARA,2,30.0,5,7,226446,17:30,44.4,8,DEĞERHAN,0.0236,0.0412127723024096,0.0533747879589782,14.0,geri_kurulan
2026-07-28 17:15,2026-07-28,ANKARA,2,30.0,6,8,226448,18:00,44.5,1,GÖZPINARI,0.1571,0.1135701976161889,0.1079015670397279,6.9,geri_kurulan
2026-07-28 17:15,2026-07-28,ANKARA,2,30.0,6,8,226448,18:00,44.5,2,AYSERA KIZ,0.0691,0.0310982815170479,0.0326544216041282,22.8,geri_kurulan
2026-07-28 17:15,2026-07-28,ANKARA,2,30.0,6,8,226448,18:00,44.5,3,KAYIP İNCİ,0.0785,0.1016519647738695,0.1094883547903122,6.8,geri_kurulan
2026-07-28 17:15,2026-07-28,ANKARA,2,30.0,6,8,226448,18:00,44.5,4,MİNİK ANNE,0.1433,0.1364933847894658,0.1329501451025219,5.6,geri_kurulan
2026-07-28 17:15,2026-07-28,ANKARA,2,30.0,6,8,226448,18:00,44.5,5,ŞUKELA,0.2361,0.3437003110408348,0.3168173670528183,2.35,geri_kurulan
2026-07-28 17:15,2026-07-28,ANKARA,2,30.0,6,8,226448,18:00,44.5,6,BENİM SULTANIM,0.0512,0.0510939390621291,0.0579393628462352,12.85,geri_kurulan
2026-07-28 17:15,2026-07-28,ANKARA,2,30.0,6,8,226448,18:00,44.5,7,JÜLİDEKIZ,0.0623,0.050481845800931,0.0551496898203054,13.5,geri_kurulan
2026-07-28 17:15,2026-07-28,ANKARA,2,30.0,6,8,226448,18:00,44.5,8,KARANURA,0.0081,0.0213675345236531,0.0330164440165908,22.55,geri_kurulan
2026-07-28 17:15,2026-07-28,ANKARA,2,30.0,6,8,226448,18:00,44.5,9,KILIÇ KIZI,0.097,0.0537150664350891,0.0541469681872089,13.75,geri_kurulan
2026-07-28 17:15,2026-07-28,ANKARA,2,30.0,6,8,226448,18:00,44.5,10,BERAY SULTAN,0.0975,0.0968274744407901,0.0999356795401507,7.45,geri_kurulan
2026-07-28 16:45,2026-07-28,KOCAELI,1,30.0,1,1,226440,17:15,29.4,1,ALTIN MÜHÜR,0.0337,0.0495038597459286,0.0594813293122637,12.55,geri_kurulan
2026-07-28 16:45,2026-07-28,KOCAELI,1,30.0,1,1,226440,17:15,29.4,2,ALTIN NOKTA,0.1226,0.1057712055942728,0.1029642321198496,7.25,geri_kurulan
2026-07-28 16:45,2026-07-28,KOCAELI,1,30.0,1,1,226440,17:15,29.4,3,BALBEYİM,0.213,0.2725433440312746,0.2488302276229698,3.0,geri_kurulan
2026-07-28 16:45,2026-07-28,KOCAELI,1,30.0,1,1,226440,17:15,29.4,4,ÇÖL KASIRGASI,0.1125,0.2552231383307005,0.2619265553925998,2.85,geri_kurulan
2026-07-28 16:45,2026-07-28,KOCAELI,1,30.0,1,1,226440,17:15,29.4,5,DÜZGÖRÜN OĞLU,0.1015,0.1309987156969416,0.1333019076551624,5.6,geri_kurulan
2026-07-28 16:45,2026-07-28,KOCAELI,1,30.0,1,1,226440,17:15,29.4,6,SERT KOŞU,0.09,0.0216263040035411,0.0208808582620674,35.75,geri_kurulan
2026-07-28 16:45,2026-07-28,KOCAELI,1,30.0,1,1,226440,17:15,29.4,7,AKGÜL HANIM,0.0975,0.0425091687151606,0.0415872246723626,17.95,geri_kurulan
2026-07-28 16:45,2026-07-28,KOCAELI,1,30.0,1,1,226440,17:15,29.4,8,EFE SULTAN,0.042,0.0669491845717855,0.0781665636511947,9.55,geri_kurulan
2026-07-28 16:45,2026-07-28,KOCAELI,1,30.0,1,1,226440,17:15,29.4,9,GÖNLÜMDE KUTUP,0.0273,0.0135836246172887,0.0160881612687265,46.4,geri_kurulan
2026-07-28 16:45,2026-07-28,KOCAELI,1,30.0,1,1,226440,17:15,29.4,10,KUMRUKIZ,0.1599,0.0412914546931055,0.0367729400428034,20.3,geri_kurulan
2026-07-28 17:00,2026-07-28,KOCAELI,1,30.0,2,2,226450,17:45,44.0,1,BAŞARAN TAY,0.0205,0.0151066139103866,0.0182984622086823,40.75,geri_kurulan
2026-07-28 17:00,2026-07-28,KOCAELI,1,30.0,2,2,226450,17:45,44.0,2,GÜÇLÜ PRENS,0.1814,0.1854576024402291,0.1657027411119568,4.5,geri_kurulan
2026-07-28 17:00,2026-07-28,KOCAELI,1,30.0,2,2,226450,17:45,44.0,3,SARPER,0.1481,0.1324810442673809,0.1212459081307001,6.15,geri_kurulan
2026-07-28 17:00,2026-07-28,KOCAELI,1,30.0,2,2,226450,17:45,44.0,4,CANASİLİM,0.134,0.0470351338182034,0.0420091456340172,17.75,geri_kurulan
2026-07-28 17:00,2026-07-28,KOCAELI,1,30.0,2,2,226450,17:45,44.0,5,CEBEBEY,0.1388,0.0749319560111461,0.067787485000346,11.0,geri_kurulan
2026-07-28 17:00,2026-07-28,KOCAELI,1,30.0,2,2,226450,17:45,44.0,6,KADER GÜCÜ,0.1303,0.0698241264223345,0.0637318235045988,11.7,geri_kurulan
2026-07-28 17:00,2026-07-28,KOCAELI,1,30.0,2,2,226450,17:45,44.0,7,MEGA STAR,0.1315,0.125752840183686,0.1174271393706781,6.35,geri_kurulan
2026-07-28 17:00,2026-07-28,KOCAELI,1,30.0,2,2,226450,17:45,44.0,8,ODABAŞI,0.0225,0.1287482059537291,0.1675645696637766,4.45,geri_kurulan
2026-07-28 17:00,2026-07-28,KOCAELI,1,30.0,2,2,226450,17:45,44.0,9,YENERSULTAN,0.0762,0.2047479239526043,0.2161340101460307,3.45,geri_kurulan
2026-07-28 17:00,2026-07-28,KOCAELI,1,30.0,2,2,226450,17:45,44.0,10,BAY YAKUT,0.0166,0.0159145530402997,0.0200987152292131,37.1,geri_kurulan
2026-07-28 17:45,2026-07-28,KOCAELI,1,30.0,3,3,226451,18:30,44.5,1,ARASİNKO,0.4155,0.8340332235376949,0.839172649993187,1.05,geri_kurulan
2026-07-28 17:45,2026-07-28,KOCAELI,1,30.0,3,3,226451,18:30,44.5,2,LION ESMER,0.4073,0.1209304173228486,0.1081142677905332,8.15,geri_kurulan
2026-07-28 17:45,2026-07-28,KOCAELI,1,30.0,3,3,226451,18:30,44.5,3,TEMERARIO,0.1067,0.0340405943907241,0.0395126135647016,22.3,geri_kurulan
2026-07-28 17:45,2026-07-28,KOCAELI,1,30.0,3,3,226451,18:30,44.5,4,BLACK RAPTOR,0.0705,0.0109957647487323,0.0132004686515782,66.75,geri_kurulan
2026-07-28 18:30,2026-07-28,KOCAELI,2,30.0,1,4,226454,19:00,29.4,1,NORTHERN NURDETTA,0.1865,0.2340459534928047,0.2098084465470316,3.55,geri_kurulan
2026-07-28 18:30,2026-07-28,KOCAELI,2,30.0,1,4,226454,19:00,29.4,2,PINEAL CODE,0.0461,0.0744763803574685,0.0886690458621383,8.4,geri_kurulan
2026-07-28 18:30,2026-07-28,KOCAELI,2,30.0,1,4,226454,19:00,29.4,3,DUCENS MULIER,0.1326,0.0846502713838576,0.077585415129371,9.6,geri_kurulan
2026-07-28 18:30,2026-07-28,KOCAELI,2,30.0,1,4,226454,19:00,29.4,4,SECRET LAV,0.1266,0.0825035467109816,0.07639179335815,9.75,geri_kurulan
2026-07-28 18:30,2026-07-28,KOCAELI,2,30.0,1,4,226454,19:00,29.4,5,MONTRESTA,0.0777,0.0235955099874287,0.0228472388111031,32.6,geri_kurulan
2026-07-28 18:30,2026-07-28,KOCAELI,2,30.0,1,4,226454,19:00,29.4,6,INTERVAL,0.0374,0.0432405300392002,0.0524521116367579,14.2,geri_kurulan
2026-07-28 18:30,2026-07-28,KOCAELI,2,30.0,1,4,226454,19:00,29.4,7,İCRA,0.0383,0.0519618947853557,0.0633889349142095,11.75,geri_kurulan
2026-07-28 18:30,2026-07-28,KOCAELI,2,30.0,1,4,226454,19:00,29.4,8,QUIET RIVER,0.0636,0.0709655571483757,0.077585415129371,9.6,geri_kurulan
2026-07-28 18:30,2026-07-28,KOCAELI,2,30.0,1,4,226454,19:00,29.4,9,I RO,0.0875,0.0459160671719987,0.0450042287155264,16.55,geri_kurulan
2026-07-28 18:30,2026-07-28,KOCAELI,2,30.0,1,4,226454,19:00,29.4,10,MAGIC FLUTE,0.1911,0.2486069779415672,0.2223343239528246,3.35,geri_kurulan
2026-07-28 18:30,2026-07-28,KOCAELI,2,30.0,1,4,226454,19:00,29.4,11,LIBERTA MIA,0.0125,0.040037310980961,0.063933045943516,11.65,geri_kurulan
2026-07-28 18:45,2026-07-28,KOCAELI,2,30.0,2,5,226439,19:30,44.9,1,BEKATA,0.141,0.1002531468266964,0.0904261829507186,6.65,geri_kurulan
2026-07-28 18:45,2026-07-28,KOCAELI,2,30.0,2,5,226439,19:30,44.9,2,ATEŞİZİ,0.0627,0.1067667146962401,0.1123989003032297,5.35,geri_kurulan
2026-07-28 18:45,2026-07-28,KOCAELI,2,30.0,2,5,226439,19:30,44.9,3,ENDER ŞOVALYE,0.1158,0.2013296169799835,0.1939787472975094,3.1,geri_kurulan
2026-07-28 18:45,2026-07-28,KOCAELI,2,30.0,2,5,226439,19:30,44.9,4,MESTAN,0.0749,0.0585074734334666,0.0580999146494955,10.35,geri_kurulan
2026-07-28 18:45,2026-07-28,KOCAELI,2,30.0,2,5,226439,19:30,44.9,5,REKOR TAY,0.036,0.1631453037212398,0.1939787472975094,3.1,geri_kurulan
2026-07-28 18:45,2026-07-28,KOCAELI,2,30.0,2,5,226439,19:30,44.9,6,USKUMRU,0.0496,0.0704063851131611,0.076118242610415,7.9,geri_kurulan
2026-07-28 18:45,2026-07-28,KOCAELI,2,30.0,2,5,226439,19:30,44.9,7,YÜKENOĞLU,0.0863,0.0602983683163123,0.0583819530701241,10.3,geri_kurulan
2026-07-28 18:45,2026-07-28,KOCAELI,2,30.0,2,5,226439,19:30,44.9,8,BEŞPINAR,0.2341,0.0808491311075656,0.0657195755871343,9.15,geri_kurulan
2026-07-28 18:45,2026-07-28,KOCAELI,2,30.0,2,5,226439,19:30,44.9,9,ÇİRKİN VE GÜZEL,0.1521,0.106235052035047,0.0946982860822486,6.35,geri_kurulan
2026-07-28 18:45,2026-07-28,KOCAELI,2,30.0,2,5,226439,19:30,44.9,11,MAHPAREM,0.0475,0.0522088077702871,0.0561994501516148,10.7,geri_kurulan
2026-07-28 19:15,2026-07-28,KOCAELI,2,30.0,3,6,226452,20:00,44.9,1,MISS CONQUEROR,0.1248,0.0587949195241287,0.053707810592471,13.9,geri_kurulan
2026-07-28 19:15,2026-07-28,KOCAELI,2,30.0,3,6,226452,20:00,44.9,2,TIZ A BELLA,0.2682,0.3132983800023731,0.2619433569246833,2.85,geri_kurulan
2026-07-28 19:15,2026-07-28,KOCAELI,2,30.0,3,6,226452,20:00,44.9,3,ANGEL OF DEFNE,0.0332,0.0507183179850104,0.0643567730375299,11.6,geri_kurulan
2026-07-28 19:15,2026-07-28,KOCAELI,2,30.0,3,6,226452,20:00,44.9,4,FINALLY ITS TIME,0.077,0.0660900426543246,0.0688053979018753,10.85,geri_kurulan
2026-07-28 19:15,2026-07-28,KOCAELI,2,30.0,3,6,226452,20:00,44.9,5,PRINCESS DENİZ,0.1318,0.0703259391636853,0.0640805637111886,11.65,geri_kurulan
2026-07-28 19:15,2026-07-28,KOCAELI,2,30.0,3,6,226452,20:00,44.9,6,ZENITH SKY,0.0956,0.052493404351472,0.050958263975109,14.65,geri_kurulan
2026-07-28 19:15,2026-07-28,KOCAELI,2,30.0,3,6,226452,20:00,44.9,7,BOUNDLESS POWER,0.0384,0.0711375947336644,0.0888736389565889,8.4,geri_kurulan
2026-07-28 19:15,2026-07-28,KOCAELI,2,30.0,3,6,226452,20:00,44.9,8,ROSAS DEL ROSEDAL,0.0227,0.1189714688423868,0.1756561334671405,4.25,geri_kurulan
2026-07-28 19:15,2026-07-28,KOCAELI,2,30.0,3,6,226452,20:00,44.9,9,RUZYM,0.2084,0.1981699327429544,0.1716180614334132,4.35,geri_kurulan
2026-07-28 19:45,2026-07-28,KOCAELI,2,30.0,4,7,226453,20:30,44.9,1,ASLAN HALİLİM,0.1595,0.2050340141983868,0.194205950700743,3.85,geri_kurulan
2026-07-28 19:45,2026-07-28,KOCAELI,2,30.0,4,7,226453,20:30,44.9,2,TALE OF THE DREAM,0.4084,0.1291969982728583,0.0934616137747325,8.0,geri_kurulan
2026-07-28 19:45,2026-07-28,KOCAELI,2,30.0,4,7,226453,20:30,44.9,4,FELIX PERLA,0.2029,0.2510967103786288,0.2265736091508668,3.3,geri_kurulan
2026-07-28 19:45,2026-07-28,KOCAELI,2,30.0,4,7,226453,20:30,44.9,5,STAR MY BEST,0.0432,0.0591518872866034,0.0722408608886821,10.35,geri_kurulan
2026-07-28 19:45,2026-07-28,KOCAELI,2,30.0,4,7,226453,20:30,44.9,6,ROCK FOR EVER,0.0623,0.1279798987878584,0.1495385820395721,5.0,geri_kurulan
2026-07-28 19:45,2026-07-28,KOCAELI,2,30.0,4,7,226453,20:30,44.9,7,IRON LION,0.0744,0.1323061537594412,0.1480580020193783,5.05,geri_kurulan
2026-07-28 19:45,2026-07-28,KOCAELI,2,30.0,4,7,226453,20:30,44.9,8,MİKEA,0.0493,0.0952343373162229,0.1159213814260249,6.45,geri_kurulan
2026-07-28 20:46,2026-07-28,KOCAELI,2,30.0,6,9,226449,21:30,43.9,1,ARLİNHAN,0.0347,0.0201619679909901,0.0217758078371207,34.35,geri_kurulan
2026-07-28 20:46,2026-07-28,KOCAELI,2,30.0,6,9,226449,21:30,43.9,2,ZEMBEREK,0.0733,0.0638200176089516,0.062857058756731,11.9,geri_kurulan
2026-07-28 20:46,2026-07-28,KOCAELI,2,30.0,6,9,226449,21:30,43.9,3,BERANÇE,0.0634,0.0604684321869658,0.0610611427922529,12.25,geri_kurulan
2026-07-28 20:46,2026-07-28,KOCAELI,2,30.0,6,9,226449,21:30,43.9,4,FERAT,0.1167,0.2129915559454689,0.2021618916770537,3.7,geri_kurulan
2026-07-28 20:46,2026-07-28,KOCAELI,2,30.0,6,9,226449,21:30,43.9,5,TURBO BEYİ,0.1273,0.0685522564809974,0.0610611427922529,12.25,geri_kurulan
2026-07-28 20:46,2026-07-28,KOCAELI,2,30.0,6,9,226449,21:30,43.9,6,ÖZ ODİN,0.1077,0.0279296665008985,0.0247272396431437,30.25,geri_kurulan
2026-07-28 20:46,2026-07-28,KOCAELI,2,30.0,6,9,226449,21:30,43.9,7,DEMON HUNTER,0.2449,0.1127159765157376,0.0906665453581938,8.25,geri_kurulan
2026-07-28 20:46,2026-07-28,KOCAELI,2,30.0,6,9,226449,21:30,43.9,8,DERMANCAN,0.0309,0.0190280518439579,0.0209523529189103,35.7,geri_kurulan
2026-07-28 20:46,2026-07-28,KOCAELI,2,30.0,6,9,226449,21:30,43.9,9,KURUŞUN GÜCÜ,0.0504,0.1567657184199388,0.1719537929207124,4.35,geri_kurulan
2026-07-28 20:46,2026-07-28,KOCAELI,2,30.0,6,9,226449,21:30,43.9,10,İYİMSER,0.0763,0.0858844104403592,0.0849998862733067,8.8,geri_kurulan
2026-07-28 20:46,2026-07-28,KOCAELI,2,30.0,6,9,226449,21:30,43.9,11,BALATÜRK,0.0392,0.0294304137080068,0.0315611392069662,23.7,geri_kurulan
2026-07-28 20:46,2026-07-28,KOCAELI,2,30.0,6,9,226449,21:30,43.9,12,COŞDUR,0.0352,0.1422515323577268,0.1662219998233553,4.5,geri_kurulan
2026-07-29 14:00,2026-07-29,ISTANBUL,1,30.0,1,1,226464,14:30,29.7,1,RED VICTORY,0.1328,0.1031456372215498,0.0999553929862975,7.45,geri_kurulan
2026-07-29 14:00,2026-07-29,ISTANBUL,1,30.0,1,1,226464,14:30,29.7,2,ARDA JR,0.1597,0.1434043988745492,0.1353941232268939,5.5,geri_kurulan
2026-07-29 14:00,2026-07-29,ISTANBUL,1,30.0,1,1,226464,14:30,29.7,3,BAYHAKAN,0.0369,0.074907691798864,0.0986314804964128,7.55,geri_kurulan
2026-07-29 14:00,2026-07-29,ISTANBUL,1,30.0,1,1,226464,14:30,29.7,4,BÜYÜK ATTİLA,0.0433,0.0513607931883089,0.0633759725742908,11.75,geri_kurulan
2026-07-29 14:00,2026-07-29,ISTANBUL,1,30.0,1,1,226464,14:30,29.7,5,MY ZEKO,0.1194,0.0491582273602016,0.0466876286989289,15.95,geri_kurulan
2026-07-29 14:00,2026-07-29,ISTANBUL,1,30.0,1,1,226464,14:30,29.7,6,RETRO SHOW,0.3479,0.2643840936594951,0.2127621936422619,3.5,geri_kurulan
2026-07-29 14:00,2026-07-29,ISTANBUL,1,30.0,1,1,226464,14:30,29.7,7,CORAL REEFS,0.1076,0.2900957566101667,0.316879862871454,2.35,geri_kurulan
2026-07-29 14:00,2026-07-29,ISTANBUL,1,30.0,1,1,226464,14:30,29.7,8,SHADE OF AMIDALA,0.0525,0.0235434012868643,0.0263133455034599,28.3,geri_kurulan
2026-07-29 14:15,2026-07-29,ISTANBUL,1,30.0,2,2,226465,15:00,44.9,1,LION ICARDI,0.1121,0.1380687648645149,0.1486052014371263,5.0,geri_kurulan
2026-07-29 14:15,2026-07-29,ISTANBUL,1,30.0,2,2,226465,15:00,44.9,2,TALİPHAN BEY,0.0798,0.1935805017150202,0.2321956272455098,3.2,geri_kurulan
2026-07-29 14:15,2026-07-29,ISTANBUL,1,30.0,2,2,226465,15:00,44.9,3,KING OF TIME,0.1568,0.0484399122861984,0.0447606028425079,16.6,geri_kurulan
2026-07-29 14:15,2026-07-29,ISTANBUL,1,30.0,2,2,226465,15:00,44.9,4,ANGEL ON THE WING,0.2222,0.2132313606767995,0.1981402685828351,3.75,geri_kurulan
2026-07-29 14:15,2026-07-29,ISTANBUL,1,30.0,2,2,226465,15:00,44.9,5,CALL TO ARMS,0.1461,0.1322638631086927,0.1326832155688627,5.6,geri_kurulan
2026-07-29 14:15,2026-07-29,ISTANBUL,1,30.0,2,2,226465,15:00,44.9,6,ROSARIO,0.283,0.2744155973487741,0.2436150843231579,3.05,geri_kurulan
2026-07-29 15:00,2026-07-29,ISTANBUL,2,30.0,1,3,226470,15:30,29.4,1,EFE METE BEY,0.074,0.076426320886263,0.0786365648951972,9.5,geri_kurulan
2026-07-29 15:00,2026-07-29,ISTANBUL,2,30.0,1,3,226470,15:30,29.4,2,KASAP ENDER,0.1022,0.1201517605341238,0.1185789470641862,6.3,geri_kurulan
2026-07-29 15:00,2026-07-29,ISTANBUL,2,30.0,1,3,226470,15:30,29.4,3,UFKUN ÖTESİ,0.1029,0.0625558738303501,0.0600038045385038,12.45,geri_kurulan
2026-07-29 15:00,2026-07-29,ISTANBUL,2,30.0,1,3,226470,15:30,29.4,4,EGETAY,0.0705,0.0750048872073034,0.0778174340108722,9.6,geri_kurulan
2026-07-29 15:00,2026-07-29,ISTANBUL,2,30.0,1,3,226470,15:30,29.4,5,MÜKREMİN,0.1532,0.0499734771054582,0.0440735909442108,16.95,geri_kurulan
2026-07-29 15:00,2026-07-29,ISTANBUL,2,30.0,1,3,226470,15:30,29.4,6,SİYAH PENÇE,0.1233,0.2707057924062516,0.2668026308944191,2.8,geri_kurulan
2026-07-29 15:00,2026-07-29,ISTANBUL,2,30.0,1,3,226470,15:30,29.4,7,İWOJİMA,0.1719,0.146480243369405,0.1322207728326324,5.65,geri_kurulan
2026-07-29 15:00,2026-07-29,ISTANBUL,2,30.0,1,3,226470,15:30,29.4,8,LAVİN FIRTINASI,0.0268,0.0469325419141299,0.0572450089275381,13.05,geri_kurulan
2026-07-29 15:00,2026-07-29,ISTANBUL,2,30.0,1,3,226470,15:30,29.4,9,TUTMAÇ,0.0394,0.0310105610591498,0.0345855262270543,21.6,geri_kurulan
2026-07-29 15:00,2026-07-29,ISTANBUL,2,30.0,1,3,226470,15:30,29.4,10,LE PATRON,0.053,0.0675395497231368,0.0736007257639776,10.15,geri_kurulan
2026-07-29 15:00,2026-07-29,ISTANBUL,2,30.0,1,3,226470,15:30,29.4,11,MEHMETOĞLU,0.0679,0.04494829615008,0.0459721456310383,16.25,geri_kurulan
2026-07-29 15:00,2026-07-29,ISTANBUL,2,30.0,1,3,226470,15:30,29.4,12,EL FAMİLİA,0.015,0.0082706958143478,0.0104628482703693,71.4,geri_kurulan
2026-07-29 15:15,2026-07-29,ISTANBUL,2,30.0,2,4,226468,16:00,44.9,1,AYDIN DAYI,0.0467,0.0142074256946125,0.0161833610235278,46.05,geri_kurulan
2026-07-29 15:15,2026-07-29,ISTANBUL,2,30.0,2,4,226468,16:00,44.9,2,ERÇETİN,0.1469,0.1500425686328092,0.152090566353767,4.9,geri_kurulan
2026-07-29 15:15,2026-07-29,ISTANBUL,2,30.0,2,4,226468,16:00,44.9,3,HÜKÜMLÜ,0.3247,0.3366713612313698,0.304181132707534,2.45,geri_kurulan
2026-07-29 15:15,2026-07-29,ISTANBUL,2,30.0,2,4,226468,16:00,44.9,4,MY EAGLE,0.181,0.2212591232195745,0.2191893456274877,3.4,geri_kurulan
2026-07-29 15:15,2026-07-29,ISTANBUL,2,30.0,2,4,226468,16:00,44.9,5,ASALET SAHİBİ,0.0675,0.0648344875473121,0.073423032032853,10.15,geri_kurulan
2026-07-29 15:15,2026-07-29,ISTANBUL,2,30.0,2,4,226468,16:00,44.9,6,KEREMNUR,0.0994,0.0752123583758016,0.0797052165918137,9.35,geri_kurulan
2026-07-29 15:15,2026-07-29,ISTANBUL,2,30.0,2,4,226468,16:00,44.9,7,LİSBOA,0.1105,0.1033430001477322,0.1087947116983151,6.85,geri_kurulan
2026-07-29 15:15,2026-07-29,ISTANBUL,2,30.0,2,4,226468,16:00,44.9,8,ŞENERHAN,0.0231,0.0344296751507878,0.0464326339647014,16.05,geri_kurulan
2026-07-29 15:45,2026-07-29,ISTANBUL,2,30.0,3,5,226467,16:30,44.9,1,JUNIOR BAŞKAN,0.1562,0.1989438487339297,0.1843130978451612,4.05,geri_kurulan
2026-07-29 15:45,2026-07-29,ISTANBUL,2,30.0,3,5,226467,16:30,44.9,2,HERE TO GO,0.0242,0.0127322001925871,0.0159331493334664,46.85,geri_kurulan
2026-07-29 15:45,2026-07-29,ISTANBUL,2,30.0,3,5,226467,16:30,44.9,3,SONG RISING,0.0293,0.0405379919488195,0.0520186791827806,14.35,geri_kurulan
2026-07-29 15:45,2026-07-29,ISTANBUL,2,30.0,3,5,226467,16:30,44.9,4,LEJUR,0.0746,0.0432603593547952,0.0439098850748766,17.0,geri_kurulan
2026-07-29 15:45,2026-07-29,ISTANBUL,2,30.0,3,5,226467,16:30,44.9,5,WHISPER OF VICTORY,0.1939,0.0815667058103069,0.067553669345964,11.05,geri_kurulan
2026-07-29 15:45,2026-07-29,ISTANBUL,2,30.0,3,5,226467,16:30,44.9,6,ÇOKOMEL KIZ,0.1466,0.2309599947812489,0.2195494253743832,3.4,geri_kurulan
2026-07-29 15:45,2026-07-29,ISTANBUL,2,30.0,3,5,226467,16:30,44.9,7,LOST TREASURE,0.0716,0.0864939613769501,0.0927289498475655,8.05,geri_kurulan
2026-07-29 15:45,2026-07-29,ISTANBUL,2,30.0,3,5,226467,16:30,44.9,8,BOAZ,0.0778,0.111934168426889,0.1194348874036644,6.25,geri_kurulan
2026-07-29 15:45,2026-07-29,ISTANBUL,2,30.0,3,5,226467,16:30,44.9,9,THE WITCHER,0.0314,0.0513832767281772,0.06576810980378,11.35,geri_kurulan
2026-07-29 15:45,2026-07-29,ISTANBUL,2,30.0,3,5,226467,16:30,44.9,10,NART THE WOLF,0.0819,0.0575537977925806,0.0580908985426383,12.85,geri_kurulan
2026-07-29 15:45,2026-07-29,ISTANBUL,2,30.0,3,5,226467,16:30,44.9,11,THE BUTCHER,0.1127,0.0846336948537154,0.0806992482457192,9.25,geri_kurulan
2026-07-29 16:15,2026-07-29,ISTANBUL,2,30.0,4,6,226466,17:00,44.9,1,SHIROKE,0.092,0.4226517044480981,0.4929560947947713,1.5,geri_kurulan
2026-07-29 16:15,2026-07-29,ISTANBUL,2,30.0,4,6,226466,17:00,44.9,2,DIAMOND BROTHERS,0.1335,0.0819235820832423,0.0782469991737732,9.45,geri_kurulan
2026-07-29 16:15,2026-07-29,ISTANBUL,2,30.0,4,6,226466,17:00,44.9,3,KYLIE VOM ELBE,0.1343,0.0655401153537643,0.0616195118493464,12.0,geri_kurulan
2026-07-29 16:15,2026-07-29,ISTANBUL,2,30.0,4,6,226466,17:00,44.9,4,LA JEFA,0.397,0.2781754948343825,0.2174806300565167,3.4,geri_kurulan
2026-07-29 16:15,2026-07-29,ISTANBUL,2,30.0,4,6,226466,17:00,44.9,5,LOOK NEWS,0.086,0.0752152198379603,0.0799388261829359,9.25,geri_kurulan
2026-07-29 16:15,2026-07-29,ISTANBUL,2,30.0,4,6,226466,17:00,44.9,6,MASSAVA,0.1573,0.0764938834425522,0.0697579379426563,10.6,geri_kurulan
2026-07-29 16:45,2026-07-29,ISTANBUL,2,30.0,5,7,226469,17:30,44.9,1,HÜSEYİNHAN,0.1021,0.0442404524586356,0.0413008121907642,13.45,geri_kurulan
2026-07-29 16:45,2026-07-29,ISTANBUL,2,30.0,5,7,226469,17:30,44.9,2,YETİM AMCA,0.1326,0.0460430866485862,0.0409960091487659,13.55,geri_kurulan
2026-07-29 16:45,2026-07-29,ISTANBUL,2,30.0,5,7,226469,17:30,44.9,3,SÜKANBEY,0.2014,0.0708793745845761,0.0594113287663934,9.35,geri_kurulan
2026-07-29 16:45,2026-07-29,ISTANBUL,2,30.0,5,7,226469,17:30,44.9,4,ALMUTANABİY,0.2094,0.2196049086316884,0.1915503186088892,2.9,geri_kurulan
2026-07-29 16:45,2026-07-29,ISTANBUL,2,30.0,5,7,226469,17:30,44.9,5,TOZYUTTURAN,0.1138,0.04197209472937,0.0383100637217778,14.5,geri_kurulan
2026-07-29 16:45,2026-07-29,ISTANBUL,2,30.0,5,7,226469,17:30,44.9,6,DOĞAN EFE,0.0519,0.222726898840944,0.2524981472571722,2.2,geri_kurulan
2026-07-29 16:45,2026-07-29,ISTANBUL,2,30.0,5,7,226469,17:30,44.9,7,JET ÇELİK,0.0235,0.0179385654335197,0.0212426739566263,26.15,geri_kurulan
2026-07-29 16:45,2026-07-29,ISTANBUL,2,30.0,5,7,226469,17:30,44.9,8,THOTH,0.0371,0.0645946887944782,0.0740661231954371,7.5,geri_kurulan
2026-07-29 16:45,2026-07-29,ISTANBUL,2,30.0,5,7,226469,17:30,44.9,9,YAKUP ABİ,0.0912,0.2465140158523046,0.2524981472571722,2.2,geri_kurulan
2026-07-29 16:45,2026-07-29,ISTANBUL,2,30.0,5,7,226469,17:30,44.9,10,İLKUTHAN,0.037,0.0254859140258969,0.0281263758970014,19.75,geri_kurulan
2026-07-29 17:15,2026-07-29,ISTANBUL,2,30.0,6,8,226471,18:00,44.9,1,AVCITOKOÇİN,0.0284,0.0664500393133319,0.0790604871754461,9.45,geri_kurulan
2026-07-29 17:15,2026-07-29,ISTANBUL,2,30.0,6,8,226471,18:00,44.9,2,ÇELİKGİLLER,0.1778,0.1233122082142538,0.1067316576868523,7.0,geri_kurulan
2026-07-29 17:15,2026-07-29,ISTANBUL,2,30.0,6,8,226471,18:00,44.9,3,FERMANDER,0.0919,0.024858240147091,0.0227780976770721,32.8,geri_kurulan
2026-07-29 17:15,2026-07-29,ISTANBUL,2,30.0,6,8,226471,18:00,44.9,4,ERDEK,0.1862,0.1880259874723677,0.1642025502874651,4.55,geri_kurulan
2026-07-29 17:15,2026-07-29,ISTANBUL,2,30.0,6,8,226471,18:00,44.9,5,GÜROBASI,0.0401,0.0761291066195252,0.0853853261494818,8.75,geri_kurulan
2026-07-29 17:15,2026-07-29,ISTANBUL,2,30.0,6,8,226471,18:00,44.9,6,FIRTINAYÜREK,0.1758,0.0977240523153084,0.0839462476188726,8.9,geri_kurulan
2026-07-29 17:15,2026-07-29,ISTANBUL,2,30.0,6,8,226471,18:00,44.9,7,LEONİDAS,0.0262,0.0274821876145859,0.031996642561369,23.35,geri_kurulan
2026-07-29 17:15,2026-07-29,ISTANBUL,2,30.0,6,8,226471,18:00,44.9,8,ATEŞ REİSİ,0.0641,0.0326875845799248,0.032413084763903,23.05,geri_kurulan
2026-07-29 17:15,2026-07-29,ISTANBUL,2,30.0,6,8,226471,18:00,44.9,9,YAĞIZATEŞ,0.0772,0.0664438721584077,0.0655369827901724,11.4,geri_kurulan
2026-07-29 17:15,2026-07-29,ISTANBUL,2,30.0,6,8,226471,18:00,44.9,10,ÇERKEZHAN,0.0696,0.1720505112458691,0.1800293021224014,4.15,geri_kurulan
2026-07-29 17:15,2026-07-29,ISTANBUL,2,30.0,6,8,226471,18:00,44.9,11,KRAL YAZICI,0.0195,0.0621017975426675,0.0790604871754461,9.45,geri_kurulan
2026-07-29 17:15,2026-07-29,ISTANBUL,2,30.0,6,8,226471,18:00,44.9,12,DURUSU BEYİ,0.0431,0.0627344127766666,0.0688591339915176,10.85,geri_kurulan
2026-07-30 13:30,2026-07-30,ANKARA,1,30.0,1,1,226482,14:00,29.4,1,GENERAL SHERMAN,0.1591,0.1841246810433689,0.1776442482198186,4.2,geri_kurulan
2026-07-30 13:30,2026-07-30,ANKARA,1,30.0,1,1,226482,14:00,29.4,2,KING SHELBY,0.0481,0.0594584145329746,0.0724374604391493,10.3,geri_kurulan
2026-07-30 13:30,2026-07-30,ANKARA,1,30.0,1,1,226482,14:00,29.4,3,VICENTE CALDERON,0.1426,0.0950796275619455,0.0904370718209985,8.25,geri_kurulan
2026-07-30 13:30,2026-07-30,ANKARA,1,30.0,1,1,226482,14:00,29.4,4,LEVERO,0.2603,0.2195219884104275,0.1888875550691742,3.95,geri_kurulan
2026-07-30 13:30,2026-07-30,ANKARA,1,30.0,1,1,226482,14:00,29.4,5,FASTEST ÇINAR,0.0679,0.0947687398961083,0.1089205609522975,6.85,geri_kurulan
2026-07-30 13:30,2026-07-30,ANKARA,1,30.0,1,1,226482,14:00,29.4,6,TIWAZ,0.1422,0.075743166888683,0.0710576992879274,10.5,geri_kurulan
2026-07-30 13:30,2026-07-30,ANKARA,1,30.0,1,1,226482,14:00,29.4,7,CİRCE KIZI,0.0407,0.0651860255324716,0.0833637812875126,8.95,geri_kurulan
2026-07-30 13:30,2026-07-30,ANKARA,1,30.0,1,1,226482,14:00,29.4,8,SPIC AND SPAN,0.1392,0.2061173561340204,0.2072516229231217,3.6,geri_kurulan
2026-07-30 13:45,2026-07-30,ANKARA,1,30.0,2,2,226484,14:30,44.9,2,OLGUN VEDAT,0.1163,0.0838129587517199,0.0814035069865072,9.15,geri_kurulan
2026-07-30 13:45,2026-07-30,ANKARA,1,30.0,2,2,226484,14:30,44.9,3,ALÜNLÜHAT,0.1209,0.0677700617553325,0.0647688772979601,11.5,geri_kurulan
2026-07-30 13:45,2026-07-30,ANKARA,1,30.0,2,2,226484,14:30,44.9,4,KATICESUR,0.1861,0.1746910223052962,0.1601810943928046,4.65,geri_kurulan
2026-07-30 13:45,2026-07-30,ANKARA,1,30.0,2,2,226484,14:30,44.9,5,SERDENİZ,0.3479,0.2131471344151331,0.1752569621003627,4.25,geri_kurulan
2026-07-30 13:45,2026-07-30,ANKARA,1,30.0,2,2,226484,14:30,44.9,6,AKSU EFE,0.0857,0.270476195285685,0.2920949368339379,2.55,geri_kurulan
2026-07-30 13:45,2026-07-30,ANKARA,1,30.0,2,2,226484,14:30,44.9,7,KÜÇÜKCEVER,0.0657,0.0364864784892583,0.0380993395870353,19.55,geri_kurulan
2026-07-30 13:45,2026-07-30,ANKARA,1,30.0,2,2,226484,14:30,44.9,8,ALŞUBATHAN,0.0434,0.0237010880989629,0.0262730895564917,28.35,geri_kurulan
2026-07-30 13:45,2026-07-30,ANKARA,1,30.0,2,2,226484,14:30,44.9,9,YÜCEOĞUL,0.0339,0.1299150608986117,0.1619221932449003,4.6,geri_kurulan
2026-07-30 14:15,2026-07-30,ANKARA,1,30.0,3,3,226473,15:00,44.9,1,AFAMIA,0.2638,0.3428064040416072,0.3321104085802382,1.5,geri_kurulan
2026-07-30 14:15,2026-07-30,ANKARA,1,30.0,3,3,226473,15:00,44.9,2,EL NACHO,0.0719,0.0759331014345686,0.093115067826235,5.35,geri_kurulan
2026-07-30 14:15,2026-07-30,ANKARA,1,30.0,3,3,226473,15:00,44.9,3,SİNDİRELLA,0.2921,0.3512938528068646,0.3321104085802382,1.5,geri_kurulan
2026-07-30 14:15,2026-07-30,ANKARA,1,30.0,3,3,226473,15:00,44.9,4,ADALINEBOWMAN,0.1145,0.0369869478188214,0.0384683870942361,12.95,geri_kurulan
2026-07-30 14:15,2026-07-30,ANKARA,1,30.0,3,3,226473,15:00,44.9,6,LA MUNECA,0.1664,0.1365623260632437,0.1403283416536218,3.55,geri_kurulan
2026-07-30 14:15,2026-07-30,ANKARA,1,30.0,3,3,226473,15:00,44.9,8,TROPHY GIRL,0.0913,0.0564173678348944,0.0638673862654304,7.8,geri_kurulan
2026-07-30 15:45,2026-07-30,ANKARA,2,30.0,2,5,226480,16:00,14.9,1,KİNJAL,0.1349,0.1512070324200443,0.1448838843945978,5.15,geri_kurulan
2026-07-30 15:45,2026-07-30,ANKARA,2,30.0,2,5,226480,16:00,14.9,2,STORM BLOOD,0.241,0.1438043062072539,0.1184368261320918,6.3,geri_kurulan
2026-07-30 15:45,2026-07-30,ANKARA,2,30.0,2,5,226480,16:00,14.9,3,KING DAVUT,0.0799,0.1146117364052124,0.1233309098565585,6.05,geri_kurulan
2026-07-30 15:45,2026-07-30,ANKARA,2,30.0,2,5,226480,16:00,14.9,4,WE ARE THE BEST,0.145,0.0887203015343502,0.0806650815818571,9.25,geri_kurulan
2026-07-30 15:45,2026-07-30,ANKARA,2,30.0,2,5,226480,16:00,14.9,5,EL VERDUGO,0.1487,0.1962845686974804,0.1865380011580447,4.0,geri_kurulan
2026-07-30 15:45,2026-07-30,ANKARA,2,30.0,2,5,226480,16:00,14.9,6,QUEIMADA GRANDE,0.106,0.1069422131418552,0.1065931435188826,7.0,geri_kurulan
2026-07-30 15:45,2026-07-30,ANKARA,2,30.0,2,5,226480,16:00,14.9,7,MON BİJOU,0.0354,0.0914326872350684,0.1193843207411486,6.25,geri_kurulan
2026-07-30 15:45,2026-07-30,ANKARA,2,30.0,2,5,226480,16:00,14.9,8,TARCAN BABA,0.0859,0.0759316972456774,0.0781310999614846,9.55,geri_kurulan
2026-07-30 15:45,2026-07-30,ANKARA,2,30.0,2,5,226480,16:00,14.9,9,BABİLİ,0.0235,0.0310654571130574,0.042036732655334,17.75,geri_kurulan
2026-07-30 15:45,2026-07-30,ANKARA,2,30.0,3,6,226477,16:30,44.9,1,LION TOMO,0.1388,0.0661225454179079,0.0608177182004852,12.15,geri_kurulan
2026-07-30 15:45,2026-07-30,ANKARA,2,30.0,3,6,226477,16:30,44.9,2,KUBAT KASIRGASI,0.0797,0.0087337821391552,0.0081335748611546,90.85,geri_kurulan
2026-07-30 15:45,2026-07-30,ANKARA,2,30.0,3,6,226477,16:30,44.9,3,ZAGROS RÜZGARI,0.1564,0.1105546175399355,0.1019221070532269,7.25,geri_kurulan
2026-07-30 15:45,2026-07-30,ANKARA,2,30.0,3,6,226477,16:30,44.9,4,DARK VEYRON,0.0386,0.0543300889343314,0.0684199329755458,10.8,geri_kurulan
2026-07-30 15:45,2026-07-30,ANKARA,2,30.0,3,6,226477,16:30,44.9,5,GOLDMAN,0.1369,0.049569971862206,0.0449200775766501,16.45,geri_kurulan
2026-07-30 15:45,2026-07-30,ANKARA,2,30.0,3,6,226477,16:30,44.9,6,NEJDET BAŞKAN,0.0959,0.0647769539185739,0.065392502312911,11.3,geri_kurulan
2026-07-30 15:45,2026-07-30,ANKARA,2,30.0,3,6,226477,16:30,44.9,7,SHAWSHANK,0.0717,0.0428100802751925,0.0453334525236745,16.3,geri_kurulan
2026-07-30 15:45,2026-07-30,ANKARA,2,30.0,3,6,226477,16:30,44.9,8,KING LUTHER,0.1909,0.5264841409838824,0.5096105352661348,1.45,geri_kurulan
2026-07-30 15:45,2026-07-30,ANKARA,2,30.0,3,6,226477,16:30,44.9,9,MY SON BERA,0.0206,0.0373670310362687,0.0539368814697733,13.7,geri_kurulan
2026-07-30 15:45,2026-07-30,ANKARA,2,30.0,3,6,226477,16:30,44.9,10,RESTAURADORES,0.0705,0.0392507878925461,0.0415132177604435,17.8,geri_kurulan
2026-07-30 16:15,2026-07-30,ANKARA,2,30.0,4,7,226479,17:00,44.4,1,DRAGON FORCE,0.4649,0.375627219867027,0.3037760844077021,2.45,geri_kurulan
2026-07-30 16:15,2026-07-30,ANKARA,2,30.0,4,7,226479,17:00,44.4,2,BROARTS,0.1691,0.3004434793410596,0.3101047528328626,2.4,geri_kurulan
2026-07-30 16:15,2026-07-30,ANKARA,2,30.0,4,7,226479,17:00,44.4,3,TYWIN LANNISTER,0.1705,0.0663117309993188,0.0620209505665725,12.0,geri_kurulan
2026-07-30 16:15,2026-07-30,ANKARA,2,30.0,4,7,226479,17:00,44.4,4,BOUCHERON,0.1012,0.0958224695486479,0.1048241418026578,7.1,geri_kurulan
2026-07-30 16:15,2026-07-30,ANKARA,2,30.0,4,7,226479,17:00,44.4,5,RAYMOND REDDINGTON,0.0764,0.1017421948026993,0.1200405494836887,6.2,geri_kurulan
2026-07-30 16:15,2026-07-30,ANKARA,2,30.0,4,7,226479,17:00,44.4,6,VICTORY WALTZ,0.0179,0.0600529054412471,0.099233520906516,7.5,geri_kurulan
2026-07-30 16:45,2026-07-30,ANKARA,2,30.0,5,8,226472,17:30,44.4,1,MEYDAN OKU,0.0487,0.2088178446861106,0.2486389319062175,3.0,geri_kurulan
2026-07-30 16:45,2026-07-30,ANKARA,2,30.0,5,8,226472,17:30,44.4,2,MYSTIQUE GRAY,0.1295,0.1344797128860846,0.1212872838566914,6.15,geri_kurulan
2026-07-30 16:45,2026-07-30,ANKARA,2,30.0,5,8,226472,17:30,44.4,3,YELLOW LION,0.1944,0.0693514265609279,0.0540519417187429,13.8,geri_kurulan
2026-07-30 16:45,2026-07-30,ANKARA,2,30.0,5,8,226472,17:30,44.4,4,DELICIAS TURCAS,0.1313,0.0690101656094983,0.0594356012524822,12.55,geri_kurulan
2026-07-30 16:45,2026-07-30,ANKARA,2,30.0,5,8,226472,17:30,44.4,5,FIRE OF VALERIA,0.1541,0.0940994507579512,0.0793528506083673,9.4,geri_kurulan
2026-07-30 16:45,2026-07-30,ANKARA,2,30.0,5,8,226472,17:30,44.4,6,COSE DELLA VITA,0.1159,0.1309459447718455,0.1212872838566914,6.15,geri_kurulan
2026-07-30 16:45,2026-07-30,ANKARA,2,30.0,5,8,226472,17:30,44.4,7,LAGIOIA,0.061,0.070089944858707,0.0734893394796702,10.15,geri_kurulan
2026-07-30 16:45,2026-07-30,ANKARA,2,30.0,5,8,226472,17:30,44.4,8,NOVİ PAZAR,0.0275,0.104771786652483,0.1381327399478986,5.4,geri_kurulan
2026-07-30 16:45,2026-07-30,ANKARA,2,30.0,5,8,226472,17:30,44.4,9,POTOCHNITSA,0.1376,0.1184337232163916,0.1043240273732381,7.15,geri_kurulan
2026-07-30 17:15,2026-07-30,ANKARA,2,30.0,6,9,226478,18:00,44.5,1,MARY BLACK,0.0978,0.0159203471104366,0.0132401063739548,53.55,geri_kurulan
2026-07-30 17:15,2026-07-30,ANKARA,2,30.0,6,9,226478,18:00,44.5,2,SECTUMSEMPRA,0.1323,0.0459048191504211,0.0378137438040151,18.75,geri_kurulan
2026-07-30 17:15,2026-07-30,ANKARA,2,30.0,6,9,226478,18:00,44.5,3,SYRENA,0.0577,0.0307913409923494,0.0305606765657449,23.2,geri_kurulan
2026-07-30 17:15,2026-07-30,ANKARA,2,30.0,6,9,226478,18:00,44.5,4,ALPHECCA,0.061,0.0152767685322193,0.0142945100065581,49.6,geri_kurulan
2026-07-30 17:15,2026-07-30,ANKARA,2,30.0,6,9,226478,18:00,44.5,5,FRÜHLİNG,0.042,0.0387535079620929,0.0423288176910617,16.75,geri_kurulan
2026-07-30 17:15,2026-07-30,ANKARA,2,30.0,6,9,226478,18:00,44.5,6,LADY GROUND,0.0989,0.1103070033899358,0.1035047731861728,6.85,geri_kurulan
2026-07-30 17:15,2026-07-30,ANKARA,2,30.0,6,9,226478,18:00,44.5,7,QUEEN AZRA,0.0441,0.0352654296714561,0.0378137438040151,18.75,geri_kurulan
2026-07-30 17:15,2026-07-30,ANKARA,2,30.0,6,9,226478,18:00,44.5,8,SILENT QUEEN,0.0414,0.0082660607820057,0.0082108592510166,86.35,geri_kurulan
2026-07-30 17:15,2026-07-30,ANKARA,2,30.0,6,9,226478,18:00,44.5,9,SILKY PEARL,0.1049,0.5149647341354365,0.5251908861668768,1.35,geri_kurulan
2026-07-30 17:15,2026-07-30,ANKARA,2,30.0,6,9,226478,18:00,44.5,10,DİNAMİT KIZ,0.056,0.036975799988184,0.0374146541596455,18.95,geri_kurulan
2026-07-30 17:15,2026-07-30,ANKARA,2,30.0,6,9,226478,18:00,44.5,11,RUN LOLA RUN,0.0383,0.0390005432288778,0.0436312428507866,16.25,geri_kurulan
2026-07-30 17:15,2026-07-30,ANKARA,2,30.0,6,9,226478,18:00,44.5,12,SILLAGE,0.0687,0.0195167851972876,0.0179951191960731,39.4,geri_kurulan
2026-07-30 17:15,2026-07-30,ANKARA,2,30.0,6,9,226478,18:00,44.5,13,BABY GASSAL,0.0316,0.0078281585882541,0.0083021978492421,85.4,geri_kurulan
2026-07-30 17:15,2026-07-30,ANKARA,2,30.0,6,9,226478,18:00,44.5,14,KARLOVASİ,0.106,0.0706502300357372,0.0633042586004717,11.2,geri_kurulan
2026-07-30 17:15,2026-07-30,ANKARA,2,30.0,6,9,226478,18:00,44.5,15,KOCA ANA,0.0128,0.0015487638893561,0.0018655642581904,380.05,geri_kurulan
2026-07-30 17:15,2026-07-30,ANKARA,2,30.0,6,9,226478,18:00,44.5,16,BERRYWING,0.0064,0.009029707345949,0.0145288462361738,48.8,geri_kurulan
2026-07-30 16:15,2026-07-30,KOCAELI,1,30.0,1,1,226486,16:45,29.4,1,ASLAN SAİM,0.1472,0.1481673896781024,0.1275203909745283,5.85,geri_kurulan
2026-07-30 16:15,2026-07-30,KOCAELI,1,30.0,1,1,226486,16:45,29.4,2,EUROFIGHTER,0.0885,0.0988731085931431,0.0944296566077203,7.9,geri_kurulan
2026-07-30 16:15,2026-07-30,KOCAELI,1,30.0,1,1,226486,16:45,29.4,3,HAMMERWICH,0.0764,0.0186580810402348,0.0166330944749384,44.85,geri_kurulan
2026-07-30 16:15,2026-07-30,KOCAELI,1,30.0,1,1,226486,16:45,29.4,4,VENUS DOOM,0.1976,0.0885909231326204,0.0684398428624762,10.9,geri_kurulan
2026-07-30 16:15,2026-07-30,KOCAELI,1,30.0,1,1,226486,16:45,29.4,5,MISS CALIFORNIA,0.0915,0.0617350955214821,0.0567296035894289,13.15,geri_kurulan
2026-07-30 16:15,2026-07-30,KOCAELI,1,30.0,1,1,226486,16:45,29.4,6,RAIN BEAUTY,0.094,0.0478840024138975,0.0429967888876651,17.35,geri_kurulan
2026-07-30 16:15,2026-07-30,KOCAELI,1,30.0,1,1,226486,16:45,29.4,7,KING MAHİR,0.1616,0.1230505917501001,0.102190998246711,7.3,geri_kurulan
2026-07-30 16:15,2026-07-30,KOCAELI,1,30.0,1,1,226486,16:45,29.4,8,HAÇOVALI,0.0817,0.19298252403579,0.1963142861055238,3.8,geri_kurulan
2026-07-30 16:15,2026-07-30,KOCAELI,1,30.0,1,1,226486,16:45,29.4,9,BIG RUGGED,0.027,0.0438677930459437,0.0538624034080137,13.85,geri_kurulan
2026-07-30 16:15,2026-07-30,KOCAELI,1,30.0,1,1,226486,16:45,29.4,10,HAŞARI,0.0282,0.1532962160525644,0.2016200776218893,3.7,geri_kurulan
2026-07-30 16:15,2026-07-30,KOCAELI,1,30.0,1,1,226486,16:45,29.4,11,ŞIBLE ŞAVKO,0.0062,0.0228942747361211,0.0392628572211047,19.0,geri_kurulan
2026-07-30 16:30,2026-07-30,KOCAELI,1,30.0,2,2,226474,17:15,44.4,1,HUAYRA,0.0172,0.021625859924095,0.0278060425135114,25.35,geri_kurulan
2026-07-30 16:30,2026-07-30,KOCAELI,1,30.0,2,2,226474,17:15,44.4,2,SHAREHOLDER,0.1382,0.1036142821059126,0.0864887334622719,8.15,geri_kurulan
2026-07-30 16:30,2026-07-30,KOCAELI,1,30.0,2,2,226474,17:15,44.4,3,CALIFORNIA FIRE,0.1129,0.1707267910217305,0.1549193797181354,4.55,geri_kurulan
2026-07-30 16:30,2026-07-30,KOCAELI,1,30.0,2,2,226474,17:15,44.4,4,BUSINESS,0.0136,0.0277671405064566,0.0385182064326511,18.3,geri_kurulan
2026-07-30 16:30,2026-07-30,KOCAELI,1,30.0,2,2,226474,17:15,44.4,5,CHİCO LOCO,0.1006,0.0575431477012274,0.0501696211898588,14.05,geri_kurulan
2026-07-30 16:30,2026-07-30,KOCAELI,1,30.0,2,2,226474,17:15,44.4,6,ÇAKÇİTOS,0.0241,0.0791414892034979,0.1014220399593548,6.95,geri_kurulan
2026-07-30 16:30,2026-07-30,KOCAELI,1,30.0,2,2,226474,17:15,44.4,7,NORTH DANCER,0.0282,0.012968943282434,0.0142256948076188,49.55,geri_kurulan
2026-07-30 16:30,2026-07-30,KOCAELI,1,30.0,2,2,226474,17:15,44.4,8,RUS FARUK,0.0947,0.0628291995449002,0.05594310934266,12.6,geri_kurulan
2026-07-30 16:30,2026-07-30,KOCAELI,1,30.0,2,2,226474,17:15,44.4,9,UMUTLU TAY,0.0152,0.0359593994535965,0.0492925299103158,14.3,geri_kurulan
2026-07-30 16:30,2026-07-30,KOCAELI,1,30.0,2,2,226474,17:15,44.4,10,FINALLY IDYLL,0.0603,0.0563785220450008,0.05594310934266,12.6,geri_kurulan
2026-07-30 16:30,2026-07-30,KOCAELI,1,30.0,2,2,226474,17:15,44.4,11,HEAVEN LIGHT,0.2002,0.1380911741632327,0.1068004814723509,6.6,geri_kurulan
2026-07-30 16:30,2026-07-30,KOCAELI,1,30.0,2,2,226474,17:15,44.4,12,CRAZY RIVER,0.0488,0.0277758472820263,0.0278060425135114,25.35,geri_kurulan
2026-07-30 16:30,2026-07-30,KOCAELI,1,30.0,2,2,226474,17:15,44.4,13,GIPSY THUNDER,0.0438,0.0850319312958885,0.0939844236956688,7.5,geri_kurulan
2026-07-30 16:30,2026-07-30,KOCAELI,1,30.0,2,2,226474,17:15,44.4,14,LAST CHANCE GIRL,0.016,0.0306878429653977,0.0411010599252196,17.15,geri_kurulan
2026-07-30 16:30,2026-07-30,KOCAELI,1,30.0,2,2,226474,17:15,44.4,15,SELLYGIRL,0.0393,0.0375598425392693,0.0405105274550296,17.4,geri_kurulan
2026-07-30 16:30,2026-07-30,KOCAELI,1,30.0,2,2,226474,17:15,44.4,16,ZELİNDA,0.0469,0.0522985869653331,0.0550689982591809,12.8,geri_kurulan
2026-07-30 17:00,2026-07-30,KOCAELI,1,30.0,3,3,226488,17:45,44.4,1,YURTÇU,0.233,0.2348210678926372,0.2103584730952501,3.55,geri_kurulan
2026-07-30 17:00,2026-07-30,KOCAELI,1,30.0,3,3,226488,17:45,44.4,2,AURORA BY,0.3343,0.2017210170512297,0.1678140628063231,4.45,geri_kurulan
2026-07-30 17:00,2026-07-30,KOCAELI,1,30.0,3,3,226488,17:45,44.4,3,ERYÜREKLİ,0.0416,0.0510403081953892,0.0592676650387411,12.6,geri_kurulan
2026-07-30 17:00,2026-07-30,KOCAELI,1,30.0,3,3,226488,17:45,44.4,4,KRALIN OĞLU,0.0454,0.0112481019075727,0.0120641773746064,61.9,geri_kurulan
2026-07-30 17:00,2026-07-30,KOCAELI,1,30.0,3,3,226488,17:45,44.4,5,GÜLGÜLAY,0.0704,0.1243503776739783,0.1357768326342069,5.5,geri_kurulan
2026-07-30 17:00,2026-07-30,KOCAELI,1,30.0,3,3,226488,17:45,44.4,6,OKAYGÜN,0.0283,0.0174753573271881,0.0208595692594451,35.8,geri_kurulan
2026-07-30 17:00,2026-07-30,KOCAELI,1,30.0,3,3,226488,17:45,44.4,7,İLKBAHARIM,0.0676,0.046229462454937,0.048808665326022,15.3,geri_kurulan
2026-07-30 17:00,2026-07-30,KOCAELI,1,30.0,3,3,226488,17:45,44.4,8,UÇAN TURBOCU,0.0992,0.1694146410856964,0.1757111951736795,4.25,geri_kurulan
2026-07-30 17:00,2026-07-30,KOCAELI,1,30.0,3,3,226488,17:45,44.4,9,BİLGİN GÜCÜ,0.0461,0.1094983322734678,0.1287538930151962,5.8,geri_kurulan
2026-07-30 17:00,2026-07-30,KOCAELI,1,30.0,3,3,226488,17:45,44.4,10,TEYZEOĞLU,0.0339,0.0342013341379032,0.0405854662765292,18.4,geri_kurulan
2026-07-30 17:45,2026-07-30,KOCAELI,1,30.0,4,4,226485,18:30,44.4,1,BRAVE ATHENA,0.3114,0.4497644807948093,0.4364885138240896,1.7,geri_kurulan
2026-07-30 17:45,2026-07-30,KOCAELI,1,30.0,4,4,226485,18:30,44.4,2,NOBLE CREST,0.2195,0.3050360513666589,0.3157576482982775,2.35,geri_kurulan
2026-07-30 17:45,2026-07-30,KOCAELI,1,30.0,4,4,226485,18:30,44.4,3,LA PERLE RARE,0.1482,0.0154134383107785,0.0145782018369538,50.9,geri_kurulan
2026-07-30 17:45,2026-07-30,KOCAELI,1,30.0,4,4,226485,18:30,44.4,4,MAYBACK,0.2272,0.2173494229739854,0.2182442569120448,3.4,geri_kurulan
2026-07-30 17:45,2026-07-30,KOCAELI,1,30.0,4,4,226485,18:30,44.4,5,NEBULA STAR,0.0452,0.0071658988012897,0.0087400526914128,84.9,geri_kurulan
2026-07-30 17:45,2026-07-30,KOCAELI,1,30.0,4,4,226485,18:30,44.4,6,YOU ARE GREAT,0.0485,0.0052707077524779,0.0061913264372211,119.85,geri_kurulan
2026-07-30 18:31,2026-07-30,KOCAELI,2,30.0,1,5,226489,19:00,28.4,1,KURTATAN,0.297,0.0817874482839615,0.0616817983497601,11.05,geri_kurulan
2026-07-30 18:31,2026-07-30,KOCAELI,2,30.0,1,5,226489,19:00,28.4,2,BİZİMSOY,0.057,0.0887167731174668,0.0914877680221275,7.45,geri_kurulan
2026-07-30 18:31,2026-07-30,KOCAELI,2,30.0,1,5,226489,19:00,28.4,3,MEGAFAUNA,0.1573,0.1093213455592135,0.0940115685192896,7.25,geri_kurulan
2026-07-30 18:31,2026-07-30,KOCAELI,2,30.0,1,5,226489,19:00,28.4,4,GÜMBÜR ŞAH,0.0521,0.0840464628321948,0.0879463060341741,7.75,geri_kurulan
2026-07-30 18:31,2026-07-30,KOCAELI,2,30.0,1,5,226489,19:00,28.4,5,ÇERMİKŞAH,0.0498,0.0726054886247205,0.0761546225435586,8.95,geri_kurulan
2026-07-30 18:31,2026-07-30,KOCAELI,2,30.0,1,5,226489,19:00,28.4,6,GÜNGELDİ AĞA,0.0949,0.154482284971038,0.1481704069054021,4.6,geri_kurulan
2026-07-30 18:31,2026-07-30,KOCAELI,2,30.0,1,5,226489,19:00,28.4,7,HEYBETLİ,0.0877,0.0958712058061875,0.0914877680221275,7.45,geri_kurulan
2026-07-30 18:31,2026-07-30,KOCAELI,2,30.0,1,5,226489,19:00,28.4,8,ARLİN SU,0.0373,0.0281464566555697,0.0299597306270263,22.75,geri_kurulan
2026-07-30 18:31,2026-07-30,KOCAELI,2,30.0,1,5,226489,19:00,28.4,9,PELŞİN,0.0279,0.0365743778423593,0.0415599921807835,16.4,geri_kurulan
2026-07-30 18:31,2026-07-30,KOCAELI,2,30.0,1,5,226489,19:00,28.4,10,CİDE GÜLÜ,0.0117,0.0282279530093953,0.0373470614665671,18.25,geri_kurulan
2026-07-30 18:31,2026-07-30,KOCAELI,2,30.0,1,5,226489,19:00,28.4,11,BERİVANCAN,0.0323,0.0771161082561297,0.0879463060341741,7.75,geri_kurulan
2026-07-30 18:31,2026-07-30,KOCAELI,2,30.0,1,5,226489,19:00,28.4,12,DÜMENCAN,0.041,0.0804988626786844,0.0879463060341741,7.75,geri_kurulan
2026-07-30 18:31,2026-07-30,KOCAELI,2,30.0,1,5,226489,19:00,28.4,14,TEKFORD ACL,0.0539,0.0626052323630786,0.0643003652608349,10.6,geri_kurulan
2026-07-30 18:45,2026-07-30,KOCAELI,2,30.0,2,6,226475,19:30,44.9,1,ANSHBA FOREVER,0.0574,0.0468900845771639,0.0467164183862409,16.0,geri_kurulan
2026-07-30 18:45,2026-07-30,KOCAELI,2,30.0,2,6,226475,19:30,44.9,2,BLUE CHIEF,0.0107,0.0409014993200125,0.0620300991020626,12.05,geri_kurulan
2026-07-30 18:45,2026-07-30,KOCAELI,2,30.0,2,6,226475,19:30,44.9,3,BORAN,0.0325,0.0236575520094408,0.0260894483134329,28.65,geri_kurulan
2026-07-30 18:45,2026-07-30,KOCAELI,2,30.0,2,6,226475,19:30,44.9,4,CHEF CURRY,0.0325,0.0299405918491372,0.0335185064654643,22.3,geri_kurulan
2026-07-30 18:45,2026-07-30,KOCAELI,2,30.0,2,6,226475,19:30,44.9,5,DIVINE SON,0.069,0.1782916505687434,0.1845586899209519,4.05,geri_kurulan
2026-07-30 18:45,2026-07-30,KOCAELI,2,30.0,2,6,226475,19:30,44.9,6,GECENİN GÜCÜ,0.0616,0.1153950288899819,0.1195940310687768,6.25,geri_kurulan
2026-07-30 18:45,2026-07-30,KOCAELI,2,30.0,2,6,226475,19:30,44.9,7,ONE WAY WIND,0.011,0.0147944609214841,0.0208788462061412,35.8,geri_kurulan
2026-07-30 18:45,2026-07-30,KOCAELI,2,30.0,2,6,226475,19:30,44.9,8,REBEL MOON,0.061,0.0821448711661334,0.0835153848245648,8.95,geri_kurulan
2026-07-30 18:45,2026-07-30,KOCAELI,2,30.0,2,6,226475,19:30,44.9,9,MY HAZEL EYES,0.1646,0.1186285381031917,0.0958285505358789,7.8,geri_kurulan
2026-07-30 18:45,2026-07-30,KOCAELI,2,30.0,2,6,226475,19:30,44.9,10,FEARLESS QUEEN,0.0609,0.0275059055342881,0.0260894483134329,28.65,geri_kurulan
2026-07-30 18:45,2026-07-30,KOCAELI,2,30.0,2,6,226475,19:30,44.9,11,NO MORE SORROW,0.0965,0.0604229250761971,0.0535815551383408,13.95,geri_kurulan
2026-07-30 18:45,2026-07-30,KOCAELI,2,30.0,2,6,226475,19:30,44.9,12,BLACK BLAZE,0.0478,0.0205107098613426,0.0203114862548873,36.8,geri_kurulan
2026-07-30 18:45,2026-07-30,KOCAELI,2,30.0,2,6,226475,19:30,44.9,13,DALYA LİNA,0.0755,0.0602187874391161,0.0568412695193806,13.15,geri_kurulan
2026-07-30 18:45,2026-07-30,KOCAELI,2,30.0,2,6,226475,19:30,44.9,14,DR ZELİHA,0.0622,0.028780267757652,0.0272299706440748,27.45,geri_kurulan
2026-07-30 18:45,2026-07-30,KOCAELI,2,30.0,2,6,226475,19:30,44.9,15,LUNA DEL CUORE,0.097,0.0969158603383551,0.0884571235715805,8.45,geri_kurulan
2026-07-30 18:45,2026-07-30,KOCAELI,2,30.0,2,6,226475,19:30,44.9,16,QUEEN ASEL,0.0599,0.0550012665877597,0.0547591717347879,13.65,geri_kurulan
2026-07-30 19:15,2026-07-30,KOCAELI,2,30.0,3,7,226491,20:00,44.9,1,KÖYCÜ BEY,0.2424,0.0721986304778939,0.0558117811179951,13.35,geri_kurulan
2026-07-30 19:15,2026-07-30,KOCAELI,2,30.0,3,7,226491,20:00,44.9,2,HER DAİM,0.1135,0.1011493402846079,0.0914217518926669,8.15,geri_kurulan
2026-07-30 19:15,2026-07-30,KOCAELI,2,30.0,3,7,226491,20:00,44.9,4,NUSRET OĞLU,0.2705,0.2069542128840909,0.163755445697854,4.55,geri_kurulan
2026-07-30 19:15,2026-07-30,KOCAELI,2,30.0,3,7,226491,20:00,44.9,5,ÖZTAMER,0.1194,0.0432205907551619,0.0373477332293351,19.95,geri_kurulan
2026-07-30 19:15,2026-07-30,KOCAELI,2,30.0,3,7,226491,20:00,44.9,6,AVCI OĞLUM,0.0523,0.065121071107413,0.0668239711143709,11.15,geri_kurulan
2026-07-30 19:15,2026-07-30,KOCAELI,2,30.0,3,7,226491,20:00,44.9,7,SANCARLI BEY,0.0429,0.0411045517483664,0.042944511695979,17.35,geri_kurulan
2026-07-30 19:15,2026-07-30,KOCAELI,2,30.0,3,7,226491,20:00,44.9,8,SAPANCA AĞASI,0.0719,0.1347302266420185,0.1342499599865289,5.55,geri_kurulan
2026-07-30 19:15,2026-07-30,KOCAELI,2,30.0,3,7,226491,20:00,44.9,9,ESKİ TOPRAK,0.0173,0.1016210179553955,0.1307170663026729,5.7,geri_kurulan
2026-07-30 19:15,2026-07-30,KOCAELI,2,30.0,3,7,226491,20:00,44.9,10,KÖKŞUBAR,0.0271,0.1917633451747216,0.2328397743516361,3.2,geri_kurulan
2026-07-30 19:15,2026-07-30,KOCAELI,2,30.0,3,7,226491,20:00,44.9,11,BERTUĞHAN,0.0428,0.0421370129703301,0.0440880046109607,16.9,geri_kurulan
2026-07-30 19:45,2026-07-30,KOCAELI,2,30.0,4,8,226490,20:30,44.5,1,REYHAN GELİN,0.0464,0.0729150157789658,0.080782446410243,7.4,geri_kurulan
2026-07-30 19:45,2026-07-30,KOCAELI,2,30.0,4,8,226490,20:30,44.5,2,ŞEHNAZ LONGA,0.0864,0.0427528804180755,0.0412269036852274,14.5,geri_kurulan
2026-07-30 19:45,2026-07-30,KOCAELI,2,30.0,4,8,226490,20:30,44.5,3,JALELA,0.2788,0.2395645111439435,0.1992633678119328,3.0,geri_kurulan
2026-07-30 19:45,2026-07-30,KOCAELI,2,30.0,4,8,226490,20:30,44.5,4,GİDEROS,0.0407,0.1285451189664398,0.1494475258589496,4.0,geri_kurulan
2026-07-30 19:45,2026-07-30,KOCAELI,2,30.0,4,8,226490,20:30,44.5,5,NERGİZLİ,0.0841,0.0500217432378446,0.048799192117208,12.25,geri_kurulan
2026-07-30 19:45,2026-07-30,KOCAELI,2,30.0,4,8,226490,20:30,44.5,6,ÖYKÜLÜ KIZ,0.1636,0.0727083757561065,0.0635946918548721,9.4,geri_kurulan
2026-07-30 19:45,2026-07-30,KOCAELI,2,30.0,4,8,226490,20:30,44.5,7,YEK GÜLÜM,0.0892,0.0942842362285693,0.0934047036618435,6.4,geri_kurulan
2026-07-30 19:45,2026-07-30,KOCAELI,2,30.0,4,8,226490,20:30,44.5,8,ŞİRİN DE FAUST,0.013,0.0112083965958625,0.0145802464252633,41.0,geri_kurulan
2026-07-30 19:45,2026-07-30,KOCAELI,2,30.0,4,8,226490,20:30,44.5,9,HOŞ ESİNTİ,0.053,0.0318137043063755,0.0332105613019888,18.0,geri_kurulan
2026-07-30 19:45,2026-07-30,KOCAELI,2,30.0,4,8,226490,20:30,44.5,11,KANATLANAN,0.0819,0.1921590691792983,0.1992633678119328,3.0,geri_kurulan
2026-07-30 19:45,2026-07-30,KOCAELI,2,30.0,4,8,226490,20:30,44.5,12,FIGHT FOR ME,0.0199,0.0400030417358317,0.050660178257271,11.8,geri_kurulan
2026-07-30 19:45,2026-07-30,KOCAELI,2,30.0,4,8,226490,20:30,44.5,13,AZUŞUN KIZI,0.0431,0.0240239066526863,0.0257668148032671,23.2,geri_kurulan
2026-07-30 20:15,2026-07-30,KOCAELI,2,30.0,5,9,226487,21:00,44.5,1,RACING RAPTURE,0.0448,0.1215439841070338,0.1522828058288111,4.9,geri_kurulan
2026-07-30 20:15,2026-07-30,KOCAELI,2,30.0,5,9,226487,21:00,44.5,2,ERKOÇUM,0.0494,0.0132118943540374,0.0140128779072521,53.25,geri_kurulan
2026-07-30 20:15,2026-07-30,KOCAELI,2,30.0,5,9,226487,21:00,44.5,3,AFTER YOU,0.1308,0.1241128653060095,0.1184421823112975,6.3,geri_kurulan
2026-07-30 20:15,2026-07-30,KOCAELI,2,30.0,5,9,226487,21:00,44.5,4,RİYAD,0.0685,0.0316536477374233,0.0326558314468785,22.85,geri_kurulan
2026-07-30 20:15,2026-07-30,KOCAELI,2,30.0,5,9,226487,21:00,44.5,5,SÖNMEZ YİĞİT,0.3528,0.3319431797346585,0.2618195608986577,2.85,geri_kurulan
2026-07-30 20:15,2026-07-30,KOCAELI,2,30.0,5,9,226487,21:00,44.5,6,TIZONA,0.1332,0.0567545729473277,0.0512842438873659,14.55,geri_kurulan
2026-07-30 20:15,2026-07-30,KOCAELI,2,30.0,5,9,226487,21:00,44.5,7,ADANALI KIZ,0.099,0.0277732330353724,0.0258643240402486,28.85,geri_kurulan
2026-07-30 20:15,2026-07-30,KOCAELI,2,30.0,5,9,226487,21:00,44.5,8,CALEDONIE,0.0583,0.1333151544035954,0.1570917365391946,4.75,geri_kurulan
2026-07-30 20:15,2026-07-30,KOCAELI,2,30.0,5,9,226487,21:00,44.5,9,KUMKAPILI,0.0631,0.1596914683745415,0.1865464371402936,4.0,geri_kurulan
2026-07-30 20:45,2026-07-30,KOCAELI,2,30.0,6,10,226476,21:30,44.8,1,SENSEİ BAHA,0.0508,0.0370185846670816,0.0355177142314787,21.0,geri_kurulan
2026-07-30 20:45,2026-07-30,KOCAELI,2,30.0,6,10,226476,21:30,44.8,2,ABELARDO,0.0406,0.3125332837799749,0.3638399994444168,2.05,geri_kurulan
2026-07-30 20:45,2026-07-30,KOCAELI,2,30.0,6,10,226476,21:30,44.8,3,BARANIM KING,0.0507,0.0175619875513245,0.0160748275616606,46.4,geri_kurulan
2026-07-30 20:45,2026-07-30,KOCAELI,2,30.0,6,10,226476,21:30,44.8,4,COMPETITOR,0.034,0.0312456303652393,0.0328577973066543,22.7,geri_kurulan
2026-07-30 20:45,2026-07-30,KOCAELI,2,30.0,6,10,226476,21:30,44.8,5,GO HER LED,0.0716,0.0785255144966925,0.0724147571709761,10.3,geri_kurulan
2026-07-30 20:45,2026-07-30,KOCAELI,2,30.0,6,10,226476,21:30,44.8,6,GRANDE TEMPESTA,0.064,0.0580624702712984,0.0540486955696416,13.8,geri_kurulan
2026-07-30 20:45,2026-07-30,KOCAELI,2,30.0,6,10,226476,21:30,44.8,7,PRINCE VINCE,0.0566,0.0320079670718724,0.0295980951928989,25.2,geri_kurulan
2026-07-30 20:45,2026-07-30,KOCAELI,2,30.0,6,10,226476,21:30,44.8,8,SHADOW OF HEART,0.0602,0.1346996322998249,0.1343913511461359,5.55,geri_kurulan
2026-07-30 20:45,2026-07-30,KOCAELI,2,30.0,6,10,226476,21:30,44.8,9,BALABAN SÜMBÜLÜ,0.0683,0.0294864546004167,0.0258534488340053,28.85,geri_kurulan
2026-07-30 20:45,2026-07-30,KOCAELI,2,30.0,6,10,226476,21:30,44.8,10,DESTAN DORİNDA,0.0097,0.0078697651726365,0.0104390762611764,71.45,geri_kurulan
2026-07-30 20:45,2026-07-30,KOCAELI,2,30.0,6,10,226476,21:30,44.8,11,KAYLA MARLA,0.0742,0.0992703780847575,0.0920829628223524,8.1,geri_kurulan
2026-07-30 20:45,2026-07-30,KOCAELI,2,30.0,6,10,226476,21:30,44.8,12,LOVE FOR LIFE,0.0336,0.024992580526585,0.0259885713888869,28.7,geri_kurulan
2026-07-30 20:45,2026-07-30,KOCAELI,2,30.0,6,10,226476,21:30,44.8,13,MY FOUNTAIN,0.0555,0.0219801001206457,0.0199431015738249,37.4,geri_kurulan
2026-07-30 20:45,2026-07-30,KOCAELI,2,30.0,6,10,226476,21:30,44.8,14,PEANUT,0.2444,0.0838016823138114,0.0567203040958976,13.15,geri_kurulan
2026-07-30 20:45,2026-07-30,KOCAELI,2,30.0,6,10,226476,21:30,44.8,15,PLIOSAUR,0.0224,0.0142053749746525,0.0158023728572257,47.2,geri_kurulan
2026-07-30 20:45,2026-07-30,KOCAELI,2,30.0,6,10,226476,21:30,44.8,16,SECRET SAVER,0.0634,0.0167385937031854,0.014426924542767,51.7,geri_kurulan
2026-07-31 13:00,2026-07-31,BURSA,1,30.0,1,1,226494,13:30,29.4,1,FELHAN GÜLÜ,0.2393,0.2691186790486344,0.2370644595466406,3.15,geri_kurulan
2026-07-31 13:00,2026-07-31,BURSA,1,30.0,1,1,226494,13:30,29.4,2,ALTINGÖZ,0.046,0.0243461887097194,0.026433736197236,28.25,geri_kurulan
2026-07-31 13:00,2026-07-31,BURSA,1,30.0,1,1,226494,13:30,29.4,3,ASİ KADIN,0.0689,0.105737629565563,0.1131444011472603,6.6,geri_kurulan
2026-07-31 13:00,2026-07-31,BURSA,1,30.0,1,1,226494,13:30,29.4,4,DEVİNAY,0.0179,0.0099281210728831,0.0123942414534758,60.25,geri_kurulan
2026-07-31 13:00,2026-07-31,BURSA,1,30.0,1,1,226494,13:30,29.4,5,FEYZANUR,0.1025,0.1161088324660416,0.1157756662902198,6.45,geri_kurulan
2026-07-31 13:00,2026-07-31,BURSA,1,30.0,1,1,226494,13:30,29.4,6,GELEVRİ KIZ,0.0196,0.0251740066292526,0.0321184106482545,23.25,geri_kurulan
2026-07-31 13:00,2026-07-31,BURSA,1,30.0,1,1,226494,13:30,29.4,7,KAYANİLİM,0.078,0.0311855175499164,0.0309856036336895,24.1,geri_kurulan
2026-07-31 13:00,2026-07-31,BURSA,1,30.0,1,1,226494,13:30,29.4,8,LEMİKIZ,0.1523,0.2098593164183352,0.1991341460191782,3.75,geri_kurulan
2026-07-31 13:00,2026-07-31,BURSA,1,30.0,1,1,226494,13:30,29.4,9,ÖZGÜNDEN,0.0355,0.0175472936269395,0.0197292747046741,37.85,geri_kurulan
2026-07-31 13:00,2026-07-31,BURSA,1,30.0,1,1,226494,13:30,29.4,10,ÖZYÜREK,0.0223,0.0251430706452341,0.0313104003174808,23.85,geri_kurulan
2026-07-31 13:00,2026-07-31,BURSA,1,30.0,1,1,226494,13:30,29.4,11,PATARA,0.0639,0.0804575825699344,0.0863298320892391,8.65,geri_kurulan
2026-07-31 13:00,2026-07-31,BURSA,1,30.0,1,1,226494,13:30,29.4,12,SONASİYE,0.0483,0.0104871048745836,0.010893552845688,68.55,geri_kurulan
2026-07-31 13:00,2026-07-31,BURSA,1,30.0,1,1,226494,13:30,29.4,13,TEPEBAĞ KIZI,0.0267,0.0195564221221768,0.0232996270693266,32.05,geri_kurulan
2026-07-31 13:00,2026-07-31,BURSA,1,30.0,1,1,226494,13:30,29.4,14,UMUDUN ASLANI,0.0083,0.0107643863764497,0.0155735776344508,47.95,geri_kurulan
2026-07-31 13:00,2026-07-31,BURSA,1,30.0,1,1,226494,13:30,29.4,15,VARDAKOSTA,0.0706,0.0445858483243356,0.0458130704031851,16.3,geri_kurulan
2026-07-31 13:00,2026-07-31,BURSA,1,30.0,2,2,226500,14:00,59.4,1,GHOST COMMANDER,0.2151,0.2061471063415907,0.1954125241642931,3.8,geri_kurulan
2026-07-31 13:00,2026-07-31,BURSA,1,30.0,2,2,226500,14:00,59.4,2,TYPHOON,0.1298,0.106409525135448,0.110010013603602,6.75,geri_kurulan
2026-07-31 13:00,2026-07-31,BURSA,1,30.0,2,2,226500,14:00,59.4,3,CHOSEN ONE,0.1157,0.0758228228782227,0.0789965523217355,9.4,geri_kurulan
2026-07-31 13:00,2026-07-31,BURSA,1,30.0,2,2,226500,14:00,59.4,4,AFTER BURNER,0.2444,0.1405670474658012,0.1258589138685278,5.9,geri_kurulan
2026-07-31 13:00,2026-07-31,BURSA,1,30.0,2,2,226500,14:00,59.4,5,GOLDEN SAIL,0.2276,0.3419872383867088,0.3300300408108061,2.25,geri_kurulan
2026-07-31 13:00,2026-07-31,BURSA,1,30.0,2,2,226500,14:00,59.4,6,LUPELIUS,0.0674,0.1290662597922282,0.1596919552310352,4.65,geri_kurulan
2026-07-31 13:00,2026-07-31,BURSA,1,30.0,3,3,226498,14:30,89.4,1,BLACKFYRE,0.23,0.0516744344538918,0.0417394159378114,17.8,geri_kurulan
2026-07-31 13:00,2026-07-31,BURSA,1,30.0,3,3,226498,14:30,89.4,2,PROBALA,0.1336,0.1136420577879162,0.1108897915959767,6.7,geri_kurulan
2026-07-31 13:00,2026-07-31,BURSA,1,30.0,3,3,226498,14:30,89.4,3,DRECARİ,0.1149,0.0955848494104601,0.0958660133797476,7.75,geri_kurulan
2026-07-31 13:00,2026-07-31,BURSA,1,30.0,3,3,226498,14:30,89.4,4,SHEEP STEALER,0.1959,0.2828886798272696,0.2653434298903728,2.8,geri_kurulan
2026-07-31 13:00,2026-07-31,BURSA,1,30.0,3,3,226498,14:30,89.4,5,AZP STAR,0.095,0.0503521285793392,0.050887781074866,14.6,geri_kurulan
2026-07-31 13:00,2026-07-31,BURSA,1,30.0,3,3,226498,14:30,89.4,6,EL REY ESCORPİON,0.1476,0.2996542628067807,0.303249634160426,2.45,geri_kurulan
2026-07-31 13:00,2026-07-31,BURSA,1,30.0,3,3,226498,14:30,89.4,7,MIDNIGHT BLUE,0.0721,0.0824730754269702,0.0922933669183905,8.05,geri_kurulan
2026-07-31 13:00,2026-07-31,BURSA,1,30.0,3,3,226498,14:30,89.4,8,FLY YAZICI,0.0109,0.0237305117073718,0.0397305670424087,18.7,geri_kurulan
2026-07-31 13:00,2026-07-31,BURSA,1,30.0,4,4,226497,15:00,119.4,1,IŞILS A MELİNA,0.309,0.3827103924939604,0.3464018763632819,1.4,geri_kurulan
2026-07-31 13:00,2026-07-31,BURSA,1,30.0,4,4,226497,15:00,119.4,2,QUEEN AYLA,0.1121,0.0639481809184476,0.0668913968149785,7.25,geri_kurulan
2026-07-31 13:00,2026-07-31,BURSA,1,30.0,4,4,226497,15:00,119.4,3,ROYAL TOUCH,0.1671,0.3302133054743975,0.3464018763632819,1.4,geri_kurulan
2026-07-31 13:00,2026-07-31,BURSA,1,30.0,4,4,226497,15:00,119.4,4,RECUERDAME,0.1625,0.0458721686149177,0.0427279847496559,11.35,geri_kurulan
2026-07-31 13:00,2026-07-31,BURSA,1,30.0,4,4,226497,15:00,119.4,5,HOLD FAST,0.0369,0.0244227143159191,0.0319054359808285,15.2,geri_kurulan
2026-07-31 13:00,2026-07-31,BURSA,1,30.0,4,4,226497,15:00,119.4,6,ROMANTIC PARADISE,0.1907,0.1174207469993361,0.1114856613582976,4.35,geri_kurulan
2026-07-31 13:00,2026-07-31,BURSA,1,30.0,4,4,226497,15:00,119.4,7,TI VOGLIO BENE,0.0218,0.0354124911830214,0.0541857683696753,8.95,geri_kurulan
2026-07-31 13:00,2026-07-31,BURSA,1,30.0,5,5,226492,15:30,149.4,1,EFLANİ,0.1442,0.2828377644893433,0.2714296806658186,2.75,geri_kurulan
2026-07-31 13:00,2026-07-31,BURSA,1,30.0,5,5,226492,15:30,149.4,2,NADİDE KIZ,0.0786,0.0399539933623925,0.0395984945268435,18.85,geri_kurulan
2026-07-31 13:00,2026-07-31,BURSA,1,30.0,5,5,226492,15:30,149.4,3,ÇINARALTI KIZI,0.1056,0.0271016653563858,0.0250060844834506,29.85,geri_kurulan
2026-07-31 13:00,2026-07-31,BURSA,1,30.0,5,5,226492,15:30,149.4,4,ELİTEZ,0.0159,0.0189398213117197,0.0245536717707566,30.4,geri_kurulan
2026-07-31 13:00,2026-07-31,BURSA,1,30.0,5,5,226492,15:30,149.4,5,HİFA GÜZELİ,0.0448,0.0121443921368818,0.0127268818726513,58.65,geri_kurulan
2026-07-31 13:00,2026-07-31,BURSA,1,30.0,5,5,226492,15:30,149.4,6,İCLAL HANIM,0.0078,0.0169556132385579,0.0250060844834506,29.85,geri_kurulan
2026-07-31 13:00,2026-07-31,BURSA,1,30.0,5,5,226492,15:30,149.4,7,İLTER,0.0301,0.0166038253318212,0.0189931710389567,39.3,geri_kurulan
2026-07-31 13:00,2026-07-31,BURSA,1,30.0,5,5,226492,15:30,149.4,8,PRENSES BERRİN,0.0687,0.0569749136636272,0.0587741434512599,12.7,geri_kurulan
2026-07-31 13:00,2026-07-31,BURSA,1,30.0,5,5,226492,15:30,149.4,9,ROZA HANIM,0.1847,0.2810250271132185,0.2573902144244832,2.9,geri_kurulan
2026-07-31 13:00,2026-07-31,BURSA,1,30.0,5,5,226492,15:30,149.4,10,STAR GIRL,0.0397,0.0142752359840442,0.0154062254247884,48.45,geri_kurulan
2026-07-31 13:00,2026-07-31,BURSA,1,30.0,5,5,226492,15:30,149.4,11,TARAFINI SEÇ,0.0258,0.0477664548848771,0.0587741434512599,12.7,geri_kurulan
2026-07-31 13:00,2026-07-31,BURSA,1,30.0,5,5,226492,15:30,149.4,12,TEKSEVDAM,0.0932,0.0533519020412794,0.0518355292938195,14.4,geri_kurulan
2026-07-31 13:00,2026-07-31,BURSA,1,30.0,5,5,226492,15:30,149.4,13,TUMBUL NADİDE,0.0428,0.0375353991782104,0.041583934363844,17.95,geri_kurulan
2026-07-31 13:00,2026-07-31,BURSA,1,30.0,5,5,226492,15:30,149.4,14,TURQUOİSE,0.0503,0.0259744423239359,0.0274928774155064,27.15,geri_kurulan
2026-07-31 13:00,2026-07-31,BURSA,1,30.0,5,5,226492,15:30,149.4,15,YAĞMURCUM,0.0679,0.0685595495837047,0.0714288633331101,10.45,geri_kurulan
2026-07-31 13:00,2026-07-31,BURSA,1,30.0,6,6,226511,16:00,179.4,1,BIÇKIDERELİ EGE,0.0504,0.0284362679454587,0.02704753404402,27.65,geri_kurulan
2026-07-31 13:00,2026-07-31,BURSA,1,30.0,6,6,226511,16:00,179.4,2,GRAVITY OF LOVE,0.0318,0.0184496525187547,0.0192006242956907,38.95,geri_kurulan
2026-07-31 13:00,2026-07-31,BURSA,1,30.0,6,6,226511,16:00,179.4,3,BIG HONEY,0.0906,0.1075534974502109,0.0958800405534813,7.8,geri_kurulan
2026-07-31 13:00,2026-07-31,BURSA,1,30.0,6,6,226511,16:00,179.4,4,ANGEL QUEST,0.0357,0.0903743635505871,0.101062745448264,7.4,geri_kurulan
2026-07-31 13:00,2026-07-31,BURSA,1,30.0,6,6,226511,16:00,179.4,5,DRAGON BORA,0.2657,0.1392411953899115,0.0958800405534813,7.8,geri_kurulan
2026-07-31 13:00,2026-07-31,BURSA,1,30.0,6,6,226511,16:00,179.4,6,STAIN FREE,0.0265,0.0081000924373283,0.0083794321155983,89.25,geri_kurulan
2026-07-31 13:00,2026-07-31,BURSA,1,30.0,6,6,226511,16:00,179.4,7,ALPS FIRE,0.0446,0.0299628953044005,0.0295015509395327,25.35,geri_kurulan
2026-07-31 13:00,2026-07-31,BURSA,1,30.0,6,6,226511,16:00,179.4,8,MAHSA,0.0674,0.1391297944721512,0.1359753302394826,5.5,geri_kurulan
2026-07-31 13:00,2026-07-31,BURSA,1,30.0,6,6,226511,16:00,179.4,9,RED SMOKE,0.1852,0.0244080946304211,0.0164909441304774,45.35,geri_kurulan
2026-07-31 13:00,2026-07-31,BURSA,1,30.0,6,6,226511,16:00,179.4,10,ZUATANEYO,0.0321,0.0875421095685988,0.1003844719888797,7.45,geri_kurulan
2026-07-31 13:00,2026-07-31,BURSA,1,30.0,6,6,226511,16:00,179.4,11,GOLDEN APPLE,0.034,0.102383143826811,0.1168537994245553,6.4,geri_kurulan
2026-07-31 13:00,2026-07-31,BURSA,1,30.0,6,6,226511,16:00,179.4,12,LORD OF NORTH,0.0172,0.0068585775191633,0.0078392485987123,95.4,geri_kurulan
2026-07-31 13:00,2026-07-31,BURSA,1,30.0,6,6,226511,16:00,179.4,13,BEBEĞİM OLDUN,0.0388,0.1034035594483412,0.1141777582163594,6.55,geri_kurulan
2026-07-31 13:00,2026-07-31,BURSA,1,30.0,6,6,226511,16:00,179.4,14,GOLDEN SNOW,0.0416,0.0745005014441182,0.0791390810917623,9.45,geri_kurulan
2026-07-31 13:00,2026-07-31,BURSA,1,30.0,6,6,226511,16:00,179.4,15,MANTI SISTER,0.0177,0.0191975656689597,0.0232617205697404,32.15,geri_kurulan
2026-07-31 13:00,2026-07-31,BURSA,1,30.0,6,6,226511,16:00,179.4,16,MR SHORTY,0.0176,0.012587278198288,0.0148680778591879,50.3,geri_kurulan
2026-07-31 13:00,2026-07-31,BURSA,1,30.0,6,6,226511,16:00,179.4,17,HERO WIND,0.0031,0.007871410626495,0.0140575999307735,53.2,geri_kurulan
2026-07-31 15:01,2026-07-31,BURSA,2,30.0,1,5,226492,15:30,28.9,1,EFLANİ,0.1442,0.1156337555537423,0.104594852707953,7.15,geri_kurulan
2026-07-31 15:01,2026-07-31,BURSA,2,30.0,1,5,226492,15:30,28.9,2,NADİDE KIZ,0.0786,0.0676701080222994,0.0670720355929923,11.15,geri_kurulan
2026-07-31 15:01,2026-07-31,BURSA,2,30.0,1,5,226492,15:30,28.9,3,ÇINARALTI KIZI,0.1056,0.1498060143350835,0.1452142129828862,5.15,geri_kurulan
2026-07-31 15:01,2026-07-31,BURSA,2,30.0,1,5,226492,15:30,28.9,4,ELİTEZ,0.0159,0.0207911471651677,0.0264726795349332,28.25,geri_kurulan
2026-07-31 15:01,2026-07-31,BURSA,2,30.0,1,5,226492,15:30,28.9,5,HİFA GÜZELİ,0.0448,0.0361160054619227,0.0387488703037235,19.3,geri_kurulan
2026-07-31 15:01,2026-07-31,BURSA,2,30.0,1,5,226492,15:30,28.9,6,İCLAL HANIM,0.0078,0.0160346137491822,0.0230818887920328,32.4,geri_kurulan
2026-07-31 15:01,2026-07-31,BURSA,2,30.0,1,5,226492,15:30,28.9,7,İLTER,0.0301,0.0216679990363017,0.0245197769462906,30.5,geri_kurulan
2026-07-31 15:01,2026-07-31,BURSA,2,30.0,1,5,226492,15:30,28.9,8,PRENSES BERRİN,0.0687,0.1612658193257904,0.1699666356504237,4.4,geri_kurulan
2026-07-31 15:01,2026-07-31,BURSA,2,30.0,1,5,226492,15:30,28.9,9,ROZA HANIM,0.1847,0.1324865841376386,0.1150543379787483,6.5,geri_kurulan
2026-07-31 15:01,2026-07-31,BURSA,2,30.0,1,5,226492,15:30,28.9,10,STAR GIRL,0.0397,0.0244721427490585,0.0264259080163202,28.3,geri_kurulan
2026-07-31 15:01,2026-07-31,BURSA,2,30.0,1,5,226492,15:30,28.9,11,TARAFINI SEÇ,0.0258,0.0231562857966099,0.0270471318937383,27.65,geri_kurulan
2026-07-31 15:01,2026-07-31,BURSA,2,30.0,1,5,226492,15:30,28.9,12,TEKSEVDAM,0.0932,0.1317705678465891,0.1300614255411938,5.75,geri_kurulan
2026-07-31 15:01,2026-07-31,BURSA,2,30.0,1,5,226492,15:30,28.9,13,TUMBUL NADİDE,0.0428,0.022587915392388,0.0239696537455725,31.2,geri_kurulan
2026-07-31 15:01,2026-07-31,BURSA,2,30.0,1,5,226492,15:30,28.9,14,TURQUOİSE,0.0503,0.0253224109994273,0.0261945077709934,28.55,geri_kurulan
2026-07-31 15:01,2026-07-31,BURSA,2,30.0,1,5,226492,15:30,28.9,15,YAĞMURCUM,0.0679,0.0512186304287981,0.0515760825421975,14.5,geri_kurulan
2026-07-31 15:01,2026-07-31,BURSA,2,30.0,2,6,226511,16:00,58.9,1,BIÇKIDERELİ EGE,0.0504,0.0291339909866939,0.0282184951178234,26.5,geri_kurulan
2026-07-31 15:01,2026-07-31,BURSA,2,30.0,2,6,226511,16:00,58.9,2,GRAVITY OF LOVE,0.0318,0.0210451828569464,0.022456159778448,33.3,geri_kurulan
2026-07-31 15:01,2026-07-31,BURSA,2,30.0,2,6,226511,16:00,58.9,3,BIG HONEY,0.0906,0.094026845721255,0.0844960588273809,8.85,geri_kurulan
2026-07-31 15:01,2026-07-31,BURSA,2,30.0,2,6,226511,16:00,58.9,4,ANGEL QUEST,0.0357,0.0571495607565982,0.0631046515293098,11.85,geri_kurulan
2026-07-31 15:01,2026-07-31,BURSA,2,30.0,2,6,226511,16:00,58.9,5,DRAGON BORA,0.2657,0.1782053985415375,0.1267440882410713,5.9,geri_kurulan
2026-07-31 15:01,2026-07-31,BURSA,2,30.0,2,6,226511,16:00,58.9,6,STAIN FREE,0.0265,0.0183848750940538,0.0203757526055128,36.7,geri_kurulan
2026-07-31 15:01,2026-07-31,BURSA,2,30.0,2,6,226511,16:00,58.9,7,ALPS FIRE,0.0446,0.0457293305386273,0.0470308251963723,15.9,geri_kurulan
2026-07-31 15:01,2026-07-31,BURSA,2,30.0,2,6,226511,16:00,58.9,8,MAHSA,0.0674,0.1049597193857053,0.1024370028249754,7.3,geri_kurulan
2026-07-31 15:01,2026-07-31,BURSA,2,30.0,2,6,226511,16:00,58.9,9,RED SMOKE,0.1852,0.0411297474351929,0.0292105515868094,25.6,geri_kurulan
2026-07-31 15:01,2026-07-31,BURSA,2,30.0,2,6,226511,16:00,58.9,10,ZUATANEYO,0.0321,0.129012487138785,0.1541835300252208,4.85,geri_kurulan
2026-07-31 15:01,2026-07-31,BURSA,2,30.0,2,6,226511,16:00,58.9,11,GOLDEN APPLE,0.034,0.0720256001892926,0.0817256962428766,9.15,geri_kurulan
2026-07-31 15:01,2026-07-31,BURSA,2,30.0,2,6,226511,16:00,58.9,12,LORD OF NORTH,0.0172,0.0112537023094122,0.0134980166177314,55.4,geri_kurulan
2026-07-31 15:01,2026-07-31,BURSA,2,30.0,2,6,226511,16:00,58.9,13,BEBEĞİM OLDUN,0.0388,0.1096824988502632,0.1236016728301357,6.05,geri_kurulan
2026-07-31 15:01,2026-07-31,BURSA,2,30.0,2,6,226511,16:00,58.9,14,GOLDEN SNOW,0.0416,0.0543429765421286,0.0575223169709477,13.0,geri_kurulan
2026-07-31 15:01,2026-07-31,BURSA,2,30.0,2,6,226511,16:00,58.9,15,MANTI SISTER,0.0177,0.0127786570668308,0.015339284525586,48.75,geri_kurulan
2026-07-31 15:01,2026-07-31,BURSA,2,30.0,2,6,226511,16:00,58.9,16,MR SHORTY,0.0176,0.0136163310490085,0.016434947705985,45.5,geri_kurulan
2026-07-31 15:01,2026-07-31,BURSA,2,30.0,2,6,226511,16:00,58.9,17,HERO WIND,0.0031,0.007523095537668,0.0136209493738127,54.9,geri_kurulan
2026-07-31 15:01,2026-07-31,BURSA,2,30.0,3,7,226501,16:30,88.9,1,BRAVE JUMPER,0.3237,0.1448149322372786,0.1110912324502327,6.7,geri_kurulan
2026-07-31 15:01,2026-07-31,BURSA,2,30.0,3,7,226501,16:30,88.9,2,MARION,0.1037,0.1029873224050181,0.1033765635300776,7.2,geri_kurulan
2026-07-31 15:01,2026-07-31,BURSA,2,30.0,3,7,226501,16:30,88.9,4,İSPANOZ,0.1223,0.1861810048371932,0.1860778143541398,4.0,geri_kurulan
2026-07-31 15:01,2026-07-31,BURSA,2,30.0,3,7,226501,16:30,88.9,5,OHIO MAN,0.3066,0.1014404234966385,0.0771307002504206,9.65,geri_kurulan
2026-07-31 15:01,2026-07-31,BURSA,2,30.0,3,7,226501,16:30,88.9,6,ERDUMAN,0.0471,0.0600406128790088,0.0712259576475176,10.45,geri_kurulan
2026-07-31 15:01,2026-07-31,BURSA,2,30.0,3,7,226501,16:30,88.9,7,LORD OF DRAGON,0.0967,0.4045357041448627,0.4510977317676116,1.65,geri_kurulan
2026-07-31 15:01,2026-07-31,BURSA,2,30.0,4,8,226503,17:00,118.9,1,FİKRET ABİ,0.2346,0.1746919456950598,0.1605196052295205,4.65,geri_kurulan
2026-07-31 15:01,2026-07-31,BURSA,2,30.0,4,8,226503,17:00,118.9,2,HASHEYBETLİ,0.2,0.1432296104548488,0.1344893989760848,5.55,geri_kurulan
2026-07-31 15:01,2026-07-31,BURSA,2,30.0,4,8,226503,17:00,118.9,3,GÜRCEYHUN,0.1114,0.1831326202732919,0.1938743283940962,3.85,geri_kurulan
2026-07-31 15:01,2026-07-31,BURSA,2,30.0,4,8,226503,17:00,118.9,4,TERCAN HAN,0.1005,0.0692478925279781,0.0717707850305068,10.4,geri_kurulan
2026-07-31 15:01,2026-07-31,BURSA,2,30.0,4,8,226503,17:00,118.9,5,HIZLI EREN,0.2079,0.1641611607926956,0.1539002400654166,4.85,geri_kurulan
2026-07-31 15:01,2026-07-31,BURSA,2,30.0,4,8,226503,17:00,118.9,6,MEN DAKKA DUKKA,0.1197,0.2435137812635031,0.2573848842473347,2.9,geri_kurulan
2026-07-31 15:01,2026-07-31,BURSA,2,30.0,4,8,226503,17:00,118.9,7,SANCAR EFESİ,0.0259,0.0220229889926222,0.0280607580570402,26.6,geri_kurulan
2026-07-31 15:01,2026-07-31,BURSA,2,30.0,5,9,226493,17:30,148.9,1,FIRTINA BİÇEN,0.0636,0.0302009887681642,0.0290206962859169,23.05,geri_kurulan
2026-07-31 15:01,2026-07-31,BURSA,2,30.0,5,9,226493,17:30,148.9,2,ZORLU HAYAT,0.1731,0.0732535470667173,0.0605363845602158,11.05,geri_kurulan
2026-07-31 15:01,2026-07-31,BURSA,2,30.0,5,9,226493,17:30,148.9,3,ALTIN HANÇER,0.0212,0.091682299487615,0.1133774659983703,5.9,geri_kurulan
2026-07-31 15:01,2026-07-31,BURSA,2,30.0,5,9,226493,17:30,148.9,4,BANGU,0.1908,0.1908714212603493,0.1611872408169602,4.15,geri_kurulan
2026-07-31 15:01,2026-07-31,BURSA,2,30.0,5,9,226493,17:30,148.9,5,ÇENGER,0.0753,0.0407810863795498,0.038444083298298,17.4,geri_kurulan
2026-07-31 15:01,2026-07-31,BURSA,2,30.0,5,9,226493,17:30,148.9,6,GÜL MEVSİMİ,0.0255,0.0121589476661519,0.0133518373131813,50.1,geri_kurulan
2026-07-31 15:01,2026-07-31,BURSA,2,30.0,5,9,226493,17:30,148.9,7,GÜMBÜR ATEŞİ,0.0358,0.012669810107722,0.0130777526762538,51.15,geri_kurulan
2026-07-31 15:01,2026-07-31,BURSA,2,30.0,5,9,226493,17:30,148.9,8,HÜMAPETRA,0.0249,0.086636625858115,0.1037096200605248,6.45,geri_kurulan
2026-07-31 15:01,2026-07-31,BURSA,2,30.0,5,9,226493,17:30,148.9,9,KUTSELİ,0.026,0.0200914167721458,0.0224472164224961,29.8,geri_kurulan
2026-07-31 15:01,2026-07-31,BURSA,2,30.0,5,9,226493,17:30,148.9,10,LEYLA REİS,0.0282,0.0776506976674045,0.0903955472149169,7.4,geri_kurulan
2026-07-31 15:01,2026-07-31,BURSA,2,30.0,5,9,226493,17:30,148.9,11,ÖZYAĞMUR,0.0186,0.0055445573120041,0.0062516546671998,107.0,geri_kurulan
2026-07-31 15:01,2026-07-31,BURSA,2,30.0,5,9,226493,17:30,148.9,12,REFİYE,0.0707,0.0893053381860087,0.0880167170250506,7.6,geri_kurulan
2026-07-31 15:01,2026-07-31,BURSA,2,30.0,5,9,226493,17:30,148.9,13,TOKATHANIN GÜLÜ,0.0448,0.048072359712005,0.0502952668714575,13.3,geri_kurulan
2026-07-31 15:01,2026-07-31,BURSA,2,30.0,5,9,226493,17:30,148.9,14,UÇAN DULO,0.1503,0.1224753424797608,0.1061788967286325,6.3,geri_kurulan
2026-07-31 15:01,2026-07-31,BURSA,2,30.0,5,9,226493,17:30,148.9,15,UÇAN KÜBRA,0.0511,0.0986055612762858,0.1037096200605248,6.45,geri_kurulan
2026-07-31 15:01,2026-07-31,BURSA,2,30.0,6,10,226508,18:00,178.9,1,HUSREV,0.0281,0.0509410262946652,0.0567633304644101,11.7,geri_kurulan
2026-07-31 15:01,2026-07-31,BURSA,2,30.0,6,10,226508,18:00,178.9,2,KAŞMİR TAY,0.0782,0.0630579965609825,0.0585137415359998,11.35,geri_kurulan
2026-07-31 15:01,2026-07-31,BURSA,2,30.0,6,10,226508,18:00,178.9,3,MOĞOLOĞLU,0.0567,0.0587670653472257,0.0577505188203129,11.5,geri_kurulan
2026-07-31 15:01,2026-07-31,BURSA,2,30.0,6,10,226508,18:00,178.9,4,BELLİ BEY,0.0291,0.0187807639363951,0.0199438728658738,33.3,geri_kurulan
2026-07-31 15:01,2026-07-31,BURSA,2,30.0,6,10,226508,18:00,178.9,5,KAYAŞAH,0.0284,0.0134871523190657,0.0141908326161025,46.8,geri_kurulan
2026-07-31 15:01,2026-07-31,BURSA,2,30.0,6,10,226508,18:00,178.9,6,CÜDA,0.0069,0.0302956637517204,0.0429858230701358,15.45,geri_kurulan
2026-07-31 15:01,2026-07-31,BURSA,2,30.0,6,10,226508,18:00,178.9,7,MÜZEYYEN ABLA,0.1278,0.0539175828079953,0.0453331717702115,14.65,geri_kurulan
2026-07-31 15:01,2026-07-31,BURSA,2,30.0,6,10,226508,18:00,178.9,8,NEZENGÜL,0.0451,0.0411965168036091,0.0416383051055547,15.95,geri_kurulan
2026-07-31 15:01,2026-07-31,BURSA,2,30.0,6,10,226508,18:00,178.9,9,TATLIÇAĞ,0.0052,0.0075672153645922,0.0106859367085052,62.15,geri_kurulan
2026-07-31 15:01,2026-07-31,BURSA,2,30.0,6,10,226508,18:00,178.9,10,AYCASA,0.018,0.0154876957561849,0.0178529829686451,37.2,geri_kurulan
2026-07-31 15:01,2026-07-31,BURSA,2,30.0,6,10,226508,18:00,178.9,11,GÜLÜMSE BİRAZ,0.1085,0.1243369030242396,0.1116186498207729,5.95,geri_kurulan
2026-07-31 15:01,2026-07-31,BURSA,2,30.0,6,10,226508,18:00,178.9,12,SİYAH KUŞ,0.1298,0.04139374253641,0.0343220137691782,19.35,geri_kurulan
2026-07-31 15:01,2026-07-31,BURSA,2,30.0,6,10,226508,18:00,178.9,13,DAĞ YONCASI,0.0189,0.0363204115044203,0.0429858230701358,15.45,geri_kurulan
2026-07-31 15:01,2026-07-31,BURSA,2,30.0,6,10,226508,18:00,178.9,14,TAKİPSİZ,0.014,0.0240892860573072,0.0296487038586428,22.4,geri_kurulan
2026-07-31 15:01,2026-07-31,BURSA,2,30.0,6,10,226508,18:00,178.9,15,KIRKPINAR BEYİ,0.0135,0.0854442360713344,0.1116186498207729,5.95,geri_kurulan
2026-07-31 15:01,2026-07-31,BURSA,2,30.0,6,10,226508,18:00,178.9,16,AKSOYLUCAN,0.0162,0.0161126272443345,0.0189751704695313,35.0,geri_kurulan
2026-07-31 15:01,2026-07-31,BURSA,2,30.0,6,10,226508,18:00,178.9,17,FIRTINADAN DOĞAN,0.0115,0.016241855341325,0.020403409107023,32.55,geri_kurulan
2026-07-31 15:01,2026-07-31,BURSA,2,30.0,6,10,226508,18:00,178.9,18,DATCA,0.0152,0.0254871116356325,0.0309618166169509,21.45,geri_kurulan
2026-07-31 15:01,2026-07-31,BURSA,2,30.0,6,10,226508,18:00,178.9,19,GÜR SERİN SU,0.0095,0.0245756078404303,0.0325554395310587,20.4,geri_kurulan
2026-07-31 15:01,2026-07-31,BURSA,2,30.0,6,10,226508,18:00,178.9,20,DAŞ FATİH,0.2395,0.252499539802129,0.2012518080101814,3.3,geri_kurulan
2026-07-31 17:15,2026-07-31,ISTANBUL,1,30.0,1,1,226496,17:45,29.4,1,HOLA Y CHAO,0.07,0.0350953289004241,0.0384330945063165,19.3,geri_kurulan
2026-07-31 17:15,2026-07-31,ISTANBUL,1,30.0,1,1,226496,17:45,29.4,2,HAMA DESTINATION,0.0801,0.0469714637732291,0.0506319948103692,14.65,geri_kurulan
2026-07-31 17:15,2026-07-31,ISTANBUL,1,30.0,1,1,226496,17:45,29.4,3,MERCIER,0.114,0.1202004050216219,0.1257218176223574,5.9,geri_kurulan
2026-07-31 17:15,2026-07-31,ISTANBUL,1,30.0,1,1,226496,17:45,29.4,4,VOLITIVO,0.2105,0.4142750105161959,0.4009506616064373,1.85,geri_kurulan
2026-07-31 17:15,2026-07-31,ISTANBUL,1,30.0,1,1,226496,17:45,29.4,5,GILMOUR,0.2178,0.1625135780857092,0.1468829156380018,5.05,geri_kurulan
2026-07-31 17:15,2026-07-31,ISTANBUL,1,30.0,1,1,226496,17:45,29.4,6,MILLENNIUM FALCON,0.0622,0.0199513406787955,0.0217206068513004,34.15,geri_kurulan
2026-07-31 17:15,2026-07-31,ISTANBUL,1,30.0,1,1,226496,17:45,29.4,7,GLONASS,0.1208,0.1209204554009029,0.1246653317599847,5.95,geri_kurulan
2026-07-31 17:15,2026-07-31,ISTANBUL,1,30.0,1,1,226496,17:45,29.4,8,LADY BEGÜM,0.0949,0.0643197394723118,0.0677405227371606,10.95,geri_kurulan
2026-07-31 17:15,2026-07-31,ISTANBUL,1,30.0,1,1,226496,17:45,29.4,9,SHADOW MASTER,0.0141,0.0059723089112364,0.0087938200826545,84.35,geri_kurulan
2026-07-31 17:15,2026-07-31,ISTANBUL,1,30.0,1,1,226496,17:45,29.4,10,MANIFEST,0.0157,0.0097803692395727,0.0144592343854173,51.3,geri_kurulan
2026-07-31 17:15,2026-07-31,ISTANBUL,1,30.0,2,2,226504,18:30,74.4,1,BİR EDA,0.3494,0.1396155713026209,0.1179750274451755,6.3,geri_kurulan
2026-07-31 17:15,2026-07-31,ISTANBUL,1,30.0,2,2,226504,18:30,74.4,2,ARABİAN,0.2359,0.4330440617696966,0.4129125960581144,1.8,geri_kurulan
2026-07-31 17:15,2026-07-31,ISTANBUL,1,30.0,2,2,226504,18:30,74.4,3,YAMAN ÖZGE,0.0776,0.1589833339633752,0.1790946199770134,4.15,geri_kurulan
2026-07-31 17:15,2026-07-31,ISTANBUL,1,30.0,2,2,226504,18:30,74.4,4,ALADAĞLAR,0.104,0.1349601195624014,0.1429312832508857,5.2,geri_kurulan
2026-07-31 17:15,2026-07-31,ISTANBUL,1,30.0,2,2,226504,18:30,74.4,5,VARGASKAYA,0.0784,0.1237033739591549,0.1376375320193714,5.4,geri_kurulan
2026-07-31 17:15,2026-07-31,ISTANBUL,1,30.0,2,2,226504,18:30,74.4,6,IRMAĞIN GÜLÜ,0.0703,0.0046601702251365,0.0046164141174199,161.0,geri_kurulan
2026-07-31 17:15,2026-07-31,ISTANBUL,1,30.0,2,2,226504,18:30,74.4,7,KIZIM BİNDAL,0.0845,0.0050333692176142,0.0048325271320195,153.8,geri_kurulan
2026-07-31 17:15,2026-07-31,ISTANBUL,1,30.0,3,3,226499,19:00,104.4,1,FILIUS VENTUS,0.0503,0.0198129968340987,0.0217182625807893,35.1,geri_kurulan
2026-07-31 17:15,2026-07-31,ISTANBUL,1,30.0,3,3,226499,19:00,104.4,2,GREY GHOST,0.216,0.0568237434255947,0.0459223503967292,16.6,geri_kurulan
2026-07-31 17:15,2026-07-31,ISTANBUL,1,30.0,3,3,226499,19:00,104.4,3,PRINCE OF DARKNESS,0.1804,0.7290232348531667,0.7260104919863857,1.05,geri_kurulan
2026-07-31 17:15,2026-07-31,ISTANBUL,1,30.0,3,3,226499,19:00,104.4,4,SHEER FORCE,0.089,0.0484027984544471,0.0485548418207455,15.7,geri_kurulan
2026-07-31 17:15,2026-07-31,ISTANBUL,1,30.0,3,3,226499,19:00,104.4,5,CONSULTANT,0.1502,0.0440218659097765,0.0384035776617483,19.85,geri_kurulan
2026-07-31 17:15,2026-07-31,ISTANBUL,1,30.0,3,3,226499,19:00,104.4,6,DECENT MAN,0.0968,0.0260946583300529,0.0246304044131084,30.95,geri_kurulan
2026-07-31 17:15,2026-07-31,ISTANBUL,1,30.0,3,3,226499,19:00,104.4,7,MAMBA FOREVER,0.0635,0.0147881803182222,0.0149913670911643,50.85,geri_kurulan
2026-07-31 17:15,2026-07-31,ISTANBUL,1,30.0,3,3,226499,19:00,104.4,8,PUROSANGUE,0.0579,0.0169334344239578,0.0177281631764117,43.0,geri_kurulan
2026-07-31 17:15,2026-07-31,ISTANBUL,1,30.0,3,3,226499,19:00,104.4,9,RUSHMORE,0.0706,0.0130557507518085,0.0127797320467008,59.65,geri_kurulan
2026-07-31 17:15,2026-07-31,ISTANBUL,1,30.0,3,3,226499,19:00,104.4,10,FLYING JO,0.0195,0.0177643710474299,0.0246304044131084,30.95,geri_kurulan
2026-07-31 17:15,2026-07-31,ISTANBUL,1,30.0,3,3,226499,19:00,104.4,11,POWERFULL LADY,0.0058,0.0132789656514445,0.0246304044131084,30.95,geri_kurulan
2026-07-31 17:15,2026-07-31,ISTANBUL,1,30.0,4,4,226495,19:30,134.4,1,CANHANBEY,0.097,0.0465923747173692,0.0451649192623789,16.5,geri_kurulan
2026-07-31 17:15,2026-07-31,ISTANBUL,1,30.0,4,4,226495,19:30,134.4,2,EXTREME,0.089,0.0547332913793593,0.054795674105092,13.6,geri_kurulan
2026-07-31 17:15,2026-07-31,ISTANBUL,1,30.0,4,4,226495,19:30,134.4,3,GALİPHANBEY,0.1434,0.0572280524550014,0.0508683391009728,14.65,geri_kurulan
2026-07-31 17:15,2026-07-31,ISTANBUL,1,30.0,4,4,226495,19:30,134.4,4,GOLDEN MONARCH,0.1421,0.4447461616019982,0.451649192623789,1.65,geri_kurulan
2026-07-31 17:15,2026-07-31,ISTANBUL,1,30.0,4,4,226495,19:30,134.4,5,ILLEGAL,0.0515,0.0120728989221369,0.0126201721901651,59.05,geri_kurulan
2026-07-31 17:15,2026-07-31,ISTANBUL,1,30.0,4,4,226495,19:30,134.4,6,MARCAVELLY SUN,0.0532,0.0303904239047131,0.0334179895887556,22.3,geri_kurulan
2026-07-31 17:15,2026-07-31,ISTANBUL,1,30.0,4,4,226495,19:30,134.4,7,SKY OF KHAN,0.1056,0.0572243594873506,0.0549978721645204,13.55,geri_kurulan
2026-07-31 17:15,2026-07-31,ISTANBUL,1,30.0,4,4,226495,19:30,134.4,8,ŞAHİ,0.0546,0.0297047981661535,0.0324009203404022,23.0,geri_kurulan
2026-07-31 17:15,2026-07-31,ISTANBUL,1,30.0,4,4,226495,19:30,134.4,9,VICTORMAN,0.1186,0.2128898291492872,0.2160061356026817,3.45,geri_kurulan
2026-07-31 17:15,2026-07-31,ISTANBUL,1,30.0,4,4,226495,19:30,134.4,10,ALAMARE,0.145,0.0544178102166301,0.048078785021242,15.5,geri_kurulan
2026-07-31 17:15,2026-07-31,ISTANBUL,1,30.0,5,5,226509,20:00,164.4,1,SIKIDOST,0.1367,0.377616147997276,0.3740028551790125,2.0,geri_kurulan
2026-07-31 17:15,2026-07-31,ISTANBUL,1,30.0,5,5,226509,20:00,164.4,2,ERSANŞAH,0.1914,0.144364262039204,0.1289665017858663,5.8,geri_kurulan
2026-07-31 17:15,2026-07-31,ISTANBUL,1,30.0,5,5,226509,20:00,164.4,3,ATABEYLİ,0.3096,0.0859044683344217,0.0686243770970665,10.9,geri_kurulan
2026-07-31 17:15,2026-07-31,ISTANBUL,1,30.0,5,5,226509,20:00,164.4,4,GİRDABIN OĞLU,0.0444,0.0462015794248266,0.0517651010628391,14.45,geri_kurulan
2026-07-31 17:15,2026-07-31,ISTANBUL,1,30.0,5,5,226509,20:00,164.4,5,İLLEDE DORU,0.0503,0.0403113971219547,0.0438713026602947,17.05,geri_kurulan
2026-07-31 17:15,2026-07-31,ISTANBUL,1,30.0,5,5,226509,20:00,164.4,6,METİNCİM,0.0562,0.0496901884179185,0.0534289793112875,14.0,geri_kurulan
2026-07-31 17:15,2026-07-31,ISTANBUL,1,30.0,5,5,226509,20:00,164.4,7,ERİŞMİŞ,0.0834,0.1222905727173806,0.1267806288742415,5.9,geri_kurulan
2026-07-31 17:15,2026-07-31,ISTANBUL,1,30.0,5,5,226509,20:00,164.4,8,TUMBULKARAÜZÜM,0.0666,0.0606163846717521,0.0636600604560021,11.75,geri_kurulan
2026-07-31 17:15,2026-07-31,ISTANBUL,1,30.0,5,5,226509,20:00,164.4,9,ABDİ BABA,0.0429,0.0344357944382603,0.0383592671978474,19.5,geri_kurulan
2026-07-31 17:15,2026-07-31,ISTANBUL,1,30.0,5,5,226509,20:00,164.4,10,SÖZÜ GEÇER,0.0185,0.0385692048370051,0.0505409263755422,14.8,geri_kurulan
2026-07-31 17:15,2026-07-31,ISTANBUL,1,30.0,6,6,226502,20:30,194.4,1,SUBUTAI,0.1992,0.0263650496011249,0.0209177296205867,23.2,geri_kurulan
2026-07-31 17:15,2026-07-31,ISTANBUL,1,30.0,6,6,226502,20:30,194.4,2,MAGIC WEAPON,0.1305,0.0195668227101464,0.0169682282236927,28.6,geri_kurulan
2026-07-31 17:15,2026-07-31,ISTANBUL,1,30.0,6,6,226502,20:30,194.4,3,MASTERPIECE,0.1644,0.3525444969558473,0.3466366622840092,1.4,geri_kurulan
2026-07-31 17:15,2026-07-31,ISTANBUL,1,30.0,6,6,226502,20:30,194.4,4,BOLD LION,0.1964,0.1620203983938164,0.144863082745556,3.35,geri_kurulan
2026-07-31 17:15,2026-07-31,ISTANBUL,1,30.0,6,6,226502,20:30,194.4,5,EL GLADIADOR,0.1161,0.3243076830600908,0.3466366622840092,1.4,geri_kurulan
2026-07-31 17:15,2026-07-31,ISTANBUL,1,30.0,6,6,226502,20:30,194.4,6,LAUREATE,0.0953,0.0833325388624465,0.0858922703004624,5.65,geri_kurulan
2026-07-31 17:15,2026-07-31,ISTANBUL,1,30.0,6,6,226502,20:30,194.4,7,LOWER SPIRIT,0.0433,0.0098887224206215,0.0108809714618298,44.6,geri_kurulan
2026-07-31 17:15,2026-07-31,ISTANBUL,1,30.0,6,6,226502,20:30,194.4,8,TURKISH PUNCH,0.0234,0.0078540279163685,0.0099649143161727,48.7,geri_kurulan
2026-07-31 17:15,2026-07-31,ISTANBUL,1,30.0,6,6,226502,20:30,194.4,9,HARDOLD,0.0315,0.0141202600795375,0.0172394787636807,28.15,geri_kurulan
2026-07-31 18:31,2026-07-31,ISTANBUL,2,30.0,1,3,226499,19:00,29.0,1,FILIUS VENTUS,0.0503,0.0266754196981815,0.0290382695754609,24.3,geri_kurulan
2026-07-31 18:31,2026-07-31,ISTANBUL,2,30.0,1,3,226499,19:00,29.0,2,GREY GHOST,0.216,0.0761459267983827,0.061093502223697,11.55,geri_kurulan
2026-07-31 18:31,2026-07-31,ISTANBUL,2,30.0,1,3,226499,19:00,29.0,3,PRINCE OF DARKNESS,0.1804,0.5128799101028246,0.4866413452991042,1.45,geri_kurulan
2026-07-31 18:31,2026-07-31,ISTANBUL,2,30.0,1,3,226499,19:00,29.0,4,SHEER FORCE,0.089,0.0714872164274784,0.0716375584450457,9.85,geri_kurulan
2026-07-31 18:31,2026-07-31,ISTANBUL,2,30.0,1,3,226499,19:00,29.0,5,CONSULTANT,0.1502,0.0697876477879052,0.061093502223697,11.55,geri_kurulan
2026-07-31 18:31,2026-07-31,ISTANBUL,2,30.0,1,3,226499,19:00,29.0,6,DECENT MAN,0.0968,0.0365402749584815,0.0343372238775523,20.55,geri_kurulan
2026-07-31 18:31,2026-07-31,ISTANBUL,2,30.0,1,3,226499,19:00,29.0,7,MAMBA FOREVER,0.0635,0.0190973710576094,0.0191747269207527,36.8,geri_kurulan
2026-07-31 18:31,2026-07-31,ISTANBUL,2,30.0,1,3,226499,19:00,29.0,8,PUROSANGUE,0.0579,0.1003933828296336,0.1147365773469432,6.15,geri_kurulan
2026-07-31 18:31,2026-07-31,ISTANBUL,2,30.0,1,3,226499,19:00,29.0,9,RUSHMORE,0.0706,0.0292765166692041,0.0294012479451542,24.0,geri_kurulan
2026-07-31 18:31,2026-07-31,ISTANBUL,2,30.0,1,3,226499,19:00,29.0,10,FLYING JO,0.0195,0.0330278402982897,0.0464230230712961,15.2,geri_kurulan
2026-07-31 18:31,2026-07-31,ISTANBUL,2,30.0,1,3,226499,19:00,29.0,11,POWERFULL LADY,0.0058,0.0246884933720091,0.0464230230712961,15.2,geri_kurulan
2026-07-31 18:31,2026-07-31,ISTANBUL,2,30.0,2,4,226495,19:30,59.0,1,CANHANBEY,0.097,0.0556768092539098,0.0547120151022358,13.65,geri_kurulan
2026-07-31 18:31,2026-07-31,ISTANBUL,2,30.0,2,4,226495,19:30,59.0,2,EXTREME,0.089,0.0815268776834893,0.0839122478815189,8.9,geri_kurulan
2026-07-31 18:31,2026-07-31,ISTANBUL,2,30.0,2,4,226495,19:30,59.0,3,GALİPHANBEY,0.1434,0.0640234185680251,0.0574476158573476,13.0,geri_kurulan
2026-07-31 18:31,2026-07-31,ISTANBUL,2,30.0,2,4,226495,19:30,59.0,4,GOLDEN MONARCH,0.1421,0.3800702343954078,0.3829841057156508,1.95,geri_kurulan
2026-07-31 18:31,2026-07-31,ISTANBUL,2,30.0,2,4,226495,19:30,59.0,5,ILLEGAL,0.0515,0.0139186676823852,0.014715645441291,50.75,geri_kurulan
2026-07-31 18:31,2026-07-31,ISTANBUL,2,30.0,2,4,226495,19:30,59.0,6,MARCAVELLY SUN,0.0532,0.0289840006131988,0.0318472923729432,23.45,geri_kurulan
2026-07-31 18:31,2026-07-31,ISTANBUL,2,30.0,2,4,226495,19:30,59.0,7,SKY OF KHAN,0.1056,0.0702056794798707,0.068515505150965,10.9,geri_kurulan
2026-07-31 18:31,2026-07-31,ISTANBUL,2,30.0,2,4,226495,19:30,59.0,8,ŞAHİ,0.0546,0.0414112055632516,0.0462426629192271,16.15,geri_kurulan
2026-07-31 18:31,2026-07-31,ISTANBUL,2,30.0,2,4,226495,19:30,59.0,9,VICTORMAN,0.1186,0.1968179701110053,0.1991517349721384,3.75,geri_kurulan
2026-07-31 18:31,2026-07-31,ISTANBUL,2,30.0,2,4,226495,19:30,59.0,10,ALAMARE,0.145,0.067365136649456,0.0604711745866817,12.35,geri_kurulan
2026-07-31 18:31,2026-07-31,ISTANBUL,2,30.0,3,5,226509,20:00,89.0,1,SIKIDOST,0.1367,0.3357581326713514,0.3313736136658823,2.25,geri_kurulan
2026-07-31 18:31,2026-07-31,ISTANBUL,2,30.0,3,5,226509,20:00,89.0,2,ERSANŞAH,0.1914,0.1776961992967559,0.1603420711286527,4.65,geri_kurulan
2026-07-31 18:31,2026-07-31,ISTANBUL,2,30.0,3,5,226509,20:00,89.0,3,ATABEYLİ,0.3096,0.0826175460629425,0.0659814717476314,11.3,geri_kurulan
2026-07-31 18:31,2026-07-31,ISTANBUL,2,30.0,3,5,226509,20:00,89.0,4,GİRDABIN OĞLU,0.0444,0.0449532518576527,0.0503777453208267,14.8,geri_kurulan
2026-07-31 18:31,2026-07-31,ISTANBUL,2,30.0,3,5,226509,20:00,89.0,5,İLLEDE DORU,0.0503,0.0488282831917699,0.0536396137228946,13.9,geri_kurulan
2026-07-31 18:31,2026-07-31,ISTANBUL,2,30.0,3,5,226509,20:00,89.0,6,METİNCİM,0.0562,0.0539155936636381,0.0582492680272058,12.8,geri_kurulan
2026-07-31 18:31,2026-07-31,ISTANBUL,2,30.0,3,5,226509,20:00,89.0,7,ERİŞMİŞ,0.0834,0.1179170683242907,0.122227972253809,6.1,geri_kurulan
2026-07-31 18:31,2026-07-31,ISTANBUL,2,30.0,3,5,226509,20:00,89.0,8,TUMBULKARAÜZÜM,0.0666,0.0634636307160865,0.0668691148653125,11.15,geri_kurulan
2026-07-31 18:31,2026-07-31,ISTANBUL,2,30.0,3,5,226509,20:00,89.0,9,ABDİ BABA,0.0429,0.0374216158322397,0.0418871140869795,17.8,geri_kurulan
2026-07-31 18:31,2026-07-31,ISTANBUL,2,30.0,3,5,226509,20:00,89.0,10,SÖZÜ GEÇER,0.0185,0.0374286783832721,0.0490520151808049,15.2,geri_kurulan
2026-07-31 18:31,2026-07-31,ISTANBUL,2,30.0,4,6,226502,20:30,119.0,1,SUBUTAI,0.1992,0.0363109498179903,0.0294768059132942,16.75,geri_kurulan
2026-07-31 18:31,2026-07-31,ISTANBUL,2,30.0,4,6,226502,20:30,119.0,2,MAGIC WEAPON,0.1305,0.0321745343939734,0.0288734794764724,17.1,geri_kurulan
2026-07-31 18:31,2026-07-31,ISTANBUL,2,30.0,4,6,226502,20:30,119.0,3,MASTERPIECE,0.1644,0.3458697698036568,0.3405079303777099,1.45,geri_kurulan
2026-07-31 18:31,2026-07-31,ISTANBUL,2,30.0,4,6,226502,20:30,119.0,4,BOLD LION,0.1964,0.1515586594438264,0.1352702737116929,3.65,geri_kurulan
2026-07-31 18:31,2026-07-31,ISTANBUL,2,30.0,4,6,226502,20:30,119.0,5,EL GLADIADOR,0.1161,0.3181675636809014,0.3405079303777099,1.45,geri_kurulan
2026-07-31 18:31,2026-07-31,ISTANBUL,2,30.0,4,6,226502,20:30,119.0,6,LAUREATE,0.0953,0.0811266414397673,0.0836841523809626,5.9,geri_kurulan
2026-07-31 18:31,2026-07-31,ISTANBUL,2,30.0,4,6,226502,20:30,119.0,7,LOWER SPIRIT,0.0433,0.012677734912003,0.0142082445769116,34.75,geri_kurulan
2026-07-31 18:31,2026-07-31,ISTANBUL,2,30.0,4,6,226502,20:30,119.0,8,TURKISH PUNCH,0.0234,0.0081688751108109,0.0104163818364489,47.4,geri_kurulan
2026-07-31 18:31,2026-07-31,ISTANBUL,2,30.0,4,6,226502,20:30,119.0,9,HARDOLD,0.0315,0.0139452713970702,0.0170548013487972,28.95,geri_kurulan
2026-07-31 18:31,2026-07-31,ISTANBUL,2,30.0,5,7,226506,21:00,149.0,1,ORÇUNTAY,0.0656,0.0274341942975155,0.0266423634972536,27.9,geri_kurulan
2026-07-31 18:31,2026-07-31,ISTANBUL,2,30.0,5,7,226506,21:00,149.0,2,GÜMBÜRHAN,0.0329,0.0324199457846343,0.0360835893967659,20.6,geri_kurulan
2026-07-31 18:31,2026-07-31,ISTANBUL,2,30.0,5,7,226506,21:00,149.0,3,O BİR ÇELİK,0.0868,0.4117622970092425,0.4247553951847873,1.75,geri_kurulan
2026-07-31 18:31,2026-07-31,ISTANBUL,2,30.0,5,7,226506,21:00,149.0,4,AĞA TALİP,0.1569,0.0835445161799949,0.0721671787935318,10.3,geri_kurulan
2026-07-31 18:31,2026-07-31,ISTANBUL,2,30.0,5,7,226506,21:00,149.0,5,KILIÇ İBO,0.0923,0.0742067649848101,0.0704570560733059,10.55,geri_kurulan
2026-07-31 18:31,2026-07-31,ISTANBUL,2,30.0,5,7,226506,21:00,149.0,6,LUSİA,0.0648,0.0450618783397468,0.0447784302152637,16.6,geri_kurulan
2026-07-31 18:31,2026-07-31,ISTANBUL,2,30.0,5,7,226506,21:00,149.0,7,NAMSAL,0.1288,0.0594412901771875,0.0525315859769171,14.15,geri_kurulan
2026-07-31 18:31,2026-07-31,ISTANBUL,2,30.0,5,7,226506,21:00,149.0,8,DİLAN KIZ,0.0337,0.0260874162981312,0.0286443908120762,25.95,geri_kurulan
2026-07-31 18:31,2026-07-31,ISTANBUL,2,30.0,5,7,226506,21:00,149.0,9,SANCAR,0.0486,0.0679718627581895,0.0725192138120368,10.25,geri_kurulan
2026-07-31 18:31,2026-07-31,ISTANBUL,2,30.0,5,7,226506,21:00,149.0,10,ERKŞAN,0.1675,0.06519762902193,0.0550608845609909,13.5,geri_kurulan
2026-07-31 18:31,2026-07-31,ISTANBUL,2,30.0,5,7,226506,21:00,149.0,11,BİGBERK,0.0084,0.0356390970674652,0.0514409648147666,14.45,geri_kurulan
2026-07-31 18:31,2026-07-31,ISTANBUL,2,30.0,5,7,226506,21:00,149.0,12,SARAFİM,0.1138,0.0712331080811521,0.0649189468623037,11.45,geri_kurulan
2026-07-31 18:31,2026-07-31,ISTANBUL,2,30.0,6,8,226505,21:30,179.0,1,EFSANE HANIM,0.0896,0.045753025924385,0.0456421460336511,16.35,geri_kurulan
2026-07-31 18:31,2026-07-31,ISTANBUL,2,30.0,6,8,226505,21:30,179.0,2,LUNA,0.1057,0.0315356354991819,0.0300301443722413,24.85,geri_kurulan
2026-07-31 18:31,2026-07-31,ISTANBUL,2,30.0,6,8,226505,21:30,179.0,3,KIVIRCIKKIZ,0.2469,0.3464435107757667,0.3109371198542487,2.4,geri_kurulan
2026-07-31 18:31,2026-07-31,ISTANBUL,2,30.0,6,8,226505,21:30,179.0,4,PİYANGO,0.0677,0.033747605828807,0.0350351684342815,21.3,geri_kurulan
2026-07-31 18:31,2026-07-31,ISTANBUL,2,30.0,6,8,226505,21:30,179.0,5,MAHÇİÇEK,0.0617,0.1401544498927878,0.1571050710842519,4.75,geri_kurulan
2026-07-31 18:31,2026-07-31,ISTANBUL,2,30.0,6,8,226505,21:30,179.0,6,MEVHİDE HANIM,0.1194,0.1578397340286328,0.1571050710842519,4.75,geri_kurulan
2026-07-31 18:31,2026-07-31,ISTANBUL,2,30.0,6,8,226505,21:30,179.0,7,TUSEM KIZ,0.158,0.0631471979571772,0.057403775973092,13.0,geri_kurulan
2026-07-31 18:31,2026-07-31,ISTANBUL,2,30.0,6,8,226505,21:30,179.0,8,SEVTAHA,0.0145,0.0159189807432595,0.0213824953481431,34.9,geri_kurulan
2026-07-31 18:31,2026-07-31,ISTANBUL,2,30.0,6,8,226505,21:30,179.0,9,DERENİMO,0.0579,0.0815582273116003,0.0904544348666905,8.25,geri_kurulan
2026-07-31 18:31,2026-07-31,ISTANBUL,2,30.0,6,8,226505,21:30,179.0,10,TÜRKÖREN,0.0668,0.0685857338018884,0.0735220776010046,10.15,geri_kurulan
2026-07-31 18:31,2026-07-31,ISTANBUL,2,30.0,6,8,226505,21:30,179.0,12,SIRTAŞI,0.0117,0.0153158982365126,0.0213824953481431,34.9,geri_kurulan
2026-08-01 13:00,2026-08-01,ANKARA,1,30.0,1,1,226520,13:30,29.4,2,HIZLI İBRAHİM,0.1544,0.0832194780104161,0.0779700619307323,9.55,geri_kurulan
2026-08-01 13:00,2026-08-01,ANKARA,1,30.0,1,1,226520,13:30,29.4,3,KARSAVURANLI,0.1764,0.1261184658162595,0.1172620616438573,6.35,geri_kurulan
2026-08-01 13:00,2026-08-01,ANKARA,1,30.0,1,1,226520,13:30,29.4,4,DIRAXTER,0.0635,0.06818060079845,0.0748355870792456,9.95,geri_kurulan
2026-08-01 13:00,2026-08-01,ANKARA,1,30.0,1,1,226520,13:30,29.4,5,TABİP BEY,0.0382,0.0266669065294329,0.0309610848830974,24.05,geri_kurulan
2026-08-01 13:00,2026-08-01,ANKARA,1,30.0,1,1,226520,13:30,29.4,6,KETHÜDA,0.2767,0.3164589046074171,0.2809864495994318,2.65,geri_kurulan
2026-08-01 13:00,2026-08-01,ANKARA,1,30.0,1,1,226520,13:30,29.4,7,CEZZAR BEY,0.1314,0.123338529259703,0.1210754620225194,6.15,geri_kurulan
2026-08-01 13:00,2026-08-01,ANKARA,1,30.0,1,1,226520,13:30,29.4,8,ENFES TAMER,0.039,0.044842939037096,0.0529974442304978,14.05,geri_kurulan
2026-08-01 13:00,2026-08-01,ANKARA,1,30.0,1,1,226520,13:30,29.4,9,RÜZGARSU,0.0827,0.0975401695028709,0.103418623810902,7.2,geri_kurulan
2026-08-01 13:00,2026-08-01,ANKARA,1,30.0,1,1,226520,13:30,29.4,10,BÜYÜKSULTAN,0.0377,0.1136340064383543,0.1404932247997159,5.3,geri_kurulan
2026-08-01 13:00,2026-08-01,ANKARA,1,30.0,2,2,226512,14:00,59.4,1,KÜÇÜK AZAT,0.1764,0.1251397410823803,0.1146694047422908,5.55,geri_kurulan
2026-08-01 13:00,2026-08-01,ANKARA,1,30.0,2,2,226512,14:00,59.4,2,RASTGELOĞLUM,0.1636,0.1110022401157605,0.1026476123096312,6.2,geri_kurulan
2026-08-01 13:00,2026-08-01,ANKARA,1,30.0,2,2,226512,14:00,59.4,3,ATAERİ,0.0319,0.0295704315338295,0.0351610605701499,18.1,geri_kurulan
2026-08-01 13:00,2026-08-01,ANKARA,1,30.0,2,2,226512,14:00,59.4,4,HERKÜLBEY,0.1878,0.3454448720938924,0.326366767343443,1.95,geri_kurulan
2026-08-01 13:00,2026-08-01,ANKARA,1,30.0,2,2,226512,14:00,59.4,5,SEVERBEY,0.0493,0.0628795033650078,0.0711078431642138,8.95,geri_kurulan
2026-08-01 13:00,2026-08-01,ANKARA,1,30.0,2,2,226512,14:00,59.4,6,GÜNEŞMİLA,0.088,0.06979166164551,0.0711078431642138,8.95,geri_kurulan
2026-08-01 13:00,2026-08-01,ANKARA,1,30.0,2,2,226512,14:00,59.4,7,GÜNŞİRAY,0.0499,0.0288448015162376,0.0315057027881046,20.2,geri_kurulan
2026-08-01 13:00,2026-08-01,ANKARA,1,30.0,2,2,226512,14:00,59.4,8,GÜZEL ELAM,0.0232,0.0508198926958368,0.0656098140535787,9.7,geri_kurulan
2026-08-01 13:00,2026-08-01,ANKARA,1,30.0,2,2,226512,14:00,59.4,9,HAREM GÜZELİ,0.1637,0.1084957577513358,0.1002228655621596,6.35,geri_kurulan
2026-08-01 13:00,2026-08-01,ANKARA,1,30.0,2,2,226512,14:00,59.4,10,KARA ALEV,0.0337,0.0587178357253098,0.0711078431642138,8.95,geri_kurulan
2026-08-01 13:00,2026-08-01,ANKARA,1,30.0,2,2,226512,14:00,59.4,11,ÖZERKIZ,0.0325,0.0092932624748989,0.0104932431380002,60.65,geri_kurulan
2026-08-01 13:00,2026-08-01,ANKARA,1,30.0,3,3,226521,14:30,89.4,1,GÜNÇE KIZ,0.1945,0.1656765625943804,0.1506671362778215,4.95,geri_kurulan
2026-08-01 13:00,2026-08-01,ANKARA,1,30.0,3,3,226521,14:30,89.4,2,IRMAK SU,0.1156,0.1206046717021545,0.1193283719320346,6.25,geri_kurulan
2026-08-01 13:00,2026-08-01,ANKARA,1,30.0,3,3,226521,14:30,89.4,3,KURUÇAY,0.0263,0.0544071558222334,0.0687375414355038,10.85,geri_kurulan
2026-08-01 13:00,2026-08-01,ANKARA,1,30.0,3,3,226521,14:30,89.4,4,NAZİKO,0.1439,0.23160828884554,0.2260007044167322,3.3,geri_kurulan
2026-08-01 13:00,2026-08-01,ANKARA,1,30.0,3,3,226521,14:30,89.4,5,ŞİRİNMİŞİRİN,0.098,0.117071831955522,0.1193283719320346,6.25,geri_kurulan
2026-08-01 13:00,2026-08-01,ANKARA,1,30.0,3,3,226521,14:30,89.4,6,ÖZKEHRİBAR,0.0429,0.1016770243991091,0.1202906975121316,6.2,geri_kurulan
2026-08-01 13:00,2026-08-01,ANKARA,1,30.0,3,3,226521,14:30,89.4,7,ATAKLI KIZ,0.0882,0.0247685590994123,0.0241359975590684,30.9,geri_kurulan
2026-08-01 13:00,2026-08-01,ANKARA,1,30.0,3,3,226521,14:30,89.4,8,ATEŞİM,0.1675,0.1582120217773553,0.1476836286287557,5.05,geri_kurulan
2026-08-01 13:00,2026-08-01,ANKARA,1,30.0,3,3,226521,14:30,89.4,9,ARZUDAR,0.123,0.0259738838042927,0.0238275503059174,31.3,geri_kurulan
2026-08-01 13:00,2026-08-01,ANKARA,1,30.0,4,4,226522,15:00,119.4,1,LOVE SEA,0.0675,0.0219490062959547,0.0218181182055144,32.0,geri_kurulan
2026-08-01 13:00,2026-08-01,ANKARA,1,30.0,4,4,226522,15:00,119.4,2,MAHALL,0.1454,0.0638473655937578,0.0558543826061169,12.5,geri_kurulan
2026-08-01 13:00,2026-08-01,ANKARA,1,30.0,4,4,226522,15:00,119.4,3,SER VEYRON,0.124,0.0208373684838362,0.0176754375335813,39.5,geri_kurulan
2026-08-01 13:00,2026-08-01,ANKARA,1,30.0,4,4,226522,15:00,119.4,4,BUMMER GIRL,0.0183,0.0123851558098122,0.0165641704051355,42.15,geri_kurulan
2026-08-01 13:00,2026-08-01,ANKARA,1,30.0,4,4,226522,15:00,119.4,5,GENGAR,0.0958,0.1009793368063543,0.1011854757357191,6.9,geri_kurulan
2026-08-01 13:00,2026-08-01,ANKARA,1,30.0,4,4,226522,15:00,119.4,6,MAKUL,0.0731,0.0326568401718231,0.0326252234848814,21.4,geri_kurulan
2026-08-01 13:00,2026-08-01,ANKARA,1,30.0,4,4,226522,15:00,119.4,7,MELIAN THE MAIA,0.1497,0.4081505664004337,0.3989598757579782,1.75,geri_kurulan
2026-08-01 13:00,2026-08-01,ANKARA,1,30.0,4,4,226522,15:00,119.4,8,FINALE DUTY,0.0115,0.0440783154548137,0.0719772971728311,9.7,geri_kurulan
2026-08-01 13:00,2026-08-01,ANKARA,1,30.0,4,4,226522,15:00,119.4,9,FORLORN,0.0729,0.0623381037756193,0.0649469565187406,10.75,geri_kurulan
2026-08-01 13:00,2026-08-01,ANKARA,1,30.0,4,4,226522,15:00,119.4,10,GRAND RAPIDS,0.157,0.168154363289427,0.1534461060607608,4.55,geri_kurulan
2026-08-01 13:00,2026-08-01,ANKARA,1,30.0,4,4,226522,15:00,119.4,11,KOCAHANIM,0.0847,0.0646235779181677,0.0649469565187406,10.75,geri_kurulan
2026-08-01 13:00,2026-08-01,ANKARA,1,30.0,5,5,226514,15:30,149.4,1,ARKANBERK,0.1824,0.108162747319022,0.0950022358964333,6.45,geri_kurulan
2026-08-01 13:00,2026-08-01,ANKARA,1,30.0,5,5,226514,15:30,149.4,2,BAKTAVORLİ,0.1145,0.18136322174664,0.1776128758063754,3.45,geri_kurulan
2026-08-01 13:00,2026-08-01,ANKARA,1,30.0,5,5,226514,15:30,149.4,3,GÜNEY KAFKASYALI,0.1113,0.0457732450982054,0.0425530848286107,14.4,geri_kurulan
2026-08-01 13:00,2026-08-01,ANKARA,1,30.0,5,5,226514,15:30,149.4,4,SÜPEROĞLAN,0.0791,0.1199834489702683,0.1237907922286859,4.95,geri_kurulan
2026-08-01 13:00,2026-08-01,ANKARA,1,30.0,5,5,226514,15:30,149.4,5,BERAYZADE,0.0158,0.0178707372778224,0.0230362564485712,26.6,geri_kurulan
2026-08-01 13:00,2026-08-01,ANKARA,1,30.0,5,5,226514,15:30,149.4,6,KINALIKAYAM,0.0376,0.0208890171582914,0.0230362564485712,26.6,geri_kurulan
2026-08-01 13:00,2026-08-01,ANKARA,1,30.0,5,5,226514,15:30,149.4,7,SAADIN CEVHERİ,0.0292,0.1418185849375035,0.1776128758063754,3.45,geri_kurulan
2026-08-01 13:00,2026-08-01,ANKARA,1,30.0,5,5,226514,15:30,149.4,8,SERÇE KIZI,0.2246,0.1842816196912153,0.1591595900083104,3.85,geri_kurulan
2026-08-01 13:00,2026-08-01,ANKARA,1,30.0,5,5,226514,15:30,149.4,9,YAZGILI,0.064,0.0937697698052267,0.0996364913060154,6.15,geri_kurulan
2026-08-01 13:00,2026-08-01,ANKARA,1,30.0,5,5,226514,15:30,149.4,10,YILKAR,0.1414,0.0860876079958045,0.0785595412220506,7.8,geri_kurulan
2026-08-01 13:00,2026-08-01,ANKARA,1,30.0,6,6,226519,16:00,179.4,1,KARAİN ASLANI,0.0259,0.0373391040274567,0.056071036935932,13.25,geri_kurulan
2026-08-01 13:00,2026-08-01,ANKARA,1,30.0,6,6,226519,16:00,179.4,2,MY RAINY HEART,0.2549,0.3042536981401579,0.2913495056474902,2.55,geri_kurulan
2026-08-01 13:00,2026-08-01,ANKARA,1,30.0,6,6,226519,16:00,179.4,3,TORUN YUSUF,0.2655,0.139646311772217,0.1259222439662881,5.9,geri_kurulan
2026-08-01 13:00,2026-08-01,ANKARA,1,30.0,6,6,226519,16:00,179.4,4,ANSHBA,0.2724,0.3477386890587416,0.3301961064004888,2.25,geri_kurulan
2026-08-01 13:00,2026-08-01,ANKARA,1,30.0,6,6,226519,16:00,179.4,5,SUPER TOMO,0.1374,0.1155477906065185,0.121793645803459,6.1,geri_kurulan
2026-08-01 13:00,2026-08-01,ANKARA,1,30.0,6,6,226519,16:00,179.4,6,THAT BEATS ALL,0.0439,0.055474406394908,0.0746674612463417,9.95,geri_kurulan
2026-08-01 14:31,2026-08-01,ANKARA,2,30.0,1,4,226522,15:00,28.9,1,LOVE SEA,0.0675,0.03607449835448,0.0371636948417605,18.9,geri_kurulan
2026-08-01 14:31,2026-08-01,ANKARA,2,30.0,1,4,226522,15:00,28.9,2,MAHALL,0.1454,0.0565549960132664,0.0492907952638087,14.25,geri_kurulan
2026-08-01 14:31,2026-08-01,ANKARA,2,30.0,1,4,226522,15:00,28.9,3,SER VEYRON,0.124,0.0889646324925913,0.0831235304744704,8.45,geri_kurulan
2026-08-01 14:31,2026-08-01,ANKARA,2,30.0,1,4,226522,15:00,28.9,4,BUMMER GIRL,0.0183,0.0318740300563704,0.0454623839811828,15.45,geri_kurulan
2026-08-01 14:31,2026-08-01,ANKARA,2,30.0,1,4,226522,15:00,28.9,5,GENGAR,0.0958,0.0870148338886506,0.086715287964108,8.1,geri_kurulan
2026-08-01 14:31,2026-08-01,ANKARA,2,30.0,1,4,226522,15:00,28.9,6,MAKUL,0.0731,0.0601335329543077,0.0627137350454709,11.2,geri_kurulan
2026-08-01 14:31,2026-08-01,ANKARA,2,30.0,1,4,226522,15:00,28.9,7,MELIAN THE MAIA,0.1497,0.3445153573271237,0.3344732535758451,2.1,geri_kurulan
2026-08-01 14:31,2026-08-01,ANKARA,2,30.0,1,4,226522,15:00,28.9,8,FINALE DUTY,0.0115,0.0300688825201729,0.0481091666102242,14.6,geri_kurulan
2026-08-01 14:31,2026-08-01,ANKARA,2,30.0,1,4,226522,15:00,28.9,9,FORLORN,0.0729,0.0535958303609831,0.0555252041509308,12.65,geri_kurulan
2026-08-01 14:31,2026-08-01,ANKARA,2,30.0,1,4,226522,15:00,28.9,10,GRAND RAPIDS,0.157,0.1556426156062064,0.1418977439412676,4.95,geri_kurulan
2026-08-01 14:31,2026-08-01,ANKARA,2,30.0,1,4,226522,15:00,28.9,11,KOCAHANIM,0.0847,0.0555607904258471,0.0555252041509308,12.65,geri_kurulan
2026-08-01 14:31,2026-08-01,ANKARA,2,30.0,2,5,226514,15:30,58.9,1,ARKANBERK,0.1824,0.3511803821160859,0.3356075147730908,2.0,geri_kurulan
2026-08-01 14:31,2026-08-01,ANKARA,2,30.0,2,5,226514,15:30,58.9,2,BAKTAVORLİ,0.1145,0.1034017555809653,0.1024755770299514,6.55,geri_kurulan
2026-08-01 14:31,2026-08-01,ANKARA,2,30.0,2,5,226514,15:30,58.9,3,GÜNEY KAFKASYALI,0.1113,0.0712727176081471,0.0699182322443939,9.6,geri_kurulan
2026-08-01 14:31,2026-08-01,ANKARA,2,30.0,2,5,226514,15:30,58.9,4,SÜPEROĞLAN,0.0791,0.0660331338344267,0.0688425671329417,9.75,geri_kurulan
2026-08-01 14:31,2026-08-01,ANKARA,2,30.0,2,5,226514,15:30,58.9,5,BERAYZADE,0.0158,0.019415023954261,0.0260160864165186,25.8,geri_kurulan
2026-08-01 14:31,2026-08-01,ANKARA,2,30.0,2,5,226514,15:30,58.9,6,KINALIKAYAM,0.0376,0.0131083742689118,0.0146874185896319,45.7,geri_kurulan
2026-08-01 14:31,2026-08-01,ANKARA,2,30.0,2,5,226514,15:30,58.9,7,SAADIN CEVHERİ,0.0292,0.0808559228013261,0.1024755770299514,6.55,geri_kurulan
2026-08-01 14:31,2026-08-01,ANKARA,2,30.0,2,5,226514,15:30,58.9,8,SERÇE KIZI,0.2246,0.1025013334627586,0.0894953372728242,7.5,geri_kurulan
2026-08-01 14:31,2026-08-01,ANKARA,2,30.0,2,5,226514,15:30,58.9,9,YAZGILI,0.064,0.0460171399290808,0.0491732622378155,13.65,geri_kurulan
2026-08-01 14:31,2026-08-01,ANKARA,2,30.0,2,5,226514,15:30,58.9,10,YILKAR,0.1414,0.1462142164440363,0.1413084272728803,4.75,geri_kurulan
2026-08-01 14:31,2026-08-01,ANKARA,2,30.0,3,6,226519,16:00,88.9,1,KARAİN ASLANI,0.0259,0.0168664067184348,0.0234205936869401,31.8,geri_kurulan
2026-08-01 14:31,2026-08-01,ANKARA,2,30.0,3,6,226519,16:00,88.9,2,MY RAINY HEART,0.2549,0.1469327186589209,0.1306622595166135,5.7,geri_kurulan
2026-08-01 14:31,2026-08-01,ANKARA,2,30.0,3,6,226519,16:00,88.9,3,TORUN YUSUF,0.2655,0.1013536647121791,0.0871081730110757,8.55,geri_kurulan
2026-08-01 14:31,2026-08-01,ANKARA,2,30.0,3,6,226519,16:00,88.9,4,ANSHBA,0.2724,0.5236438887282309,0.4965165861631315,1.5,geri_kurulan
2026-08-01 14:31,2026-08-01,ANKARA,2,30.0,3,6,226519,16:00,88.9,5,SUPER TOMO,0.1374,0.0783734103309816,0.0783973557099681,9.5,geri_kurulan
2026-08-01 14:31,2026-08-01,ANKARA,2,30.0,3,6,226519,16:00,88.9,6,THAT BEATS ALL,0.0439,0.1328299108512526,0.1838950319122709,4.05,geri_kurulan
2026-08-01 14:31,2026-08-01,ANKARA,2,30.0,4,7,226518,16:30,118.9,1,SPEED QUEEN,0.5301,0.9738537118359928,0.9709856544379432,1.05,geri_kurulan
2026-08-01 14:31,2026-08-01,ANKARA,2,30.0,4,7,226518,16:30,118.9,2,RISING GLORY,0.0997,0.0079670873219625,0.0089550719118123,113.85,geri_kurulan
2026-08-01 14:31,2026-08-01,ANKARA,2,30.0,4,7,226518,16:30,118.9,3,EN PASSANT,0.1353,0.007407245191921,0.0076656762192469,133.0,geri_kurulan
2026-08-01 14:31,2026-08-01,ANKARA,2,30.0,4,7,226518,16:30,118.9,4,SIBLINGS,0.0533,0.0041538106561309,0.005255334727628,194.0,geri_kurulan
2026-08-01 14:31,2026-08-01,ANKARA,2,30.0,4,7,226518,16:30,118.9,5,MR ÇINAR,0.1202,0.0044135006161406,0.004554545173821,223.85,geri_kurulan
2026-08-01 14:31,2026-08-01,ANKARA,2,30.0,4,7,226518,16:30,118.9,6,SHALLOW,0.0614,0.0022046443778521,0.0025837175295485,394.6,geri_kurulan
2026-08-01 14:31,2026-08-01,ANKARA,2,30.0,5,8,226524,17:00,148.9,1,KATI YÜREKLİ,0.3152,0.5799131590038386,0.5446398129664328,1.35,geri_kurulan
2026-08-01 14:31,2026-08-01,ANKARA,2,30.0,5,8,226524,17:00,148.9,2,BEŞİRHAT,0.0629,0.0428607671445063,0.0488547340534673,15.05,geri_kurulan
2026-08-01 14:31,2026-08-01,ANKARA,2,30.0,5,8,226524,17:00,148.9,3,ÇANAKKALE FIRTINASI,0.1677,0.0362280060430443,0.0341189674016094,21.55,geri_kurulan
2026-08-01 14:31,2026-08-01,ANKARA,2,30.0,5,8,226524,17:00,148.9,4,GÖZÜDELİ,0.1382,0.157378462534443,0.1633919438899298,4.5,geri_kurulan
2026-08-01 14:31,2026-08-01,ANKARA,2,30.0,5,8,226524,17:00,148.9,5,KERVAN SANCAĞI,0.0598,0.0360554886034023,0.0411912463588058,17.85,geri_kurulan
2026-08-01 14:31,2026-08-01,ANKARA,2,30.0,5,8,226524,17:00,148.9,6,GÖKÇEPINAR,0.0736,0.1347602868400684,0.1564390952137626,4.7,geri_kurulan
2026-08-01 14:31,2026-08-01,ANKARA,2,30.0,5,8,226524,17:00,148.9,7,RAHİME ABLA,0.1826,0.0128038298306971,0.011364200115992,64.7,geri_kurulan
2026-08-01 14:31,2026-08-01,ANKARA,2,30.0,6,9,226513,17:30,178.9,1,UTKANBEY,0.2384,0.3486355633706717,0.3246067151189262,2.3,geri_kurulan
2026-08-01 14:31,2026-08-01,ANKARA,2,30.0,6,9,226513,17:30,178.9,2,BÜCÜRÜK AKTAŞ,0.022,0.0078333551449228,0.0097339692930056,76.7,geri_kurulan
2026-08-01 14:31,2026-08-01,ANKARA,2,30.0,6,9,226513,17:30,178.9,3,KARAMAHMUTOĞLU,0.1226,0.2039033445117598,0.2103085759925437,3.55,geri_kurulan
2026-08-01 14:31,2026-08-01,ANKARA,2,30.0,6,9,226513,17:30,178.9,4,MİSİLLEME,0.0621,0.0367908096351138,0.0401395400415876,18.6,geri_kurulan
2026-08-01 14:31,2026-08-01,ANKARA,2,30.0,6,9,226513,17:30,178.9,5,ONURLU TOPRAK,0.0274,0.0035419414643521,0.0040864556364177,182.7,geri_kurulan
2026-08-01 14:31,2026-08-01,ANKARA,2,30.0,6,9,226513,17:30,178.9,6,AİDİDAU,0.1346,0.201902754774266,0.2045466971982274,3.65,geri_kurulan
2026-08-01 14:31,2026-08-01,ANKARA,2,30.0,6,9,226513,17:30,178.9,7,AL ZEYNO,0.0502,0.0730321728279665,0.0853251936884034,8.75,geri_kurulan
2026-08-01 14:31,2026-08-01,ANKARA,2,30.0,6,9,226513,17:30,178.9,8,CABİREKIZIM,0.0466,0.0193610382864911,0.0217033559527189,34.4,geri_kurulan
2026-08-01 14:31,2026-08-01,ANKARA,2,30.0,6,9,226513,17:30,178.9,9,GÜLSENEM,0.1657,0.093100318442928,0.0878347582086506,8.5,geri_kurulan
2026-08-01 14:31,2026-08-01,ANKARA,2,30.0,6,9,226513,17:30,178.9,10,HAYDİ BİTANEM,0.1071,0.0092490782186291,0.0086013300089116,86.8,geri_kurulan
2026-08-01 14:31,2026-08-01,ANKARA,2,30.0,6,9,226513,17:30,178.9,11,ZEYTİN DİBİ,0.0233,0.0026496233228988,0.0031134088606068,239.8,geri_kurulan
2026-08-01 16:15,2026-08-01,IZMIR,1,30.0,1,1,226527,16:45,29.3,1,AKYEL ABİ,0.0754,0.1444387618693127,0.1556198391602154,4.8,geri_kurulan
2026-08-01 16:15,2026-08-01,IZMIR,1,30.0,1,1,226527,16:45,29.3,2,ANKA ATEŞİ,0.0827,0.1277550953801926,0.1345901311655917,5.55,geri_kurulan
2026-08-01 16:15,2026-08-01,IZMIR,1,30.0,1,1,226527,16:45,29.3,3,DEMİR NİHAT,0.2043,0.181930648600331,0.164170379773414,4.55,geri_kurulan
2026-08-01 16:15,2026-08-01,IZMIR,1,30.0,1,1,226527,16:45,29.3,4,TÜRKAN HANIM,0.0285,0.0501040708015078,0.0619896454746086,12.05,geri_kurulan
2026-08-01 16:15,2026-08-01,IZMIR,1,30.0,1,1,226527,16:45,29.3,5,ÇAĞDAŞ ALAÇAT,0.2362,0.2138974817614317,0.1891076526503883,3.95,geri_kurulan
2026-08-01 16:15,2026-08-01,IZMIR,1,30.0,1,1,226527,16:45,29.3,6,KAYALARIN ŞAHI,0.184,0.1231356763443431,0.1114888399953781,6.7,geri_kurulan
2026-08-01 16:15,2026-08-01,IZMIR,1,30.0,1,1,226527,16:45,29.3,7,FOTOROMAN,0.0982,0.0569417742345577,0.0561635509751153,13.3,geri_kurulan
2026-08-01 16:15,2026-08-01,IZMIR,1,30.0,1,1,226527,16:45,29.3,8,CÖMERT TAY,0.0237,0.0241463689195067,0.0299990051393186,24.9,geri_kurulan
2026-08-01 16:15,2026-08-01,IZMIR,1,30.0,1,1,226527,16:45,29.3,9,KOÇBAŞI,0.0157,0.0429539923612248,0.059049425135892,12.65,geri_kurulan
2026-08-01 16:15,2026-08-01,IZMIR,1,30.0,1,1,226527,16:45,29.3,10,BAHTI AÇIK,0.0516,0.0346961297275914,0.0378215305300776,19.75,geri_kurulan
2026-08-01 16:15,2026-08-01,IZMIR,1,30.0,2,2,226517,17:15,59.3,2,GÖNÜL SARAYI,0.1074,0.1836245646233732,0.1870004795357735,4.0,geri_kurulan
2026-08-01 16:15,2026-08-01,IZMIR,1,30.0,2,2,226517,17:15,59.3,3,ZAZA ENES,0.2538,0.0968661058834646,0.0817488435129064,9.15,geri_kurulan
2026-08-01 16:15,2026-08-01,IZMIR,1,30.0,2,2,226517,17:15,59.3,4,KARAKÖPRÜ ATEŞİ,0.0758,0.0943211841116092,0.0997335890857458,7.5,geri_kurulan
2026-08-01 16:15,2026-08-01,IZMIR,1,30.0,2,2,226517,17:15,59.3,5,PERGA,0.1551,0.3080458166952244,0.2992007672572376,2.5,geri_kurulan
2026-08-01 16:15,2026-08-01,IZMIR,1,30.0,2,2,226517,17:15,59.3,6,DEMİRİN KILICI,0.0213,0.048380049948949,0.0631225247378138,11.85,geri_kurulan
2026-08-01 16:15,2026-08-01,IZMIR,1,30.0,2,2,226517,17:15,59.3,7,EVGENİYA,0.1262,0.0791969574110269,0.0755557493073832,9.9,geri_kurulan
2026-08-01 16:15,2026-08-01,IZMIR,1,30.0,2,2,226517,17:15,59.3,8,KANDAŞ,0.1489,0.0827950198567786,0.0767181454505737,9.75,geri_kurulan
2026-08-01 16:15,2026-08-01,IZMIR,1,30.0,2,2,226517,17:15,59.3,9,LOKUM HÜMA,0.0502,0.0534264468776806,0.0596017464655851,12.55,geri_kurulan
2026-08-01 16:15,2026-08-01,IZMIR,1,30.0,2,2,226517,17:15,59.3,10,YURTHİSAR,0.0613,0.0533438545918932,0.0573181546469803,13.05,geri_kurulan
2026-08-01 16:15,2026-08-01,IZMIR,1,30.0,3,3,226525,18:00,104.3,1,ANGEL ON THE RIGHT,0.0638,0.1063764894556148,0.1190547554093254,5.9,geri_kurulan
2026-08-01 16:15,2026-08-01,IZMIR,1,30.0,3,3,226525,18:00,104.3,2,BELLICOSO,0.0452,0.0812138800621007,0.0975587579048639,7.2,geri_kurulan
2026-08-01 16:15,2026-08-01,IZMIR,1,30.0,3,3,226525,18:00,104.3,3,CANENCAN,0.1986,0.1043173324846217,0.0872575225981391,8.05,geri_kurulan
2026-08-01 16:15,2026-08-01,IZMIR,1,30.0,3,3,226525,18:00,104.3,4,LITTLE JOE,0.2046,0.1570208007984753,0.1337948679838133,5.25,geri_kurulan
2026-08-01 16:15,2026-08-01,IZMIR,1,30.0,3,3,226525,18:00,104.3,5,MUĞLALI ADNAN,0.1883,0.1674506723762602,0.1463381368572958,4.8,geri_kurulan
2026-08-01 16:15,2026-08-01,IZMIR,1,30.0,3,3,226525,18:00,104.3,6,DISTANCE RUNNER,0.1042,0.2452477899417748,0.2554265661509164,2.75,geri_kurulan
2026-08-01 16:15,2026-08-01,IZMIR,1,30.0,3,3,226525,18:00,104.3,9,STAR FIGHTER,0.0541,0.0362128014546295,0.0394619694896078,17.8,geri_kurulan
2026-08-01 16:15,2026-08-01,IZMIR,1,30.0,3,3,226525,18:00,104.3,10,COLOUR OF LIGHT,0.1324,0.0671354939541156,0.0605537118030189,11.6,geri_kurulan
2026-08-01 16:15,2026-08-01,IZMIR,1,30.0,3,3,226525,18:00,104.3,11,İSYAN ARZUM,0.0088,0.035024739472407,0.0605537118030189,11.6,geri_kurulan
2026-08-01 16:15,2026-08-01,IZMIR,1,30.0,4,4,226526,18:30,134.3,1,ŞAHİN MELTEM,0.0773,0.0429510330501803,0.0438553331534267,16.9,geri_kurulan
2026-08-01 16:15,2026-08-01,IZMIR,1,30.0,4,4,226526,18:30,134.3,2,İLDA SULTAN,0.0786,0.0390913489709541,0.0396339641867867,18.7,geri_kurulan
2026-08-01 16:15,2026-08-01,IZMIR,1,30.0,4,4,226526,18:30,134.3,3,MERKÜT,0.1201,0.0461036038344969,0.0434695091080887,17.05,geri_kurulan
2026-08-01 16:15,2026-08-01,IZMIR,1,30.0,4,4,226526,18:30,134.3,4,BİBAHANIM,0.1275,0.0383286868061986,0.0354619679565987,20.9,geri_kurulan
2026-08-01 16:15,2026-08-01,IZMIR,1,30.0,4,4,226526,18:30,134.3,5,ESRİN HATUN,0.1162,0.085545119644659,0.0832758573362823,8.9,geri_kurulan
2026-08-01 16:15,2026-08-01,IZMIR,1,30.0,4,4,226526,18:30,134.3,6,KONÇİÇEK,0.1774,0.1316327883683712,0.1205130293159207,6.15,geri_kurulan
2026-08-01 16:15,2026-08-01,IZMIR,1,30.0,4,4,226526,18:30,134.3,7,LATİFE SULTAN,0.08,0.0740086561284342,0.0768036404448614,9.65,geri_kurulan
2026-08-01 16:15,2026-08-01,IZMIR,1,30.0,4,4,226526,18:30,134.3,8,RÜZGAR İZİ,0.1475,0.4637670844930677,0.4632219564330705,1.6,geri_kurulan
2026-08-01 16:15,2026-08-01,IZMIR,1,30.0,4,4,226526,18:30,134.3,9,ULU CİHAN,0.0494,0.0314486835640219,0.0344723316415308,21.5,geri_kurulan
2026-08-01 16:15,2026-08-01,IZMIR,1,30.0,4,4,226526,18:30,134.3,10,AMANKIZIM,0.0259,0.0471229951396158,0.059292410423433,12.5,geri_kurulan
2026-08-01 16:15,2026-08-01,IZMIR,1,30.0,5,5,226516,19:00,164.3,1,ERDAĞI,0.1923,0.4083373095137612,0.3708212224005924,1.25,geri_kurulan
2026-08-01 16:15,2026-08-01,IZMIR,1,30.0,5,5,226516,19:00,164.3,2,KUZEYİN POYRAZI,0.0475,0.3174736181283179,0.3708212224005924,1.25,geri_kurulan
2026-08-01 16:15,2026-08-01,IZMIR,1,30.0,5,5,226516,19:00,164.3,3,MİREKTAY,0.0547,0.031379897961472,0.0324144425175342,14.3,geri_kurulan
2026-08-01 16:15,2026-08-01,IZMIR,1,30.0,5,5,226516,19:00,164.3,4,MİRMET,0.0708,0.0264265528238501,0.0258232049025482,17.95,geri_kurulan
2026-08-01 16:15,2026-08-01,IZMIR,1,30.0,5,5,226516,19:00,164.3,5,TOPLUSER,0.2489,0.033769818351783,0.0263367345454966,17.6,geri_kurulan
2026-08-01 16:15,2026-08-01,IZMIR,1,30.0,5,5,226516,19:00,164.3,6,AYANA,0.0886,0.0337723430504377,0.0319673467586717,14.5,geri_kurulan
2026-08-01 16:15,2026-08-01,IZMIR,1,30.0,5,5,226516,19:00,164.3,7,ERENDİZ,0.0276,0.0170475891264529,0.0195169064421364,23.75,geri_kurulan
2026-08-01 16:15,2026-08-01,IZMIR,1,30.0,5,5,226516,19:00,164.3,8,KRAL KARACA,0.1864,0.1014639657615292,0.0874578354718378,5.3,geri_kurulan
2026-08-01 16:15,2026-08-01,IZMIR,1,30.0,5,5,226516,19:00,164.3,9,MRS MALİBU,0.0586,0.0050193315040821,0.0047419593657364,97.75,geri_kurulan
2026-08-01 16:15,2026-08-01,IZMIR,1,30.0,5,5,226516,19:00,164.3,10,SELMİNKIZ,0.0246,0.0253095737783133,0.0300991251948532,15.4,geri_kurulan
2026-08-01 16:15,2026-08-01,IZMIR,1,30.0,6,6,226523,19:30,194.3,1,BUCALI BERAT,0.1291,0.2305708814484666,0.2101775304170877,3.55,geri_kurulan
2026-08-01 16:15,2026-08-01,IZMIR,1,30.0,6,6,226523,19:30,194.3,2,GROUND SPEED,0.134,0.128958394781833,0.1122000350346859,6.65,geri_kurulan
2026-08-01 16:15,2026-08-01,IZMIR,1,30.0,6,6,226523,19:30,194.3,3,MY STAR,0.2572,0.1399488384777449,0.1036291990250918,7.2,geri_kurulan
2026-08-01 16:15,2026-08-01,IZMIR,1,30.0,6,6,226523,19:30,194.3,4,FEBRİS,0.3433,0.0985996004977631,0.0663226873760587,11.25,geri_kurulan
2026-08-01 16:15,2026-08-01,IZMIR,1,30.0,6,6,226523,19:30,194.3,5,BATTLECAT,0.0376,0.0911960819211808,0.1073568680547714,6.95,geri_kurulan
2026-08-01 16:15,2026-08-01,IZMIR,1,30.0,6,6,226523,19:30,194.3,6,AGE OF FIRE,0.0515,0.1047350376802205,0.1147892666124094,6.5,geri_kurulan
2026-08-01 16:15,2026-08-01,IZMIR,1,30.0,6,6,226523,19:30,194.3,7,BARİ,0.0223,0.1859669688065695,0.2618000817476004,2.85,geri_kurulan
2026-08-01 16:15,2026-08-01,IZMIR,1,30.0,6,6,226523,19:30,194.3,8,ZAGANOS,0.0251,0.0200241963862212,0.0237243317322944,31.45,geri_kurulan
2026-08-01 17:31,2026-08-01,IZMIR,2,30.0,1,3,226525,18:00,28.9,1,ANGEL ON THE RIGHT,0.0638,0.0675423196983847,0.068828524010067,8.45,geri_kurulan
2026-08-01 17:31,2026-08-01,IZMIR,2,30.0,1,3,226525,18:00,28.9,2,BELLICOSO,0.0452,0.0454285058597174,0.0492882227021242,11.8,geri_kurulan
2026-08-01 17:31,2026-08-01,IZMIR,2,30.0,1,3,226525,18:00,28.9,3,CANENCAN,0.1986,0.0968006007515469,0.0755326010240346,7.7,geri_kurulan
2026-08-01 17:31,2026-08-01,IZMIR,2,30.0,1,3,226525,18:00,28.9,4,LITTLE JOE,0.2046,0.1293478762164899,0.1020352680500116,5.7,geri_kurulan
2026-08-01 17:31,2026-08-01,IZMIR,2,30.0,1,3,226525,18:00,28.9,5,MUĞLALI ADNAN,0.1883,0.140770750796597,0.114039417232366,5.1,geri_kurulan
2026-08-01 17:31,2026-08-01,IZMIR,2,30.0,1,3,226525,18:00,28.9,6,DISTANCE RUNNER,0.1042,0.0965352101178701,0.0887940500587887,6.55,geri_kurulan
2026-08-01 17:31,2026-08-01,IZMIR,2,30.0,1,3,226525,18:00,28.9,9,STAR FIGHTER,0.0541,0.0593277239850155,0.0625377449338781,9.3,geri_kurulan
2026-08-01 17:31,2026-08-01,IZMIR,2,30.0,1,3,226525,18:00,28.9,10,COLOUR OF LIGHT,0.1324,0.2393681209438501,0.2194720859943647,2.65,geri_kurulan
2026-08-01 17:31,2026-08-01,IZMIR,2,30.0,1,3,226525,18:00,28.9,11,İSYAN ARZUM,0.0088,0.124878891630528,0.2194720859943647,2.65,geri_kurulan
2026-08-01 17:31,2026-08-01,IZMIR,2,30.0,2,4,226526,18:30,58.9,1,ŞAHİN MELTEM,0.0773,0.1014695983229959,0.1075747991573882,6.9,geri_kurulan
2026-08-01 17:31,2026-08-01,IZMIR,2,30.0,2,4,226526,18:30,58.9,2,İLDA SULTAN,0.0786,0.0610517990001518,0.0631715841860407,11.75,geri_kurulan
2026-08-01 17:31,2026-08-01,IZMIR,2,30.0,2,4,226526,18:30,58.9,3,MERKÜT,0.1201,0.1180711316355872,0.1159790803415591,6.4,geri_kurulan
2026-08-01 17:31,2026-08-01,IZMIR,2,30.0,2,4,226526,18:30,58.9,4,BİBAHANIM,0.1275,0.0722210481981482,0.0687283439061091,10.8,geri_kurulan
2026-08-01 17:31,2026-08-01,IZMIR,2,30.0,2,4,226526,18:30,58.9,5,ESRİN HATUN,0.1162,0.0617251636375746,0.0593812891348782,12.5,geri_kurulan
2026-08-01 17:31,2026-08-01,IZMIR,2,30.0,2,4,226526,18:30,58.9,6,KONÇİÇEK,0.1774,0.0943261106768691,0.0853179441593078,8.7,geri_kurulan
2026-08-01 17:31,2026-08-01,IZMIR,2,30.0,2,4,226526,18:30,58.9,7,LATİFE SULTAN,0.08,0.0543772676945942,0.0558094822696224,13.3,geri_kurulan
2026-08-01 17:31,2026-08-01,IZMIR,2,30.0,2,4,226526,18:30,58.9,8,RÜZGAR İZİ,0.1475,0.3834494296514772,0.3806492893261429,1.95,geri_kurulan
2026-08-01 17:31,2026-08-01,IZMIR,2,30.0,2,4,226526,18:30,58.9,9,ULU CİHAN,0.0494,0.0174287388499918,0.0186733613631692,39.75,geri_kurulan
2026-08-01 17:31,2026-08-01,IZMIR,2,30.0,2,4,226526,18:30,58.9,10,AMANKIZIM,0.0259,0.0358797123326097,0.0447148261557818,16.6,geri_kurulan
2026-08-01 17:31,2026-08-01,IZMIR,2,30.0,3,5,226516,19:00,88.9,1,ERDAĞI,0.1923,0.3346040714232959,0.3095001502165626,1.65,geri_kurulan
2026-08-01 17:31,2026-08-01,IZMIR,2,30.0,3,5,226516,19:00,88.9,2,KUZEYİN POYRAZI,0.0475,0.2601475856362812,0.3095001502165626,1.65,geri_kurulan
2026-08-01 17:31,2026-08-01,IZMIR,2,30.0,3,5,226516,19:00,88.9,3,MİREKTAY,0.0547,0.0210944783287293,0.0220118641317813,23.2,geri_kurulan
2026-08-01 17:31,2026-08-01,IZMIR,2,30.0,3,5,226516,19:00,88.9,4,MİRMET,0.0708,0.037029154808439,0.0376882101739725,13.55,geri_kurulan
2026-08-01 17:31,2026-08-01,IZMIR,2,30.0,3,5,226516,19:00,88.9,5,TOPLUSER,0.2489,0.117530092484302,0.0991602423023938,5.15,geri_kurulan
2026-08-01 17:31,2026-08-01,IZMIR,2,30.0,3,5,226516,19:00,88.9,6,AYANA,0.0886,0.023593561566273,0.0225962499051915,22.6,geri_kurulan
2026-08-01 17:31,2026-08-01,IZMIR,2,30.0,3,5,226516,19:00,88.9,7,ERENDİZ,0.0276,0.0203828643556061,0.0241454017899446,21.15,geri_kurulan
2026-08-01 17:31,2026-08-01,IZMIR,2,30.0,3,5,226516,19:00,88.9,8,KRAL KARACA,0.1864,0.1573364689057227,0.1418542355159245,3.6,geri_kurulan
2026-08-01 17:31,2026-08-01,IZMIR,2,30.0,3,5,226516,19:00,88.9,9,MRS MALİBU,0.0586,0.0036589534682019,0.0035037752854705,145.75,geri_kurulan
2026-08-01 17:31,2026-08-01,IZMIR,2,30.0,3,5,226516,19:00,88.9,10,SELMİNKIZ,0.0246,0.0246227690231483,0.0300397204621957,17.0,geri_kurulan
2026-08-01 17:31,2026-08-01,IZMIR,2,30.0,4,6,226523,19:30,118.9,1,BUCALI BERAT,0.1291,0.3730582013785604,0.3641701679242587,2.05,geri_kurulan
2026-08-01 17:31,2026-08-01,IZMIR,2,30.0,4,6,226523,19:30,118.9,2,GROUND SPEED,0.134,0.0796319450793152,0.069770920022872,10.7,geri_kurulan
2026-08-01 17:31,2026-08-01,IZMIR,2,30.0,4,6,226523,19:30,118.9,3,MY STAR,0.2572,0.0919102613037828,0.0688063450916802,10.85,geri_kurulan
2026-08-01 17:31,2026-08-01,IZMIR,2,30.0,4,6,226523,19:30,118.9,4,FEBRİS,0.3433,0.159450571754885,0.1148536683453431,6.5,geri_kurulan
2026-08-01 17:31,2026-08-01,IZMIR,2,30.0,4,6,226523,19:30,118.9,5,BATTLECAT,0.0376,0.0611177802485683,0.0728340335848517,10.25,geri_kurulan
2026-08-01 17:31,2026-08-01,IZMIR,2,30.0,4,6,226523,19:30,118.9,6,AGE OF FIRE,0.0515,0.0668304779250873,0.0739157271529436,10.1,geri_kurulan
2026-08-01 17:31,2026-08-01,IZMIR,2,30.0,4,6,226523,19:30,118.9,7,BARİ,0.0223,0.1370249049866237,0.1964602221696658,3.8,geri_kurulan
2026-08-01 17:31,2026-08-01,IZMIR,2,30.0,4,6,226523,19:30,118.9,8,ZAGANOS,0.0251,0.0309758573231771,0.0391889157083847,19.05,geri_kurulan
2026-08-01 17:31,2026-08-01,IZMIR,2,30.0,5,7,226515,20:00,148.9,1,HIRÇIN DADAŞ,0.1335,0.1109664367619967,0.1107616632937971,6.75,geri_kurulan
2026-08-01 17:31,2026-08-01,IZMIR,2,30.0,5,7,226515,20:00,148.9,2,KRALÇINAR,0.0686,0.0957126990222433,0.107574277299731,6.95,geri_kurulan
2026-08-01 17:31,2026-08-01,IZMIR,2,30.0,5,7,226515,20:00,148.9,3,MUKATOVİÇ,0.0295,0.0289729065793853,0.0362932634579189,20.6,geri_kurulan
2026-08-01 17:31,2026-08-01,IZMIR,2,30.0,5,7,226515,20:00,148.9,4,OĞLUM KADİR,0.0373,0.0399598944554498,0.0485481316385149,15.4,geri_kurulan
2026-08-01 17:31,2026-08-01,IZMIR,2,30.0,5,7,226515,20:00,148.9,5,SELÇUKZADE,0.0293,0.0103692562253143,0.0124606871205521,60.0,geri_kurulan
2026-08-01 17:31,2026-08-01,IZMIR,2,30.0,5,7,226515,20:00,148.9,6,TINASEFE,0.2546,0.5456044005782398,0.5156146394711246,1.45,geri_kurulan
2026-08-01 17:31,2026-08-01,IZMIR,2,30.0,5,7,226515,20:00,148.9,7,ADI YAŞASIN,0.0551,0.0396584841420287,0.0447689357624629,16.7,geri_kurulan
2026-08-01 17:31,2026-08-01,IZMIR,2,30.0,5,7,226515,20:00,148.9,8,EFSANEVİTAY,0.0323,0.0119306614779519,0.0141598717279002,52.8,geri_kurulan
2026-08-01 17:31,2026-08-01,IZMIR,2,30.0,5,7,226515,20:00,148.9,9,ELMAS GÖZLÜM,0.042,0.0044401425122798,0.004814174032409,155.3,geri_kurulan
2026-08-01 17:31,2026-08-01,IZMIR,2,30.0,5,7,226515,20:00,148.9,10,HATUN DİDEM,0.13,0.0394965226374785,0.037951331331631,19.7,geri_kurulan
2026-08-01 17:31,2026-08-01,IZMIR,2,30.0,5,7,226515,20:00,148.9,11,YİĞİT NUR,0.1879,0.0728885956076314,0.0670530248639579,11.15,geri_kurulan
2026-08-01 17:31,2026-08-01,IZMIR,2,30.0,6,8,226528,20:30,178.9,1,SOSAN YILDIZI,0.1524,0.1724512323828075,0.1574538924104243,4.75,geri_kurulan
2026-08-01 17:31,2026-08-01,IZMIR,2,30.0,6,8,226528,20:30,178.9,2,ÖZGÜNSULTAN,0.1294,0.0506662144258704,0.04532763569391,16.5,geri_kurulan
2026-08-01 17:31,2026-08-01,IZMIR,2,30.0,6,8,226528,20:30,178.9,3,DERYADİL,0.144,0.1160518604979971,0.1053388716830303,7.1,geri_kurulan
2026-08-01 17:31,2026-08-01,IZMIR,2,30.0,6,8,226528,20:30,178.9,4,PONÇİKTAY,0.0581,0.0929132183961062,0.099060395887353,7.55,geri_kurulan
2026-08-01 17:31,2026-08-01,IZMIR,2,30.0,6,8,226528,20:30,178.9,5,ERGEN,0.126,0.033075864560949,0.0292150776933404,25.6,geri_kurulan
2026-08-01 17:31,2026-08-01,IZMIR,2,30.0,6,8,226528,20:30,178.9,6,SAMSAT,0.0437,0.0512559109916227,0.0562335330037229,13.3,geri_kurulan
2026-08-01 17:31,2026-08-01,IZMIR,2,30.0,6,8,226528,20:30,178.9,7,ÖZGÜLEN GÜZELİ,0.0545,0.0763733768893802,0.0817383594480345,9.15,geri_kurulan
2026-08-01 17:31,2026-08-01,IZMIR,2,30.0,6,8,226528,20:30,178.9,8,DİLBERHATUN,0.0212,0.0539955974235478,0.067991453540865,11.0,geri_kurulan
2026-08-01 17:31,2026-08-01,IZMIR,2,30.0,6,8,226528,20:30,178.9,9,ASEL SULTAN,0.032,0.0302218453399587,0.0343864822505524,21.75,geri_kurulan
2026-08-01 17:31,2026-08-01,IZMIR,2,30.0,6,8,226528,20:30,178.9,10,DİLŞAHKAYA,0.0327,0.0259455631948494,0.0292150776933404,25.6,geri_kurulan
2026-08-01 17:31,2026-08-01,IZMIR,2,30.0,6,8,226528,20:30,178.9,11,YOL GEZER,0.1512,0.237385635397581,0.219972349691034,3.4,geri_kurulan
2026-08-01 17:31,2026-08-01,IZMIR,2,30.0,6,8,226528,20:30,178.9,12,MATİLDA HANIM,0.0225,0.0237670292837791,0.0286006114321038,26.15,geri_kurulan
2026-08-01 17:31,2026-08-01,IZMIR,2,30.0,6,8,226528,20:30,178.9,13,KOLOPHON,0.0151,0.0102285574975874,0.0128066093998204,58.4,geri_kurulan
2026-08-01 17:31,2026-08-01,IZMIR,2,30.0,6,8,226528,20:30,178.9,14,AFİŞE,0.017,0.0256680937179629,0.0326596501724679,22.9,geri_kurulan
2026-08-02 13:00,2026-08-02,ISTANBUL,1,30.0,1,1,226554,13:30,29.4,1,DENİZ KASIRGASI,0.2226,0.2010131596988407,0.1756848422699331,4.25,geri_kurulan
2026-08-02 13:00,2026-08-02,ISTANBUL,1,30.0,1,1,226554,13:30,29.4,2,MADEN DAĞI,0.0601,0.0565924064856435,0.0599727373210615,12.45,geri_kurulan
2026-08-02 13:00,2026-08-02,ISTANBUL,1,30.0,1,1,226554,13:30,29.4,3,DOĞUYURT,0.1565,0.1184788387101583,0.1082116782097414,6.9,geri_kurulan
2026-08-02 13:00,2026-08-02,ISTANBUL,1,30.0,1,1,226554,13:30,29.4,4,TUMBUL MÜZEYYEN,0.0861,0.1395920520793572,0.1435885730090799,5.2,geri_kurulan
2026-08-02 13:00,2026-08-02,ISTANBUL,1,30.0,1,1,226554,13:30,29.4,5,ARSLAN OĞLU,0.0889,0.0474430728619245,0.0463764335184606,16.1,geri_kurulan
2026-08-02 13:00,2026-08-02,ISTANBUL,1,30.0,1,1,226554,13:30,29.4,6,BAY UMUT,0.1283,0.1433717182982498,0.1370019412196726,5.45,geri_kurulan
2026-08-02 13:00,2026-08-02,ISTANBUL,1,30.0,1,1,226554,13:30,29.4,7,YAĞIZ TURBO,0.0301,0.040997892270843,0.0488013450749814,15.3,geri_kurulan
2026-08-02 13:00,2026-08-02,ISTANBUL,1,30.0,1,1,226554,13:30,29.4,8,GÜLALP KIZI,0.0409,0.0691561472397398,0.0794319765582144,9.4,geri_kurulan
2026-08-02 13:00,2026-08-02,ISTANBUL,1,30.0,1,1,226554,13:30,29.4,9,UMUDUNU KAYBETME,0.0335,0.039215192647196,0.0456673137398908,16.35,geri_kurulan
2026-08-02 13:00,2026-08-02,ISTANBUL,1,30.0,1,1,226554,13:30,29.4,10,KASIRGA BEY,0.1196,0.0945365997962914,0.0899591059815922,8.3,geri_kurulan
2026-08-02 13:00,2026-08-02,ISTANBUL,1,30.0,1,1,226554,13:30,29.4,11,ÖNDER,0.0191,0.0187996850942279,0.0235911715528346,31.65,geri_kurulan
2026-08-02 13:00,2026-08-02,ISTANBUL,1,30.0,1,1,226554,13:30,29.4,12,BABA ZAMAN,0.0142,0.0308032348175276,0.0417128815445372,17.9,geri_kurulan
2026-08-02 13:00,2026-08-02,ISTANBUL,1,30.0,2,2,226539,14:00,59.4,1,ASMALI,0.0918,0.0165060354601958,0.0152551453771023,48.7,geri_kurulan
2026-08-02 13:00,2026-08-02,ISTANBUL,1,30.0,2,2,226539,14:00,59.4,2,BESNİ,0.1812,0.2402191402802266,0.2185075234896717,3.4,geri_kurulan
2026-08-02 13:00,2026-08-02,ISTANBUL,1,30.0,2,2,226539,14:00,59.4,3,DAYDAY,0.0801,0.4276195611154569,0.4643284874155525,1.6,geri_kurulan
2026-08-02 13:00,2026-08-02,ISTANBUL,1,30.0,2,2,226539,14:00,59.4,4,FATİHİNASLANI,0.0786,0.0568262321213082,0.056929163208037,13.05,geri_kurulan
2026-08-02 13:00,2026-08-02,ISTANBUL,1,30.0,2,2,226539,14:00,59.4,5,HARPUTŞAHİNİ,0.1438,0.1085139247878001,0.0997215543442797,7.45,geri_kurulan
2026-08-02 13:00,2026-08-02,ISTANBUL,1,30.0,2,2,226539,14:00,59.4,6,KÖKSAL,0.0774,0.0080772028217166,0.0074816271889716,99.3,geri_kurulan
2026-08-02 13:00,2026-08-02,ISTANBUL,1,30.0,2,2,226539,14:00,59.4,7,TÜMÇIKMAZ,0.0667,0.0225770227184547,0.0224448815669149,33.1,geri_kurulan
2026-08-02 13:00,2026-08-02,ISTANBUL,1,30.0,2,2,226539,14:00,59.4,8,ÜNYE BEYİ,0.0799,0.0468664578386569,0.0464328487415552,16.0,geri_kurulan
2026-08-02 13:00,2026-08-02,ISTANBUL,1,30.0,2,2,226539,14:00,59.4,9,YAYLA SELİ,0.1095,0.0266171079494137,0.0242786137210746,30.6,geri_kurulan
2026-08-02 13:00,2026-08-02,ISTANBUL,1,30.0,2,2,226539,14:00,59.4,10,YÜREK ŞAH,0.091,0.0461773149067699,0.0446201549468398,16.65,geri_kurulan
2026-08-02 13:00,2026-08-02,ISTANBUL,1,30.0,3,3,226552,14:30,89.4,1,VERAGORN,0.2248,0.3152306839114822,0.2813581684690675,2.65,geri_kurulan
2026-08-02 13:00,2026-08-02,ISTANBUL,1,30.0,3,3,226552,14:30,89.4,2,ÇEVİK VAKTİ,0.1687,0.0740457509475901,0.0648347083863503,11.5,geri_kurulan
2026-08-02 13:00,2026-08-02,ISTANBUL,1,30.0,3,3,226552,14:30,89.4,3,PEHLİVAN KIZIM,0.0703,0.0552831356027267,0.0594102905532294,12.55,geri_kurulan
2026-08-02 13:00,2026-08-02,ISTANBUL,1,30.0,3,3,226552,14:30,89.4,5,SHELDON,0.0637,0.0520436892256454,0.0571340342101937,13.05,geri_kurulan
2026-08-02 13:00,2026-08-02,ISTANBUL,1,30.0,3,3,226552,14:30,89.4,6,ARNAVUT KIZ,0.0291,0.0267949149436826,0.0344387596509482,21.65,geri_kurulan
2026-08-02 13:00,2026-08-02,ISTANBUL,1,30.0,3,3,226552,14:30,89.4,7,DAYWATCH,0.0247,0.0351616455028265,0.0479484981635388,15.55,geri_kurulan
2026-08-02 13:00,2026-08-02,ISTANBUL,1,30.0,3,3,226552,14:30,89.4,8,DEEP IRON,0.1769,0.1186329696725516,0.1057587441763161,7.05,geri_kurulan
2026-08-02 13:00,2026-08-02,ISTANBUL,1,30.0,3,3,226552,14:30,89.4,9,HIZKESEN,0.2086,0.1922376324397098,0.1694543514643247,4.4,geri_kurulan
2026-08-02 13:00,2026-08-02,ISTANBUL,1,30.0,3,3,226552,14:30,89.4,10,MARISCAL,0.0331,0.1305695777537847,0.179662444926031,4.15,geri_kurulan
2026-08-02 13:00,2026-08-02,ISTANBUL,1,30.0,4,4,226538,15:00,119.4,1,AYYILDIZLAR BEYİ,0.0655,0.0282785468664011,0.028889476400749,20.9,geri_kurulan
2026-08-02 13:00,2026-08-02,ISTANBUL,1,30.0,4,4,226538,15:00,119.4,2,BATAGAY,0.0672,0.0112707236187937,0.0110281288908795,54.75,geri_kurulan
2026-08-02 13:00,2026-08-02,ISTANBUL,1,30.0,4,4,226538,15:00,119.4,3,BİLGETUNA,0.0682,0.0720448320778379,0.0759484348145478,7.95,geri_kurulan
2026-08-02 13:00,2026-08-02,ISTANBUL,1,30.0,4,4,226538,15:00,119.4,4,CANBULUT,0.093,0.061715071068106,0.0609888946238035,9.9,geri_kurulan
2026-08-02 13:00,2026-08-02,ISTANBUL,1,30.0,4,4,226538,15:00,119.4,5,ÇELİKBERKE,0.0626,0.0337240662713936,0.035002322131922,17.25,geri_kurulan
2026-08-02 13:00,2026-08-02,ISTANBUL,1,30.0,4,4,226538,15:00,119.4,6,ÇİLEKEŞ ÖMER,0.0893,0.1958836630435028,0.2046745955171712,2.95,geri_kurulan
2026-08-02 13:00,2026-08-02,ISTANBUL,1,30.0,4,4,226538,15:00,119.4,7,DEV ASİ,0.1142,0.1893694897690589,0.1886843927423922,3.2,geri_kurulan
2026-08-02 13:00,2026-08-02,ISTANBUL,1,30.0,4,4,226538,15:00,119.4,8,GÖKFIRTINA,0.1195,0.1243910427055133,0.120758011355131,5.0,geri_kurulan
2026-08-02 13:00,2026-08-02,ISTANBUL,1,30.0,4,4,226538,15:00,119.4,9,ÖZOĞUL,0.0429,0.0381057242026625,0.0426706753905056,14.15,geri_kurulan
2026-08-02 13:00,2026-08-02,ISTANBUL,1,30.0,4,4,226538,15:00,119.4,10,VİRA,0.1497,0.1988245619938461,0.1886843927423922,3.2,geri_kurulan
2026-08-02 13:00,2026-08-02,ISTANBUL,1,30.0,4,4,226538,15:00,119.4,11,YOLDERE GÜZELİ,0.128,0.0463922783828839,0.0426706753905056,14.15,geri_kurulan
2026-08-02 13:00,2026-08-02,ISTANBUL,1,30.0,5,5,226550,15:30,149.4,1,SPEEDTAIL,0.0626,0.0595264336352256,0.0618027931516942,12.1,geri_kurulan
2026-08-02 13:00,2026-08-02,ISTANBUL,1,30.0,5,5,226550,15:30,149.4,2,LAST HERO,0.052,0.0830261991046002,0.0923226910043827,8.1,geri_kurulan
2026-08-02 13:00,2026-08-02,ISTANBUL,1,30.0,5,5,226550,15:30,149.4,3,ENTERPRISING ROCK,0.2584,0.1994957789141487,0.1557945410698959,4.8,geri_kurulan
2026-08-02 13:00,2026-08-02,ISTANBUL,1,30.0,5,5,226550,15:30,149.4,4,FOR FREEDOM,0.296,0.1129695434840443,0.0821773403445604,9.1,geri_kurulan
2026-08-02 13:00,2026-08-02,ISTANBUL,1,30.0,5,5,226550,15:30,149.4,5,ANOTHER MOMENT,0.0995,0.1076738110905781,0.1031467306393793,7.25,geri_kurulan
2026-08-02 13:00,2026-08-02,ISTANBUL,1,30.0,5,5,226550,15:30,149.4,6,DARKROK,0.0589,0.07955919364716,0.0854644339583429,8.75,geri_kurulan
2026-08-02 13:00,2026-08-02,ISTANBUL,1,30.0,5,5,226550,15:30,149.4,7,CRACKAJACK,0.0207,0.0261877870042056,0.0342248877407551,21.85,geri_kurulan
2026-08-02 13:00,2026-08-02,ISTANBUL,1,30.0,5,5,226550,15:30,149.4,8,PEVRUL,0.089,0.1034889009411398,0.101743373759932,7.35,geri_kurulan
2026-08-02 13:00,2026-08-02,ISTANBUL,1,30.0,5,5,226550,15:30,149.4,9,DEEP OF ANCESTOR,0.0198,0.0092119011911023,0.0113909184636024,65.65,geri_kurulan
2026-08-02 13:00,2026-08-02,ISTANBUL,1,30.0,5,5,226550,15:30,149.4,10,MAGGIE,0.0429,0.2188604509877949,0.2719322898674547,2.75,geri_kurulan
2026-08-02 13:00,2026-08-02,ISTANBUL,1,30.0,6,6,226547,16:00,179.4,1,ART OF VICTORY,0.0084,0.0080428849733929,0.0120454227929132,53.85,geri_kurulan
2026-08-02 13:00,2026-08-02,ISTANBUL,1,30.0,6,6,226547,16:00,179.4,2,BACKTRACK,0.0186,0.0155563466872172,0.0198362696452103,32.7,geri_kurulan
2026-08-02 13:00,2026-08-02,ISTANBUL,1,30.0,6,6,226547,16:00,179.4,3,BELLEZA,0.3107,0.1786608890540282,0.1297292034796757,5.0,geri_kurulan
2026-08-02 13:00,2026-08-02,ISTANBUL,1,30.0,6,6,226547,16:00,179.4,4,ÇELÇIRN FIRTINASI,0.0583,0.0060596392415075,0.0054348220980174,119.35,geri_kurulan
2026-08-02 13:00,2026-08-02,ISTANBUL,1,30.0,6,6,226547,16:00,179.4,5,ELITE TOUCH,0.0909,0.3147650686640125,0.3243230086991893,2.0,geri_kurulan
2026-08-02 13:00,2026-08-02,ISTANBUL,1,30.0,6,6,226547,16:00,179.4,6,GÜVENİKA,0.0514,0.1254695039158104,0.1410100037822562,4.6,geri_kurulan
2026-08-02 13:00,2026-08-02,ISTANBUL,1,30.0,6,6,226547,16:00,179.4,7,HIDDEN ISLAND,0.0644,0.0166952872960219,0.0155737339111255,41.65,geri_kurulan
2026-08-02 13:00,2026-08-02,ISTANBUL,1,30.0,6,6,226547,16:00,179.4,8,KRALİÇE BADE,0.0134,0.0074413589817705,0.0098428834203092,65.9,geri_kurulan
2026-08-02 13:00,2026-08-02,ISTANBUL,1,30.0,6,6,226547,16:00,179.4,9,MAJESTUOSA,0.0895,0.1325272293218757,0.1297292034796757,5.0,geri_kurulan
2026-08-02 13:00,2026-08-02,ISTANBUL,1,30.0,6,6,226547,16:00,179.4,10,PARADISO DIVINA,0.0189,0.0669552307011358,0.093330362215594,6.95,geri_kurulan
2026-08-02 13:00,2026-08-02,ISTANBUL,1,30.0,6,6,226547,16:00,179.4,11,ROCK OF BEAUTIFUL,0.0826,0.068080213582159,0.0651905545123998,9.95,geri_kurulan
2026-08-02 13:00,2026-08-02,ISTANBUL,1,30.0,6,6,226547,16:00,179.4,12,SANAE,0.0311,0.0206398886664687,0.0235016672970427,27.6,geri_kurulan
2026-08-02 13:00,2026-08-02,ISTANBUL,1,30.0,6,6,226547,16:00,179.4,14,TOM RAIDER,0.1616,0.0391064589145991,0.0304528646665905,21.3,geri_kurulan
2026-08-02 15:01,2026-08-02,ISTANBUL,2,30.0,1,5,226550,15:30,28.9,1,SPEEDTAIL,0.0626,0.02567801612031,0.0265019101821353,28.1,geri_kurulan
2026-08-02 15:01,2026-08-02,ISTANBUL,2,30.0,1,5,226550,15:30,28.9,2,LAST HERO,0.052,0.0480843593476807,0.0541602673540365,13.75,geri_kurulan
2026-08-02 15:01,2026-08-02,ISTANBUL,2,30.0,1,5,226550,15:30,28.9,3,ENTERPRISING ROCK,0.2584,0.3320982970657842,0.2810202551388688,2.65,geri_kurulan
2026-08-02 15:01,2026-08-02,ISTANBUL,2,30.0,1,5,226550,15:30,28.9,4,FOR FREEDOM,0.296,0.1098628781424678,0.0836745703503373,8.9,geri_kurulan
2026-08-02 15:01,2026-08-02,ISTANBUL,2,30.0,1,5,226550,15:30,28.9,5,ANOTHER MOMENT,0.0995,0.1096729589559294,0.1103264705360003,6.75,geri_kurulan
2026-08-02 15:01,2026-08-02,ISTANBUL,2,30.0,1,5,226550,15:30,28.9,6,DARKROK,0.0589,0.1047483161959946,0.1201134961480648,6.2,geri_kurulan
2026-08-02 15:01,2026-08-02,ISTANBUL,2,30.0,1,5,226550,15:30,28.9,7,CRACKAJACK,0.0207,0.0338269459182107,0.0471331440581014,15.8,geri_kurulan
2026-08-02 15:01,2026-08-02,ISTANBUL,2,30.0,1,5,226550,15:30,28.9,8,PEVRUL,0.089,0.1067764857159232,0.1103264705360003,6.75,geri_kurulan
2026-08-02 15:01,2026-08-02,ISTANBUL,2,30.0,1,5,226550,15:30,28.9,9,DEEP OF ANCESTOR,0.0198,0.039630332694765,0.0564169451604547,13.2,geri_kurulan
2026-08-02 15:01,2026-08-02,ISTANBUL,2,30.0,1,5,226550,15:30,28.9,10,MAGGIE,0.0429,0.089621409842934,0.1103264705360003,6.75,geri_kurulan
2026-08-02 15:01,2026-08-02,ISTANBUL,2,30.0,2,6,226547,16:00,58.9,1,ART OF VICTORY,0.0084,0.0092470689466315,0.0140484791924406,46.85,geri_kurulan
2026-08-02 15:01,2026-08-02,ISTANBUL,2,30.0,2,6,226547,16:00,58.9,2,BACKTRACK,0.0186,0.0073098380401575,0.0089304104500114,73.7,geri_kurulan
2026-08-02 15:01,2026-08-02,ISTANBUL,2,30.0,2,6,226547,16:00,58.9,3,BELLEZA,0.3107,0.1633693507939149,0.1185894144442961,5.55,geri_kurulan
2026-08-02 15:01,2026-08-02,ISTANBUL,2,30.0,2,6,226547,16:00,58.9,4,ÇELÇIRN FIRTINASI,0.0583,0.0260289763937295,0.0257601272080564,25.55,geri_kurulan
2026-08-02 15:01,2026-08-02,ISTANBUL,2,30.0,2,6,226547,16:00,58.9,5,ELITE TOUCH,0.0909,0.18271536416548,0.1828253472682898,3.6,geri_kurulan
2026-08-02 15:01,2026-08-02,ISTANBUL,2,30.0,2,6,226547,16:00,58.9,6,GÜVENİKA,0.0514,0.1833982735017318,0.2123133065051108,3.1,geri_kurulan
2026-08-02 15:01,2026-08-02,ISTANBUL,2,30.0,2,6,226547,16:00,58.9,7,HIDDEN ISLAND,0.0644,0.0758497521233029,0.0783537202578385,8.4,geri_kurulan
2026-08-02 15:01,2026-08-02,ISTANBUL,2,30.0,2,6,226547,16:00,58.9,8,KRALİÇE BADE,0.0134,0.012848099010587,0.0176927755420925,37.2,geri_kurulan
2026-08-02 15:01,2026-08-02,ISTANBUL,2,30.0,2,6,226547,16:00,58.9,9,MAJESTUOSA,0.0895,0.1211842588015093,0.1185894144442961,5.55,geri_kurulan
2026-08-02 15:01,2026-08-02,ISTANBUL,2,30.0,2,6,226547,16:00,58.9,10,PARADISO DIVINA,0.0189,0.0425891340449718,0.0579886564022769,11.35,geri_kurulan
2026-08-02 15:01,2026-08-02,ISTANBUL,2,30.0,2,6,226547,16:00,58.9,11,ROCK OF BEAUTIFUL,0.0826,0.0918746736496985,0.0901604452281977,7.3,geri_kurulan
2026-08-02 15:01,2026-08-02,ISTANBUL,2,30.0,2,6,226547,16:00,58.9,12,SANAE,0.0311,0.0215154879253785,0.0246968574171048,26.65,geri_kurulan
2026-08-02 15:01,2026-08-02,ISTANBUL,2,30.0,2,6,226547,16:00,58.9,14,TOM RAIDER,0.1616,0.0620697226029059,0.050051045639988,13.15,geri_kurulan
2026-08-02 15:01,2026-08-02,ISTANBUL,2,30.0,3,7,226553,16:30,88.9,1,ALAMAÇ,0.0337,0.0147729374733837,0.0162754671793218,41.65,geri_kurulan
2026-08-02 15:01,2026-08-02,ISTANBUL,2,30.0,3,7,226553,16:30,88.9,2,ALTINBORA,0.0306,0.013225544517157,0.0147684794775327,45.9,geri_kurulan
2026-08-02 15:01,2026-08-02,ISTANBUL,2,30.0,3,7,226553,16:30,88.9,3,ARDAPAŞA,0.0066,0.0036188588104228,0.005104466927852,132.8,geri_kurulan
2026-08-02 15:01,2026-08-02,ISTANBUL,2,30.0,3,7,226553,16:30,88.9,4,ASALETLİ ÇOCUK,0.0847,0.0274137522044605,0.0260720464622597,26.0,geri_kurulan
2026-08-02 15:01,2026-08-02,ISTANBUL,2,30.0,3,7,226553,16:30,88.9,5,ATICI KAYA,0.0061,0.0088008464340306,0.0130737359309306,51.85,geri_kurulan
2026-08-02 15:01,2026-08-02,ISTANBUL,2,30.0,3,7,226553,16:30,88.9,6,AZİZ DOSTUM,0.1109,0.0339301055831412,0.0309531145214042,21.9,geri_kurulan
2026-08-02 15:01,2026-08-02,ISTANBUL,2,30.0,3,7,226553,16:30,88.9,7,BAYDARBEY,0.0288,0.0305078128746959,0.0356775372641449,19.0,geri_kurulan
2026-08-02 15:01,2026-08-02,ISTANBUL,2,30.0,3,7,226553,16:30,88.9,8,BODUBEY,0.0142,0.0135517364315715,0.0174935021424194,38.75,geri_kurulan
2026-08-02 15:01,2026-08-02,ISTANBUL,2,30.0,3,7,226553,16:30,88.9,9,HÜRTAYFA,0.2096,0.3786042782982853,0.338936604009377,2.0,geri_kurulan
2026-08-02 15:01,2026-08-02,ISTANBUL,2,30.0,3,7,226553,16:30,88.9,10,KORGÜN,0.0217,0.0642054163285238,0.081671470845633,8.3,geri_kurulan
2026-08-02 15:01,2026-08-02,ISTANBUL,2,30.0,3,7,226553,16:30,88.9,11,PARSIBEY,0.0139,0.009128143410491,0.0116373082921674,58.25,geri_kurulan
2026-08-02 15:01,2026-08-02,ISTANBUL,2,30.0,3,7,226553,16:30,88.9,12,SERDİVAN,0.0674,0.1200226008759575,0.1267052725268699,5.35,geri_kurulan
2026-08-02 15:01,2026-08-02,ISTANBUL,2,30.0,3,7,226553,16:30,88.9,13,ŞANSLI ADAM,0.061,0.0226691710689959,0.0227474230878776,29.8,geri_kurulan
2026-08-02 15:01,2026-08-02,ISTANBUL,2,30.0,3,7,226553,16:30,88.9,14,ŞENOĞLAN,0.1115,0.0431894776094005,0.0397579594145896,17.05,geri_kurulan
2026-08-02 15:01,2026-08-02,ISTANBUL,2,30.0,3,7,226553,16:30,88.9,15,TİBET ASLANI,0.0112,0.0098180291416004,0.0130737359309306,51.85,geri_kurulan
2026-08-02 15:01,2026-08-02,ISTANBUL,2,30.0,3,7,226553,16:30,88.9,16,UZBOYLU,0.0344,0.0697572632789843,0.081671470845633,8.3,geri_kurulan
2026-08-02 15:01,2026-08-02,ISTANBUL,2,30.0,3,7,226553,16:30,88.9,17,TEMRE,0.1538,0.1367840256588973,0.1243804051410557,5.45,geri_kurulan
2026-08-02 15:01,2026-08-02,ISTANBUL,2,30.0,4,8,226551,17:00,118.9,1,INEVITABLE,0.1398,0.0918140573614121,0.0811785370008458,9.2,geri_kurulan
2026-08-02 15:01,2026-08-02,ISTANBUL,2,30.0,4,8,226551,17:00,118.9,2,MAGIC SELECTRA,0.1953,0.1277670256425798,0.1059351121145789,7.05,geri_kurulan
2026-08-02 15:01,2026-08-02,ISTANBUL,2,30.0,4,8,226551,17:00,118.9,3,MAKE A FIRE,0.1344,0.0840937735010473,0.0746842540407781,10.0,geri_kurulan
2026-08-02 15:01,2026-08-02,ISTANBUL,2,30.0,4,8,226551,17:00,118.9,4,RİYAKAR,0.1256,0.1326952807368236,0.1234450480012861,6.05,geri_kurulan
2026-08-02 15:01,2026-08-02,ISTANBUL,2,30.0,4,8,226551,17:00,118.9,5,THE KING SIAYER,0.143,0.0932673755938713,0.0820706088360199,9.1,geri_kurulan
2026-08-02 15:01,2026-08-02,ISTANBUL,2,30.0,4,8,226551,17:00,118.9,6,FLEXIMAN,0.1345,0.105599992467676,0.0951391771220103,7.85,geri_kurulan
2026-08-02 15:01,2026-08-02,ISTANBUL,2,30.0,4,8,226551,17:00,118.9,7,GÖK BERK,0.0284,0.1189429326446932,0.1606112990124261,4.65,geri_kurulan
2026-08-02 15:01,2026-08-02,ISTANBUL,2,30.0,4,8,226551,17:00,118.9,8,REFLECTED GLORY,0.0722,0.2114248173681416,0.2333882938774316,3.2,geri_kurulan
2026-08-02 15:01,2026-08-02,ISTANBUL,2,30.0,4,8,226551,17:00,118.9,9,FIRE OF TYGAR,0.0268,0.0343947446837546,0.0435476699946228,17.15,geri_kurulan
2026-08-02 15:01,2026-08-02,ISTANBUL,2,30.0,5,9,226548,17:30,148.9,2,BATURALP CAN,0.12,0.067091009343477,0.068093070886749,10.9,geri_kurulan
2026-08-02 15:01,2026-08-02,ISTANBUL,2,30.0,5,9,226548,17:30,148.9,3,HARUN REİS,0.2411,0.328980758750549,0.3092560302773187,2.4,geri_kurulan
2026-08-02 15:01,2026-08-02,ISTANBUL,2,30.0,5,9,226548,17:30,148.9,4,HAWK,0.0238,0.023820345398157,0.0342034319200721,21.7,geri_kurulan
2026-08-02 15:01,2026-08-02,ISTANBUL,2,30.0,5,9,226548,17:30,148.9,5,KING CEMİL,0.1849,0.0810873107636253,0.0745944193633733,9.95,geri_kurulan
2026-08-02 15:01,2026-08-02,ISTANBUL,2,30.0,5,9,226548,17:30,148.9,6,MY LITTLE BOY,0.0685,0.0139817009689627,0.0148146601330452,50.1,geri_kurulan
2026-08-02 15:01,2026-08-02,ISTANBUL,2,30.0,5,9,226548,17:30,148.9,7,PYROHAN,0.267,0.3658702670508426,0.337370214847984,2.2,geri_kurulan
2026-08-02 15:01,2026-08-02,ISTANBUL,2,30.0,5,9,226548,17:30,148.9,8,SUPER LION,0.0414,0.0747900803762228,0.1002992530629141,7.4,geri_kurulan
2026-08-02 15:01,2026-08-02,ISTANBUL,2,30.0,5,9,226548,17:30,148.9,9,VICTORY OF TOMO,0.0339,0.0274181374086803,0.0362941062428149,20.45,geri_kurulan
2026-08-02 15:01,2026-08-02,ISTANBUL,2,30.0,5,9,226548,17:30,148.9,10,YURIBOYKA,0.0195,0.0169603899394831,0.0250748132657285,29.6,geri_kurulan
2026-08-02 15:01,2026-08-02,ISTANBUL,2,30.0,6,10,226540,18:00,178.9,1,AKÇAALİ,0.1203,0.2141406875613735,0.2164497132416522,3.45,geri_kurulan
2026-08-02 15:01,2026-08-02,ISTANBUL,2,30.0,6,10,226540,18:00,178.9,2,ERHANHAN,0.1706,0.2885391329081742,0.2765746335865556,2.7,geri_kurulan
2026-08-02 15:01,2026-08-02,ISTANBUL,2,30.0,6,10,226540,18:00,178.9,3,HADİ KARACA,0.0616,0.0388705454069047,0.0414861950379833,18.0,geri_kurulan
2026-08-02 15:01,2026-08-02,ISTANBUL,2,30.0,6,10,226540,18:00,178.9,4,KORMAN ŞAH,0.0892,0.052525843669258,0.0529611000484893,14.1,geri_kurulan
2026-08-02 15:01,2026-08-02,ISTANBUL,2,30.0,6,10,226540,18:00,178.9,5,MAVİ HAKAN,0.0974,0.0760420632888866,0.0765898985316615,9.75,geri_kurulan
2026-08-02 15:01,2026-08-02,ISTANBUL,2,30.0,6,10,226540,18:00,178.9,6,MEVLÜT BABAM,0.0717,0.1054288601515041,0.1140078642265191,6.55,geri_kurulan
2026-08-02 15:01,2026-08-02,ISTANBUL,2,30.0,6,10,226540,18:00,178.9,7,O BİR KARACA,0.045,0.0394755465187275,0.0447156593223772,16.7,geri_kurulan
2026-08-02 15:01,2026-08-02,ISTANBUL,2,30.0,6,10,226540,18:00,178.9,8,RULER STONE,0.1481,0.1035005467295486,0.0976145765599608,7.65,geri_kurulan
2026-08-02 15:01,2026-08-02,ISTANBUL,2,30.0,6,10,226540,18:00,178.9,9,SOLHAN,0.0758,0.0316249394483975,0.0321875651156767,23.2,geri_kurulan
2026-08-02 15:01,2026-08-02,ISTANBUL,2,30.0,6,10,226540,18:00,178.9,10,TAŞKARA,0.1204,0.0498518343172249,0.0474127943291238,15.75,geri_kurulan
2026-08-02 18:30,2026-08-02,IZMIR,1,30.0,1,2,226545,19:00,29.4,1,PRINCE OF DELMAR,0.3042,0.4174836882704842,0.3732564495922897,2.0,geri_kurulan
2026-08-02 18:30,2026-08-02,IZMIR,1,30.0,1,2,226545,19:00,29.4,2,SOSAN ASLANI,0.2215,0.0956090912456096,0.085315759906809,8.75,geri_kurulan
2026-08-02 18:30,2026-08-02,IZMIR,1,30.0,1,2,226545,19:00,29.4,3,BAŞ FIRTINA,0.1234,0.0559557387662019,0.0544899926412101,13.7,geri_kurulan
2026-08-02 18:30,2026-08-02,IZMIR,1,30.0,1,2,226545,19:00,29.4,4,KINDBERO,0.074,0.1587822824300888,0.1777411664725189,4.2,geri_kurulan
2026-08-02 18:30,2026-08-02,IZMIR,1,30.0,1,2,226545,19:00,29.4,5,RÜZGAR VEYSEL,0.0516,0.0626028147169213,0.0721268501627613,10.35,geri_kurulan
2026-08-02 18:30,2026-08-02,IZMIR,1,30.0,1,2,226545,19:00,29.4,6,SERİ UFUK,0.0436,0.0763934130168426,0.0915966747465741,8.15,geri_kurulan
2026-08-02 18:30,2026-08-02,IZMIR,1,30.0,1,2,226545,19:00,29.4,7,SERVER BEYİM,0.0963,0.0706996836619644,0.072830526749715,10.25,geri_kurulan
2026-08-02 18:30,2026-08-02,IZMIR,1,30.0,1,2,226545,19:00,29.4,8,TURGUL HAN,0.0461,0.027415269484173,0.0311696408845335,23.95,geri_kurulan
2026-08-02 18:30,2026-08-02,IZMIR,1,30.0,1,2,226545,19:00,29.4,9,FAHRİ BABA,0.0394,0.0350580184077137,0.0414729388435877,18.0,geri_kurulan
2026-08-02 18:30,2026-08-02,IZMIR,1,30.0,2,3,226541,19:30,59.4,1,DÖNEN DEVRAN,0.096,0.0778028757700257,0.0790982163478222,9.45,geri_kurulan
2026-08-02 18:30,2026-08-02,IZMIR,1,30.0,2,3,226541,19:30,59.4,2,EXODUS,0.0558,0.030157192497944,0.0331475895559609,22.55,geri_kurulan
2026-08-02 18:30,2026-08-02,IZMIR,1,30.0,2,3,226541,19:30,59.4,3,FRAMEZ,0.0348,0.0285985308284839,0.0353417562405163,21.15,geri_kurulan
2026-08-02 18:30,2026-08-02,IZMIR,1,30.0,2,3,226541,19:30,59.4,4,SHERIFF IS BACK,0.1567,0.4786975632084912,0.4822439641851096,1.55,geri_kurulan
2026-08-02 18:30,2026-08-02,IZMIR,1,30.0,2,3,226541,19:30,59.4,5,SON OF ŞÜKRAN,0.0567,0.0321532323284999,0.0353417562405163,21.15,geri_kurulan
2026-08-02 18:30,2026-08-02,IZMIR,1,30.0,2,3,226541,19:30,59.4,6,WHITE DYNASTY,0.1597,0.1784395927588924,0.1679726167386336,4.45,geri_kurulan
2026-08-02 18:30,2026-08-02,IZMIR,1,30.0,2,3,226541,19:30,59.4,7,LADY ECRİN,0.1467,0.0520496131597493,0.0462834764388185,16.15,geri_kurulan
2026-08-02 18:30,2026-08-02,IZMIR,1,30.0,2,3,226541,19:30,59.4,8,ICE BEAUTY,0.0863,0.0585247887146967,0.0600384051796722,12.45,geri_kurulan
2026-08-02 18:30,2026-08-02,IZMIR,1,30.0,2,3,226541,19:30,59.4,9,NEVER SAY NO,0.1734,0.044843051939994,0.0378469946575655,19.75,geri_kurulan
2026-08-02 18:30,2026-08-02,IZMIR,1,30.0,2,3,226541,19:30,59.4,10,THE BLACK SONYA,0.0339,0.0187335587932225,0.0226852244153845,32.95,geri_kurulan
2026-08-02 18:30,2026-08-02,IZMIR,1,30.0,3,4,226546,20:00,89.4,1,ASLAN HATİP,0.317,0.2182236944401862,0.1841354750928836,4.05,geri_kurulan
2026-08-02 18:30,2026-08-02,IZMIR,1,30.0,3,4,226546,20:00,89.4,2,SADIK AĞANIN OĞLU,0.0831,0.1714902450838141,0.1841354750928836,4.05,geri_kurulan
2026-08-02 18:30,2026-08-02,IZMIR,1,30.0,3,4,226546,20:00,89.4,3,ŞİMŞEKKIRAN,0.1147,0.1189111411115855,0.1183728054168537,6.3,geri_kurulan
2026-08-02 18:30,2026-08-02,IZMIR,1,30.0,3,4,226546,20:00,89.4,4,JÖN ROME,0.0633,0.0427704362615434,0.0456115397019069,16.35,geri_kurulan
2026-08-02 18:30,2026-08-02,IZMIR,1,30.0,3,4,226546,20:00,89.4,5,KOĞ TEPESİ,0.0786,0.1039710656742722,0.1104812850557301,6.75,geri_kurulan
2026-08-02 18:30,2026-08-02,IZMIR,1,30.0,3,4,226546,20:00,89.4,6,TAHSİN SEFA,0.1102,0.0691391073798108,0.0677953340114708,11.0,geri_kurulan
2026-08-02 18:30,2026-08-02,IZMIR,1,30.0,3,4,226546,20:00,89.4,7,YENİBEY,0.1021,0.1413050726623946,0.144805567791491,5.15,geri_kurulan
2026-08-02 18:30,2026-08-02,IZMIR,1,30.0,3,4,226546,20:00,89.4,8,YILMA TAY,0.0925,0.0858087157593472,0.0877351381324916,8.5,geri_kurulan
2026-08-02 18:30,2026-08-02,IZMIR,1,30.0,3,4,226546,20:00,89.4,9,BOLKADER,0.0385,0.0483805216270456,0.0569273797042884,13.1,geri_kurulan
2026-08-02 18:30,2026-08-02,IZMIR,1,30.0,4,5,226544,20:30,119.4,1,FORTUNELLO,0.0931,0.11564930278492,0.1185702033587959,6.3,geri_kurulan
2026-08-02 18:30,2026-08-02,IZMIR,1,30.0,4,5,226544,20:30,119.4,2,PHANTOM STRIKE,0.3219,0.1769649746477707,0.1358167783928026,5.5,geri_kurulan
2026-08-02 18:30,2026-08-02,IZMIR,1,30.0,4,5,226544,20:30,119.4,3,BAHİSÇİ,0.0964,0.1462934268205745,0.1509075315475585,4.95,geri_kurulan
2026-08-02 18:30,2026-08-02,IZMIR,1,30.0,4,5,226544,20:30,119.4,4,DRAGON RUNNER,0.099,0.0500484389669807,0.047884120587206,15.6,geri_kurulan
2026-08-02 18:30,2026-08-02,IZMIR,1,30.0,4,5,226544,20:30,119.4,5,MAMMA LUNA,0.2195,0.1949394493111395,0.1659982847023143,4.5,geri_kurulan
2026-08-02 18:30,2026-08-02,IZMIR,1,30.0,4,5,226544,20:30,119.4,6,GULAZER,0.0519,0.1558885106804654,0.189111969914029,3.95,geri_kurulan
2026-08-02 18:30,2026-08-02,IZMIR,1,30.0,4,5,226544,20:30,119.4,7,DOĞU ASLANI,0.0226,0.0215654251038049,0.0285111557694814,26.2,geri_kurulan
2026-08-02 18:30,2026-08-02,IZMIR,1,30.0,4,5,226544,20:30,119.4,8,KRAL AYVALIK,0.0533,0.122261845436474,0.1450470448855174,5.15,geri_kurulan
2026-08-02 18:30,2026-08-02,IZMIR,1,30.0,4,5,226544,20:30,119.4,9,REALISTIC GIRL,0.0422,0.0163886262478702,0.0181529108422944,41.15,geri_kurulan
2026-08-02 18:30,2026-08-02,IZMIR,1,30.0,5,6,226543,21:00,149.4,1,LETS LOVE,0.0739,0.0441118856269938,0.0476119007986766,15.65,geri_kurulan
2026-08-02 18:30,2026-08-02,IZMIR,1,30.0,5,6,226543,21:00,149.4,2,MAJESTIK FLOW,0.3558,0.335530440539225,0.275972684258996,2.7,geri_kurulan
2026-08-02 18:30,2026-08-02,IZMIR,1,30.0,5,6,226543,21:00,149.4,3,KHIOS,0.2464,0.1057050360867219,0.0887055056546773,8.4,geri_kurulan
2026-08-02 18:30,2026-08-02,IZMIR,1,30.0,5,6,226543,21:00,149.4,4,ROXELENA,0.0425,0.0486283863755983,0.0608266324489215,12.25,geri_kurulan
2026-08-02 18:30,2026-08-02,IZMIR,1,30.0,5,6,226543,21:00,149.4,5,VIOLET EIGHTEEN,0.0548,0.0965720957766935,0.1182740075395697,6.3,geri_kurulan
2026-08-02 18:30,2026-08-02,IZMIR,1,30.0,5,6,226543,21:00,149.4,6,YİĞENİM NEHİR,0.1859,0.2600503921294169,0.2483754158330964,3.0,geri_kurulan
2026-08-02 18:30,2026-08-02,IZMIR,1,30.0,5,6,226543,21:00,149.4,7,LITTLE BATTLER,0.0298,0.0916672025365178,0.1307239030700507,5.7,geri_kurulan
2026-08-02 18:30,2026-08-02,IZMIR,1,30.0,5,6,226543,21:00,149.4,8,DARK RİSHA,0.0108,0.0177345609288325,0.0295099503960114,25.25,geri_kurulan
2026-08-02 18:30,2026-08-02,IZMIR,1,30.0,6,7,226549,21:30,179.4,1,AFŞINTAY,0.0393,0.0167853608975699,0.0184567662072907,40.15,geri_kurulan
2026-08-02 18:30,2026-08-02,IZMIR,1,30.0,6,7,226549,21:30,179.4,2,DEMİRNAL,0.0363,0.0406323563447662,0.0470501056014427,15.75,geri_kurulan
2026-08-02 18:30,2026-08-02,IZMIR,1,30.0,6,7,226549,21:30,179.4,3,SERDAREFE,0.2389,0.4344638055161652,0.3900206122224858,1.9,geri_kurulan
2026-08-02 18:30,2026-08-02,IZMIR,1,30.0,6,7,226549,21:30,179.4,4,UZUN TAY,0.1127,0.0073061523618521,0.0063690516821892,116.35,geri_kurulan
2026-08-02 18:30,2026-08-02,IZMIR,1,30.0,6,7,226549,21:30,179.4,5,AHUU ATA,0.0451,0.2571740459394331,0.308766318009468,2.4,geri_kurulan
2026-08-02 18:30,2026-08-02,IZMIR,1,30.0,6,7,226549,21:30,179.4,6,BABY ARYA,0.0567,0.0290362869622016,0.0304954388157499,24.3,geri_kurulan
2026-08-02 18:30,2026-08-02,IZMIR,1,30.0,6,7,226549,21:30,179.4,7,HOLİGAN,0.152,0.074865298354969,0.0679852443323599,10.9,geri_kurulan
2026-08-02 18:30,2026-08-02,IZMIR,1,30.0,6,7,226549,21:30,179.4,8,AKGOBAK,0.101,0.0511927418223423,0.0494026108815148,15.0,geri_kurulan
2026-08-02 18:30,2026-08-02,IZMIR,1,30.0,6,7,226549,21:30,179.4,9,ÖMÜRÜNOĞLU,0.1932,0.0781681791883792,0.0679852443323599,10.9,geri_kurulan
2026-08-02 18:30,2026-08-02,IZMIR,1,30.0,6,7,226549,21:30,179.4,10,KIVIRCIK MEMET,0.0137,0.00571358408861,0.0073189053157799,101.25,geri_kurulan
2026-08-02 18:30,2026-08-02,IZMIR,1,30.0,6,7,226549,21:30,179.4,11,FRENKLİ EFESİ,0.0112,0.0046621885237108,0.0061497025993586,120.5,geri_kurulan
2026-08-03 13:30,2026-08-03,BURSA,1,30.0,1,1,226560,14:00,29.6,1,KAŞEMUM KARA,0.2405,0.3087696894312627,0.2929383488031278,2.55,geri_kurulan
2026-08-03 13:30,2026-08-03,BURSA,1,30.0,1,1,226560,14:00,29.6,2,CANASİLİM,0.3133,0.2325599845977558,0.2074979970688821,3.6,geri_kurulan
2026-08-03 13:30,2026-08-03,BURSA,1,30.0,1,1,226560,14:00,29.6,3,RİGEL,0.1483,0.1215619941216232,0.1214622421866627,6.15,geri_kurulan
2026-08-03 13:30,2026-08-03,BURSA,1,30.0,1,1,226560,14:00,29.6,4,SAFDERUN OĞLU,0.0392,0.0343978517252424,0.0418483355433039,17.85,geri_kurulan
2026-08-03 13:30,2026-08-03,BURSA,1,30.0,1,1,226560,14:00,29.6,5,BUZ DEVİ,0.1612,0.168349804294787,0.1678635481905563,4.45,geri_kurulan
2026-08-03 13:30,2026-08-03,BURSA,1,30.0,1,1,226560,14:00,29.6,6,MUNİSHANIM,0.0115,0.0268625665907135,0.0407080539208706,18.35,geri_kurulan
2026-08-03 13:30,2026-08-03,BURSA,1,30.0,1,1,226560,14:00,29.6,8,KARANİMO,0.0641,0.0863949091177772,0.0995990385930634,7.5,geri_kurulan
2026-08-03 13:30,2026-08-03,BURSA,1,30.0,1,1,226560,14:00,29.6,9,ÇAĞDAŞIM,0.0218,0.0211032001208379,0.0280824356935329,26.6,geri_kurulan
2026-08-03 13:30,2026-08-03,BURSA,1,30.0,2,2,226556,14:30,59.6,1,FORTISSIMO,0.1274,0.3110515578065224,0.33080799002799,2.25,geri_kurulan
2026-08-03 13:30,2026-08-03,BURSA,1,30.0,2,2,226556,14:30,59.6,3,KURT BEY,0.1098,0.0492173661721988,0.0483323362053881,15.4,geri_kurulan
2026-08-03 13:30,2026-08-03,BURSA,1,30.0,2,2,226556,14:30,59.6,4,ME AND THE DEVIL,0.2018,0.0809164555079398,0.0702186771285827,10.6,geri_kurulan
2026-08-03 13:30,2026-08-03,BURSA,1,30.0,2,2,226556,14:30,59.6,5,MY HANDSOME,0.2854,0.096994937658423,0.0779390552421965,9.55,geri_kurulan
2026-08-03 13:30,2026-08-03,BURSA,1,30.0,2,2,226556,14:30,59.6,6,NIKO KAHN,0.1274,0.2301462778940179,0.2401025734074121,3.1,geri_kurulan
2026-08-03 13:30,2026-08-03,BURSA,1,30.0,2,2,226556,14:30,59.6,7,OLD GUARD,0.1483,0.2316734049608977,0.2325993679884304,3.2,geri_kurulan
2026-08-03 13:30,2026-08-03,BURSA,1,30.0,3,3,226561,15:00,89.6,1,ACOUSTIC SONG,0.2157,0.1937807114683636,0.1719458564069343,4.35,geri_kurulan
2026-08-03 13:30,2026-08-03,BURSA,1,30.0,3,3,226561,15:00,89.6,2,WAR STORM,0.1453,0.0605741352264346,0.0552003302856209,13.55,geri_kurulan
2026-08-03 13:30,2026-08-03,BURSA,1,30.0,3,3,226561,15:00,89.6,3,KARA THRACE,0.0723,0.0840727041328617,0.0934955594212705,8.0,geri_kurulan
2026-08-03 13:30,2026-08-03,BURSA,1,30.0,3,3,226561,15:00,89.6,4,ALİN ECE,0.2408,0.1796249806416979,0.1542194794577658,4.85,geri_kurulan
2026-08-03 13:30,2026-08-03,BURSA,1,30.0,3,3,226561,15:00,89.6,5,SUN OF THE GÖKSU,0.1073,0.183813438963245,0.1942764871091336,3.85,geri_kurulan
2026-08-03 13:30,2026-08-03,BURSA,1,30.0,3,3,226561,15:00,89.6,6,VAELLA,0.1478,0.1789072452832318,0.1739452268302707,4.3,geri_kurulan
2026-08-03 13:30,2026-08-03,BURSA,1,30.0,3,3,226561,15:00,89.6,7,ENHEDUANNA,0.047,0.0668242464802964,0.0817447514065753,9.15,geri_kurulan
2026-08-03 13:30,2026-08-03,BURSA,1,30.0,3,3,226561,15:00,89.6,8,ECHOGUETTE,0.0237,0.0524025378038687,0.0751723090824285,9.95,geri_kurulan
2026-08-03 13:30,2026-08-03,BURSA,1,30.0,5,5,226565,16:00,149.6,1,SAVE YOUR TEARS,0.2007,0.0935826410449689,0.0750753155546595,8.35,geri_kurulan
2026-08-03 13:30,2026-08-03,BURSA,1,30.0,5,5,226565,16:00,149.6,2,KING ZELAY,0.2002,0.0967993553456004,0.077873153401417,8.05,geri_kurulan
2026-08-03 13:30,2026-08-03,BURSA,1,30.0,5,5,226565,16:00,149.6,3,THE CHOSEN,0.2087,0.2991152003948988,0.2558689326046559,2.45,geri_kurulan
2026-08-03 13:30,2026-08-03,BURSA,1,30.0,5,5,226565,16:00,149.6,4,ESİN GÜZELİ,0.0948,0.1220000680680818,0.1205536317079628,5.2,geri_kurulan
2026-08-03 13:30,2026-08-03,BURSA,1,30.0,5,5,226565,16:00,149.6,5,KUMSALIM,0.1121,0.0396327288768304,0.0349236147566243,17.95,geri_kurulan
2026-08-03 13:30,2026-08-03,BURSA,1,30.0,5,5,226565,16:00,149.6,6,KAROZBEY,0.0546,0.0304833277349636,0.0317407030319699,19.75,geri_kurulan
2026-08-03 13:30,2026-08-03,BURSA,1,30.0,5,5,226565,16:00,149.6,7,TM BATAILE,0.0689,0.1446123675948595,0.1567197212203517,4.0,geri_kurulan
2026-08-03 13:30,2026-08-03,BURSA,1,30.0,5,5,226565,16:00,149.6,8,BY YURDABAK,0.0258,0.0354261561234799,0.0450992003511803,13.9,geri_kurulan
2026-08-03 13:30,2026-08-03,BURSA,1,30.0,5,5,226565,16:00,149.6,9,MERVE BAŞKAN,0.0144,0.0310091507208724,0.0454260061508265,13.8,geri_kurulan
2026-08-03 13:30,2026-08-03,BURSA,1,30.0,5,5,226565,16:00,149.6,10,MEVLÜDE HATUN,0.0199,0.107339004095444,0.1567197212203517,4.0,geri_kurulan
2026-08-03 13:30,2026-08-03,BURSA,1,30.0,6,6,226562,16:30,179.6,1,ATILIMBEYİ,0.0689,0.0864582862908827,0.0868773468846984,8.1,geri_kurulan
2026-08-03 13:30,2026-08-03,BURSA,1,30.0,6,6,226562,16:30,179.6,2,AZAPKAPI,0.0521,0.0402390911816894,0.0412731090771881,17.05,geri_kurulan
2026-08-03 13:30,2026-08-03,BURSA,1,30.0,6,6,226562,16:30,179.6,3,BARBUDA,0.0138,0.0415627250483135,0.0547631525109772,12.85,geri_kurulan
2026-08-03 13:30,2026-08-03,BURSA,1,30.0,6,6,226562,16:30,179.6,4,BOĞAZ ÇOCUĞU,0.0708,0.1796745289073988,0.1851859236226466,3.8,geri_kurulan
2026-08-03 13:30,2026-08-03,BURSA,1,30.0,6,6,226562,16:30,179.6,5,KRALKARINCA,0.0586,0.0547378137604353,0.0556289731040361,12.65,geri_kurulan
2026-08-03 13:30,2026-08-03,BURSA,1,30.0,6,6,226562,16:30,179.6,6,MUZATCAN,0.0586,0.0391194263201361,0.0392037052794461,17.95,geri_kurulan
2026-08-03 13:30,2026-08-03,BURSA,1,30.0,6,6,226562,16:30,179.6,7,ZİNCİR KOPARAN,0.1623,0.0694475494550961,0.0588875740390006,11.95,geri_kurulan
2026-08-03 13:30,2026-08-03,BURSA,1,30.0,6,6,226562,16:30,179.6,8,ALSAKİB,0.0148,0.0286253437366598,0.0366513807169821,19.2,geri_kurulan
2026-08-03 13:30,2026-08-03,BURSA,1,30.0,6,6,226562,16:30,179.6,9,GÜRGÖKBEY,0.1867,0.1513345592549637,0.1291204605075334,5.45,geri_kurulan
2026-08-03 13:30,2026-08-03,BURSA,1,30.0,6,6,226562,16:30,179.6,10,HIZLI KEREM,0.0556,0.0743886208535772,0.0773303856885777,9.1,geri_kurulan
2026-08-03 13:30,2026-08-03,BURSA,1,30.0,6,6,226562,16:30,179.6,11,KAYIPSIZ,0.0381,0.0535015159453596,0.0588875740390006,11.95,geri_kurulan
2026-08-03 13:30,2026-08-03,BURSA,1,30.0,6,6,226562,16:30,179.6,12,SERHUNEFE,0.0764,0.0948354638895804,0.0938275346354743,7.5,geri_kurulan
2026-08-03 13:30,2026-08-03,BURSA,1,30.0,6,6,226562,16:30,179.6,13,TİRİLYE KARTALI,0.0878,0.0682164705058477,0.0648577428355813,10.85,geri_kurulan
2026-08-03 13:30,2026-08-03,BURSA,1,30.0,6,6,226562,16:30,179.6,14,TARÇINKIZ,0.0554,0.0178586048500593,0.0175051370588571,40.2,geri_kurulan
2026-08-03 15:00,2026-08-03,BURSA,2,30.0,2,5,226565,16:00,59.4,1,SAVE YOUR TEARS,0.2007,0.1429673421630005,0.1186254353564955,5.5,geri_kurulan
2026-08-03 15:00,2026-08-03,BURSA,2,30.0,2,5,226565,16:00,59.4,2,KING ZELAY,0.2002,0.0591700634509422,0.0464370031644644,14.05,geri_kurulan
2026-08-03 15:00,2026-08-03,BURSA,2,30.0,2,5,226565,16:00,59.4,3,THE CHOSEN,0.2087,0.1742737703275007,0.1449866432134945,4.5,geri_kurulan
2026-08-03 15:00,2026-08-03,BURSA,2,30.0,2,5,226565,16:00,59.4,4,ESİN GÜZELİ,0.0948,0.1649679860739495,0.1672922806309553,3.9,geri_kurulan
2026-08-03 15:00,2026-08-03,BURSA,2,30.0,2,5,226565,16:00,59.4,5,KUMSALIM,0.1121,0.1533296814278366,0.1482817941956195,4.4,geri_kurulan
2026-08-03 15:00,2026-08-03,BURSA,2,30.0,2,5,226565,16:00,59.4,6,KAROZBEY,0.0546,0.0518683134375625,0.0562448184879936,11.6,geri_kurulan
2026-08-03 15:00,2026-08-03,BURSA,2,30.0,2,5,226565,16:00,59.4,7,TM BATAILE,0.0689,0.115555140587888,0.1242742656115667,5.25,geri_kurulan
2026-08-03 15:00,2026-08-03,BURSA,2,30.0,2,5,226565,16:00,59.4,8,BY YURDABAK,0.0258,0.0319307115924009,0.0406504607140639,16.05,geri_kurulan
2026-08-03 15:00,2026-08-03,BURSA,2,30.0,2,5,226565,16:00,59.4,9,MERVE BAŞKAN,0.0144,0.0201658088809478,0.0289330330137794,22.55,geri_kurulan
2026-08-03 15:00,2026-08-03,BURSA,2,30.0,2,5,226565,16:00,59.4,10,MEVLÜDE HATUN,0.0199,0.0857711820579709,0.1242742656115667,5.25,geri_kurulan
2026-08-03 15:00,2026-08-03,BURSA,2,30.0,3,6,226562,16:30,89.4,1,ATILIMBEYİ,0.0689,0.078907010273587,0.0773536702231419,7.9,geri_kurulan
2026-08-03 15:00,2026-08-03,BURSA,2,30.0,3,6,226562,16:30,89.4,2,AZAPKAPI,0.0521,0.028443797755847,0.0281610135835401,21.7,geri_kurulan
2026-08-03 15:00,2026-08-03,BURSA,2,30.0,3,6,226562,16:30,89.4,3,BARBUDA,0.0138,0.084371492109681,0.112127338488591,5.45,geri_kurulan
2026-08-03 15:00,2026-08-03,BURSA,2,30.0,3,6,226562,16:30,89.4,4,BOĞAZ ÇOCUĞU,0.0708,0.0890573984352731,0.0872991421089744,7.0,geri_kurulan
2026-08-03 15:00,2026-08-03,BURSA,2,30.0,3,6,226562,16:30,89.4,5,KRALKARINCA,0.0586,0.0555331003462072,0.0553026239604363,11.05,geri_kurulan
2026-08-03 15:00,2026-08-03,BURSA,2,30.0,3,6,226562,16:30,89.4,6,MUZATCAN,0.0586,0.0316467864547637,0.0307855916757088,19.85,geri_kurulan
2026-08-03 15:00,2026-08-03,BURSA,2,30.0,3,6,226562,16:30,89.4,7,ZİNCİR KOPARAN,0.1623,0.2097840450027651,0.1824161178396481,3.35,geri_kurulan
2026-08-03 15:00,2026-08-03,BURSA,2,30.0,3,6,226562,16:30,89.4,8,ALSAKİB,0.0148,0.0221395317015924,0.0274648986410256,22.25,geri_kurulan
2026-08-03 15:00,2026-08-03,BURSA,2,30.0,3,6,226562,16:30,89.4,9,GÜRGÖKBEY,0.1867,0.0763950698390372,0.0620399994683067,9.85,geri_kurulan
2026-08-03 15:00,2026-08-03,BURSA,2,30.0,3,6,226562,16:30,89.4,10,HIZLI KEREM,0.0556,0.0463789193151493,0.046294999603244,13.2,geri_kurulan
2026-08-03 15:00,2026-08-03,BURSA,2,30.0,3,6,226562,16:30,89.4,11,KAYIPSIZ,0.0381,0.1616149816208362,0.1824161178396481,3.35,geri_kurulan
2026-08-03 15:00,2026-08-03,BURSA,2,30.0,3,6,226562,16:30,89.4,12,SERHUNEFE,0.0764,0.0519460301764636,0.0490838550010298,12.45,geri_kurulan
2026-08-03 15:00,2026-08-03,BURSA,2,30.0,3,6,226562,16:30,89.4,13,TİRİLYE KARTALI,0.0878,0.0448258291475956,0.0410130197827396,14.9,geri_kurulan
2026-08-03 15:00,2026-08-03,BURSA,2,30.0,3,6,226562,16:30,89.4,14,TARÇINKIZ,0.0554,0.0189560078212011,0.0182416117839648,33.5,geri_kurulan
2026-08-03 15:00,2026-08-03,BURSA,2,30.0,4,7,226559,17:00,119.4,2,MANIAC,0.1873,0.2587539464860631,0.2488621897060308,3.0,geri_kurulan
2026-08-03 15:00,2026-08-03,BURSA,2,30.0,4,7,226559,17:00,119.4,3,SUGAR STORM,0.054,0.1187721432679606,0.1493173138236185,5.0,geri_kurulan
2026-08-03 15:00,2026-08-03,BURSA,2,30.0,4,7,226559,17:00,119.4,4,GREENLIFE,0.0684,0.0471231502429933,0.0525765189519783,14.2,geri_kurulan
2026-08-03 15:00,2026-08-03,BURSA,2,30.0,4,7,226559,17:00,119.4,5,KRALİÇE NONİKA,0.0654,0.0523582897945109,0.059488969650844,12.55,geri_kurulan
2026-08-03 15:00,2026-08-03,BURSA,2,30.0,4,7,226559,17:00,119.4,6,WOLF WOMEN,0.4199,0.2368749759859798,0.184342362745208,4.05,geri_kurulan
2026-08-03 15:00,2026-08-03,BURSA,2,30.0,4,7,226559,17:00,119.4,7,PERHAPS,0.1681,0.2152253855848781,0.2103060758079134,3.55,geri_kurulan
2026-08-03 15:00,2026-08-03,BURSA,2,30.0,4,7,226559,17:00,119.4,8,TEPEKIZI,0.0368,0.070892108637614,0.0951065693144067,7.85,geri_kurulan
2026-08-03 15:00,2026-08-03,BURSA,2,30.0,5,8,226563,17:30,149.4,1,AL CEMAL,0.3195,0.18191787960223,0.145046590333688,5.15,geri_kurulan
2026-08-03 15:00,2026-08-03,BURSA,2,30.0,5,8,226563,17:30,149.4,2,ÖNALTAY,0.1035,0.1347271030329231,0.1310508667049988,5.7,geri_kurulan
2026-08-03 15:00,2026-08-03,BURSA,2,30.0,5,8,226563,17:30,149.4,3,ŞAHİNYÜREKLİ,0.0451,0.1190244226970718,0.1345927820213502,5.55,geri_kurulan
2026-08-03 15:00,2026-08-03,BURSA,2,30.0,5,8,226563,17:30,149.4,4,ŞÖHRET HANIM,0.2348,0.076404199590165,0.0622491616848744,12.0,geri_kurulan
2026-08-03 15:00,2026-08-03,BURSA,2,30.0,5,8,226563,17:30,149.4,5,ÇERKES ENVER,0.0722,0.1036688180560643,0.1067128486026419,7.0,geri_kurulan
2026-08-03 15:00,2026-08-03,BURSA,2,30.0,5,8,226563,17:30,149.4,6,ALKATRAZ KUŞÇUSU,0.0413,0.0502638757125822,0.0557455179267532,13.4,geri_kurulan
2026-08-03 15:00,2026-08-03,BURSA,2,30.0,5,8,226563,17:30,149.4,7,PAMİRALP,0.0319,0.117960053713838,0.1422837981368559,5.25,geri_kurulan
2026-08-03 15:00,2026-08-03,BURSA,2,30.0,5,8,226563,17:30,149.4,9,ZİRVE BEYİ,0.0931,0.1056275766045461,0.103748602808124,7.2,geri_kurulan
2026-08-03 15:00,2026-08-03,BURSA,2,30.0,5,8,226563,17:30,149.4,10,AYDİNÇ,0.0584,0.1104060709905791,0.1185698317807132,6.3,geri_kurulan
2026-08-03 15:00,2026-08-03,BURSA,2,30.0,6,9,226564,18:00,179.4,1,KAVALA GÜCÜ,0.0231,0.0321118110292294,0.0400167683950245,18.65,geri_kurulan
2026-08-03 15:00,2026-08-03,BURSA,2,30.0,6,9,226564,18:00,179.4,2,PKEAY,0.0363,0.0699000991555797,0.0815642328488751,9.15,geri_kurulan
2026-08-03 15:00,2026-08-03,BURSA,2,30.0,6,9,226564,18:00,179.4,3,THINDER OF SHINE,0.119,0.0851003219107537,0.0742599731907669,10.05,geri_kurulan
2026-08-03 15:00,2026-08-03,BURSA,2,30.0,6,9,226564,18:00,179.4,4,ALYCONE,0.1803,0.1576350143691456,0.1286746087184841,5.8,geri_kurulan
2026-08-03 15:00,2026-08-03,BURSA,2,30.0,6,9,226564,18:00,179.4,5,BRUSK SHOT,0.0675,0.114356705141285,0.1175295638688516,6.35,geri_kurulan
2026-08-03 15:00,2026-08-03,BURSA,2,30.0,6,9,226564,18:00,179.4,6,COOKIE,0.0201,0.0497404084402891,0.0660453743864785,11.3,geri_kurulan
2026-08-03 15:00,2026-08-03,BURSA,2,30.0,6,9,226564,18:00,179.4,7,DİDİ LAZİ,0.1302,0.0990501406557946,0.0852928834933951,8.75,geri_kurulan
2026-08-03 15:00,2026-08-03,BURSA,2,30.0,6,9,226564,18:00,179.4,8,FIT AS A FIDDLE,0.2728,0.102887022311894,0.0735283478391337,10.15,geri_kurulan
2026-08-03 15:00,2026-08-03,BURSA,2,30.0,6,9,226564,18:00,179.4,9,HANDSOME LAKE,0.0255,0.0308645072242386,0.0374091594269277,19.95,geri_kurulan
2026-08-03 15:00,2026-08-03,BURSA,2,30.0,6,9,226564,18:00,179.4,10,SEDAT,0.0479,0.1921208214235864,0.2227799195723008,3.35,geri_kurulan
2026-08-03 15:00,2026-08-03,BURSA,2,30.0,6,9,226564,18:00,179.4,11,ROZERYA,0.0182,0.0226834688665012,0.0293823909672129,25.4,geri_kurulan
2026-08-03 15:00,2026-08-03,BURSA,2,30.0,6,9,226564,18:00,179.4,12,TYATIR,0.0592,0.0435496794717021,0.0435167772925485,17.15,geri_kurulan
2026-08-04 14:00,2026-08-04,ANKARA,1,30.0,1,1,226577,14:30,29.2,1,ÖZERDEM,0.1111,0.1820573783537603,0.1844502792874386,4.05,geri_kurulan
2026-08-04 14:00,2026-08-04,ANKARA,1,30.0,1,1,226577,14:30,29.2,2,MOTOR,0.2311,0.1575877870734809,0.1383377094655789,5.4,geri_kurulan
2026-08-04 14:00,2026-08-04,ANKARA,1,30.0,1,1,226577,14:30,29.2,3,SULTANBEŞİR,0.0293,0.0250507870232749,0.0300009490407279,24.9,geri_kurulan
2026-08-04 14:00,2026-08-04,ANKARA,1,30.0,1,1,226577,14:30,29.2,4,ALATTİN,0.1563,0.1286332286314104,0.1204876824377623,6.2,geri_kurulan
2026-08-04 14:00,2026-08-04,ANKARA,1,30.0,1,1,226577,14:30,29.2,5,BAHARBAHİR,0.0632,0.0512316454854979,0.0547270059424268,13.65,geri_kurulan
2026-08-04 14:00,2026-08-04,ANKARA,1,30.0,1,1,226577,14:30,29.2,6,DİNAMİT,0.0785,0.1889783116159026,0.2046640085244182,3.65,geri_kurulan
2026-08-04 14:00,2026-08-04,ANKARA,1,30.0,1,1,226577,14:30,29.2,7,SANCAKALAN,0.1491,0.1010742539531068,0.0945599533055856,7.9,geri_kurulan
2026-08-04 14:00,2026-08-04,ANKARA,1,30.0,1,1,226577,14:30,29.2,8,HABBE,0.0672,0.1079941595821993,0.117641516710886,6.35,geri_kurulan
2026-08-04 14:00,2026-08-04,ANKARA,1,30.0,1,1,226577,14:30,29.2,9,KATICESUR,0.1142,0.0573924482813663,0.0551308952851753,13.55,geri_kurulan
2026-08-04 14:00,2026-08-04,ANKARA,1,30.0,2,2,226576,15:00,59.2,1,DRAVION,0.3103,0.1729151950723764,0.153137893471041,4.85,geri_kurulan
2026-08-04 14:00,2026-08-04,ANKARA,1,30.0,2,2,226576,15:00,59.2,2,KUPA DOKUZLUSU,0.1005,0.1039430379007108,0.1188350053335278,6.25,geri_kurulan
2026-08-04 14:00,2026-08-04,ANKARA,1,30.0,2,2,226576,15:00,59.2,3,VENENO,0.0543,0.0571074324664669,0.0735365132014404,10.1,geri_kurulan
2026-08-04 14:00,2026-08-04,ANKARA,1,30.0,2,2,226576,15:00,59.2,4,EQUAL GOLD,0.2694,0.3116266427246665,0.2970875133338196,2.5,geri_kurulan
2026-08-04 14:00,2026-08-04,ANKARA,1,30.0,2,2,226576,15:00,59.2,5,QUEEN ÇINAR,0.2473,0.3370737929497823,0.3300972370375772,2.25,geri_kurulan
2026-08-04 14:00,2026-08-04,ANKARA,1,30.0,2,2,226576,15:00,59.2,6,DİREN KAPORTACI,0.0183,0.017333898885997,0.0273058376225937,27.2,geri_kurulan
2026-08-04 14:00,2026-08-04,ANKARA,1,30.0,3,3,226574,15:30,89.2,1,ATLIBİTİRİM,0.1621,0.1140442591735136,0.1031329527903154,7.25,geri_kurulan
2026-08-04 14:00,2026-08-04,ANKARA,1,30.0,3,3,226574,15:30,89.2,2,DENİZAĞA,0.0802,0.0437190607294553,0.0433457337814369,17.25,geri_kurulan
2026-08-04 14:00,2026-08-04,ANKARA,1,30.0,3,3,226574,15:30,89.2,3,DORUYILDIZ,0.0959,0.177271185264925,0.1801720259589847,4.15,geri_kurulan
2026-08-04 14:00,2026-08-04,ANKARA,1,30.0,3,3,226574,15:30,89.2,4,GÖKAYHAN,0.1339,0.1687728721136087,0.1607986898343627,4.65,geri_kurulan
2026-08-04 14:00,2026-08-04,ANKARA,1,30.0,3,3,226574,15:30,89.2,5,KARASERHAN,0.0555,0.0253526932945931,0.0263279544975277,28.4,geri_kurulan
2026-08-04 14:00,2026-08-04,ANKARA,1,30.0,3,3,226574,15:30,89.2,6,KURT BAKIŞLI,0.0757,0.2116902462220843,0.2265799720393293,3.3,geri_kurulan
2026-08-04 14:00,2026-08-04,ANKARA,1,30.0,3,3,226574,15:30,89.2,7,ÖZMİRDAS,0.0652,0.0396927248302988,0.0407473519198793,18.35,geri_kurulan
2026-08-04 14:00,2026-08-04,ANKARA,1,30.0,3,3,226574,15:30,89.2,8,REYONTAY,0.098,0.0677425652918424,0.0658778773330208,11.35,geri_kurulan
2026-08-04 14:00,2026-08-04,ANKARA,1,30.0,3,3,226574,15:30,89.2,9,SAMİ REİS,0.0613,0.0333440974559146,0.0343776509301051,21.75,geri_kurulan
2026-08-04 14:00,2026-08-04,ANKARA,1,30.0,3,3,226574,15:30,89.2,10,UÇAN GENÇ,0.0895,0.0264678659877261,0.0251755524488143,29.7,geri_kurulan
2026-08-04 14:00,2026-08-04,ANKARA,1,30.0,3,3,226574,15:30,89.2,11,ZUBİR,0.0826,0.0919024296360378,0.0934642384662233,8.0,geri_kurulan
2026-08-04 14:00,2026-08-04,ANKARA,1,30.0,5,5,226579,16:30,149.2,1,KALİ STRATA,0.2779,0.1701038410926016,0.1414191586872244,4.8,geri_kurulan
2026-08-04 14:00,2026-08-04,ANKARA,1,30.0,5,5,226579,16:30,149.2,2,TUVA,0.1207,0.0553834499984452,0.0530321845077091,12.8,geri_kurulan
2026-08-04 14:00,2026-08-04,ANKARA,1,30.0,5,5,226579,16:30,149.2,3,MASTER OF RACE,0.2653,0.3830684429711138,0.3394059808493387,2.0,geri_kurulan
2026-08-04 14:00,2026-08-04,ANKARA,1,30.0,5,5,226579,16:30,149.2,4,DEJAME,0.2045,0.1427123219529258,0.1268807405044257,5.35,geri_kurulan
2026-08-04 14:00,2026-08-04,ANKARA,1,30.0,5,5,226579,16:30,149.2,5,KARAMAÇABEY,0.0334,0.0629214405332317,0.0843244672917611,8.05,geri_kurulan
2026-08-04 14:00,2026-08-04,ANKARA,1,30.0,5,5,226579,16:30,149.2,6,ÇAPGUR,0.0324,0.0385548917016883,0.0504692908326154,13.45,geri_kurulan
2026-08-04 14:00,2026-08-04,ANKARA,1,30.0,5,5,226579,16:30,149.2,7,JOYOUS GIRL,0.0235,0.0806637444642927,0.1201437100351641,5.65,geri_kurulan
2026-08-04 14:00,2026-08-04,ANKARA,1,30.0,5,5,226579,16:30,149.2,8,SECTUMSEMPRA,0.0423,0.0665918672857005,0.0843244672917611,8.05,geri_kurulan
2026-08-04 14:00,2026-08-04,ANKARA,1,30.0,6,6,226580,17:00,179.2,1,AYLAK KIZ,0.2571,0.0916661590882131,0.0782075072722655,9.55,geri_kurulan
2026-08-04 14:00,2026-08-04,ANKARA,1,30.0,6,6,226580,17:00,179.2,2,ANKARA GÜZELİ,0.0744,0.0430050401355821,0.0448577594264346,16.65,geri_kurulan
2026-08-04 14:00,2026-08-04,ANKARA,1,30.0,6,6,226580,17:00,179.2,3,ESENLİ RÜZGARI,0.138,0.2573179334128284,0.2575454118793572,2.9,geri_kurulan
2026-08-04 14:00,2026-08-04,ANKARA,1,30.0,6,6,226580,17:00,179.2,4,HOŞBAKIŞ,0.058,0.02837994144778,0.0304849671204137,24.5,geri_kurulan
2026-08-04 14:00,2026-08-04,ANKARA,1,30.0,6,6,226580,17:00,179.2,5,TANKIZI,0.0475,0.090518467923791,0.1059406658794519,7.05,geri_kurulan
2026-08-04 14:00,2026-08-04,ANKARA,1,30.0,6,6,226580,17:00,179.2,6,UĞURLU BEBEK,0.0789,0.0434620382320055,0.0448577594264346,16.65,geri_kurulan
2026-08-04 14:00,2026-08-04,ANKARA,1,30.0,6,6,226580,17:00,179.2,7,ALSAYFA,0.2248,0.2905664867766803,0.26674346230362,2.8,geri_kurulan
2026-08-04 14:00,2026-08-04,ANKARA,1,30.0,6,6,226580,17:00,179.2,8,ALUDRA,0.0416,0.0550239788951601,0.0646650817705745,11.55,geri_kurulan
2026-08-04 14:00,2026-08-04,ANKARA,1,30.0,6,6,226580,17:00,179.2,9,KÜÇÜK NAİME,0.0798,0.1000599540879592,0.106697384921448,7.0,geri_kurulan
2026-08-04 15:00,2026-08-04,ANKARA,2,30.0,1,3,226574,15:30,29.4,1,ATLIBİTİRİM,0.1621,0.1041998426064298,0.0942909957267441,7.9,geri_kurulan
2026-08-04 15:00,2026-08-04,ANKARA,2,30.0,1,3,226574,15:30,29.4,2,DENİZAĞA,0.0802,0.0486716131609665,0.0486862004079267,15.3,geri_kurulan
2026-08-04 15:00,2026-08-04,ANKARA,2,30.0,1,3,226574,15:30,29.4,3,DORUYILDIZ,0.0959,0.1342169283034164,0.1354361574984144,5.5,geri_kurulan
2026-08-04 15:00,2026-08-04,ANKARA,2,30.0,1,3,226574,15:30,29.4,4,GÖKAYHAN,0.1339,0.2169848503126803,0.2098306665468392,3.55,geri_kurulan
2026-08-04 15:00,2026-08-04,ANKARA,2,30.0,1,3,226574,15:30,29.4,5,KARASERHAN,0.0555,0.0202492464835914,0.0209241254562157,35.6,geri_kurulan
2026-08-04 15:00,2026-08-04,ANKARA,2,30.0,1,3,226574,15:30,29.4,6,KURT BAKIŞLI,0.0757,0.1685540582385061,0.1794937027087419,4.15,geri_kurulan
2026-08-04 15:00,2026-08-04,ANKARA,2,30.0,1,3,226574,15:30,29.4,7,ÖZMİRDAS,0.0652,0.034441458797297,0.0353032638029042,21.1,geri_kurulan
2026-08-04 15:00,2026-08-04,ANKARA,2,30.0,1,3,226574,15:30,29.4,8,REYONTAY,0.098,0.0844303729475403,0.0832289236023775,8.95,geri_kurulan
2026-08-04 15:00,2026-08-04,ANKARA,2,30.0,1,3,226574,15:30,29.4,9,SAMİ REİS,0.0613,0.0291673786557812,0.0300362446065031,24.8,geri_kurulan
2026-08-04 15:00,2026-08-04,ANKARA,2,30.0,1,3,226574,15:30,29.4,10,UÇAN GENÇ,0.0895,0.0272756058647973,0.0260910285898871,28.55,geri_kurulan
2026-08-04 15:00,2026-08-04,ANKARA,2,30.0,1,3,226574,15:30,29.4,11,ZUBİR,0.0826,0.1318086446289932,0.1366786910534457,5.45,geri_kurulan
2026-08-04 15:00,2026-08-04,ANKARA,2,30.0,3,5,226579,16:30,89.4,1,KALİ STRATA,0.2779,0.143659885551481,0.1184276858967321,5.7,geri_kurulan
2026-08-04 15:00,2026-08-04,ANKARA,2,30.0,3,5,226579,16:30,89.4,2,TUVA,0.1207,0.0738535642779481,0.0721965571776869,9.35,geri_kurulan
2026-08-04 15:00,2026-08-04,ANKARA,2,30.0,3,5,226579,16:30,89.4,3,MASTER OF RACE,0.2653,0.4429957738620781,0.3970810644772782,1.7,geri_kurulan
2026-08-04 15:00,2026-08-04,ANKARA,2,30.0,3,5,226579,16:30,89.4,4,DEJAME,0.2045,0.0999878946209612,0.0871016528530803,7.75,geri_kurulan
2026-08-04 15:00,2026-08-04,ANKARA,2,30.0,3,5,226579,16:30,89.4,5,KARAMAÇABEY,0.0334,0.0698193983314039,0.094410882463129,7.15,geri_kurulan
2026-08-04 15:00,2026-08-04,ANKARA,2,30.0,3,5,226579,16:30,89.4,6,ÇAPGUR,0.0324,0.0266066473135489,0.034092818667241,19.8,geri_kurulan
2026-08-04 15:00,2026-08-04,ANKARA,2,30.0,3,5,226579,16:30,89.4,7,JOYOUS GIRL,0.0235,0.0691846290579537,0.1022784560017231,6.6,geri_kurulan
2026-08-04 15:00,2026-08-04,ANKARA,2,30.0,3,5,226579,16:30,89.4,8,SECTUMSEMPRA,0.0423,0.0738922069846246,0.094410882463129,7.15,geri_kurulan
2026-08-04 15:00,2026-08-04,ANKARA,2,30.0,4,6,226580,17:00,119.4,1,AYLAK KIZ,0.2571,0.0811394153734849,0.067673301352438,11.05,geri_kurulan
2026-08-04 15:00,2026-08-04,ANKARA,2,30.0,4,6,226580,17:00,119.4,2,ANKARA GÜZELİ,0.0744,0.0424440782639793,0.0434761616246767,17.2,geri_kurulan
2026-08-04 15:00,2026-08-04,ANKARA,2,30.0,4,6,226580,17:00,119.4,3,ESENLİ RÜZGARI,0.138,0.2620097452490431,0.257858613773945,2.9,geri_kurulan
2026-08-04 15:00,2026-08-04,ANKARA,2,30.0,4,6,226580,17:00,119.4,4,HOŞBAKIŞ,0.058,0.0265123927010733,0.0279026111919567,26.8,geri_kurulan
2026-08-04 15:00,2026-08-04,ANKARA,2,30.0,4,6,226580,17:00,119.4,5,TANKIZI,0.0475,0.1515398378630931,0.1780452333201048,4.2,geri_kurulan
2026-08-04 15:00,2026-08-04,ANKARA,2,30.0,4,6,226580,17:00,119.4,6,UĞURLU BEBEK,0.0789,0.0385963262095807,0.0389473947887729,19.2,geri_kurulan
2026-08-04 15:00,2026-08-04,ANKARA,2,30.0,4,6,226580,17:00,119.4,7,ALSAYFA,0.2248,0.2355837896236494,0.2106450647730818,3.55,geri_kurulan
2026-08-04 15:00,2026-08-04,ANKARA,2,30.0,4,6,226580,17:00,119.4,8,ALUDRA,0.0416,0.048579996635,0.0558052223839134,13.4,geri_kurulan
2026-08-04 15:00,2026-08-04,ANKARA,2,30.0,4,6,226580,17:00,119.4,9,KÜÇÜK NAİME,0.0798,0.113594418081096,0.1196463967911104,6.25,geri_kurulan
2026-08-04 15:00,2026-08-04,ANKARA,2,30.0,5,7,226575,17:30,149.4,1,KARAGÖZ,0.1627,0.0799124894344823,0.0737521261759905,9.35,geri_kurulan
2026-08-04 15:00,2026-08-04,ANKARA,2,30.0,5,7,226575,17:30,149.4,2,KING SENCER,0.1018,0.0688555016915093,0.0689582379745511,10.0,geri_kurulan
2026-08-04 15:00,2026-08-04,ANKARA,2,30.0,5,7,226575,17:30,149.4,3,KOPTU FIRTINA,0.1043,0.112930180445343,0.1149303966242519,6.0,geri_kurulan
2026-08-04 15:00,2026-08-04,ANKARA,2,30.0,5,7,226575,17:30,149.4,4,KORDONİS,0.0838,0.0709167499145334,0.0737521261759905,9.35,geri_kurulan
2026-08-04 15:00,2026-08-04,ANKARA,2,30.0,5,7,226575,17:30,149.4,5,KÖYLÜHAN,0.0658,0.0261113308396132,0.0272562205433008,25.3,geri_kurulan
2026-08-04 15:00,2026-08-04,ANKARA,2,30.0,5,7,226575,17:30,149.4,6,KÜÇÜK ŞOVALYE,0.1128,0.0324080767363964,0.030853797751477,22.35,geri_kurulan
2026-08-04 15:00,2026-08-04,ANKARA,2,30.0,5,7,226575,17:30,149.4,7,MAÇKA BEY,0.0797,0.0515988975744896,0.0534559984298846,12.9,geri_kurulan
2026-08-04 15:00,2026-08-04,ANKARA,2,30.0,5,7,226575,17:30,149.4,8,OVAM CAN,0.0565,0.0080096430053188,0.0081898144862887,84.2,geri_kurulan
2026-08-04 15:00,2026-08-04,ANKARA,2,30.0,5,7,226575,17:30,149.4,9,TOYGARLI,0.0657,0.0523715187352,0.0562924391628989,12.25,geri_kurulan
2026-08-04 15:00,2026-08-04,ANKARA,2,30.0,5,7,226575,17:30,149.4,10,URAZ,0.1668,0.4968856116231136,0.4925588426753655,1.4,geri_kurulan
2026-08-04 15:00,2026-08-04,ANKARA,2,30.0,6,8,226583,18:00,179.4,1,PRINCESS HAZAL,0.3019,0.2259032817897445,0.1678840878471597,4.25,geri_kurulan
2026-08-04 15:00,2026-08-04,ANKARA,2,30.0,6,8,226583,18:00,179.4,2,MAJESTIC HOLIDAY,0.0332,0.0615259676523335,0.0739385879119615,9.65,geri_kurulan
2026-08-04 15:00,2026-08-04,ANKARA,2,30.0,6,8,226583,18:00,179.4,3,BEST ALYA,0.0238,0.035418030762774,0.0447340045987729,15.95,geri_kurulan
2026-08-04 15:00,2026-08-04,ANKARA,2,30.0,6,8,226583,18:00,179.4,4,VICTORY LANE,0.1324,0.0534686301246341,0.0447340045987729,15.95,geri_kurulan
2026-08-04 15:00,2026-08-04,ANKARA,2,30.0,6,8,226583,18:00,179.4,5,TEK NERGİZ,0.0266,0.0156215339527919,0.018201718707919,39.2,geri_kurulan
2026-08-04 15:00,2026-08-04,ANKARA,2,30.0,6,8,226583,18:00,179.4,6,FORGIVE AND FORGET,0.0225,0.02164432954933,0.0268741006911649,26.55,geri_kurulan
2026-08-04 15:00,2026-08-04,ANKARA,2,30.0,6,8,226583,18:00,179.4,7,PRENSES BELBUS,0.0834,0.1190339340649819,0.1179351030331287,6.05,geri_kurulan
2026-08-04 15:00,2026-08-04,ANKARA,2,30.0,6,8,226583,18:00,179.4,8,FEMALE WARRIOR,0.1238,0.1036932154012221,0.0920654675290875,7.75,geri_kurulan
2026-08-04 15:00,2026-08-04,ANKARA,2,30.0,6,8,226583,18:00,179.4,9,HIGH HILLS,0.0873,0.0318916945788239,0.028712570356154,24.85,geri_kurulan
2026-08-04 15:00,2026-08-04,ANKARA,2,30.0,6,8,226583,18:00,179.4,10,SILENT RUNNER,0.035,0.0388527954601473,0.0447340045987729,15.95,geri_kurulan
2026-08-04 15:00,2026-08-04,ANKARA,2,30.0,6,8,226583,18:00,179.4,11,MALCOOBA,0.0353,0.12790489149301,0.158557194077873,4.5,geri_kurulan
2026-08-04 15:00,2026-08-04,ANKARA,2,30.0,6,8,226583,18:00,179.4,12,SEQUOIA,0.0712,0.1202121630454082,0.1240882388435528,5.75,geri_kurulan
2026-08-04 15:00,2026-08-04,ANKARA,2,30.0,6,8,226583,18:00,179.4,13,FASTEST ÇINAR,0.0237,0.044829532124798,0.0575409172056797,12.4,geri_kurulan
2026-08-04 16:45,2026-08-04,KOCAELI,1,30.0,1,1,226573,17:15,29.4,2,GOLD RÜYA,0.19,0.0913349382971676,0.0833086994309697,8.95,geri_kurulan
2026-08-04 16:45,2026-08-04,KOCAELI,1,30.0,1,1,226573,17:15,29.4,3,GÜNDEME DÜŞTÜ,0.1237,0.043987649024761,0.0427285306537065,17.45,geri_kurulan
2026-08-04 16:45,2026-08-04,KOCAELI,1,30.0,1,1,226573,17:15,29.4,4,KING WOMAN,0.1231,0.0863888854985988,0.0877191599890799,8.5,geri_kurulan
2026-08-04 16:45,2026-08-04,KOCAELI,1,30.0,1,1,226573,17:15,29.4,6,MY BRAVE GIRL,0.1034,0.3154176767708185,0.3637135901986242,2.05,geri_kurulan
2026-08-04 16:45,2026-08-04,KOCAELI,1,30.0,1,1,226573,17:15,29.4,7,SABIRLI RIBELLA,0.269,0.3878860303422998,0.3550537428129426,2.1,geri_kurulan
2026-08-04 16:45,2026-08-04,KOCAELI,1,30.0,1,1,226573,17:15,29.4,8,SOLAR DUCHESS,0.1907,0.0749848200663541,0.0674762769146768,11.05,geri_kurulan
2026-08-04 16:45,2026-08-04,KOCAELI,1,30.0,2,2,226578,17:45,59.4,1,MY REBELLIOUS GIRL,0.172,0.1798372122268949,0.1615250735582796,4.6,geri_kurulan
2026-08-04 16:45,2026-08-04,KOCAELI,1,30.0,2,2,226578,17:45,59.4,2,WARRIOR MAN,0.2898,0.0711185251618324,0.0526961232885167,14.1,geri_kurulan
2026-08-04 16:45,2026-08-04,KOCAELI,1,30.0,2,2,226578,17:45,59.4,3,KING OF RACE,0.0862,0.0654595632150417,0.0657535697670872,11.3,geri_kurulan
2026-08-04 16:45,2026-08-04,KOCAELI,1,30.0,2,2,226578,17:45,59.4,4,NOBLE STORM,0.2758,0.1688310474469977,0.1338766375437993,5.55,geri_kurulan
2026-08-04 16:45,2026-08-04,KOCAELI,1,30.0,2,2,226578,17:45,59.4,5,DİPLOMAT ZAFER,0.0994,0.3370304956304968,0.3624465065210177,2.05,geri_kurulan
2026-08-04 16:45,2026-08-04,KOCAELI,1,30.0,2,2,226578,17:45,59.4,6,KINOWA GIRL,0.0361,0.0503988925715347,0.0621770157630197,11.95,geri_kurulan
2026-08-04 16:45,2026-08-04,KOCAELI,1,30.0,2,2,226578,17:45,59.4,7,DESESPERADOS,0.0408,0.1273242637472014,0.1615250735582796,4.6,geri_kurulan
2026-08-04 16:45,2026-08-04,KOCAELI,1,30.0,3,3,226582,18:30,104.4,1,LORD PROTECTOR,0.1411,0.0827838984474911,0.0725983808750597,10.25,geri_kurulan
2026-08-04 16:45,2026-08-04,KOCAELI,1,30.0,3,3,226582,18:30,104.4,2,ŞEN AKYÜZ,0.0687,0.2623891261553631,0.2976533615877448,2.5,geri_kurulan
2026-08-04 16:45,2026-08-04,KOCAELI,1,30.0,3,3,226582,18:30,104.4,3,I HAVE A DREAM,0.0724,0.0928614223198317,0.0972723403881518,7.65,geri_kurulan
2026-08-04 16:45,2026-08-04,KOCAELI,1,30.0,3,3,226582,18:30,104.4,4,CORSARO,0.5595,0.2200457834445092,0.1444919231008469,5.15,geri_kurulan
2026-08-04 16:45,2026-08-04,KOCAELI,1,30.0,3,3,226582,18:30,104.4,5,RÜZGAR UĞUR,0.1265,0.1785648752368092,0.1691212281748549,4.4,geri_kurulan
2026-08-04 16:45,2026-08-04,KOCAELI,1,30.0,3,3,226582,18:30,104.4,6,ALASER,0.0318,0.1633548943959956,0.2188627658733417,3.4,geri_kurulan
2026-08-04 16:45,2026-08-04,KOCAELI,1,30.0,4,4,226572,19:00,134.4,1,BITTERSWEET,0.1109,0.1453015045255674,0.1522806252215851,4.9,geri_kurulan
2026-08-04 16:45,2026-08-04,KOCAELI,1,30.0,4,4,226572,19:00,134.4,2,GENERAL FEMALE,0.0845,0.0443643671195065,0.0462027903149082,16.15,geri_kurulan
2026-08-04 16:45,2026-08-04,KOCAELI,1,30.0,4,4,226572,19:00,134.4,3,GOLDEN RHYTHM,0.1316,0.0208155961988228,0.0184468495324046,40.45,geri_kurulan
2026-08-04 16:45,2026-08-04,KOCAELI,1,30.0,4,4,226572,19:00,134.4,4,KIZIM ŞAHSENEM,0.0664,0.0894743697178701,0.1036354254980232,7.2,geri_kurulan
2026-08-04 16:45,2026-08-04,KOCAELI,1,30.0,4,4,226572,19:00,134.4,5,NOBIL BIGTIME,0.2269,0.3442447644278175,0.317521303653518,2.35,geri_kurulan
2026-08-04 16:45,2026-08-04,KOCAELI,1,30.0,4,4,226572,19:00,134.4,6,PERLA PURA,0.1527,0.0700753312062655,0.0646039016091573,11.55,geri_kurulan
2026-08-04 16:45,2026-08-04,KOCAELI,1,30.0,4,4,226572,19:00,134.4,7,RUNNING LOVE,0.1171,0.1720914521498531,0.1798012201411487,4.15,geri_kurulan
2026-08-04 16:45,2026-08-04,KOCAELI,1,30.0,4,4,226572,19:00,134.4,8,SHA CARRI,0.1099,0.1136326146542969,0.1175078840292546,6.35,geri_kurulan
2026-08-04 16:45,2026-08-04,KOCAELI,1,30.0,5,5,226588,19:30,164.4,1,AVCI OĞLUM,0.0834,0.0148900404315211,0.0142772416512661,65.4,geri_kurulan
2026-08-04 16:45,2026-08-04,KOCAELI,1,30.0,5,5,226588,19:30,164.4,2,FUNDO,0.1832,0.0772040112641907,0.0684052457137588,13.65,geri_kurulan
2026-08-04 16:45,2026-08-04,KOCAELI,1,30.0,5,5,226588,19:30,164.4,4,İLBAN BEYİ,0.1657,0.1101596669795303,0.1009439571884117,9.25,geri_kurulan
2026-08-04 16:45,2026-08-04,KOCAELI,1,30.0,5,5,226588,19:30,164.4,5,KAZDAĞI EFESİ,0.2317,0.2974554905859067,0.2667804582836596,3.5,geri_kurulan
2026-08-04 16:45,2026-08-04,KOCAELI,1,30.0,5,5,226588,19:30,164.4,6,NUMANIM,0.0215,0.0523151897155587,0.0681555915323218,13.7,geri_kurulan
2026-08-04 16:45,2026-08-04,KOCAELI,1,30.0,5,5,226588,19:30,164.4,7,SAADINSOYU,0.0459,0.0290000917742782,0.0319771097257811,29.2,geri_kurulan
2026-08-04 16:45,2026-08-04,KOCAELI,1,30.0,5,5,226588,19:30,164.4,8,AYDINEFESİ,0.0882,0.2684212812520136,0.2873020319977873,3.25,geri_kurulan
2026-08-04 16:45,2026-08-04,KOCAELI,1,30.0,5,5,226588,19:30,164.4,9,BABA ENİS,0.0339,0.0260490332633367,0.0302668267096534,30.85,geri_kurulan
2026-08-04 16:45,2026-08-04,KOCAELI,1,30.0,5,5,226588,19:30,164.4,10,MADEİRA,0.0442,0.0595613990287633,0.0681555915323218,13.7,geri_kurulan
2026-08-04 16:45,2026-08-04,KOCAELI,1,30.0,5,5,226588,19:30,164.4,11,MELİHİN İZİ,0.1022,0.0649437957049,0.0637359456650381,14.65,geri_kurulan
2026-08-04 16:45,2026-08-04,KOCAELI,1,30.0,6,6,226584,20:00,194.4,1,MY LADY BUG,0.2455,0.1467310641318347,0.1213528859004541,6.15,geri_kurulan
2026-08-04 16:45,2026-08-04,KOCAELI,1,30.0,6,6,226584,20:00,194.4,2,SİHİRLİ JOVANKA,0.1855,0.2362136045252006,0.2163247096486356,3.45,geri_kurulan
2026-08-04 16:45,2026-08-04,KOCAELI,1,30.0,6,6,226584,20:00,194.4,3,HIZLI GÖR,0.1082,0.0365299763876913,0.0340785501501275,21.9,geri_kurulan
2026-08-04 16:45,2026-08-04,KOCAELI,1,30.0,6,6,226584,20:00,194.4,4,TILO GIRL,0.0571,0.0793518087636614,0.0915730365997292,8.15,geri_kurulan
2026-08-04 16:45,2026-08-04,KOCAELI,1,30.0,6,6,226584,20:00,194.4,5,Mİ PRİNCESA ŞÜKRAN,0.1277,0.1060786620576329,0.1015401698350738,7.35,geri_kurulan
2026-08-04 16:45,2026-08-04,KOCAELI,1,30.0,6,6,226584,20:00,194.4,6,SEYYAHIM,0.1139,0.072509892223469,0.069749555914747,10.7,geri_kurulan
2026-08-04 16:45,2026-08-04,KOCAELI,1,30.0,6,6,226584,20:00,194.4,7,BLUE WAVE,0.1067,0.2253200593439531,0.2369270629485056,3.15,geri_kurulan
2026-08-04 16:45,2026-08-04,KOCAELI,1,30.0,6,6,226584,20:00,194.4,8,QUİEREME,0.0419,0.072010925965062,0.0893796704536279,8.35,geri_kurulan
2026-08-04 16:45,2026-08-04,KOCAELI,1,30.0,6,6,226584,20:00,194.4,9,SWISS DANCER,0.0136,0.0252540066014947,0.0390743585490991,19.1,geri_kurulan
2026-08-04 18:31,2026-08-04,KOCAELI,2,30.0,1,4,226572,19:00,28.9,1,BITTERSWEET,0.1109,0.1691870774558712,0.1778080409803253,4.2,geri_kurulan
2026-08-04 18:31,2026-08-04,KOCAELI,2,30.0,1,4,226572,19:00,28.9,2,GENERAL FEMALE,0.0845,0.076233828727415,0.081616805695887,9.15,geri_kurulan
2026-08-04 18:31,2026-08-04,KOCAELI,2,30.0,1,4,226572,19:00,28.9,3,GOLDEN RHYTHM,0.1316,0.0979223633174459,0.0951329646009383,7.85,geri_kurulan
2026-08-04 18:31,2026-08-04,KOCAELI,2,30.0,1,4,226572,19:00,28.9,4,KIZIM ŞAHSENEM,0.0664,0.0382892130343671,0.0417203224646573,17.9,geri_kurulan
2026-08-04 18:31,2026-08-04,KOCAELI,2,30.0,1,4,226572,19:00,28.9,5,NOBIL BIGTIME,0.2269,0.1471335505484215,0.1276570550627976,5.85,geri_kurulan
2026-08-04 18:31,2026-08-04,KOCAELI,2,30.0,1,4,226572,19:00,28.9,6,PERLA PURA,0.1527,0.1935343460649394,0.1890617144600927,3.95,geri_kurulan
2026-08-04 18:31,2026-08-04,KOCAELI,2,30.0,1,4,226572,19:00,28.9,7,RUNNING LOVE,0.1171,0.1906787136831242,0.1991450058979643,3.75,geri_kurulan
2026-08-04 18:31,2026-08-04,KOCAELI,2,30.0,1,4,226572,19:00,28.9,8,SHA CARRI,0.1099,0.0870209071684155,0.0878580908373372,8.5,geri_kurulan
2026-08-04 18:31,2026-08-04,KOCAELI,2,30.0,2,5,226588,19:30,58.9,1,AVCI OĞLUM,0.0834,0.1502349190163426,0.1550126418159729,4.8,geri_kurulan
2026-08-04 18:31,2026-08-04,KOCAELI,2,30.0,2,5,226588,19:30,58.9,2,FUNDO,0.1832,0.0868121254225164,0.0755391554027076,9.85,geri_kurulan
2026-08-04 18:31,2026-08-04,KOCAELI,2,30.0,2,5,226588,19:30,58.9,4,İLBAN BEYİ,0.1657,0.0878268690433858,0.0779121131640492,9.55,geri_kurulan
2026-08-04 18:31,2026-08-04,KOCAELI,2,30.0,2,5,226588,19:30,58.9,5,KAZDAĞI EFESİ,0.2317,0.1544090539729351,0.1316921558790566,5.65,geri_kurulan
2026-08-04 18:31,2026-08-04,KOCAELI,2,30.0,2,5,226588,19:30,58.9,6,NUMANIM,0.0215,0.0450614764693761,0.0570161441162199,13.05,geri_kurulan
2026-08-04 18:31,2026-08-04,KOCAELI,2,30.0,2,5,226588,19:30,58.9,7,SAADINSOYU,0.0459,0.0225447094273701,0.0240407328179861,30.95,geri_kurulan
2026-08-04 18:31,2026-08-04,KOCAELI,2,30.0,2,5,226588,19:30,58.9,8,AYDINEFESİ,0.0882,0.2838667483279433,0.297624272286668,2.5,geri_kurulan
2026-08-04 18:31,2026-08-04,KOCAELI,2,30.0,2,5,226588,19:30,58.9,9,BABA ENİS,0.0339,0.0329382828441565,0.0377695777013538,19.7,geri_kurulan
2026-08-04 18:31,2026-08-04,KOCAELI,2,30.0,2,5,226588,19:30,58.9,10,MADEİRA,0.0442,0.0753010207863239,0.0850355063676194,8.75,geri_kurulan
2026-08-04 18:31,2026-08-04,KOCAELI,2,30.0,2,5,226588,19:30,58.9,11,MELİHİN İZİ,0.1022,0.0610047946896499,0.0583577004483662,12.75,geri_kurulan
2026-08-04 18:31,2026-08-04,KOCAELI,2,30.0,3,6,226584,20:00,88.9,1,MY LADY BUG,0.2455,0.1577993734424098,0.1321386667709574,5.65,geri_kurulan
2026-08-04 18:31,2026-08-04,KOCAELI,2,30.0,3,6,226584,20:00,88.9,2,SİHİRLİ JOVANKA,0.1855,0.1283967921849516,0.1139822087413602,6.55,geri_kurulan
2026-08-04 18:31,2026-08-04,KOCAELI,2,30.0,3,6,226584,20:00,88.9,3,HIZLI GÖR,0.1082,0.0695959114441348,0.0681811385621835,10.95,geri_kurulan
2026-08-04 18:31,2026-08-04,KOCAELI,2,30.0,3,6,226584,20:00,88.9,4,TILO GIRL,0.0571,0.0885357306311258,0.1036921482299874,7.2,geri_kurulan
2026-08-04 18:31,2026-08-04,KOCAELI,2,30.0,3,6,226584,20:00,88.9,5,Mİ PRİNCESA ŞÜKRAN,0.1277,0.1743588208695056,0.1736240621525371,4.3,geri_kurulan
2026-08-04 18:31,2026-08-04,KOCAELI,2,30.0,3,6,226584,20:00,88.9,6,SEYYAHIM,0.1139,0.2058544161971618,0.2133095620731169,3.5,geri_kurulan
2026-08-04 18:31,2026-08-04,KOCAELI,2,30.0,3,6,226584,20:00,88.9,7,BLUE WAVE,0.1067,0.1157632244793358,0.1175721995678597,6.35,geri_kurulan
2026-08-04 18:31,2026-08-04,KOCAELI,2,30.0,3,6,226584,20:00,88.9,8,QUİEREME,0.0419,0.042704539742149,0.051666675934665,14.45,geri_kurulan
2026-08-04 18:31,2026-08-04,KOCAELI,2,30.0,3,6,226584,20:00,88.9,9,SWISS DANCER,0.0136,0.0169911910092255,0.0258333379673325,28.9,geri_kurulan
2026-08-04 18:31,2026-08-04,KOCAELI,2,30.0,4,7,226581,20:30,118.9,1,BLAZE THUNDER,0.2103,0.3116271268110088,0.3037627216478774,2.45,geri_kurulan
2026-08-04 18:31,2026-08-04,KOCAELI,2,30.0,4,7,226581,20:30,118.9,2,WOLF SEYFO,0.1019,0.1543374801499734,0.1730741088458836,4.3,geri_kurulan
2026-08-04 18:31,2026-08-04,KOCAELI,2,30.0,4,7,226581,20:30,118.9,3,RICO PASHA,0.0295,0.0497459718990065,0.0712170974198373,10.45,geri_kurulan
2026-08-04 18:31,2026-08-04,KOCAELI,2,30.0,4,7,226581,20:30,118.9,4,CIX LIFE,0.2291,0.1854368619079774,0.1710847512729424,4.35,geri_kurulan
2026-08-04 18:31,2026-08-04,KOCAELI,2,30.0,4,7,226581,20:30,118.9,5,ANGEL OF GOLD,0.1688,0.1686867322196673,0.1672401501207415,4.45,geri_kurulan
2026-08-04 18:31,2026-08-04,KOCAELI,2,30.0,4,7,226581,20:30,118.9,6,TANER ABİ,0.2605,0.1301658270123663,0.1136211706927175,6.55,geri_kurulan
2026-08-04 18:31,2026-08-04,KOCAELI,2,30.0,5,8,226585,21:00,148.9,1,DADAKBEY,0.3143,0.3104436664397832,0.2761229159578388,2.7,geri_kurulan
2026-08-04 18:31,2026-08-04,KOCAELI,2,30.0,5,8,226585,21:00,148.9,2,GUREGH,0.0764,0.0278771428354877,0.0292365440425947,25.5,geri_kurulan
2026-08-04 18:31,2026-08-04,KOCAELI,2,30.0,5,8,226585,21:00,148.9,3,SALGUR,0.0879,0.0528341388886666,0.0554298790398635,13.45,geri_kurulan
2026-08-04 18:31,2026-08-04,KOCAELI,2,30.0,5,8,226585,21:00,148.9,4,STARŞAH,0.1102,0.0864678382263044,0.0887537944150196,8.4,geri_kurulan
2026-08-04 18:31,2026-08-04,KOCAELI,2,30.0,5,8,226585,21:00,148.9,5,BEGİHAN,0.1483,0.1500943111461914,0.149106374617233,5.0,geri_kurulan
2026-08-04 18:31,2026-08-04,KOCAELI,2,30.0,5,8,226585,21:00,148.9,6,ASLAN İBO,0.0858,0.1089508977850545,0.1183383925533595,6.3,geri_kurulan
2026-08-04 18:31,2026-08-04,KOCAELI,2,30.0,5,8,226585,21:00,148.9,7,PAPETTİ,0.0668,0.0629178927459574,0.0700029927780436,10.65,geri_kurulan
2026-08-04 18:31,2026-08-04,KOCAELI,2,30.0,5,8,226585,21:00,148.9,8,YÜKENOĞLU,0.1103,0.2004141119325544,0.2130091065960471,3.5,geri_kurulan
2026-08-04 18:31,2026-08-04,KOCAELI,2,30.0,6,9,226586,21:30,178.9,1,HİVE SULTAN,0.0815,0.0547004342513137,0.0453757036220645,16.45,geri_kurulan
2026-08-04 18:31,2026-08-04,KOCAELI,2,30.0,6,9,226586,21:30,178.9,2,RÜZGAR NUR,0.1551,0.0693263782178389,0.0514779534195145,14.5,geri_kurulan
2026-08-04 18:31,2026-08-04,KOCAELI,2,30.0,6,9,226586,21:30,178.9,3,GECE GÜZELİ,0.0881,0.0232206742314513,0.0183173085787229,40.75,geri_kurulan
2026-08-04 18:31,2026-08-04,KOCAELI,2,30.0,6,9,226586,21:30,178.9,4,PRENSES MEHLİKA,0.0674,0.03955702642085,0.0335474303183353,22.25,geri_kurulan
2026-08-04 18:31,2026-08-04,KOCAELI,2,30.0,6,9,226586,21:30,178.9,5,SAKIZ ADASI,0.0867,0.1860331215866831,0.1605226504479485,4.65,geri_kurulan
2026-08-04 18:31,2026-08-04,KOCAELI,2,30.0,6,9,226586,21:30,178.9,6,ELMAPINAR,0.0095,0.0141992375941649,0.0166613911737268,44.8,geri_kurulan
2026-08-04 18:31,2026-08-04,KOCAELI,2,30.0,6,9,226586,21:30,178.9,7,FISTIK ÇAMI,0.1453,0.0531258815069398,0.0394936679673524,18.9,geri_kurulan
2026-08-04 18:31,2026-08-04,KOCAELI,2,30.0,6,9,226586,21:30,178.9,8,ŞANKUT HATUN,0.1823,0.0278817133924535,0.0193375731757243,38.6,geri_kurulan
2026-08-04 18:31,2026-08-04,KOCAELI,2,30.0,6,9,226586,21:30,178.9,9,MAVİ LADİN,0.0349,0.0247894144473187,0.0233259476432175,32.0,geri_kurulan
2026-08-04 18:31,2026-08-04,KOCAELI,2,30.0,6,9,226586,21:30,178.9,10,İYİMSER,0.0455,0.2522942295976629,0.2488101081943203,3.0,geri_kurulan
2026-08-04 18:31,2026-08-04,KOCAELI,2,30.0,6,9,226586,21:30,178.9,11,TUNCA TAY,0.0083,0.0079142324878013,0.0092955208540841,80.3,geri_kurulan
2026-08-04 18:31,2026-08-04,KOCAELI,2,30.0,6,9,226586,21:30,178.9,12,FENER ALAYI,0.0153,0.0111103571442716,0.0118012699538808,63.25,geri_kurulan
2026-08-04 18:31,2026-08-04,KOCAELI,2,30.0,6,9,226586,21:30,178.9,13,KANATLANAN,0.053,0.0445327784346451,0.0397037406693064,18.8,geri_kurulan
2026-08-04 18:31,2026-08-04,KOCAELI,2,30.0,6,9,226586,21:30,178.9,14,YEŞİLBAHAR,0.0042,0.1755556587914273,0.2665822587796289,2.8,geri_kurulan
2026-08-04 18:31,2026-08-04,KOCAELI,2,30.0,6,9,226586,21:30,178.9,15,FOREVER DERYA,0.0229,0.0157588618951771,0.0157474752021721,47.4,geri_kurulan
2026-08-05 13:30,2026-08-05,ISTANBUL,1,30.0,1,1,226604,14:00,29.4,1,ACUN TAY,0.3066,0.1740717480167025,0.1408753964748585,5.3,geri_kurulan
2026-08-05 13:30,2026-08-05,ISTANBUL,1,30.0,1,1,226604,14:00,29.4,2,CAZGIR YAŞAR,0.1947,0.1142107374977583,0.0988926624260596,7.55,geri_kurulan
2026-08-05 13:30,2026-08-05,ISTANBUL,1,30.0,1,1,226604,14:00,29.4,3,HASHEYBETLİ,0.1468,0.0674180226229192,0.0602128710739314,12.4,geri_kurulan
2026-08-05 13:30,2026-08-05,ISTANBUL,1,30.0,1,1,226604,14:00,29.4,4,METİNCİM,0.1005,0.1437100359633893,0.1422170669174762,5.25,geri_kurulan
2026-08-05 13:30,2026-08-05,ISTANBUL,1,30.0,1,1,226604,14:00,29.4,5,SAADIN KASIRGASI,0.0274,0.0319563863000667,0.0379004873764847,19.7,geri_kurulan
2026-08-05 13:30,2026-08-05,ISTANBUL,1,30.0,1,1,226604,14:00,29.4,6,UFKUN ÖTESİ,0.0854,0.1434977811810932,0.1463999218268137,5.1,geri_kurulan
2026-08-05 13:30,2026-08-05,ISTANBUL,1,30.0,1,1,226604,14:00,29.4,7,SURUÇLU MEMO,0.0529,0.037245062061851,0.0392968211219342,19.0,geri_kurulan
2026-08-05 13:30,2026-08-05,ISTANBUL,1,30.0,1,1,226604,14:00,29.4,8,ÖZGÜNBERK,0.0461,0.1512817666256342,0.1736371165852907,4.3,geri_kurulan
2026-08-05 13:30,2026-08-05,ISTANBUL,1,30.0,1,1,226604,14:00,29.4,9,GRİNGO,0.0397,0.1366084597305853,0.1605676561971505,4.65,geri_kurulan
2026-08-05 13:30,2026-08-05,ISTANBUL,1,30.0,2,2,226595,14:30,59.4,1,WOLF BROTHERS,0.2881,0.2984738501127585,0.2613877130109507,2.85,geri_kurulan
2026-08-05 13:30,2026-08-05,ISTANBUL,1,30.0,2,2,226595,14:30,59.4,2,AGUA REGIA,0.029,0.0411596537517422,0.0570846729564145,13.05,geri_kurulan
2026-08-05 13:30,2026-08-05,ISTANBUL,1,30.0,2,2,226595,14:30,59.4,3,CLEMENZA,0.101,0.0582627285821296,0.0600770146839685,12.4,geri_kurulan
2026-08-05 13:30,2026-08-05,ISTANBUL,1,30.0,2,2,226595,14:30,59.4,4,EXTENSIVE,0.3148,0.2775150160205364,0.2364936451051459,3.15,geri_kurulan
2026-08-05 13:30,2026-08-05,ISTANBUL,1,30.0,2,2,226595,14:30,59.4,5,GÜMRÜKCÜ MURAT,0.1094,0.1016581199862445,0.1064221402973156,7.0,geri_kurulan
2026-08-05 13:30,2026-08-05,ISTANBUL,1,30.0,2,2,226595,14:30,59.4,6,RED KIT,0.0658,0.1638455565780562,0.2013391843462728,3.7,geri_kurulan
2026-08-05 13:30,2026-08-05,ISTANBUL,1,30.0,2,2,226595,14:30,59.4,7,BLUE STAR,0.042,0.0206033047676774,0.0248732882164009,29.95,geri_kurulan
2026-08-05 13:30,2026-08-05,ISTANBUL,1,30.0,2,2,226595,14:30,59.4,8,ICE DROPS,0.0292,0.0301574664818332,0.0409315924220444,18.2,geri_kurulan
2026-08-05 13:30,2026-08-05,ISTANBUL,1,30.0,2,2,226595,14:30,59.4,9,KING MUSTAFA,0.0205,0.0083243037190212,0.0113907489614863,65.4,geri_kurulan
2026-08-05 13:30,2026-08-05,ISTANBUL,1,30.0,3,3,226596,15:00,89.4,1,CAZATOR DE OSOS,0.0672,0.0965771841339089,0.115822163265992,5.7,geri_kurulan
2026-08-05 13:30,2026-08-05,ISTANBUL,1,30.0,3,3,226596,15:00,89.4,2,CUCURELLA,0.169,0.1148309376931954,0.1100310551026924,6.0,geri_kurulan
2026-08-05 13:30,2026-08-05,ISTANBUL,1,30.0,3,3,226596,15:00,89.4,3,İSPANOZ,0.1056,0.1402966398314747,0.1535317047944546,4.3,geri_kurulan
2026-08-05 13:30,2026-08-05,ISTANBUL,1,30.0,3,3,226596,15:00,89.4,4,DRAGONS SON,0.2172,0.4104305947392752,0.4001129276461544,1.65,geri_kurulan
2026-08-05 13:30,2026-08-05,ISTANBUL,1,30.0,3,3,226596,15:00,89.4,5,SECRET PATH,0.0094,0.0084002499401761,0.0142435022786656,46.35,geri_kurulan
2026-08-05 13:30,2026-08-05,ISTANBUL,1,30.0,3,3,226596,15:00,89.4,6,TRAİDORA,0.2612,0.1337763907322637,0.115822163265992,5.7,geri_kurulan
2026-08-05 13:30,2026-08-05,ISTANBUL,1,30.0,3,3,226596,15:00,89.4,7,THIS CHARMING MAN,0.1704,0.0956880029297058,0.0904364836460486,7.3,geri_kurulan
2026-08-05 13:30,2026-08-05,ISTANBUL,1,30.0,6,6,226594,16:30,179.4,1,DAELLA,0.2823,0.0437308308657796,0.0295385217844173,25.1,geri_kurulan
2026-08-05 13:30,2026-08-05,ISTANBUL,1,30.0,6,6,226594,16:30,179.4,2,LA COPA,0.0821,0.056665517811644,0.0533393450927247,13.9,geri_kurulan
2026-08-05 13:30,2026-08-05,ISTANBUL,1,30.0,6,6,226594,16:30,179.4,3,LYARA,0.0822,0.4085617135796202,0.4361275863463967,1.7,geri_kurulan
2026-08-05 13:30,2026-08-05,ISTANBUL,1,30.0,6,6,226594,16:30,179.4,4,MISFIT,0.2718,0.0247741961603553,0.0162948768525027,45.5,geri_kurulan
2026-08-05 13:30,2026-08-05,ISTANBUL,1,30.0,6,6,226594,16:30,179.4,5,CHARLIE THE FIRST,0.0956,0.0406983866811447,0.0360786811089476,20.55,geri_kurulan
2026-08-05 13:30,2026-08-05,ISTANBUL,1,30.0,6,6,226594,16:30,179.4,6,LOQUİTA,0.0948,0.0896639243294939,0.0837759205411157,8.85,geri_kurulan
2026-08-05 13:30,2026-08-05,ISTANBUL,1,30.0,6,6,226594,16:30,179.4,7,ŞEKER PİRAYE,0.0912,0.3359054305719621,0.344845068273895,2.15,geri_kurulan
2026-08-05 15:01,2026-08-05,ISTANBUL,2,30.0,3,6,226594,16:30,88.7,1,DAELLA,0.2823,0.050614064450081,0.0351134083460796,21.05,geri_kurulan
2026-08-05 15:01,2026-08-05,ISTANBUL,2,30.0,3,6,226594,16:30,88.7,2,LA COPA,0.0821,0.042059957037181,0.0395260559189827,18.7,geri_kurulan
2026-08-05 15:01,2026-08-05,ISTANBUL,2,30.0,3,6,226594,16:30,88.7,3,LYARA,0.0822,0.3440001385156965,0.3695686228424883,2.0,geri_kurulan
2026-08-05 15:01,2026-08-05,ISTANBUL,2,30.0,3,6,226594,16:30,88.7,4,MISFIT,0.2718,0.0417284139857984,0.0288725486595694,25.6,geri_kurulan
2026-08-05 15:01,2026-08-05,ISTANBUL,2,30.0,3,6,226594,16:30,88.7,5,CHARLIE THE FIRST,0.0956,0.0336480238459793,0.0299852838006075,24.65,geri_kurulan
2026-08-05 15:01,2026-08-05,ISTANBUL,2,30.0,3,6,226594,16:30,88.7,6,LOQUİTA,0.0948,0.2470352243981016,0.2505549985372802,2.95,geri_kurulan
2026-08-05 15:01,2026-08-05,ISTANBUL,2,30.0,3,6,226594,16:30,88.7,7,ŞEKER PİRAYE,0.0912,0.240914177767162,0.2463790818949922,3.0,geri_kurulan
2026-08-05 15:01,2026-08-05,ISTANBUL,2,30.0,4,7,226600,17:00,118.7,1,AKGÜN AĞA,0.124,0.0604272630749387,0.0560419070270336,11.25,geri_kurulan
2026-08-05 15:01,2026-08-05,ISTANBUL,2,30.0,4,7,226600,17:00,118.7,2,CEMHAN,0.1546,0.148365741751478,0.1370590117508976,4.6,geri_kurulan
2026-08-05 15:01,2026-08-05,ISTANBUL,2,30.0,4,7,226600,17:00,118.7,3,KRAL SULTAN,0.2234,0.2089546698958481,0.1827453490011968,3.45,geri_kurulan
2026-08-05 15:01,2026-08-05,ISTANBUL,2,30.0,4,7,226600,17:00,118.7,4,SÜPER SONİK,0.2253,0.1270953270884321,0.1087019748369188,5.8,geri_kurulan
2026-08-05 15:01,2026-08-05,ISTANBUL,2,30.0,4,7,226600,17:00,118.7,5,CANMERT,0.023,0.0330076466089412,0.0409397048087096,15.4,geri_kurulan
2026-08-05 15:01,2026-08-05,ISTANBUL,2,30.0,4,7,226600,17:00,118.7,6,ALMUTANABİY,0.0208,0.0369148790485967,0.0468752010449166,13.45,geri_kurulan
2026-08-05 15:01,2026-08-05,ISTANBUL,2,30.0,4,7,226600,17:00,118.7,7,CANEYMEN,0.0597,0.1396131479771188,0.1537735253790558,4.1,geri_kurulan
2026-08-05 15:01,2026-08-05,ISTANBUL,2,30.0,4,7,226600,17:00,118.7,8,KORKUTELİ BEYİ,0.1479,0.1296476898164699,0.120089800772215,5.25,geri_kurulan
2026-08-05 15:01,2026-08-05,ISTANBUL,2,30.0,4,7,226600,17:00,118.7,9,LOSTRA,0.0213,0.1159736347381762,0.1537735253790558,4.1,geri_kurulan
2026-08-05 15:01,2026-08-05,ISTANBUL,2,30.0,5,8,226598,17:30,148.7,1,ALBASTI TAY,0.3024,0.6244751667698992,0.5939551601928316,1.25,geri_kurulan
2026-08-05 15:01,2026-08-05,ISTANBUL,2,30.0,5,8,226598,17:30,148.7,2,ATILIMHANIM,0.1995,0.0857175077195265,0.0811414153268895,9.15,geri_kurulan
2026-08-05 15:01,2026-08-05,ISTANBUL,2,30.0,5,8,226598,17:30,148.7,3,ASTARA LAÇİN,0.1035,0.0515184438331348,0.0539959236538937,13.75,geri_kurulan
2026-08-05 15:01,2026-08-05,ISTANBUL,2,30.0,5,8,226598,17:30,148.7,4,HAYDİ SEVDA,0.0716,0.0806054417411947,0.092229062141744,8.05,geri_kurulan
2026-08-05 15:01,2026-08-05,ISTANBUL,2,30.0,5,8,226598,17:30,148.7,5,ÖZBEYİN RÜZGARI,0.1421,0.031511711421186,0.0304905113035334,24.35,geri_kurulan
2026-08-05 15:01,2026-08-05,ISTANBUL,2,30.0,5,8,226598,17:30,148.7,6,BALLIBİKE,0.0504,0.0532846221441391,0.0640037888138827,11.6,geri_kurulan
2026-08-05 15:01,2026-08-05,ISTANBUL,2,30.0,5,8,226598,17:30,148.7,7,QUEEN HANIM,0.039,0.017339784460583,0.0208551671416022,35.6,geri_kurulan
2026-08-05 15:01,2026-08-05,ISTANBUL,2,30.0,5,8,226598,17:30,148.7,8,BEŞTAŞ,0.0147,0.0067227445173836,0.0093330477717289,79.55,geri_kurulan
2026-08-05 15:01,2026-08-05,ISTANBUL,2,30.0,5,8,226598,17:30,148.7,9,BOLU RAZ,0.0768,0.0488245773929527,0.0539959236538937,13.75,geri_kurulan
2026-08-05 15:01,2026-08-05,ISTANBUL,2,30.0,6,9,226589,18:00,178.7,1,BATTERINI,0.0428,0.0180667625662043,0.0201892873861192,36.75,geri_kurulan
2026-08-05 15:01,2026-08-05,ISTANBUL,2,30.0,6,9,226589,18:00,178.7,2,FURİOSA,0.0708,0.0298447261252142,0.0302839310791789,24.5,geri_kurulan
2026-08-05 15:01,2026-08-05,ISTANBUL,2,30.0,6,9,226589,18:00,178.7,3,GALIANO,0.037,0.0706497683608367,0.089392326679504,8.3,geri_kurulan
2026-08-05 15:01,2026-08-05,ISTANBUL,2,30.0,6,9,226589,18:00,178.7,4,GRAVITAS,0.1903,0.0926478071302576,0.0785138953904639,9.45,geri_kurulan
2026-08-05 15:01,2026-08-05,ISTANBUL,2,30.0,6,9,226589,18:00,178.7,5,MISS DEVRAN,0.1587,0.0703065762865133,0.0613187034247837,12.1,geri_kurulan
2026-08-05 15:01,2026-08-05,ISTANBUL,2,30.0,6,9,226589,18:00,178.7,6,NINJA QUEEN,0.0978,0.040456859818529,0.038543185009864,19.25,geri_kurulan
2026-08-05 15:01,2026-08-05,ISTANBUL,2,30.0,6,9,226589,18:00,178.7,7,PERİ KIZIM,0.0264,0.0211656139194396,0.0270293738229465,27.45,geri_kurulan
2026-08-05 15:01,2026-08-05,ISTANBUL,2,30.0,6,9,226589,18:00,178.7,8,SILVER RISING,0.0264,0.0221931322367445,0.0284274448827541,26.1,geri_kurulan
2026-08-05 15:01,2026-08-05,ISTANBUL,2,30.0,6,9,226589,18:00,178.7,9,TAŞKININ SEVDASI,0.0779,0.0604434821139587,0.0626123469569522,11.85,geri_kurulan
2026-08-05 15:01,2026-08-05,ISTANBUL,2,30.0,6,9,226589,18:00,178.7,10,WARDEN OF ROMANCE,0.169,0.3969501859692024,0.3804904161230173,1.95,geri_kurulan
2026-08-05 15:01,2026-08-05,ISTANBUL,2,30.0,6,9,226589,18:00,178.7,11,WHITE CASTLE,0.1029,0.1772750854730992,0.1831990892444157,4.05,geri_kurulan
2026-08-06 14:00,2026-08-06,ANKARA,1,30.0,1,1,226612,14:30,29.6,1,AHVES,0.1451,0.1017823943358275,0.1002820683229045,7.3,geri_kurulan
2026-08-06 14:00,2026-08-06,ANKARA,1,30.0,1,1,226612,14:30,29.6,2,IŞIL HATUN,0.0867,0.0466176489471161,0.0489671637964684,14.95,geri_kurulan
2026-08-06 14:00,2026-08-06,ANKARA,1,30.0,1,1,226612,14:30,29.6,3,KAPIKULELİ,0.1135,0.0632132999211494,0.063935292467878,11.45,geri_kurulan
2026-08-06 14:00,2026-08-06,ANKARA,1,30.0,1,1,226612,14:30,29.6,4,LİKYA KIZI,0.1784,0.0602605517361338,0.0558823739509315,13.1,geri_kurulan
2026-08-06 14:00,2026-08-06,ANKARA,1,30.0,1,1,226612,14:30,29.6,5,MAKBUŞ,0.1922,0.0772935354686178,0.0714203998787515,10.25,geri_kurulan
2026-08-06 14:00,2026-08-06,ANKARA,1,30.0,1,1,226612,14:30,29.6,6,ŞEHLA,0.0973,0.0480586468978886,0.0494634526187299,14.8,geri_kurulan
2026-08-06 14:00,2026-08-06,ANKARA,1,30.0,1,1,226612,14:30,29.6,7,ŞEHVER SULTAN,0.1867,0.6027739226932666,0.6100492489643361,1.2,geri_kurulan
2026-08-06 14:00,2026-08-06,ANKARA,1,30.0,2,2,226609,15:00,59.6,1,LITTLE NORTH,0.1329,0.1730731466257672,0.1866639229779022,4.0,geri_kurulan
2026-08-06 14:00,2026-08-06,ANKARA,1,30.0,2,2,226609,15:00,59.6,2,ROSE WARRIOR,0.2092,0.1709716789181048,0.1641001520684854,4.55,geri_kurulan
2026-08-06 14:00,2026-08-06,ANKARA,1,30.0,2,2,226609,15:00,59.6,3,KINZHAL,0.5687,0.4706779626154244,0.3733278459558044,2.0,geri_kurulan
2026-08-06 14:00,2026-08-06,ANKARA,1,30.0,2,2,226609,15:00,59.6,4,LA MUNECA,0.0315,0.1197010041480425,0.1821111443686851,4.1,geri_kurulan
2026-08-06 14:00,2026-08-06,ANKARA,1,30.0,2,2,226609,15:00,59.6,5,RADAGIA,0.0333,0.037001623516941,0.051493495993904,14.5,geri_kurulan
2026-08-06 14:00,2026-08-06,ANKARA,1,30.0,2,2,226609,15:00,59.6,6,STAR WIZARD,0.0245,0.0285745841757199,0.0423034386352186,17.65,geri_kurulan
2026-08-06 14:00,2026-08-06,ANKARA,1,30.0,3,3,226611,15:30,89.6,1,SMART CHILDREN,0.1334,0.1462572890134447,0.1555127733884424,4.8,geri_kurulan
2026-08-06 14:00,2026-08-06,ANKARA,1,30.0,3,3,226611,15:30,89.6,2,ZAGROS RÜZGARI,0.2919,0.3838989541469982,0.3554577677450112,2.1,geri_kurulan
2026-08-06 14:00,2026-08-06,ANKARA,1,30.0,3,3,226611,15:30,89.6,3,GÜÇLÜ TÜRK,0.1003,0.0251015013271171,0.0256515914867533,29.1,geri_kurulan
2026-08-06 14:00,2026-08-06,ANKARA,1,30.0,3,3,226611,15:30,89.6,4,SIRIUS BLACK,0.0308,0.0460050300082149,0.0660585232092498,11.3,geri_kurulan
2026-08-06 14:00,2026-08-06,ANKARA,1,30.0,3,3,226611,15:30,89.6,5,WHISPER OF VICTORY,0.2719,0.2503425857779607,0.2296804037736996,3.25,geri_kurulan
2026-08-06 14:00,2026-08-06,ANKARA,1,30.0,3,3,226611,15:30,89.6,6,MAVİ TOPAZ,0.1043,0.0993749079331441,0.1097737223918417,6.8,geri_kurulan
2026-08-06 14:00,2026-08-06,ANKARA,1,30.0,3,3,226611,15:30,89.6,7,BACK TO GLORY,0.0674,0.04901973179312,0.0578652180050018,12.9,geri_kurulan
2026-08-06 14:00,2026-08-06,ANKARA,1,30.0,4,4,226614,16:00,119.6,1,KOCAEFE,0.2653,0.3162601380587727,0.291423280167619,2.55,geri_kurulan
2026-08-06 14:00,2026-08-06,ANKARA,1,30.0,4,4,226614,16:00,119.6,2,ROCKSTAR,0.042,0.0183876362501273,0.0212626427590108,34.95,geri_kurulan
2026-08-06 14:00,2026-08-06,ANKARA,1,30.0,4,4,226614,16:00,119.6,3,SARPER,0.0942,0.0551569838003491,0.0573845069055929,12.95,geri_kurulan
2026-08-06 14:00,2026-08-06,ANKARA,1,30.0,4,4,226614,16:00,119.6,4,TAÇYİĞİT,0.0796,0.0587460032068493,0.063245052291696,11.75,geri_kurulan
2026-08-06 14:00,2026-08-06,ANKARA,1,30.0,4,4,226614,16:00,119.6,5,BAŞARAN TAY,0.0141,0.0282644951221666,0.0408312837597488,18.2,geri_kurulan
2026-08-06 14:00,2026-08-06,ANKARA,1,30.0,4,4,226614,16:00,119.6,6,KADER GÜCÜ,0.1153,0.0897499017028306,0.0917443659786948,8.1,geri_kurulan
2026-08-06 14:00,2026-08-06,ANKARA,1,30.0,4,4,226614,16:00,119.6,7,ABBAS BEY,0.1752,0.3619118106416168,0.3625021289889894,2.05,geri_kurulan
2026-08-06 14:00,2026-08-06,ANKARA,1,30.0,4,4,226614,16:00,119.6,8,BORDOMAVİ,0.177,0.0501340363254643,0.0461571033805856,16.1,geri_kurulan
2026-08-06 14:00,2026-08-06,ANKARA,1,30.0,4,4,226614,16:00,119.6,9,CİHANA BEDEL,0.0373,0.0213889948918229,0.0254496357680626,29.2,geri_kurulan
2026-08-06 14:00,2026-08-06,ANKARA,1,30.0,5,5,226615,16:30,149.6,1,BER KEMAL,0.1425,0.0763724016858157,0.0697477281173829,10.7,geri_kurulan
2026-08-06 14:00,2026-08-06,ANKARA,1,30.0,5,5,226615,16:30,149.6,2,İSKİT ALP,0.0837,0.1021915488215681,0.1043777190008388,7.15,geri_kurulan
2026-08-06 14:00,2026-08-06,ANKARA,1,30.0,5,5,226615,16:30,149.6,3,DIRAXTER,0.0798,0.1034009672003842,0.1066143844079996,7.0,geri_kurulan
2026-08-06 14:00,2026-08-06,ANKARA,1,30.0,5,5,226615,16:30,149.6,4,BİNBİR FATİH,0.2821,0.1128197508946949,0.0921358877599996,8.1,geri_kurulan
2026-08-06 14:00,2026-08-06,ANKARA,1,30.0,5,5,226615,16:30,149.6,5,TEYAR,0.1765,0.2874753005847267,0.2665359610199991,2.8,geri_kurulan
2026-08-06 14:00,2026-08-06,ANKARA,1,30.0,5,5,226615,16:30,149.6,6,FENNAN,0.0286,0.0512377545425232,0.0621917242379997,12.0,geri_kurulan
2026-08-06 14:00,2026-08-06,ANKARA,1,30.0,5,5,226615,16:30,149.6,7,ENFES TAMER,0.0196,0.0532000654087239,0.0694233200796276,10.75,geri_kurulan
2026-08-06 14:00,2026-08-06,ANKARA,1,30.0,5,5,226615,16:30,149.6,8,SAMET EFENDİ,0.1151,0.0948834481701343,0.0910122793726826,8.2,geri_kurulan
2026-08-06 14:00,2026-08-06,ANKARA,1,30.0,5,5,226615,16:30,149.6,9,GAZNELİ,0.04,0.0818001550850242,0.0950701517014009,7.85,geri_kurulan
2026-08-06 14:00,2026-08-06,ANKARA,1,30.0,5,5,226615,16:30,149.6,10,KRAKEN,0.0321,0.0366186076064044,0.0428908443020688,17.4,geri_kurulan
2026-08-06 14:00,2026-08-06,ANKARA,1,30.0,6,6,226610,17:00,179.6,1,SYNTAGMA,0.1824,0.2633624952023372,0.248990678335187,3.0,geri_kurulan
2026-08-06 14:00,2026-08-06,ANKARA,1,30.0,6,6,226610,17:00,179.6,2,GOOD WIEW GLORY,0.3497,0.2663575046444603,0.2134205814301603,3.5,geri_kurulan
2026-08-06 14:00,2026-08-06,ANKARA,1,30.0,6,6,226610,17:00,179.6,3,ALAMETİ FARİKA,0.1256,0.0425801120084318,0.0394180493406628,18.95,geri_kurulan
2026-08-06 14:00,2026-08-06,ANKARA,1,30.0,6,6,226610,17:00,179.6,4,HEARTS PATH,0.132,0.0782174391440432,0.0743255756224438,10.05,geri_kurulan
2026-08-06 14:00,2026-08-06,ANKARA,1,30.0,6,6,226610,17:00,179.6,5,TATÇAĞ,0.1042,0.1572788906013748,0.1659937855567913,4.5,geri_kurulan
2026-08-06 14:00,2026-08-06,ANKARA,1,30.0,6,6,226610,17:00,179.6,6,FORTHCOMING QUEEN,0.0425,0.0489101400825741,0.0602396802423839,12.4,geri_kurulan
2026-08-06 14:00,2026-08-06,ANKARA,1,30.0,6,6,226610,17:00,179.6,7,ROSAS DEL ROSEDAL,0.0289,0.0974018701451517,0.1383281546306594,5.4,geri_kurulan
2026-08-06 14:00,2026-08-06,ANKARA,1,30.0,6,6,226610,17:00,179.6,8,MAXIMAND,0.0347,0.0458915481716265,0.0592834948417111,12.6,geri_kurulan
2026-08-06 15:01,2026-08-06,ANKARA,2,30.0,1,3,226611,15:30,28.8,1,SMART CHILDREN,0.1334,0.1110299038741617,0.110101022918479,6.75,geri_kurulan
2026-08-06 15:01,2026-08-06,ANKARA,2,30.0,1,3,226611,15:30,28.8,2,ZAGROS RÜZGARI,0.2919,0.2964491271372738,0.2562696223102529,2.9,geri_kurulan
2026-08-06 15:01,2026-08-06,ANKARA,2,30.0,1,3,226611,15:30,28.8,3,GÜÇLÜ TÜRK,0.1003,0.0401900836774543,0.0401719948486342,18.5,geri_kurulan
2026-08-06 15:01,2026-08-06,ANKARA,2,30.0,1,3,226611,15:30,28.8,4,SIRIUS BLACK,0.0308,0.049350454769923,0.0675619913363394,11.0,geri_kurulan
2026-08-06 15:01,2026-08-06,ANKARA,2,30.0,1,3,226611,15:30,28.8,5,WHISPER OF VICTORY,0.2719,0.1948713126999817,0.1670071695954457,4.45,geri_kurulan
2026-08-06 15:01,2026-08-06,ANKARA,2,30.0,1,3,226611,15:30,28.8,6,MAVİ TOPAZ,0.1043,0.1092320824815125,0.1152220007286408,6.45,geri_kurulan
2026-08-06 15:01,2026-08-06,ANKARA,2,30.0,1,3,226611,15:30,28.8,7,BACK TO GLORY,0.0674,0.1988770353596926,0.2436661982622077,3.05,geri_kurulan
2026-08-06 15:01,2026-08-06,ANKARA,2,30.0,2,4,226614,16:00,58.8,1,KOCAEFE,0.2653,0.2449352507255324,0.2192407157214,3.4,geri_kurulan
2026-08-06 15:01,2026-08-06,ANKARA,2,30.0,2,4,226614,16:00,58.8,2,ROCKSTAR,0.042,0.0305394494914692,0.0354118020642641,21.05,geri_kurulan
2026-08-06 15:01,2026-08-06,ANKARA,2,30.0,2,4,226614,16:00,58.8,3,SARPER,0.0942,0.0829453506305613,0.0861755414396254,8.65,geri_kurulan
2026-08-06 15:01,2026-08-06,ANKARA,2,30.0,2,4,226614,16:00,58.8,4,TAÇYİĞİT,0.0796,0.1299600198307355,0.1419844635148114,5.25,geri_kurulan
2026-08-06 15:01,2026-08-06,ANKARA,2,30.0,2,4,226614,16:00,58.8,5,BAŞARAN TAY,0.0141,0.0354187432279714,0.0507087369695755,14.7,geri_kurulan
2026-08-06 15:01,2026-08-06,ANKARA,2,30.0,2,4,226614,16:00,58.8,6,KADER GÜCÜ,0.1153,0.0794190858591737,0.0792998333460383,9.4,geri_kurulan
2026-08-06 15:01,2026-08-06,ANKARA,2,30.0,2,4,226614,16:00,58.8,7,ABBAS BEY,0.1752,0.2996097299368557,0.2923209542952001,2.55,geri_kurulan
2026-08-06 15:01,2026-08-06,ANKARA,2,30.0,2,4,226614,16:00,58.8,8,BORDOMAVİ,0.177,0.0750838841093085,0.0690202253197,10.8,geri_kurulan
2026-08-06 15:01,2026-08-06,ANKARA,2,30.0,2,4,226614,16:00,58.8,9,CİHANA BEDEL,0.0373,0.0220884861883919,0.0258377273293851,28.85,geri_kurulan
2026-08-06 15:01,2026-08-06,ANKARA,2,30.0,3,5,226615,16:30,88.8,1,BER KEMAL,0.1425,0.0576078232474478,0.0510443756348302,14.65,geri_kurulan
2026-08-06 15:01,2026-08-06,ANKARA,2,30.0,3,5,226615,16:30,88.8,2,İSKİT ALP,0.0837,0.1021643899945643,0.102438370280858,7.3,geri_kurulan
2026-08-06 15:01,2026-08-06,ANKARA,2,30.0,3,5,226615,16:30,88.8,3,DIRAXTER,0.0798,0.0771007433233504,0.0770927941288931,9.7,geri_kurulan
2026-08-06 15:01,2026-08-06,ANKARA,2,30.0,3,5,226615,16:30,88.8,4,BİNBİR FATİH,0.2821,0.1230955608669317,0.0990463712649356,7.55,geri_kurulan
2026-08-06 15:01,2026-08-06,ANKARA,2,30.0,3,5,226615,16:30,88.8,5,TEYAR,0.1765,0.2186858608091364,0.1967895008027009,3.8,geri_kurulan
2026-08-06 15:01,2026-08-06,ANKARA,2,30.0,3,5,226615,16:30,88.8,6,FENNAN,0.0286,0.0531053246885762,0.0633728900890054,11.8,geri_kurulan
2026-08-06 15:01,2026-08-06,ANKARA,2,30.0,3,5,226615,16:30,88.8,7,ENFES TAMER,0.0196,0.0464085605211513,0.0591146326521947,12.65,geri_kurulan
2026-08-06 15:01,2026-08-06,ANKARA,2,30.0,3,5,226615,16:30,88.8,8,SAMET EFENDİ,0.1151,0.1174791125587186,0.1116119556791438,6.7,geri_kurulan
2026-08-06 15:01,2026-08-06,ANKARA,2,30.0,3,5,226615,16:30,88.8,9,GAZNELİ,0.04,0.1216367683151943,0.1410943590660875,5.3,geri_kurulan
2026-08-06 15:01,2026-08-06,ANKARA,2,30.0,3,5,226615,16:30,88.8,10,KRAKEN,0.0321,0.0827158556749286,0.0983947504013504,7.6,geri_kurulan
2026-08-06 15:01,2026-08-06,ANKARA,2,30.0,4,6,226610,17:00,118.8,1,SYNTAGMA,0.1824,0.3579604763257381,0.3474058895436395,2.15,geri_kurulan
2026-08-06 15:01,2026-08-06,ANKARA,2,30.0,4,6,226610,17:00,118.8,2,GOOD WIEW GLORY,0.3497,0.2090010453376979,0.1659828138930721,4.5,geri_kurulan
2026-08-06 15:01,2026-08-06,ANKARA,2,30.0,4,6,226610,17:00,118.8,3,ALAMETİ FARİKA,0.1256,0.0525477921002067,0.0496294127919484,15.05,geri_kurulan
2026-08-06 15:01,2026-08-06,ANKARA,2,30.0,4,6,226610,17:00,118.8,4,HEARTS PATH,0.132,0.0957570780424322,0.0927854239153819,8.05,geri_kurulan
2026-08-06 15:01,2026-08-06,ANKARA,2,30.0,4,6,226610,17:00,118.8,5,TATÇAĞ,0.1042,0.1231252734621025,0.1287797693997974,5.8,geri_kurulan
2026-08-06 15:01,2026-08-06,ANKARA,2,30.0,4,6,226610,17:00,118.8,6,FORTHCOMING QUEEN,0.0425,0.0442565218633934,0.0545199023736368,13.7,geri_kurulan
2026-08-06 15:01,2026-08-06,ANKARA,2,30.0,4,6,226610,17:00,118.8,7,ROSAS DEL ROSEDAL,0.0289,0.0801540465272982,0.1131701003816401,6.6,geri_kurulan
2026-08-06 15:01,2026-08-06,ANKARA,2,30.0,4,6,226610,17:00,118.8,8,MAXIMAND,0.0347,0.0371977663411305,0.0477266877008833,15.65,geri_kurulan
2026-08-06 15:01,2026-08-06,ANKARA,2,30.0,5,7,226613,17:30,148.8,1,AMCA,0.069,0.0930530364877374,0.0858143982642023,8.6,geri_kurulan
2026-08-06 15:01,2026-08-06,ANKARA,2,30.0,5,7,226613,17:30,148.8,2,AKBURÇAK,0.0582,0.0837141232164935,0.079355250007757,9.3,geri_kurulan
2026-08-06 15:01,2026-08-06,ANKARA,2,30.0,5,7,226613,17:30,148.8,3,ÇÖL KASIRGASI,0.0259,0.4456226630397459,0.5271455893372432,1.4,geri_kurulan
2026-08-06 15:01,2026-08-06,ANKARA,2,30.0,5,7,226613,17:30,148.8,4,DERTSAÇANKIZ,0.635,0.1478398290748299,0.0916774937977814,8.05,geri_kurulan
2026-08-06 15:01,2026-08-06,ANKARA,2,30.0,5,7,226613,17:30,148.8,5,EYLÜLSEL,0.0777,0.0303496925341108,0.0261240292060934,28.25,geri_kurulan
2026-08-06 15:01,2026-08-06,ANKARA,2,30.0,5,7,226613,17:30,148.8,6,HEVSELİM,0.0748,0.1462910886492702,0.1354135458847964,5.45,geri_kurulan
2026-08-06 15:01,2026-08-06,ANKARA,2,30.0,5,7,226613,17:30,148.8,7,MADAM DAISY,0.0291,0.021593047974,0.0220299649275265,33.5,geri_kurulan
2026-08-06 15:01,2026-08-06,ANKARA,2,30.0,5,7,226613,17:30,148.8,8,ÖZBEK PRENSESİ,0.0303,0.0315365190238119,0.0324397285745995,22.75,geri_kurulan
2026-08-06 15:01,2026-08-06,ANKARA,2,30.0,6,8,226608,18:00,178.8,1,ÇİMEN LİYA,0.0705,0.0535853916617514,0.0535554919455547,12.65,geri_kurulan
2026-08-06 15:01,2026-08-06,ANKARA,2,30.0,6,8,226608,18:00,178.8,2,DAPPER GIRL,0.0577,0.064609778737613,0.0687793881331235,9.85,geri_kurulan
2026-08-06 15:01,2026-08-06,ANKARA,2,30.0,6,8,226608,18:00,178.8,3,DONNA LUCIA,0.0577,0.066515849368288,0.0709399971844259,9.55,geri_kurulan
2026-08-06 15:01,2026-08-06,ANKARA,2,30.0,6,8,226608,18:00,178.8,4,DRAGON STAR,0.0419,0.0476488450701654,0.0539822289331687,12.55,geri_kurulan
2026-08-06 15:01,2026-08-06,ANKARA,2,30.0,6,8,226608,18:00,178.8,5,FREYDA,0.058,0.0371896745461008,0.0381677167950009,17.75,geri_kurulan
2026-08-06 15:01,2026-08-06,ANKARA,2,30.0,6,8,226608,18:00,178.8,6,KEJE,0.0755,0.0925253713936153,0.0940940240432315,7.2,geri_kurulan
2026-08-06 15:01,2026-08-06,ANKARA,2,30.0,6,8,226608,18:00,178.8,7,MAJESTIC OOPS,0.089,0.0962514255030434,0.0940940240432315,7.2,geri_kurulan
2026-08-06 15:01,2026-08-06,ANKARA,2,30.0,6,8,226608,18:00,178.8,8,OHANA,0.1097,0.0473602003379372,0.041949038582741,16.15,geri_kurulan
2026-08-06 15:01,2026-08-06,ANKARA,2,30.0,6,8,226608,18:00,178.8,9,PICCADILLY LINE,0.0474,0.0700171409671811,0.0787763922222404,8.6,geri_kurulan
2026-08-06 15:01,2026-08-06,ANKARA,2,30.0,6,8,226608,18:00,178.8,11,SISTINE GALLOP,0.1539,0.1345120123901612,0.1168063746743564,5.8,geri_kurulan
2026-08-06 15:01,2026-08-06,ANKARA,2,30.0,6,8,226608,18:00,178.8,12,STREMTSİ,0.075,0.06567754182653,0.0654567123779002,10.35,geri_kurulan
2026-08-06 15:01,2026-08-06,ANKARA,2,30.0,6,8,226608,18:00,178.8,13,WHITE RAIN,0.109,0.1539700011406322,0.1472776028502755,4.6,geri_kurulan
2026-08-06 15:01,2026-08-06,ANKARA,2,30.0,6,8,226608,18:00,178.8,14,WYNONNA,0.0546,0.0701367670569805,0.0761210082147491,8.9,geri_kurulan
2026-08-06 17:15,2026-08-06,KOCAELI,1,30.0,1,1,226606,17:45,29.4,1,BELUÇA,0.1299,0.0794651689494456,0.0760406761774687,9.8,geri_kurulan
2026-08-06 17:15,2026-08-06,KOCAELI,1,30.0,1,1,226606,17:45,29.4,2,BİLGE HATUN,0.0761,0.2082310112467991,0.2292918850889828,3.25,geri_kurulan
2026-08-06 17:15,2026-08-06,KOCAELI,1,30.0,1,1,226606,17:45,29.4,3,CANIM DÜNYAM,0.1314,0.1022874351213773,0.0987018048396283,7.55,geri_kurulan
2026-08-06 17:15,2026-08-06,KOCAELI,1,30.0,1,1,226606,17:45,29.4,5,GÜÇEYÜ,0.0889,0.1303664595725479,0.1367336929429713,5.45,geri_kurulan
2026-08-06 17:15,2026-08-06,KOCAELI,1,30.0,1,1,226606,17:45,29.4,6,KÜBRA ABLA,0.1074,0.1090627416717348,0.1095880333145873,6.8,geri_kurulan
2026-08-06 17:15,2026-08-06,KOCAELI,1,30.0,1,1,226606,17:45,29.4,7,PRENSES SUDE,0.1189,0.1651022216084533,0.1655996947864876,4.5,geri_kurulan
2026-08-06 17:15,2026-08-06,KOCAELI,1,30.0,1,1,226606,17:45,29.4,8,ŞADİNİN GÜLÜ,0.2484,0.1625842798718896,0.141942595531275,5.25,geri_kurulan
2026-08-06 17:15,2026-08-06,KOCAELI,1,30.0,1,1,226606,17:45,29.4,9,ULU IRMAK,0.099,0.0429006819577521,0.0421016173185985,17.7,geri_kurulan
2026-08-06 17:15,2026-08-06,KOCAELI,1,30.0,2,2,226617,18:30,74.4,1,SINGLE SHOT,0.2513,0.1333014003180567,0.1294528691639473,5.7,geri_kurulan
2026-08-06 17:15,2026-08-06,KOCAELI,1,30.0,2,2,226617,18:30,74.4,2,AL SAROUT,0.4573,0.5572797277624556,0.5088836925755172,1.45,geri_kurulan
2026-08-06 17:15,2026-08-06,KOCAELI,1,30.0,2,2,226617,18:30,74.4,3,LADYBIRD,0.0371,0.0470081439140798,0.0696114485126886,10.6,geri_kurulan
2026-08-06 17:15,2026-08-06,KOCAELI,1,30.0,2,2,226617,18:30,74.4,4,SHADOW OF HEART,0.0387,0.0445313027528889,0.0650115730603083,11.35,geri_kurulan
2026-08-06 17:15,2026-08-06,KOCAELI,1,30.0,2,2,226617,18:30,74.4,5,VICTORY STAR,0.2156,0.2178794252525187,0.2270404166875384,3.25,geri_kurulan
2026-08-06 17:15,2026-08-06,KOCAELI,1,30.0,3,3,226618,19:00,104.4,1,MR NALÇAKAN,0.0452,0.0678758991722383,0.0808588239634141,9.25,geri_kurulan
2026-08-06 17:15,2026-08-06,KOCAELI,1,30.0,3,3,226618,19:00,104.4,2,LION TOMO,0.0808,0.0905033929396572,0.0946764710964025,7.9,geri_kurulan
2026-08-06 17:15,2026-08-06,KOCAELI,1,30.0,3,3,226618,19:00,104.4,3,SECRET FLIGHT,0.3944,0.3051476982994983,0.2301366528189478,3.25,geri_kurulan
2026-08-06 17:15,2026-08-06,KOCAELI,1,30.0,3,3,226618,19:00,104.4,4,KING FERİT,0.2012,0.090692759996469,0.0751702634835759,9.95,geri_kurulan
2026-08-06 17:15,2026-08-06,KOCAELI,1,30.0,3,3,226618,19:00,104.4,5,LEGENDARY MAJESTY,0.1201,0.1488151432550824,0.145231868283802,5.15,geri_kurulan
2026-08-06 17:15,2026-08-06,KOCAELI,1,30.0,3,3,226618,19:00,104.4,6,IRON LION,0.0326,0.0460743146961695,0.058205768222691,12.85,geri_kurulan
2026-08-06 17:15,2026-08-06,KOCAELI,1,30.0,3,3,226618,19:00,104.4,7,ROCK FOR EVER,0.0424,0.0457362569244121,0.0540031856795364,13.85,geri_kurulan
2026-08-06 17:15,2026-08-06,KOCAELI,1,30.0,3,3,226618,19:00,104.4,8,TOULAYNA,0.0434,0.038683321017066,0.0449215688685633,16.65,geri_kurulan
2026-08-06 17:15,2026-08-06,KOCAELI,1,30.0,3,3,226618,19:00,104.4,9,KUZEY EFESİ,0.0399,0.1664712136994068,0.2167953975830667,3.45,geri_kurulan
2026-08-06 17:15,2026-08-06,KOCAELI,1,30.0,4,4,226621,19:30,134.4,1,TOPRAK BEYİ,0.0556,0.0035926925599794,0.0030979544628466,241.35,geri_kurulan
2026-08-06 17:15,2026-08-06,KOCAELI,1,30.0,4,4,226621,19:30,134.4,2,KIZGIN YÜREK,0.0336,0.0109243642737973,0.0108439638811896,68.95,geri_kurulan
2026-08-06 17:15,2026-08-06,KOCAELI,1,30.0,4,4,226621,19:30,134.4,3,ODABAŞI,0.0468,0.297212526004099,0.31816651472682,2.35,geri_kurulan
2026-08-06 17:15,2026-08-06,KOCAELI,1,30.0,4,4,226621,19:30,134.4,4,AKYEL ABİ,0.1565,0.0540422355688954,0.0429707649200015,17.4,geri_kurulan
2026-08-06 17:15,2026-08-06,KOCAELI,1,30.0,4,4,226621,19:30,134.4,5,TOZYUTTURAN,0.1573,0.0808362030069097,0.0653005510574696,11.45,geri_kurulan
2026-08-06 17:15,2026-08-06,KOCAELI,1,30.0,4,4,226621,19:30,134.4,6,SEMENDİN GÜCÜ,0.0443,0.0553324712850034,0.0557978589259721,13.4,geri_kurulan
2026-08-06 17:15,2026-08-06,KOCAELI,1,30.0,4,4,226621,19:30,134.4,7,KÜLÜNÇ AĞASI,0.178,0.021682969869072,0.0162013284855477,46.15,geri_kurulan
2026-08-06 17:15,2026-08-06,KOCAELI,1,30.0,4,4,226621,19:30,134.4,8,TANJU BEY,0.1332,0.0400769507581361,0.0324378008506736,23.05,geri_kurulan
2026-08-06 17:15,2026-08-06,KOCAELI,1,30.0,4,4,226621,19:30,134.4,9,HARPUT MUHAFIZI,0.052,0.1020325308458102,0.1024234670695927,7.3,geri_kurulan
2026-08-06 17:15,2026-08-06,KOCAELI,1,30.0,4,4,226621,19:30,134.4,10,SEHERYELİ,0.0191,0.0416115714508602,0.0485513837407809,15.4,geri_kurulan
2026-08-06 17:15,2026-08-06,KOCAELI,1,30.0,4,4,226621,19:30,134.4,11,MANGA PARBAT,0.0603,0.1216354881938152,0.1196306095372843,6.25,geri_kurulan
2026-08-06 17:15,2026-08-06,KOCAELI,1,30.0,4,4,226621,19:30,134.4,12,COŞDUR,0.0478,0.1459230953527718,0.151048749415763,4.95,geri_kurulan
2026-08-06 17:15,2026-08-06,KOCAELI,1,30.0,4,4,226621,19:30,134.4,13,FIGHT FOR ME,0.0105,0.013027384749112,0.0162013284855477,46.15,geri_kurulan
2026-08-06 17:15,2026-08-06,KOCAELI,1,30.0,4,4,226621,19:30,134.4,14,ŞİRİN DE FAUST,0.0048,0.0120695160817379,0.0173277244405104,43.15,geri_kurulan
2026-08-06 17:15,2026-08-06,KOCAELI,1,30.0,5,5,226620,20:00,164.4,1,BİRGEDAĞ,0.109,0.0455739816505627,0.0417958315080572,17.85,geri_kurulan
2026-08-06 17:15,2026-08-06,KOCAELI,1,30.0,5,5,226620,20:00,164.4,2,SONYEL,0.2983,0.2761958179993327,0.2260774522481277,3.3,geri_kurulan
2026-08-06 17:15,2026-08-06,KOCAELI,1,30.0,5,5,226620,20:00,164.4,3,AFŞARBEY,0.0418,0.1760205914632782,0.2043987924435127,3.65,geri_kurulan
2026-08-06 17:15,2026-08-06,KOCAELI,1,30.0,5,5,226620,20:00,164.4,4,ERSELEFE,0.1542,0.0657691856051167,0.0573888917245247,13.0,geri_kurulan
2026-08-06 17:15,2026-08-06,KOCAELI,1,30.0,5,5,226620,20:00,164.4,5,RÜZGARIN ŞAHI,0.056,0.0775968521939071,0.0824370820352288,9.05,geri_kurulan
2026-08-06 17:15,2026-08-06,KOCAELI,1,30.0,5,5,226620,20:00,164.4,6,ŞAHLANTAY,0.0671,0.1249462100377472,0.1308869460383897,5.7,geri_kurulan
2026-08-06 17:15,2026-08-06,KOCAELI,1,30.0,5,5,226620,20:00,164.4,7,YER TİTRETEN,0.01,0.0493413659328312,0.0710529135636972,10.5,geri_kurulan
2026-08-06 17:15,2026-08-06,KOCAELI,1,30.0,5,5,226620,20:00,164.4,8,ARLİN SU,0.0212,0.029998335207586,0.0367515070157054,20.3,geri_kurulan
2026-08-06 17:15,2026-08-06,KOCAELI,1,30.0,5,5,226620,20:00,164.4,9,CİHAN ŞAHI,0.038,0.045276578786773,0.0505800401639878,14.75,geri_kurulan
2026-08-06 17:15,2026-08-06,KOCAELI,1,30.0,5,5,226620,20:00,164.4,10,HEYBETLİ,0.1558,0.0942898452202133,0.0833581667507063,8.95,geri_kurulan
2026-08-06 17:15,2026-08-06,KOCAELI,1,30.0,5,5,226620,20:00,164.4,11,ÖZ ODİN,0.0486,0.0149912359026514,0.0152723765080618,48.85,geri_kurulan
2026-08-06 17:15,2026-08-06,KOCAELI,1,30.0,6,6,226616,20:30,194.4,1,ARASİNKO,0.321,0.569937091775914,0.5311299377611646,1.4,geri_kurulan
2026-08-06 17:15,2026-08-06,KOCAELI,1,30.0,6,6,226616,20:30,194.4,2,ASALETHAN,0.0748,0.1794565638174122,0.2253278523835243,3.3,geri_kurulan
2026-08-06 17:15,2026-08-06,KOCAELI,1,30.0,6,6,226616,20:30,194.4,3,DRAGON VICTORY,0.0708,0.0145689415025539,0.0158040789131908,47.05,geri_kurulan
2026-08-06 17:15,2026-08-06,KOCAELI,1,30.0,6,6,226616,20:30,194.4,4,ELSENORDELOSCIELOS,0.149,0.0547970097588238,0.0534951016450093,13.9,geri_kurulan
2026-08-06 17:15,2026-08-06,KOCAELI,1,30.0,6,6,226616,20:30,194.4,5,FELAKET,0.3398,0.1448470426863065,0.1218986742402672,6.1,geri_kurulan
2026-08-06 17:15,2026-08-06,KOCAELI,1,30.0,6,6,226616,20:30,194.4,6,MELONCITTO,0.0137,0.0076074701977674,0.0120418123540992,61.75,geri_kurulan
2026-08-06 17:15,2026-08-06,KOCAELI,1,30.0,6,6,226616,20:30,194.4,7,RAZENOID,0.0309,0.0287858802612221,0.0403025427027442,18.45,geri_kurulan
2026-08-06 18:31,2026-08-06,KOCAELI,2,30.0,1,3,226618,19:00,28.9,1,MR NALÇAKAN,0.0452,0.0730252242900158,0.0857657699139008,8.7,geri_kurulan
2026-08-06 18:31,2026-08-06,KOCAELI,2,30.0,1,3,226618,19:00,28.9,2,LION TOMO,0.0808,0.1022983736385984,0.1058386096809839,7.05,geri_kurulan
2026-08-06 18:31,2026-08-06,KOCAELI,2,30.0,1,3,226618,19:00,28.9,3,SECRET FLIGHT,0.3944,0.2169305099139526,0.1570867785791446,4.75,geri_kurulan
2026-08-06 18:31,2026-08-06,KOCAELI,2,30.0,1,3,226618,19:00,28.9,4,KING FERİT,0.2012,0.1039371770492831,0.0852756798001071,8.75,geri_kurulan
2026-08-06 18:31,2026-08-06,KOCAELI,2,30.0,1,3,226618,19:00,28.9,5,LEGENDARY MAJESTY,0.1201,0.1962805940943421,0.1913236405771634,3.9,geri_kurulan
2026-08-06 18:31,2026-08-06,KOCAELI,2,30.0,1,3,226618,19:00,28.9,6,IRON LION,0.0326,0.0370991576166709,0.0453594041489931,16.45,geri_kurulan
2026-08-06 18:31,2026-08-06,KOCAELI,2,30.0,1,3,226618,19:00,28.9,7,ROCK FOR EVER,0.0424,0.1336397994648911,0.1658138218335415,4.5,geri_kurulan
2026-08-06 18:31,2026-08-06,KOCAELI,2,30.0,1,3,226618,19:00,28.9,8,TOULAYNA,0.0434,0.0643509927296406,0.0757525074366433,9.85,geri_kurulan
2026-08-06 18:31,2026-08-06,KOCAELI,2,30.0,1,3,226618,19:00,28.9,9,KUZEY EFESİ,0.0399,0.072438171202605,0.087783788029522,8.5,geri_kurulan
2026-08-06 18:31,2026-08-06,KOCAELI,2,30.0,2,4,226621,19:30,58.9,1,TOPRAK BEYİ,0.0556,0.0198692086316878,0.0188883654703053,39.6,geri_kurulan
2026-08-06 18:31,2026-08-06,KOCAELI,2,30.0,2,4,226621,19:30,58.9,2,KIZGIN YÜREK,0.0336,0.0097423451503107,0.0098808358338717,75.7,geri_kurulan
2026-08-06 18:31,2026-08-06,KOCAELI,2,30.0,2,4,226621,19:30,58.9,3,ODABAŞI,0.0468,0.2222242829038031,0.2412836363303518,3.1,geri_kurulan
2026-08-06 18:31,2026-08-06,KOCAELI,2,30.0,2,4,226621,19:30,58.9,4,AKYEL ABİ,0.1565,0.0674984304986485,0.0556118418307874,13.45,geri_kurulan
2026-08-06 18:31,2026-08-06,KOCAELI,2,30.0,2,4,226621,19:30,58.9,5,TOZYUTTURAN,0.1573,0.0876941747046674,0.072973587573082,10.25,geri_kurulan
2026-08-06 18:31,2026-08-06,KOCAELI,2,30.0,2,4,226621,19:30,58.9,6,SEMENDİN GÜCÜ,0.0443,0.057922137376914,0.0600786564356699,12.45,geri_kurulan
2026-08-06 18:31,2026-08-06,KOCAELI,2,30.0,2,4,226621,19:30,58.9,7,KÜLÜNÇ AĞASI,0.178,0.0567734779473891,0.0453320771287327,16.5,geri_kurulan
2026-08-06 18:31,2026-08-06,KOCAELI,2,30.0,2,4,226621,19:30,58.9,8,TANJU BEY,0.1332,0.0863210526233667,0.0740573537251575,10.1,geri_kurulan
2026-08-06 18:31,2026-08-06,KOCAELI,2,30.0,2,4,226621,19:30,58.9,9,HARPUT MUHAFIZI,0.052,0.073224374166884,0.0744257982710537,10.05,geri_kurulan
2026-08-06 18:31,2026-08-06,KOCAELI,2,30.0,2,4,226621,19:30,58.9,10,SEHERYELİ,0.0191,0.0481143219846297,0.0579828893507047,12.9,geri_kurulan
2026-08-06 18:31,2026-08-06,KOCAELI,2,30.0,2,4,226621,19:30,58.9,11,MANGA PARBAT,0.0603,0.1214492844952052,0.1226195528891952,6.1,geri_kurulan
2026-08-06 18:31,2026-08-06,KOCAELI,2,30.0,2,4,226621,19:30,58.9,12,COŞDUR,0.0478,0.1173995271481967,0.1236329376238166,6.05,geri_kurulan
2026-08-06 18:31,2026-08-06,KOCAELI,2,30.0,2,4,226621,19:30,58.9,13,FIGHT FOR ME,0.0105,0.0204952400270338,0.0266659277227839,28.05,geri_kurulan
2026-08-06 18:31,2026-08-06,KOCAELI,2,30.0,2,4,226621,19:30,58.9,14,ŞİRİN DE FAUST,0.0048,0.0112721423412625,0.016566539814487,45.15,geri_kurulan
2026-08-06 18:31,2026-08-06,KOCAELI,2,30.0,3,5,226620,20:00,88.9,1,BİRGEDAĞ,0.109,0.0735326217389946,0.0701808960388023,10.65,geri_kurulan
2026-08-06 18:31,2026-08-06,KOCAELI,2,30.0,3,5,226620,20:00,88.9,2,SONYEL,0.2983,0.3022785670082263,0.2533649297672017,2.95,geri_kurulan
2026-08-06 18:31,2026-08-06,KOCAELI,2,30.0,3,5,226620,20:00,88.9,3,AFŞARBEY,0.0418,0.1127640781095705,0.1311274636514464,5.7,geri_kurulan
2026-08-06 18:31,2026-08-06,KOCAELI,2,30.0,3,5,226620,20:00,88.9,4,ERSELEFE,0.1542,0.0782705649018598,0.0701808960388023,10.65,geri_kurulan
2026-08-06 18:31,2026-08-06,KOCAELI,2,30.0,3,5,226620,20:00,88.9,5,RÜZGARIN ŞAHI,0.056,0.0501637315506451,0.053387610200946,14.0,geri_kurulan
2026-08-06 18:31,2026-08-06,KOCAELI,2,30.0,3,5,226620,20:00,88.9,6,ŞAHLANTAY,0.0671,0.1187930483496667,0.1266824648836008,5.9,geri_kurulan
2026-08-06 18:31,2026-08-06,KOCAELI,2,30.0,3,5,226620,20:00,88.9,7,YER TİTRETEN,0.01,0.033467830442292,0.0483771225121841,15.45,geri_kurulan
2026-08-06 18:31,2026-08-06,KOCAELI,2,30.0,3,5,226620,20:00,88.9,8,ARLİN SU,0.0212,0.0517349523815127,0.06614394184188,11.3,geri_kurulan
2026-08-06 18:31,2026-08-06,KOCAELI,2,30.0,3,5,226620,20:00,88.9,9,CİHAN ŞAHI,0.038,0.066208770148232,0.0766591325962302,9.75,geri_kurulan
2026-08-06 18:31,2026-08-06,KOCAELI,2,30.0,3,5,226620,20:00,88.9,10,HEYBETLİ,0.1558,0.0979216235410117,0.0884528453033426,8.45,geri_kurulan
2026-08-06 18:31,2026-08-06,KOCAELI,2,30.0,3,5,226620,20:00,88.9,11,ÖZ ODİN,0.0486,0.0148642118279881,0.0154426971655629,48.4,geri_kurulan
2026-08-06 18:31,2026-08-06,KOCAELI,2,30.0,4,6,226616,20:30,118.9,1,ARASİNKO,0.321,0.9242962014164868,0.9247509978737564,1.05,geri_kurulan
2026-08-06 18:31,2026-08-06,KOCAELI,2,30.0,4,6,226616,20:30,118.9,2,ASALETHAN,0.0748,0.0243217364842183,0.0279823788981972,34.7,geri_kurulan
2026-08-06 18:31,2026-08-06,KOCAELI,2,30.0,4,6,226616,20:30,118.9,3,DRAGON VICTORY,0.0708,0.0042919725761881,0.0044828649481414,216.6,geri_kurulan
2026-08-06 18:31,2026-08-06,KOCAELI,2,30.0,4,6,226616,20:30,118.9,4,ELSENORDELOSCIELOS,0.149,0.0083093878097719,0.0074864190267343,129.7,geri_kurulan
2026-08-06 18:31,2026-08-06,KOCAELI,2,30.0,4,6,226616,20:30,118.9,5,FELAKET,0.3398,0.0310380953495845,0.0246443793849605,39.4,geri_kurulan
2026-08-06 18:31,2026-08-06,KOCAELI,2,30.0,4,6,226616,20:30,118.9,6,MELONCITTO,0.0137,0.0023413309249422,0.0035783620702688,271.35,geri_kurulan
2026-08-06 18:31,2026-08-06,KOCAELI,2,30.0,4,6,226616,20:30,118.9,7,RAZENOID,0.0309,0.0054012754388079,0.0070745977979413,137.25,geri_kurulan
2026-08-06 18:31,2026-08-06,KOCAELI,2,30.0,5,7,226607,21:00,148.9,1,BALKIZIM,0.0937,0.0623818129236768,0.061798768657828,12.05,geri_kurulan
2026-08-06 18:31,2026-08-06,KOCAELI,2,30.0,5,7,226607,21:00,148.9,2,DERİN DERYA,0.1169,0.0815613454872861,0.0783868591922976,9.5,geri_kurulan
2026-08-06 18:31,2026-08-06,KOCAELI,2,30.0,5,7,226607,21:00,148.9,3,GAMZEHALA,0.0855,0.0457793144273386,0.0455458814878793,16.35,geri_kurulan
2026-08-06 18:31,2026-08-06,KOCAELI,2,30.0,5,7,226607,21:00,148.9,4,GÜLKAFKAS,0.0813,0.0573835164201717,0.0581777470567834,12.8,geri_kurulan
2026-08-06 18:31,2026-08-06,KOCAELI,2,30.0,5,7,226607,21:00,148.9,5,HÜRRİYET,0.0813,0.0459053288884326,0.0461099171719398,16.15,geri_kurulan
2026-08-06 18:31,2026-08-06,KOCAELI,2,30.0,5,7,226607,21:00,148.9,6,MORNİNGSTAR,0.193,0.2463311667890999,0.2256591400990387,3.3,geri_kurulan
2026-08-06 18:31,2026-08-06,KOCAELI,2,30.0,5,7,226607,21:00,148.9,7,OĞUZKANI,0.091,0.0724811325006243,0.0726512353489588,10.25,geri_kurulan
2026-08-06 18:31,2026-08-06,KOCAELI,2,30.0,5,7,226607,21:00,148.9,8,SİHİRLİDÜŞ,0.179,0.0649261850151934,0.0570632308296419,13.05,geri_kurulan
2026-08-06 18:31,2026-08-06,KOCAELI,2,30.0,5,7,226607,21:00,148.9,9,VUSLAT ATEŞİ,0.0784,0.3232501975481764,0.3546072201556323,2.1,geri_kurulan
2026-08-06 18:31,2026-08-06,KOCAELI,2,30.0,6,8,226619,21:30,178.9,1,ALTIN NOKTA,0.0338,0.1045129389052813,0.1142370091716242,6.55,geri_kurulan
2026-08-06 18:31,2026-08-06,KOCAELI,2,30.0,6,8,226619,21:30,178.9,2,HIZ BEYİM,0.0917,0.0573776613809082,0.0507289769541788,14.75,geri_kurulan
2026-08-06 18:31,2026-08-06,KOCAELI,2,30.0,6,8,226619,21:30,178.9,3,KÜÇÜK HASO,0.0782,0.0582215240442163,0.0530675468137686,14.1,geri_kurulan
2026-08-06 18:31,2026-08-06,KOCAELI,2,30.0,6,8,226619,21:30,178.9,4,YAZIRBEYİ,0.1344,0.0715011204273297,0.0593851119106459,12.6,geri_kurulan
2026-08-06 18:31,2026-08-06,KOCAELI,2,30.0,6,8,226619,21:30,178.9,5,AYSEL HANIM,0.2104,0.1317590480110056,0.1032072289757432,7.25,geri_kurulan
2026-08-06 18:31,2026-08-06,KOCAELI,2,30.0,6,8,226619,21:30,178.9,6,KIZIM ERVA,0.0644,0.0664334095167593,0.0631436632973956,11.85,geri_kurulan
2026-08-06 18:31,2026-08-06,KOCAELI,2,30.0,6,8,226619,21:30,178.9,7,ŞEKER İNCİ,0.0801,0.0571133220320542,0.0517821737075528,14.45,geri_kurulan
2026-08-06 18:31,2026-08-06,KOCAELI,2,30.0,6,8,226619,21:30,178.9,8,YEŞİL ADA,0.0825,0.0955600227065363,0.0880296953028398,8.5,geri_kurulan
2026-08-06 18:31,2026-08-06,KOCAELI,2,30.0,6,8,226619,21:30,178.9,9,ZEYMAY,0.042,0.0552604390809699,0.0564718800055953,13.25,geri_kurulan
2026-08-06 18:31,2026-08-06,KOCAELI,2,30.0,6,8,226619,21:30,178.9,10,SERTESEN,0.0062,0.0219211802500891,0.0308557694875933,24.25,geri_kurulan
2026-08-06 18:31,2026-08-06,KOCAELI,2,30.0,6,8,226619,21:30,178.9,11,KAYALARIN ASLANI,0.0082,0.0623626673624953,0.0870060941946672,8.6,geri_kurulan
2026-08-06 18:31,2026-08-06,KOCAELI,2,30.0,6,8,226619,21:30,178.9,12,YÜCEALP,0.0493,0.0640930177598989,0.063953197442234,11.7,geri_kurulan
2026-08-06 18:31,2026-08-06,KOCAELI,2,30.0,6,8,226619,21:30,178.9,13,GÜZEL ZEHRA,0.078,0.0194114057095436,0.0169096589847262,44.25,geri_kurulan
2026-08-06 18:31,2026-08-06,KOCAELI,2,30.0,6,8,226619,21:30,178.9,14,EFE SULTAN,0.0344,0.0903279687478987,0.0978107725587109,7.65,geri_kurulan
2026-08-06 18:31,2026-08-06,KOCAELI,2,30.0,6,8,226619,21:30,178.9,15,ASRAL,0.0065,0.0441442740650131,0.0634112211927235,11.8,geri_kurulan
2026-08-07 15:00,2026-08-07,BURSA,2,30.0,3,7,226622,16:30,89.3,1,SON CESİ,0.1941,0.0650647880954622,0.0550206177070115,12.35,geri_kurulan
2026-08-07 15:00,2026-08-07,BURSA,2,30.0,3,7,226622,16:30,89.3,2,EL NACHO,0.1047,0.0622893062051116,0.0614936315548952,11.05,geri_kurulan
2026-08-07 15:00,2026-08-07,BURSA,2,30.0,3,7,226622,16:30,89.3,3,LAMPO NERO,0.1163,0.0850428509021797,0.083374801065226,8.15,geri_kurulan
2026-08-07 15:00,2026-08-07,BURSA,2,30.0,3,7,226622,16:30,89.3,4,VENTO NERO,0.0433,0.0670896883184363,0.083374801065226,8.15,geri_kurulan
2026-08-07 15:00,2026-08-07,BURSA,2,30.0,3,7,226622,16:30,89.3,5,ZEALANDIA,0.0462,0.0039494238163792,0.0040290816998612,168.65,geri_kurulan
2026-08-07 15:00,2026-08-07,BURSA,2,30.0,3,7,226622,16:30,89.3,6,NEBULA STAR,0.0201,0.0230777885274108,0.0325901500566711,20.85,geri_kurulan
2026-08-07 15:00,2026-08-07,BURSA,2,30.0,3,7,226622,16:30,89.3,7,QUEEN ERİNÖZ,0.1955,0.3882581934550741,0.3672997992873471,1.85,geri_kurulan
2026-08-07 15:00,2026-08-07,BURSA,2,30.0,3,7,226622,16:30,89.3,8,SOMEBODY LOVES YOU,0.1186,0.1185985509232845,0.1181747180315812,5.75,geri_kurulan
2026-08-07 15:00,2026-08-07,BURSA,2,30.0,3,7,226622,16:30,89.3,9,TATLI AKYÜZ,0.1264,0.1532313820889224,0.1526976693666499,4.45,geri_kurulan
2026-08-07 15:00,2026-08-07,BURSA,2,30.0,3,7,226622,16:30,89.3,10,THE ROOKIE GIRL,0.0349,0.0333980276677387,0.0419447301655303,16.2,geri_kurulan
2026-08-07 15:00,2026-08-07,BURSA,2,30.0,4,8,226630,17:00,119.3,1,İPHİKLOS,0.064,0.0956267393213296,0.1117019334182544,6.65,geri_kurulan
2026-08-07 15:00,2026-08-07,BURSA,2,30.0,4,8,226630,17:00,119.3,2,PEHLİVAN YILDIZI,0.3031,0.0964665204672035,0.0757977405338154,9.8,geri_kurulan
2026-08-07 15:00,2026-08-07,BURSA,2,30.0,4,8,226630,17:00,119.3,3,LA JEFA,0.2211,0.4641173591389016,0.4369516807243481,1.7,geri_kurulan
2026-08-07 15:00,2026-08-07,BURSA,2,30.0,4,8,226630,17:00,119.3,4,AIBHILIN AGAIN,0.06,0.0955076102323863,0.1134073064475407,6.55,geri_kurulan
2026-08-07 15:00,2026-08-07,BURSA,2,30.0,4,8,226630,17:00,119.3,5,WIN HER LOVE,0.0502,0.0956291236953532,0.1188508571570226,6.25,geri_kurulan
2026-08-07 15:00,2026-08-07,BURSA,2,30.0,4,8,226630,17:00,119.3,6,LOVE WAY,0.1287,0.0939445161117035,0.0917059083001718,8.1,geri_kurulan
2026-08-07 15:00,2026-08-07,BURSA,2,30.0,4,8,226630,17:00,119.3,7,RECUERDAME,0.1728,0.0587081310331221,0.0515845734188466,14.4,geri_kurulan
2026-08-07 15:00,2026-08-07,BURSA,2,30.0,5,9,226627,17:30,149.3,1,FEARLESS DRAGON,0.1627,0.112544229919883,0.120215426999985,6.15,geri_kurulan
2026-08-07 15:00,2026-08-07,BURSA,2,30.0,5,9,226627,17:30,149.3,2,PERS JOYS,0.3661,0.5686997306213069,0.5476480563332654,1.35,geri_kurulan
2026-08-07 15:00,2026-08-07,BURSA,2,30.0,5,9,226627,17:30,149.3,3,KING OF THE FIELD,0.0599,0.1055842895075957,0.1449656619705702,5.1,geri_kurulan
2026-08-07 15:00,2026-08-07,BURSA,2,30.0,5,9,226627,17:30,149.3,4,TENACIOUS KHAN,0.4113,0.2131717499512145,0.1871708546961792,3.95,geri_kurulan
2026-08-07 15:00,2026-08-07,BURSA,2,30.0,6,10,226628,18:00,179.3,1,MARY BLACK,0.0393,0.0525300711270953,0.0602492068959125,12.4,geri_kurulan
2026-08-07 15:00,2026-08-07,BURSA,2,30.0,6,10,226628,18:00,179.3,2,SYRENA,0.1246,0.139281552829239,0.1266254517812399,5.9,geri_kurulan
2026-08-07 15:00,2026-08-07,BURSA,2,30.0,6,10,226628,18:00,179.3,3,UĞURLU NİLGÜN,0.0298,0.0176575653218276,0.020273817245843,36.85,geri_kurulan
2026-08-07 15:00,2026-08-07,BURSA,2,30.0,6,10,226628,18:00,179.3,4,LADY GLORIA,0.0961,0.1620510268748408,0.1589553543636842,4.7,geri_kurulan
2026-08-07 15:00,2026-08-07,BURSA,2,30.0,6,10,226628,18:00,179.3,5,KING OF PROTI,0.1957,0.0846191362325709,0.0664080147119391,11.25,geri_kurulan
2026-08-07 15:00,2026-08-07,BURSA,2,30.0,6,10,226628,18:00,179.3,6,ERİKDALI,0.062,0.1376297630615019,0.1494180331018631,5.0,geri_kurulan
2026-08-07 15:00,2026-08-07,BURSA,2,30.0,6,10,226628,18:00,179.3,7,FESTIVAL BOUND,0.0845,0.0674821181314244,0.0646831312129277,11.55,geri_kurulan
2026-08-07 15:00,2026-08-07,BURSA,2,30.0,6,10,226628,18:00,179.3,8,KAFKAS CEYLANI,0.0468,0.0300950375355132,0.031858855672039,23.45,geri_kurulan
2026-08-07 15:00,2026-08-07,BURSA,2,30.0,6,10,226628,18:00,179.3,9,BAHRİYELİ ÇİKOK,0.0697,0.0291057560081721,0.0277728686062942,26.9,geri_kurulan
2026-08-07 15:00,2026-08-07,BURSA,2,30.0,6,10,226628,18:00,179.3,10,APOLLON,0.05,0.0447177023100564,0.0477373907673684,15.65,geri_kurulan
2026-08-07 15:00,2026-08-07,BURSA,2,30.0,6,10,226628,18:00,179.3,11,MY LIFE FIRE,0.0758,0.0752819344389625,0.0747090165509315,10.0,geri_kurulan
2026-08-07 15:00,2026-08-07,BURSA,2,30.0,6,10,226628,18:00,179.3,12,MYSTIC STRIKE,0.0918,0.1109651713146154,0.107494987843067,6.95,geri_kurulan
2026-08-07 15:00,2026-08-07,BURSA,2,30.0,6,10,226628,18:00,179.3,13,NAMASTE,0.0301,0.0406905113035463,0.0491506687835076,15.2,geri_kurulan
2026-08-07 15:00,2026-08-07,BURSA,2,30.0,6,10,226628,18:00,179.3,14,LABELLA CASADORA,0.0037,0.0078926535106337,0.014663202463382,50.95,geri_kurulan
2026-08-07 16:45,2026-08-07,ISTANBUL,1,30.0,1,1,226632,17:15,29.6,1,ANOTHER BANGER,0.118,0.1354896996758563,0.1405270657772566,5.3,geri_kurulan
2026-08-07 16:45,2026-08-07,ISTANBUL,1,30.0,1,1,226632,17:15,29.6,2,JESKO,0.0495,0.0247109842046145,0.0287010962859136,25.95,geri_kurulan
2026-08-07 16:45,2026-08-07,ISTANBUL,1,30.0,1,1,226632,17:15,29.6,3,CRAZYBLOOD,0.1682,0.2643126721414949,0.2613310346033193,2.85,geri_kurulan
2026-08-07 16:45,2026-08-07,ISTANBUL,1,30.0,1,1,226632,17:15,29.6,4,TOUCH THE CLOUD,0.2233,0.1822537598522899,0.1636908678284528,4.55,geri_kurulan
2026-08-07 16:45,2026-08-07,ISTANBUL,1,30.0,1,1,226632,17:15,29.6,5,YARGIÇ,0.1456,0.0788277172066875,0.0748536129265789,9.95,geri_kurulan
2026-08-07 16:45,2026-08-07,ISTANBUL,1,30.0,1,1,226632,17:15,29.6,6,DARK MONEY,0.0755,0.0469558276359761,0.0510132499054424,14.6,geri_kurulan
2026-08-07 16:45,2026-08-07,ISTANBUL,1,30.0,1,1,226632,17:15,29.6,7,DAMPERLİ,0.1748,0.1939757620650504,0.186198362154865,4.0,geri_kurulan
2026-08-07 16:45,2026-08-07,ISTANBUL,1,30.0,1,1,226632,17:15,29.6,8,FILIUS VENTUS,0.0451,0.0734735772180302,0.0936847105181711,7.95,geri_kurulan
2026-08-07 16:45,2026-08-07,ISTANBUL,1,30.0,2,2,226626,17:45,59.6,1,DAVUTPAŞA,0.1084,0.3439488850365585,0.3445899660013768,1.75,geri_kurulan
2026-08-07 16:45,2026-08-07,ISTANBUL,1,30.0,2,2,226626,17:45,59.6,2,EFE KAPTAN,0.0401,0.0226507232513655,0.0244142688462513,24.7,geri_kurulan
2026-08-07 16:45,2026-08-07,ISTANBUL,1,30.0,2,2,226626,17:45,59.6,3,ERENAĞAM,0.0883,0.0251328818813249,0.0234642972958136,25.7,geri_kurulan
2026-08-07 16:45,2026-08-07,ISTANBUL,1,30.0,2,2,226626,17:45,59.6,4,GÖKKILIÇ,0.0184,0.0238800403007033,0.0298530911139806,20.2,geri_kurulan
2026-08-07 16:45,2026-08-07,ISTANBUL,1,30.0,2,2,226626,17:45,59.6,5,HAN ÇERCİ,0.1244,0.0445404869717773,0.0399359232120801,15.1,geri_kurulan
2026-08-07 16:45,2026-08-07,ISTANBUL,1,30.0,2,2,226626,17:45,59.6,6,KAFKAS YÜREKLİ,0.1274,0.1703592195910706,0.1608086508006425,3.75,geri_kurulan
2026-08-07 16:45,2026-08-07,ISTANBUL,1,30.0,2,2,226626,17:45,59.6,7,ALCANZAR,0.0403,0.0214628428030506,0.0230605139771475,26.15,geri_kurulan
2026-08-07 16:45,2026-08-07,ISTANBUL,1,30.0,2,2,226626,17:45,59.6,8,DAYANA,0.1027,0.1638769319836485,0.1608086508006425,3.75,geri_kurulan
2026-08-07 16:45,2026-08-07,ISTANBUL,1,30.0,2,2,226626,17:45,59.6,9,EZERGELİR,0.0307,0.0237111147281386,0.0269210910938575,22.4,geri_kurulan
2026-08-07 16:45,2026-08-07,ISTANBUL,1,30.0,2,2,226626,17:45,59.6,10,KADİFE KIZ,0.0171,0.0235671544009499,0.0298530911139806,20.2,geri_kurulan
2026-08-07 16:45,2026-08-07,ISTANBUL,1,30.0,2,2,226626,17:45,59.6,11,KÜÇÜK CAMGÖZ,0.1217,0.0548761343241242,0.0498373917770586,12.1,geri_kurulan
2026-08-07 16:45,2026-08-07,ISTANBUL,1,30.0,2,2,226626,17:45,59.6,12,NAİFSEDA,0.058,0.0184637260838883,0.0184132042901499,32.75,geri_kurulan
2026-08-07 16:45,2026-08-07,ISTANBUL,1,30.0,2,2,226626,17:45,59.6,13,TOPAZ GÜZELİ,0.0394,0.015685109973319,0.0167044997369088,36.1,geri_kurulan
2026-08-07 16:45,2026-08-07,ISTANBUL,1,30.0,2,2,226626,17:45,59.6,14,TUMBUL NADİDE,0.0431,0.0252042032370183,0.0269210910938575,22.4,geri_kurulan
2026-08-07 16:45,2026-08-07,ISTANBUL,1,30.0,2,2,226626,17:45,59.6,15,ZÜMRÜT SULTAN,0.04,0.0226405454330618,0.0244142688462513,24.7,geri_kurulan
2026-08-07 16:45,2026-08-07,ISTANBUL,1,30.0,3,3,226635,18:30,104.6,1,AYDIN DAYI,0.0626,0.0226612531607972,0.0258668980156098,28.7,geri_kurulan
2026-08-07 16:45,2026-08-07,ISTANBUL,1,30.0,3,3,226635,18:30,104.6,2,LİSBOA,0.153,0.13719819920704,0.1427653794323083,5.2,geri_kurulan
2026-08-07 16:45,2026-08-07,ISTANBUL,1,30.0,3,3,226635,18:30,104.6,3,ÜSTÜNSOY,0.2126,0.4141064771936819,0.424217127456002,1.75,geri_kurulan
2026-08-07 16:45,2026-08-07,ISTANBUL,1,30.0,3,3,226635,18:30,104.6,4,YURTÇU,0.3448,0.3404114205620528,0.3159063715097888,2.35,geri_kurulan
2026-08-07 16:45,2026-08-07,ISTANBUL,1,30.0,3,3,226635,18:30,104.6,5,NAHİT ABİ,0.0934,0.0560250220476043,0.0616082965185065,12.05,geri_kurulan
2026-08-07 16:45,2026-08-07,ISTANBUL,1,30.0,3,3,226635,18:30,104.6,6,VARGASKAYA,0.1336,0.0295976278288235,0.0296359270677845,25.05,geri_kurulan
2026-08-07 16:45,2026-08-07,ISTANBUL,1,30.0,4,4,226640,19:00,134.6,1,ALYADİGAR,0.0352,0.0181489535885102,0.0195215860534111,35.1,geri_kurulan
2026-08-07 16:45,2026-08-07,ISTANBUL,1,30.0,4,4,226640,19:00,134.6,2,TERCAN HAN,0.1457,0.0701684947161899,0.0611792562923868,11.2,geri_kurulan
2026-08-07 16:45,2026-08-07,ISTANBUL,1,30.0,4,4,226640,19:00,134.6,3,YETİM AMCA,0.0789,0.0383143429092429,0.0365444090919857,18.75,geri_kurulan
2026-08-07 16:45,2026-08-07,ISTANBUL,1,30.0,4,4,226640,19:00,134.6,4,KÖKŞUBAR,0.0424,0.0214766604459871,0.0224658252614666,30.5,geri_kurulan
2026-08-07 16:45,2026-08-07,ISTANBUL,1,30.0,4,4,226640,19:00,134.6,5,ALTIN SAAD,0.0646,0.0653834540900542,0.0662036396593944,10.35,geri_kurulan
2026-08-07 16:45,2026-08-07,ISTANBUL,1,30.0,4,4,226640,19:00,134.6,6,TAHAYYÜL,0.0442,0.0481745323808155,0.0517137864509231,13.25,geri_kurulan
2026-08-07 16:45,2026-08-07,ISTANBUL,1,30.0,4,4,226640,19:00,134.6,7,HIZIRTAY,0.115,0.0912395320670674,0.0840745607944456,8.15,geri_kurulan
2026-08-07 16:45,2026-08-07,ISTANBUL,1,30.0,4,4,226640,19:00,134.6,8,BABA MESUT,0.0143,0.0217510282556071,0.0279106994083393,24.55,geri_kurulan
2026-08-07 16:45,2026-08-07,ISTANBUL,1,30.0,4,4,226640,19:00,134.6,9,ÇİFTEHAN,0.0101,0.0588891499322685,0.0840745607944456,8.15,geri_kurulan
2026-08-07 16:45,2026-08-07,ISTANBUL,1,30.0,4,4,226640,19:00,134.6,10,EGETAY,0.0423,0.0254936157304064,0.0268708890382247,25.5,geri_kurulan
2026-08-07 16:45,2026-08-07,ISTANBUL,1,30.0,4,4,226640,19:00,134.6,11,TRAKTÖR,0.0242,0.0322963641706982,0.0381731292743583,17.95,geri_kurulan
2026-08-07 16:45,2026-08-07,ISTANBUL,1,30.0,4,4,226640,19:00,134.6,12,OLGUN VEDAT,0.1429,0.0122659057620311,0.0099811750979567,68.65,geri_kurulan
2026-08-07 16:45,2026-08-07,ISTANBUL,1,30.0,4,4,226640,19:00,134.6,13,ÖNDER,0.0204,0.0379382707150677,0.0466127666989613,14.7,geri_kurulan
2026-08-07 16:45,2026-08-07,ISTANBUL,1,30.0,4,4,226640,19:00,134.6,14,ERSELAY,0.1816,0.4008723827069266,0.3606356160393327,1.9,geri_kurulan
2026-08-07 16:45,2026-08-07,ISTANBUL,1,30.0,4,4,226640,19:00,134.6,15,İLKUTHAN,0.0381,0.0575873125291263,0.0640381000443675,10.7,geri_kurulan
2026-08-07 16:45,2026-08-07,ISTANBUL,1,30.0,5,5,226624,19:30,164.6,1,HULUSİBEY,0.2236,0.5392462555970629,0.5084964646702345,1.45,geri_kurulan
2026-08-07 16:45,2026-08-07,ISTANBUL,1,30.0,5,5,226624,19:30,164.6,2,ŞELEMZAR,0.0825,0.0162106136692284,0.0159248352866488,46.3,geri_kurulan
2026-08-07 16:45,2026-08-07,ISTANBUL,1,30.0,5,5,226624,19:30,164.6,3,BULUTYELE,0.1568,0.0915881472589913,0.0857348690432372,8.6,geri_kurulan
2026-08-07 16:45,2026-08-07,ISTANBUL,1,30.0,5,5,226624,19:30,164.6,4,CİHANDERE,0.0447,0.026537608052249,0.0298510070352971,24.7,geri_kurulan
2026-08-07 16:45,2026-08-07,ISTANBUL,1,30.0,5,5,226624,19:30,164.6,5,ÇEÇAN BEY,0.0142,0.0150972485439984,0.0205668026156719,35.85,geri_kurulan
2026-08-07 16:45,2026-08-07,ISTANBUL,1,30.0,5,5,226624,19:30,164.6,6,ROSSİMAN,0.0217,0.0077353913272994,0.0094649534502161,77.9,geri_kurulan
2026-08-07 16:45,2026-08-07,ISTANBUL,1,30.0,5,5,226624,19:30,164.6,7,YALIN ATEŞ,0.0263,0.0159110761597741,0.0193522276580535,38.1,geri_kurulan
2026-08-07 16:45,2026-08-07,ISTANBUL,1,30.0,5,5,226624,19:30,164.6,8,AFRİKA SULTANI,0.0974,0.089571957119809,0.0915925309033341,8.05,geri_kurulan
2026-08-07 16:45,2026-08-07,ISTANBUL,1,30.0,5,5,226624,19:30,164.6,9,AYBUKET,0.0453,0.0215556864401222,0.0239778820738809,30.75,geri_kurulan
2026-08-07 16:45,2026-08-07,ISTANBUL,1,30.0,5,5,226624,19:30,164.6,10,DEMİR VARGAS,0.0377,0.0140792392211566,0.0159248352866488,46.3,geri_kurulan
2026-08-07 16:45,2026-08-07,ISTANBUL,1,30.0,5,5,226624,19:30,164.6,11,GÜNKARİ,0.0548,0.0159715609815559,0.0169304219006163,43.55,geri_kurulan
2026-08-07 16:45,2026-08-07,ISTANBUL,1,30.0,5,5,226624,19:30,164.6,12,ÖZGÜNDEN,0.0369,0.0302356591458971,0.0354480708544153,20.8,geri_kurulan
2026-08-07 16:45,2026-08-07,ISTANBUL,1,30.0,5,5,226624,19:30,164.6,13,ŞAHANIL,0.0555,0.0654167274319732,0.0733651615693373,10.05,geri_kurulan
2026-08-07 16:45,2026-08-07,ISTANBUL,1,30.0,5,5,226624,19:30,164.6,14,UÇAN TURBOCU,0.0835,0.0445209730871606,0.0455135724550518,16.2,geri_kurulan
2026-08-07 16:45,2026-08-07,ISTANBUL,1,30.0,5,5,226624,19:30,164.6,15,UYANIK,0.0191,0.0063218559637212,0.0078563651973557,93.85,geri_kurulan
2026-08-07 16:45,2026-08-07,ISTANBUL,1,30.0,6,6,226638,20:00,194.6,1,DAŞ FATİH,0.1677,0.0362708736084497,0.0334979422572061,20.75,geri_kurulan
2026-08-07 16:45,2026-08-07,ISTANBUL,1,30.0,6,6,226638,20:00,194.6,2,GÜROBASI,0.0228,0.0536158324227338,0.0731665580881082,9.5,geri_kurulan
2026-08-07 16:45,2026-08-07,ISTANBUL,1,30.0,6,6,226638,20:00,194.6,3,TOLSTOY,0.036,0.0177163806108559,0.0211915335925923,32.8,geri_kurulan
2026-08-07 16:45,2026-08-07,ISTANBUL,1,30.0,6,6,226638,20:00,194.6,4,ASİL OĞLAN,0.3895,0.6512635746780532,0.5792352515308568,1.2,geri_kurulan
2026-08-07 16:45,2026-08-07,ISTANBUL,1,30.0,6,6,226638,20:00,194.6,5,PLATFORM,0.1705,0.0298477265667011,0.027258129483805,25.5,geri_kurulan
2026-08-07 16:45,2026-08-07,ISTANBUL,1,30.0,6,6,226638,20:00,194.6,6,BLUEMOON,0.0369,0.0458071785321889,0.0567414123948594,12.25,geri_kurulan
2026-08-07 16:45,2026-08-07,ISTANBUL,1,30.0,6,6,226638,20:00,194.6,7,NAMSAL,0.0511,0.0375872039435377,0.0434426438648142,16.0,geri_kurulan
2026-08-07 16:45,2026-08-07,ISTANBUL,1,30.0,6,6,226638,20:00,194.6,8,GELİDONYA,0.0248,0.0395506386861468,0.0524590416480775,13.25,geri_kurulan
2026-08-07 16:45,2026-08-07,ISTANBUL,1,30.0,6,6,226638,20:00,194.6,9,GELİLEO,0.0366,0.042420794087559,0.0524590416480775,13.25,geri_kurulan
2026-08-07 16:45,2026-08-07,ISTANBUL,1,30.0,6,6,226638,20:00,194.6,10,HADİ BAKALIM,0.0181,0.0191760715203408,0.0261801243629765,26.55,geri_kurulan
2026-08-07 16:45,2026-08-07,ISTANBUL,1,30.0,6,6,226638,20:00,194.6,11,HAZBALIK,0.0243,0.0134335390789986,0.017099195617147,40.65,geri_kurulan
2026-08-07 16:45,2026-08-07,ISTANBUL,1,30.0,6,6,226638,20:00,194.6,12,SAADGIRL,0.0219,0.0133101862644342,0.0172691255114789,40.25,geri_kurulan
2026-08-07 18:30,2026-08-07,ISTANBUL,2,30.0,1,4,226640,19:00,29.4,1,ALYADİGAR,0.0352,0.0490509219101787,0.0541723572508926,12.7,geri_kurulan
2026-08-07 18:30,2026-08-07,ISTANBUL,2,30.0,1,4,226640,19:00,29.4,2,TERCAN HAN,0.1457,0.1056997023914495,0.0923475083337364,7.45,geri_kurulan
2026-08-07 18:30,2026-08-07,ISTANBUL,2,30.0,1,4,226640,19:00,29.4,3,YETİM AMCA,0.0789,0.0434851235863161,0.0410739663932141,16.75,geri_kurulan
2026-08-07 18:30,2026-08-07,ISTANBUL,2,30.0,1,4,226640,19:00,29.4,4,KÖKŞUBAR,0.0424,0.0129628533204966,0.0130796375871927,52.6,geri_kurulan
2026-08-07 18:30,2026-08-07,ISTANBUL,2,30.0,1,4,226640,19:00,29.4,5,ALTIN SAAD,0.0646,0.1040797158523825,0.1058444518594363,6.5,geri_kurulan
2026-08-07 18:30,2026-08-07,ISTANBUL,2,30.0,1,4,226640,19:00,29.4,6,TAHAYYÜL,0.0442,0.0607859830811139,0.0649046167062581,10.6,geri_kurulan
2026-08-07 18:30,2026-08-07,ISTANBUL,2,30.0,1,4,226640,19:00,29.4,7,HIZIRTAY,0.115,0.087278685306361,0.0790791881708432,8.7,geri_kurulan
2026-08-07 18:30,2026-08-07,ISTANBUL,2,30.0,1,4,226640,19:00,29.4,8,BABA MESUT,0.0143,0.0201837089553243,0.0254339717961676,27.05,geri_kurulan
2026-08-07 18:30,2026-08-07,ISTANBUL,2,30.0,1,4,226640,19:00,29.4,9,ÇİFTEHAN,0.0101,0.0563326824289222,0.0790791881708432,8.7,geri_kurulan
2026-08-07 18:30,2026-08-07,ISTANBUL,2,30.0,1,4,226640,19:00,29.4,10,EGETAY,0.0423,0.0423992876011142,0.0449665971951853,15.3,geri_kurulan
2026-08-07 18:30,2026-08-07,ISTANBUL,2,30.0,1,4,226640,19:00,29.4,11,TRAKTÖR,0.0242,0.0339844568237463,0.0396535410424401,17.35,geri_kurulan
2026-08-07 18:30,2026-08-07,ISTANBUL,2,30.0,1,4,226640,19:00,29.4,12,OLGUN VEDAT,0.1429,0.0648375489563566,0.0557076062418085,12.35,geri_kurulan
2026-08-07 18:30,2026-08-07,ISTANBUL,2,30.0,1,4,226640,19:00,29.4,13,ÖNDER,0.0204,0.0291011452909373,0.0348348828904474,19.75,geri_kurulan
2026-08-07 18:30,2026-08-07,ISTANBUL,2,30.0,1,4,226640,19:00,29.4,14,ERSELAY,0.1816,0.2098793285988418,0.1810497202858779,3.8,geri_kurulan
2026-08-07 18:30,2026-08-07,ISTANBUL,2,30.0,1,4,226640,19:00,29.4,15,İLKUTHAN,0.0381,0.0799388558964581,0.0887727660756562,7.75,geri_kurulan
2026-08-07 18:30,2026-08-07,ISTANBUL,2,30.0,2,5,226624,19:30,59.4,1,HULUSİBEY,0.2236,0.4667732221736622,0.4351930741714359,1.7,geri_kurulan
2026-08-07 18:30,2026-08-07,ISTANBUL,2,30.0,2,5,226624,19:30,59.4,2,ŞELEMZAR,0.0825,0.0767180616525273,0.0799814298477233,9.25,geri_kurulan
2026-08-07 18:30,2026-08-07,ISTANBUL,2,30.0,2,5,226624,19:30,59.4,3,BULUTYELE,0.1568,0.1149029862994181,0.1080041205972906,6.85,geri_kurulan
2026-08-07 18:30,2026-08-07,ISTANBUL,2,30.0,2,5,226624,19:30,59.4,4,CİHANDERE,0.0447,0.0319291954372788,0.0360013735324302,20.55,geri_kurulan
2026-08-07 18:30,2026-08-07,ISTANBUL,2,30.0,2,5,226624,19:30,59.4,5,ÇEÇAN BEY,0.0142,0.0096649666846259,0.0128553992370363,57.55,geri_kurulan
2026-08-07 18:30,2026-08-07,ISTANBUL,2,30.0,2,5,226624,19:30,59.4,6,ROSSİMAN,0.0217,0.005131533415577,0.0061396533285596,120.5,geri_kurulan
2026-08-07 18:30,2026-08-07,ISTANBUL,2,30.0,2,5,226624,19:30,59.4,7,YALIN ATEŞ,0.0263,0.0416652182185855,0.0524700869568397,14.1,geri_kurulan
2026-08-07 18:30,2026-08-07,ISTANBUL,2,30.0,2,5,226624,19:30,59.4,8,AFRİKA SULTANI,0.0974,0.0802958037667362,0.0812998050649935,9.1,geri_kurulan
2026-08-07 18:30,2026-08-07,ISTANBUL,2,30.0,2,5,226624,19:30,59.4,9,AYBUKET,0.0453,0.0132247032908405,0.0143377563196015,51.6,geri_kurulan
2026-08-07 18:30,2026-08-07,ISTANBUL,2,30.0,2,5,226624,19:30,59.4,10,DEMİR VARGAS,0.0377,0.0088616958914106,0.0097796196443019,75.65,geri_kurulan
2026-08-07 18:30,2026-08-07,ISTANBUL,2,30.0,2,5,226624,19:30,59.4,11,GÜNKARİ,0.0548,0.0121124155851452,0.0126250550527549,58.6,geri_kurulan
2026-08-07 18:30,2026-08-07,ISTANBUL,2,30.0,2,5,226624,19:30,59.4,12,ÖZGÜNDEN,0.0369,0.0274554302960791,0.0318891476763552,23.2,geri_kurulan
2026-08-07 18:30,2026-08-07,ISTANBUL,2,30.0,2,5,226624,19:30,59.4,13,ŞAHANIL,0.0555,0.0528929520741145,0.0584844447503115,12.65,geri_kurulan
2026-08-07 18:30,2026-08-07,ISTANBUL,2,30.0,2,5,226624,19:30,59.4,14,UÇAN TURBOCU,0.0835,0.0527331598016423,0.0540020602986453,13.7,geri_kurulan
2026-08-07 18:30,2026-08-07,ISTANBUL,2,30.0,2,5,226624,19:30,59.4,15,UYANIK,0.0191,0.0056386554123561,0.00693697352172,106.65,geri_kurulan
2026-08-07 18:30,2026-08-07,ISTANBUL,2,30.0,3,6,226638,20:00,89.4,1,DAŞ FATİH,0.1677,0.1063085368113265,0.102036465267408,6.95,geri_kurulan
2026-08-07 18:30,2026-08-07,ISTANBUL,2,30.0,3,6,226638,20:00,89.4,2,GÜROBASI,0.0228,0.040691177378365,0.0545502641237297,13.0,geri_kurulan
2026-08-07 18:30,2026-08-07,ISTANBUL,2,30.0,3,6,226638,20:00,89.4,3,TOLSTOY,0.036,0.0218630865158366,0.026216393109371,27.05,geri_kurulan
2026-08-07 18:30,2026-08-07,ISTANBUL,2,30.0,3,6,226638,20:00,89.4,4,ASİL OĞLAN,0.3895,0.5391397294148611,0.4727689557389907,1.5,geri_kurulan
2026-08-07 18:30,2026-08-07,ISTANBUL,2,30.0,3,6,226638,20:00,89.4,5,PLATFORM,0.1705,0.068318795985742,0.0641767813220349,11.05,geri_kurulan
2026-08-07 18:30,2026-08-07,ISTANBUL,2,30.0,3,6,226638,20:00,89.4,6,BLUEMOON,0.0369,0.051200363704506,0.0633172708579005,11.2,geri_kurulan
2026-08-07 18:30,2026-08-07,ISTANBUL,2,30.0,3,6,226638,20:00,89.4,7,NAMSAL,0.0511,0.0398659409822603,0.045899898615436,15.45,geri_kurulan
2026-08-07 18:30,2026-08-07,ISTANBUL,2,30.0,3,6,226638,20:00,89.4,8,GELİDONYA,0.0248,0.0368345004840622,0.0484063777207157,14.65,geri_kurulan
2026-08-07 18:30,2026-08-07,ISTANBUL,2,30.0,3,6,226638,20:00,89.4,9,GELİLEO,0.0366,0.0395075481018667,0.0484063777207157,14.65,geri_kurulan
2026-08-07 18:30,2026-08-07,ISTANBUL,2,30.0,3,6,226638,20:00,89.4,10,HADİ BAKALIM,0.0181,0.0217559353929345,0.0296716917827818,23.9,geri_kurulan
2026-08-07 18:30,2026-08-07,ISTANBUL,2,30.0,3,6,226638,20:00,89.4,11,HAZBALIK,0.0243,0.0250581207261553,0.0325299740187378,21.8,geri_kurulan
2026-08-07 18:30,2026-08-07,ISTANBUL,2,30.0,3,6,226638,20:00,89.4,12,SAADGIRL,0.0219,0.0094562645020837,0.0120195497221777,59.0,geri_kurulan
2026-08-07 18:30,2026-08-07,ISTANBUL,2,30.0,4,7,226631,20:30,119.4,1,RATTLESNAKE,0.4169,0.0449976129550055,0.0212685103421489,45.25,geri_kurulan
2026-08-07 18:30,2026-08-07,ISTANBUL,2,30.0,4,7,226631,20:30,119.4,2,WHITEWALKERS,0.2198,0.0270631681085552,0.0145818195906399,66.0,geri_kurulan
2026-08-07 18:30,2026-08-07,ISTANBUL,2,30.0,4,7,226631,20:30,119.4,3,EGOISTA,0.1074,0.0324954719250463,0.0212685103421489,45.25,geri_kurulan
2026-08-07 18:30,2026-08-07,ISTANBUL,2,30.0,4,7,226631,20:30,119.4,4,SİLÜET,0.1082,0.0103071566555119,0.0062574778477388,153.8,geri_kurulan
2026-08-07 18:30,2026-08-07,ISTANBUL,2,30.0,4,7,226631,20:30,119.4,5,SECRET OF DRAGON,0.0785,0.0168692495927008,0.0114707996779766,83.9,geri_kurulan
2026-08-07 18:30,2026-08-07,ISTANBUL,2,30.0,4,7,226631,20:30,119.4,6,O BİR VAHŞİ,0.0335,0.0104679760900541,0.0085813650734038,112.15,geri_kurulan
2026-08-07 18:30,2026-08-07,ISTANBUL,2,30.0,4,7,226631,20:30,119.4,7,ZIBBOOSH,0.0357,0.8577993646731259,0.9165715171259426,1.05,geri_kurulan
2026-08-07 18:30,2026-08-07,ISTANBUL,2,30.0,5,8,226625,21:00,149.4,1,ARABIAN NIGHTS,0.2023,0.3698726340553606,0.3345635315348553,2.1,geri_kurulan
2026-08-07 18:30,2026-08-07,ISTANBUL,2,30.0,5,8,226625,21:00,149.4,2,BABA RIDVAN,0.0264,0.0191927033283605,0.0224826693191422,31.25,geri_kurulan
2026-08-07 18:30,2026-08-07,ISTANBUL,2,30.0,5,8,226625,21:00,149.4,3,BİGASİ,0.023,0.0163879188246052,0.0195705686970249,35.9,geri_kurulan
2026-08-07 18:30,2026-08-07,ISTANBUL,2,30.0,5,8,226625,21:00,149.4,4,BOZAĞIN KRALI,0.0147,0.0139464729167787,0.0179918928610293,39.05,geri_kurulan
2026-08-07 18:30,2026-08-07,ISTANBUL,2,30.0,5,8,226625,21:00,149.4,5,BOZALAN,0.1073,0.0312041224283271,0.028676874131559,24.5,geri_kurulan
2026-08-07 18:30,2026-08-07,ISTANBUL,2,30.0,5,8,226625,21:00,149.4,6,DEPREM HAN,0.0505,0.0225035778128486,0.0234977731178326,29.9,geri_kurulan
2026-08-07 18:30,2026-08-07,ISTANBUL,2,30.0,5,8,226625,21:00,149.4,7,KARANLIK,0.0343,0.0351991998973444,0.040262659955484,17.45,geri_kurulan
2026-08-07 18:30,2026-08-07,ISTANBUL,2,30.0,5,8,226625,21:00,149.4,8,ÇİLDUTAY,0.1079,0.0756489480379244,0.0720598375613534,9.75,geri_kurulan
2026-08-07 18:30,2026-08-07,ISTANBUL,2,30.0,5,8,226625,21:00,149.4,9,BAHARIM,0.0378,0.0527933352680499,0.0603075893753816,11.65,geri_kurulan
2026-08-07 18:30,2026-08-07,ISTANBUL,2,30.0,5,8,226625,21:00,149.4,10,DOĞAN HANIM,0.0477,0.0550508316323098,0.0603075893753816,11.65,geri_kurulan
2026-08-07 18:30,2026-08-07,ISTANBUL,2,30.0,5,8,226625,21:00,149.4,11,HÜNERİM,0.0312,0.0287057477793005,0.0331407271803394,21.2,geri_kurulan
2026-08-07 18:30,2026-08-07,ISTANBUL,2,30.0,5,8,226625,21:00,149.4,12,KÜÇÜKDEMİRCİK,0.0273,0.0436868494128602,0.0526279712526738,13.35,geri_kurulan
2026-08-07 18:30,2026-08-07,ISTANBUL,2,30.0,5,8,226625,21:00,149.4,13,MAŞİDE,0.1333,0.0598403208453138,0.0542535456543008,12.95,geri_kurulan
2026-08-07 18:30,2026-08-07,ISTANBUL,2,30.0,5,8,226625,21:00,149.4,14,PAVLA,0.073,0.1132831435382147,0.1180812464240665,5.95,geri_kurulan
2026-08-07 18:30,2026-08-07,ISTANBUL,2,30.0,5,8,226625,21:00,149.4,15,SAROSLU,0.0834,0.0626841942224009,0.0621755235595748,11.3,geri_kurulan
2026-08-07 18:30,2026-08-07,ISTANBUL,2,30.0,6,9,226637,21:30,179.4,1,ZİNAMIN,0.1093,0.0747761860323467,0.0631246248042668,10.95,geri_kurulan
2026-08-07 18:30,2026-08-07,ISTANBUL,2,30.0,6,9,226637,21:30,179.4,2,EĞRİCAN,0.1195,0.0436658814595829,0.0354469046977806,19.5,geri_kurulan
2026-08-07 18:30,2026-08-07,ISTANBUL,2,30.0,6,9,226637,21:30,179.4,3,GÜLÜMSE BİRAZ,0.0847,0.042947295738686,0.0371620775057377,18.6,geri_kurulan
2026-08-07 18:30,2026-08-07,ISTANBUL,2,30.0,6,9,226637,21:30,179.4,4,CABİRE SULTAN,0.1425,0.0764239515543474,0.061441301476153,11.25,geri_kurulan
2026-08-07 18:30,2026-08-07,ISTANBUL,2,30.0,6,9,226637,21:30,179.4,5,KIVIRCIKKIZ,0.0957,0.0931046164870815,0.0813193696007907,8.5,geri_kurulan
2026-08-07 18:30,2026-08-07,ISTANBUL,2,30.0,6,9,226637,21:30,179.4,6,LUNA,0.0415,0.0213792382465408,0.0205412969273914,33.65,geri_kurulan
2026-08-07 18:30,2026-08-07,ISTANBUL,2,30.0,6,9,226637,21:30,179.4,7,PİYANGO,0.1341,0.060654109804966,0.0488490912796269,14.15,geri_kurulan
2026-08-07 18:30,2026-08-07,ISTANBUL,2,30.0,6,9,226637,21:30,179.4,8,BERANÇE,0.0387,0.0470607091886079,0.0473434686032001,14.6,geri_kurulan
2026-08-07 18:30,2026-08-07,ISTANBUL,2,30.0,6,9,226637,21:30,179.4,9,MENDERES KIZI,0.0615,0.0311205536902711,0.02821284251456,24.5,geri_kurulan
2026-08-07 18:30,2026-08-07,ISTANBUL,2,30.0,6,9,226637,21:30,179.4,10,HIZLI HÜMA,0.016,0.0990263953977104,0.1212657265976704,5.7,geri_kurulan
2026-08-07 18:30,2026-08-07,ISTANBUL,2,30.0,6,9,226637,21:30,179.4,11,BERNAHANIM,0.0208,0.0196365964142033,0.0213998341054712,32.3,geri_kurulan
2026-08-07 18:30,2026-08-07,ISTANBUL,2,30.0,6,9,226637,21:30,179.4,12,HOŞ ESİNTİ,0.027,0.0205807070814319,0.0213998341054712,32.3,geri_kurulan
2026-08-07 18:30,2026-08-07,ISTANBUL,2,30.0,6,9,226637,21:30,179.4,13,GÜZEL HUYLUM,0.0113,0.0298092927761588,0.0370624472711378,18.65,geri_kurulan
2026-08-07 18:30,2026-08-07,ISTANBUL,2,30.0,6,9,226637,21:30,179.4,14,SEVTAHA,0.011,0.0296652652593961,0.0370624472711378,18.65,geri_kurulan
2026-08-07 18:30,2026-08-07,ISTANBUL,2,30.0,6,9,226637,21:30,179.4,15,RAHİK,0.0142,0.0121567986865291,0.0139498414047774,49.55,geri_kurulan
2026-08-07 18:30,2026-08-07,ISTANBUL,2,30.0,6,9,226637,21:30,179.4,16,DENİZ TUTKUSU,0.0517,0.241994682503017,0.2468623720024006,2.8,geri_kurulan
2026-08-07 18:30,2026-08-07,ISTANBUL,2,30.0,6,9,226637,21:30,179.4,17,ÇELİKBENGÜ,0.0087,0.0120674040636816,0.0151748549200158,45.55,geri_kurulan
2026-08-07 18:30,2026-08-07,ISTANBUL,2,30.0,6,9,226637,21:30,179.4,18,ALAYCI KUŞ,0.008,0.0194307378230129,0.0253192176412718,27.3,geri_kurulan
2026-08-07 18:30,2026-08-07,ISTANBUL,2,30.0,6,9,226637,21:30,179.4,19,SIRTAŞI,0.0038,0.0244995777924277,0.0370624472711378,18.65,geri_kurulan
2026-08-08 13:30,2026-08-08,ANKARA,1,30.0,1,1,226651,14:00,29.3,1,KÜÇÜKCEVER,0.2912,0.1550955314384583,0.1361343191017713,5.45,geri_kurulan
2026-08-08 13:30,2026-08-08,ANKARA,1,30.0,1,1,226651,14:00,29.3,2,ÇELİK ABİ,0.1497,0.1244629943534119,0.1226333948933312,6.05,geri_kurulan
2026-08-08 13:30,2026-08-08,ANKARA,1,30.0,1,1,226651,14:00,29.3,3,ATLI FIRTINA,0.2767,0.4023076894912127,0.3709660195523269,2.0,geri_kurulan
2026-08-08 13:30,2026-08-08,ANKARA,1,30.0,1,1,226651,14:00,29.3,4,KUZGUNİ YEŞİL,0.0786,0.1144700592373247,0.1268259895905391,5.85,geri_kurulan
2026-08-08 13:30,2026-08-08,ANKARA,1,30.0,1,1,226651,14:00,29.3,5,SEVDA MEVSİMİ,0.0544,0.0205620032988614,0.0227237990537413,32.65,geri_kurulan
2026-08-08 13:30,2026-08-08,ANKARA,1,30.0,1,1,226651,14:00,29.3,6,KASIRGA AĞASI,0.0505,0.068089769712938,0.080208869092395,9.25,geri_kurulan
2026-08-08 13:30,2026-08-08,ANKARA,1,30.0,1,1,226651,14:00,29.3,7,KIRKPINAR BEYİ,0.0259,0.0251313226390572,0.0321879409589871,23.05,geri_kurulan
2026-08-08 13:30,2026-08-08,ANKARA,1,30.0,1,1,226651,14:00,29.3,8,GÜLLÜ BAHÇE,0.0239,0.0172262774227252,0.0220485004191576,33.65,geri_kurulan
2026-08-08 13:30,2026-08-08,ANKARA,1,30.0,1,1,226651,14:00,29.3,9,TEKFORD ACL,0.0491,0.0726543524060101,0.0862711673377504,8.6,geri_kurulan
2026-08-08 13:30,2026-08-08,ANKARA,1,30.0,2,2,226646,14:30,59.3,1,NART THE BATTLE,0.3641,0.1966056735324301,0.1550984166839192,4.8,geri_kurulan
2026-08-08 13:30,2026-08-08,ANKARA,1,30.0,2,2,226646,14:30,59.3,2,TERCAL NİHAT,0.1621,0.1143278545593889,0.1071183309471672,6.95,geri_kurulan
2026-08-08 13:30,2026-08-08,ANKARA,1,30.0,2,2,226646,14:30,59.3,3,GOLDEN BEE,0.2937,0.2816351141119891,0.2401523871234878,3.1,geri_kurulan
2026-08-08 13:30,2026-08-08,ANKARA,1,30.0,2,2,226646,14:30,59.3,4,TESCİL,0.1066,0.2242279397824307,0.2440893115025613,3.05,geri_kurulan
2026-08-08 13:30,2026-08-08,ANKARA,1,30.0,2,2,226646,14:30,59.3,5,MYBOYFRIEND,0.045,0.0699512602795411,0.0881032426133505,8.45,geri_kurulan
2026-08-08 13:30,2026-08-08,ANKARA,1,30.0,2,2,226646,14:30,59.3,6,TIME CHANGER,0.0284,0.1132521577342196,0.1654383111295138,4.5,geri_kurulan
2026-08-08 13:30,2026-08-08,ANKARA,1,30.0,3,3,226645,15:00,89.3,1,BERRYBELLA,0.0758,0.0294782658058426,0.0281528145910752,24.7,geri_kurulan
2026-08-08 13:30,2026-08-08,ANKARA,1,30.0,3,3,226645,15:00,89.3,2,BODA STAR,0.053,0.0279028547978953,0.0290951682175547,23.9,geri_kurulan
2026-08-08 13:30,2026-08-08,ANKARA,1,30.0,3,3,226645,15:00,89.3,3,CAN BALAM,0.0392,0.0440939027072776,0.051130479441144,13.6,geri_kurulan
2026-08-08 13:30,2026-08-08,ANKARA,1,30.0,3,3,226645,15:00,89.3,4,COSTA ADEJE,0.0805,0.0776593614691899,0.0776954771396155,8.95,geri_kurulan
2026-08-08 13:30,2026-08-08,ANKARA,1,30.0,3,3,226645,15:00,89.3,5,FREQUENTIST,0.0596,0.0666670473487558,0.071320463630724,9.75,geri_kurulan
2026-08-08 13:30,2026-08-08,ANKARA,1,30.0,3,3,226645,15:00,89.3,6,KALİKİ,0.0668,0.1725470408732502,0.1905135672327559,3.65,geri_kurulan
2026-08-08 13:30,2026-08-08,ANKARA,1,30.0,3,3,226645,15:00,89.3,7,KONNICHIWA,0.103,0.0650940692006466,0.0604673495999616,11.5,geri_kurulan
2026-08-08 13:30,2026-08-08,ANKARA,1,30.0,3,3,226645,15:00,89.3,8,PERIWINKLE,0.062,0.0327193242558144,0.033113072399979,21.0,geri_kurulan
2026-08-08 13:30,2026-08-08,ANKARA,1,30.0,3,3,226645,15:00,89.3,9,SUSIE Q,0.1201,0.0453927281948586,0.0396224797948466,17.55,geri_kurulan
2026-08-08 13:30,2026-08-08,ANKARA,1,30.0,3,3,226645,15:00,89.3,10,VEKOMA LIGHT,0.1417,0.31902231006999,0.3023367479998084,2.3,geri_kurulan
2026-08-08 13:30,2026-08-08,ANKARA,1,30.0,3,3,226645,15:00,89.3,11,ZELAL HANIM,0.0454,0.0214110419721105,0.0228366016551579,30.45,geri_kurulan
2026-08-08 13:30,2026-08-08,ANKARA,1,30.0,3,3,226645,15:00,89.3,12,ZÜMRA ATEŞİ,0.0417,0.0205973430494266,0.0223953146666524,31.05,geri_kurulan
2026-08-08 13:30,2026-08-08,ANKARA,1,30.0,3,3,226645,15:00,89.3,13,TRUE ACTION,0.1111,0.0774147102549411,0.071320463630724,9.75,geri_kurulan
2026-08-08 13:30,2026-08-08,ANKARA,1,30.0,4,4,226647,15:30,119.3,1,BOUCHERON,0.0752,0.0204577370033061,0.0221987115750297,33.9,geri_kurulan
2026-08-08 13:30,2026-08-08,ANKARA,1,30.0,4,4,226647,15:30,119.3,2,MAHALL,0.2227,0.6958056271966783,0.716701259422389,1.05,geri_kurulan
2026-08-08 13:30,2026-08-08,ANKARA,1,30.0,4,4,226647,15:30,119.3,3,FINALE DUTY,0.0163,0.0117729419407908,0.0182212184598912,41.3,geri_kurulan
2026-08-08 13:30,2026-08-08,ANKARA,1,30.0,4,4,226647,15:30,119.3,4,SER VEYRON,0.0692,0.0419745176051339,0.0487078525821041,15.45,geri_kurulan
2026-08-08 13:30,2026-08-08,ANKARA,1,30.0,4,4,226647,15:30,119.3,5,FAST PILOT,0.1173,0.0369440941847674,0.0371622875256053,20.25,geri_kurulan
2026-08-08 13:30,2026-08-08,ANKARA,1,30.0,4,4,226647,15:30,119.3,6,BOLD LION,0.4695,0.1816880030197127,0.1419879853572657,5.3,geri_kurulan
2026-08-08 13:30,2026-08-08,ANKARA,1,30.0,4,4,226647,15:30,119.3,7,KUBAT KASIRGASI,0.0299,0.0113570790496105,0.0150206850777147,50.1,geri_kurulan
2026-08-08 13:30,2026-08-08,ANKARA,1,30.0,5,5,226649,16:00,149.3,1,DELİ ASMİN,0.1032,0.0476348343109975,0.0478473225785786,17.55,geri_kurulan
2026-08-08 13:30,2026-08-08,ANKARA,1,30.0,5,5,226649,16:00,149.3,2,ELİFKAYAM,0.0879,0.0680220936543682,0.0714655754258771,11.75,geri_kurulan
2026-08-08 13:30,2026-08-08,ANKARA,1,30.0,5,5,226649,16:00,149.3,3,EMEL HATUN,0.0935,0.0579355545186627,0.0597665844308936,14.05,geri_kurulan
2026-08-08 13:30,2026-08-08,ANKARA,1,30.0,5,5,226649,16:00,149.3,4,KIZIM SAFİR,0.1407,0.1131962952788617,0.1112212597687491,7.55,geri_kurulan
2026-08-08 13:30,2026-08-08,ANKARA,1,30.0,5,5,226649,16:00,149.3,5,LEYDİ LEYLA,0.1983,0.1738407144071279,0.1630525264570982,5.15,geri_kurulan
2026-08-08 13:30,2026-08-08,ANKARA,1,30.0,5,5,226649,16:00,149.3,6,MAVİ YAR,0.1081,0.2289552692833021,0.2433972496388568,3.45,geri_kurulan
2026-08-08 13:30,2026-08-08,ANKARA,1,30.0,5,5,226649,16:00,149.3,7,NERİS KIZIM,0.1802,0.2917259586390469,0.2846510207640867,2.95,geri_kurulan
2026-08-08 13:30,2026-08-08,ANKARA,1,30.0,5,5,226649,16:00,149.3,9,YALINTAY,0.0881,0.0186892799076327,0.0185984609358594,45.15,geri_kurulan
2026-08-08 13:30,2026-08-08,ANKARA,1,30.0,6,6,226653,16:30,179.3,1,TAŞAN,0.0987,0.0400410820999265,0.0365097580442985,20.9,geri_kurulan
2026-08-08 13:30,2026-08-08,ANKARA,1,30.0,6,6,226653,16:30,179.3,2,BAY TOSUNOĞLU,0.1471,0.0299775149925605,0.025059242795594,30.45,geri_kurulan
2026-08-08 13:30,2026-08-08,ANKARA,1,30.0,6,6,226653,16:30,179.3,3,KUMBEY,0.2136,0.0745058670404037,0.0603204698123193,12.65,geri_kurulan
2026-08-08 13:30,2026-08-08,ANKARA,1,30.0,6,6,226653,16:30,179.3,4,MUHAFIZ,0.0424,0.0078367650083505,0.0078221829126175,97.55,geri_kurulan
2026-08-08 13:30,2026-08-08,ANKARA,1,30.0,6,6,226653,16:30,179.3,5,VARLIK EFESİ,0.1254,0.0388635102900357,0.0338383123337401,22.55,geri_kurulan
2026-08-08 13:30,2026-08-08,ANKARA,1,30.0,6,6,226653,16:30,179.3,6,SERT KALELİ,0.1979,0.0874796495496287,0.0723273879740133,10.55,geri_kurulan
2026-08-08 13:30,2026-08-08,ANKARA,1,30.0,6,6,226653,16:30,179.3,7,KALBİMDESİN,0.0798,0.6805937336870695,0.7267180410722288,1.05,geri_kurulan
2026-08-08 13:30,2026-08-08,ANKARA,1,30.0,6,6,226653,16:30,179.3,8,CEVAHİRKAN,0.095,0.0407018773320244,0.0374046050551882,20.4,geri_kurulan
2026-08-08 14:30,2026-08-08,ANKARA,2,30.0,1,3,226645,15:00,29.3,1,BERRYBELLA,0.0758,0.0442657909001171,0.0426464075969332,16.05,geri_kurulan
2026-08-08 14:30,2026-08-08,ANKARA,2,30.0,1,3,226645,15:00,29.3,2,BODA STAR,0.053,0.0576978753005807,0.0619434246091203,11.05,geri_kurulan
2026-08-08 14:30,2026-08-08,ANKARA,2,30.0,1,3,226645,15:00,29.3,3,CAN BALAM,0.0392,0.0657742952131798,0.0769072856101999,8.9,geri_kurulan
2026-08-08 14:30,2026-08-08,ANKARA,2,30.0,1,3,226645,15:00,29.3,4,COSTA ADEJE,0.0805,0.087441117415064,0.086642385054529,7.9,geri_kurulan
2026-08-08 14:30,2026-08-08,ANKARA,2,30.0,1,3,226645,15:00,29.3,5,FREQUENTIST,0.0596,0.0785539873552103,0.0834725416988755,8.2,geri_kurulan
2026-08-08 14:30,2026-08-08,ANKARA,2,30.0,1,3,226645,15:00,29.3,6,KALİKİ,0.0668,0.1434108777905766,0.1538145712203998,4.45,geri_kurulan
2026-08-08 14:30,2026-08-08,ANKARA,2,30.0,1,3,226645,15:00,29.3,7,KONNICHIWA,0.103,0.0682536396563955,0.062509117984546,10.95,geri_kurulan
2026-08-08 14:30,2026-08-08,ANKARA,2,30.0,1,3,226645,15:00,29.3,8,PERIWINKLE,0.062,0.0541698152135737,0.0556483611325836,12.3,geri_kurulan
2026-08-08 14:30,2026-08-08,ANKARA,2,30.0,1,3,226645,15:00,29.3,9,SUSIE Q,0.1201,0.0609278053845134,0.0532665246638738,12.85,geri_kurulan
2026-08-08 14:30,2026-08-08,ANKARA,2,30.0,1,3,226645,15:00,29.3,10,VEKOMA LIGHT,0.1417,0.164822744620821,0.1471988907378019,4.65,geri_kurulan
2026-08-08 14:30,2026-08-08,ANKARA,2,30.0,1,3,226645,15:00,29.3,11,ZELAL HANIM,0.0454,0.0368783272898424,0.0400277685339637,17.1,geri_kurulan
2026-08-08 14:30,2026-08-08,ANKARA,2,30.0,1,3,226645,15:00,29.3,12,ZÜMRA ATEŞİ,0.0417,0.0465857321788507,0.0524501794582972,13.05,geri_kurulan
2026-08-08 14:30,2026-08-08,ANKARA,2,30.0,1,3,226645,15:00,29.3,13,TRUE ACTION,0.1111,0.091217991681274,0.0834725416988755,8.2,geri_kurulan
2026-08-08 14:30,2026-08-08,ANKARA,2,30.0,2,4,226647,15:30,59.3,1,BOUCHERON,0.0752,0.1638276918648452,0.1961569659716994,3.8,geri_kurulan
2026-08-08 14:30,2026-08-08,ANKARA,2,30.0,2,4,226647,15:30,59.3,2,MAHALL,0.2227,0.195694785185923,0.1796136073957729,4.15,geri_kurulan
2026-08-08 14:30,2026-08-08,ANKARA,2,30.0,2,4,226647,15:30,59.3,3,FINALE DUTY,0.0163,0.0298244821827075,0.0473267600439655,15.75,geri_kurulan
2026-08-08 14:30,2026-08-08,ANKARA,2,30.0,2,4,226647,15:30,59.3,4,SER VEYRON,0.0692,0.1045333573324395,0.1242327451154096,6.0,geri_kurulan
2026-08-08 14:30,2026-08-08,ANKARA,2,30.0,2,4,226647,15:30,59.3,5,FAST PILOT,0.1173,0.1463377493807697,0.155290931394262,4.8,geri_kurulan
2026-08-08 14:30,2026-08-08,ANKARA,2,30.0,2,4,226647,15:30,59.3,6,BOLD LION,0.4695,0.333219176274555,0.2615426212955992,2.85,geri_kurulan
2026-08-08 14:30,2026-08-08,ANKARA,2,30.0,2,4,226647,15:30,59.3,7,KUBAT KASIRGASI,0.0299,0.0265627577787599,0.0358363687832912,20.8,geri_kurulan
2026-08-08 14:30,2026-08-08,ANKARA,2,30.0,3,5,226649,16:00,89.3,1,DELİ ASMİN,0.1032,0.0237860969880609,0.0232344504777847,32.05,geri_kurulan
2026-08-08 14:30,2026-08-08,ANKARA,2,30.0,3,5,226649,16:00,89.3,2,ELİFKAYAM,0.0879,0.0485201911456306,0.0503151444468243,14.8,geri_kurulan
2026-08-08 14:30,2026-08-08,ANKARA,2,30.0,3,5,226649,16:00,89.3,3,EMEL HATUN,0.0935,0.0592937087114509,0.0612892294496296,12.15,geri_kurulan
2026-08-08 14:30,2026-08-08,ANKARA,2,30.0,3,5,226649,16:00,89.3,4,KIZIM SAFİR,0.1407,0.0730846764500883,0.0705842784656872,10.55,geri_kurulan
2026-08-08 14:30,2026-08-08,ANKARA,2,30.0,3,5,226649,16:00,89.3,5,LEYDİ LEYLA,0.1983,0.0842699965280024,0.0767694987436082,9.7,geri_kurulan
2026-08-08 14:30,2026-08-08,ANKARA,2,30.0,3,5,226649,16:00,89.3,6,MAVİ YAR,0.1081,0.1179309333342607,0.1220760881660656,6.1,geri_kurulan
2026-08-08 14:30,2026-08-08,ANKARA,2,30.0,3,5,226649,16:00,89.3,7,NERİS KIZIM,0.1802,0.5703034459609376,0.5728185675484617,1.3,geri_kurulan
2026-08-08 14:30,2026-08-08,ANKARA,2,30.0,3,5,226649,16:00,89.3,9,YALINTAY,0.0881,0.0228109508815682,0.0229127427019384,32.5,geri_kurulan
2026-08-08 14:30,2026-08-08,ANKARA,2,30.0,4,6,226653,16:30,119.3,1,TAŞAN,0.0987,0.114162215069231,0.1104661745878786,6.7,geri_kurulan
2026-08-08 14:30,2026-08-08,ANKARA,2,30.0,4,6,226653,16:30,119.3,2,BAY TOSUNOĞLU,0.1471,0.0914255652931355,0.0813322384328336,9.1,geri_kurulan
2026-08-08 14:30,2026-08-08,ANKARA,2,30.0,4,6,226653,16:30,119.3,3,KUMBEY,0.2136,0.0629328416424137,0.0513974562318601,14.4,geri_kurulan
2026-08-08 14:30,2026-08-08,ANKARA,2,30.0,4,6,226653,16:30,119.3,4,MUHAFIZ,0.0424,0.0070526356834153,0.007119993936881,103.95,geri_kurulan
2026-08-08 14:30,2026-08-08,ANKARA,2,30.0,4,6,226653,16:30,119.3,5,VARLIK EFESİ,0.1254,0.0454273727240194,0.040443899985726,18.3,geri_kurulan
2026-08-08 14:30,2026-08-08,ANKARA,2,30.0,4,6,226653,16:30,119.3,6,SERT KALELİ,0.1979,0.0653446456889013,0.0542214922885558,13.65,geri_kurulan
2026-08-08 14:30,2026-08-08,ANKARA,2,30.0,4,6,226653,16:30,119.3,7,KALBİMDESİN,0.0798,0.5726953199347126,0.6167694747823222,1.2,geri_kurulan
2026-08-08 14:30,2026-08-08,ANKARA,2,30.0,4,6,226653,16:30,119.3,8,CEVAHİRKAN,0.095,0.040959403964171,0.0382492697539424,19.35,geri_kurulan
2026-08-08 14:30,2026-08-08,ANKARA,2,30.0,5,7,226648,17:00,149.3,1,FORTUNELLO,0.0956,0.0899040647221496,0.0914841524109892,8.15,geri_kurulan
2026-08-08 14:30,2026-08-08,ANKARA,2,30.0,5,7,226648,17:00,149.3,2,AGE OF DISCOVERY,0.0722,0.1195941034702561,0.1331421146695647,5.6,geri_kurulan
2026-08-08 14:30,2026-08-08,ANKARA,2,30.0,5,7,226648,17:00,149.3,3,LORD VİDAR,0.3029,0.3349557772043675,0.2761466082035416,2.7,geri_kurulan
2026-08-08 14:30,2026-08-08,ANKARA,2,30.0,5,7,226648,17:00,149.3,4,ANGLE RISING,0.3259,0.0514123605691243,0.0369106852549288,20.2,geri_kurulan
2026-08-08 14:30,2026-08-08,ANKARA,2,30.0,5,7,226648,17:00,149.3,5,EL INTOCABLE,0.0589,0.0982920593530402,0.1138314262823759,6.55,geri_kurulan
2026-08-08 14:30,2026-08-08,ANKARA,2,30.0,5,7,226648,17:00,149.3,6,LAST LEVEL,0.0457,0.128927366484992,0.1620860526412092,4.6,geri_kurulan
2026-08-08 14:30,2026-08-08,ANKARA,2,30.0,5,7,226648,17:00,149.3,7,ABİDİN BEY,0.0988,0.17691426819607,0.1863989605373905,4.0,geri_kurulan
2026-08-08 14:30,2026-08-08,ANKARA,2,30.0,6,8,226654,17:30,179.3,1,SİYAH KUŞ,0.1694,0.0779971180787915,0.0631466821153541,11.85,geri_kurulan
2026-08-08 14:30,2026-08-08,ANKARA,2,30.0,6,8,226654,17:30,179.3,2,GÜMBÜRBERK,0.0836,0.0630756757166233,0.0577828712793008,12.95,geri_kurulan
2026-08-08 14:30,2026-08-08,ANKARA,2,30.0,6,8,226654,17:30,179.3,3,HADEHANIM,0.0914,0.1023909638415668,0.0941242997568486,7.95,geri_kurulan
2026-08-08 14:30,2026-08-08,ANKARA,2,30.0,6,8,226654,17:30,179.3,4,DİSTİLE,0.1389,0.0639088337635151,0.0532589454140175,14.05,geri_kurulan
2026-08-08 14:30,2026-08-08,ANKARA,2,30.0,6,8,226654,17:30,179.3,5,EŞAY,0.1026,0.070693111195167,0.062618257997234,11.95,geri_kurulan
2026-08-08 14:30,2026-08-08,ANKARA,2,30.0,6,8,226654,17:30,179.3,6,HAS CEYLAN,0.0259,0.0311197695674802,0.034483326408615,21.7,geri_kurulan
2026-08-08 14:30,2026-08-08,ANKARA,2,30.0,6,8,226654,17:30,179.3,7,SAKARBAŞI KIZI,0.0246,0.0261616984020024,0.0290597352647357,25.75,geri_kurulan
2026-08-08 14:30,2026-08-08,ANKARA,2,30.0,6,8,226654,17:30,179.3,8,İKİMİZ,0.0184,0.095202464552792,0.1178406587507002,6.35,geri_kurulan
2026-08-08 14:30,2026-08-08,ANKARA,2,30.0,6,8,226654,17:30,179.3,9,ARKEN TAŞI,0.0325,0.0247451692941641,0.0260274150631981,28.75,geri_kurulan
2026-08-08 14:30,2026-08-08,ANKARA,2,30.0,6,8,226654,17:30,179.3,10,BURÇİGİN,0.1295,0.1451557976433549,0.1268285056045672,5.9,geri_kurulan
2026-08-08 14:30,2026-08-08,ANKARA,2,30.0,6,8,226654,17:30,179.3,11,AKAR EDA,0.023,0.0210751032393474,0.0234941344761992,31.85,geri_kurulan
2026-08-08 14:30,2026-08-08,ANKARA,2,30.0,6,8,226654,17:30,179.3,12,TAŞPINAR,0.0283,0.0743962271011884,0.0840773239401063,8.9,geri_kurulan
2026-08-08 14:30,2026-08-08,ANKARA,2,30.0,6,8,226654,17:30,179.3,13,DİLMAKIZ,0.0694,0.056213175057099,0.0530700839054572,14.1,geri_kurulan
2026-08-08 14:30,2026-08-08,ANKARA,2,30.0,6,8,226654,17:30,179.3,14,YUMURCAK,0.0283,0.0589073235153191,0.0659284742790261,11.35,geri_kurulan
2026-08-08 14:30,2026-08-08,ANKARA,2,30.0,6,8,226654,17:30,179.3,15,ESRA KIZ,0.0173,0.0565464379897677,0.0692859428765691,10.8,geri_kurulan
2026-08-08 14:30,2026-08-08,ANKARA,2,30.0,6,8,226654,17:30,179.3,16,ÇİĞDEMLİ,0.0169,0.0324111310418202,0.0389733428680701,19.2,geri_kurulan
2026-08-08 16:15,2026-08-08,IZMIR,1,30.0,2,2,226652,17:15,59.3,1,PUYOL,0.1395,0.0508973618081251,0.0502021365593375,14.75,geri_kurulan
2026-08-08 16:15,2026-08-08,IZMIR,1,30.0,2,2,226652,17:15,59.3,2,DARK GLORY,0.159,0.2275711891001898,0.2388650045968481,3.1,geri_kurulan
2026-08-08 16:15,2026-08-08,IZMIR,1,30.0,2,2,226652,17:15,59.3,3,EMPEROR,0.0884,0.1673789673477654,0.2001301389865484,3.7,geri_kurulan
2026-08-08 16:15,2026-08-08,IZMIR,1,30.0,2,2,226652,17:15,59.3,4,BRAVE ROSE,0.5872,0.4593270087773343,0.3612104947562095,2.05,geri_kurulan
2026-08-08 16:15,2026-08-08,IZMIR,1,30.0,2,2,226652,17:15,59.3,5,PİSA BY PİSANO,0.0259,0.0948254729665852,0.1495922251010564,4.95,geri_kurulan
2026-08-08 16:15,2026-08-08,IZMIR,1,30.0,3,3,226642,18:00,104.3,1,ALANDER,0.0815,0.2139802977748163,0.2266105104062547,3.3,geri_kurulan
2026-08-08 16:15,2026-08-08,IZMIR,1,30.0,3,3,226642,18:00,104.3,2,BERATKAN,0.0697,0.1252161061508565,0.1335383364894001,5.6,geri_kurulan
2026-08-08 16:15,2026-08-08,IZMIR,1,30.0,3,3,226642,18:00,104.3,3,DAHİOĞLU,0.0599,0.0311965574952422,0.0323030101227058,23.15,geri_kurulan
2026-08-08 16:15,2026-08-08,IZMIR,1,30.0,3,3,226642,18:00,104.3,4,DOMANİÇ KAPLANI,0.1188,0.0468045661712459,0.0433515759038052,17.25,geri_kurulan
2026-08-08 16:15,2026-08-08,IZMIR,1,30.0,3,3,226642,18:00,104.3,5,ONCANONBEŞ,0.1778,0.1507920114960977,0.1359663062437528,5.5,geri_kurulan
2026-08-08 16:15,2026-08-08,IZMIR,1,30.0,3,3,226642,18:00,104.3,6,OTAY,0.054,0.02309885947134,0.0240842088354473,31.05,geri_kurulan
2026-08-08 16:15,2026-08-08,IZMIR,1,30.0,3,3,226642,18:00,104.3,7,ZIP ZIP ÖMER,0.0709,0.1486076542543793,0.1591095073065192,4.7,geri_kurulan
2026-08-08 16:15,2026-08-08,IZMIR,1,30.0,3,3,226642,18:00,104.3,9,ÖKE HATUN,0.1182,0.0341253134365878,0.0312239951707991,23.95,geri_kurulan
2026-08-08 16:15,2026-08-08,IZMIR,1,30.0,3,3,226642,18:00,104.3,10,YURTKURAN,0.1444,0.1761071066158404,0.1661810409645868,4.5,geri_kurulan
2026-08-08 16:15,2026-08-08,IZMIR,1,30.0,3,3,226642,18:00,104.3,11,VİÇE HANIM,0.1046,0.0500715271335935,0.0476315085567287,15.7,geri_kurulan
2026-08-08 16:15,2026-08-08,IZMIR,1,30.0,4,4,226655,18:30,134.3,1,MORIARTY,0.2371,0.1097700208811833,0.0861756867556904,8.65,geri_kurulan
2026-08-08 16:15,2026-08-08,IZMIR,1,30.0,4,4,226655,18:30,134.3,2,LAST FORCE,0.1698,0.1976035603350099,0.1753928683380523,4.25,geri_kurulan
2026-08-08 16:15,2026-08-08,IZMIR,1,30.0,4,4,226655,18:30,134.3,3,SUPERTRAMP,0.2013,0.0788222329836976,0.0631711602065018,11.8,geri_kurulan
2026-08-08 16:15,2026-08-08,IZMIR,1,30.0,4,4,226655,18:30,134.3,4,KUZEYİN KRALI,0.0932,0.1711076944749243,0.1753928683380523,4.25,geri_kurulan
2026-08-08 16:15,2026-08-08,IZMIR,1,30.0,4,4,226655,18:30,134.3,5,GECENİN GÜCÜ,0.0992,0.1463329576887052,0.1461607236150436,5.1,geri_kurulan
2026-08-08 16:15,2026-08-08,IZMIR,1,30.0,4,4,226655,18:30,134.3,6,ÇİFTE YÜREKLİ,0.053,0.089866542910927,0.1021122863611948,7.3,geri_kurulan
2026-08-08 16:15,2026-08-08,IZMIR,1,30.0,4,4,226655,18:30,134.3,7,ORION BELT,0.0176,0.0351605479068952,0.0498608488586436,14.95,geri_kurulan
2026-08-08 16:15,2026-08-08,IZMIR,1,30.0,4,4,226655,18:30,134.3,8,RAYMOND BABBITT,0.0627,0.1090916063153131,0.1202289823285036,6.2,geri_kurulan
2026-08-08 16:15,2026-08-08,IZMIR,1,30.0,4,4,226655,18:30,134.3,9,MEZAPOTAMYALI FATO,0.026,0.0167934292195958,0.0205633018051509,36.25,geri_kurulan
2026-08-08 16:15,2026-08-08,IZMIR,1,30.0,4,4,226655,18:30,134.3,10,RAINBOW GLOW,0.0191,0.0282734257659484,0.0387231008019076,19.25,geri_kurulan
2026-08-08 16:15,2026-08-08,IZMIR,1,30.0,4,4,226655,18:30,134.3,11,RUN MY RED,0.0211,0.0171779815177997,0.0222181725912584,33.55,geri_kurulan
2026-08-08 16:15,2026-08-08,IZMIR,1,30.0,5,5,226658,19:00,164.3,1,DRAGON RUNNER,0.1011,0.0562462184569068,0.0583062948067512,12.75,geri_kurulan
2026-08-08 16:15,2026-08-08,IZMIR,1,30.0,5,5,226658,19:00,164.3,2,FALCON OF MUTAFLAR,0.2117,0.1072412904340683,0.0959232591982037,7.75,geri_kurulan
2026-08-08 16:15,2026-08-08,IZMIR,1,30.0,5,5,226658,19:00,164.3,3,KING ÇAĞDAŞ,0.1088,0.0715957861997963,0.0739706725160277,10.05,geri_kurulan
2026-08-08 16:15,2026-08-08,IZMIR,1,30.0,5,5,226658,19:00,164.3,4,GLITTER WINGS,0.3339,0.417591775689824,0.3626367116029653,2.05,geri_kurulan
2026-08-08 16:15,2026-08-08,IZMIR,1,30.0,5,5,226658,19:00,164.3,5,NINJA,0.0854,0.1587357662574368,0.183556854021254,4.05,geri_kurulan
2026-08-08 16:15,2026-08-08,IZMIR,1,30.0,5,5,226658,19:00,164.3,6,BOARDING PASS,0.1037,0.1186580517103602,0.1281733204803584,5.8,geri_kurulan
2026-08-08 16:15,2026-08-08,IZMIR,1,30.0,5,5,226658,19:00,164.3,7,DOĞU ASLANI,0.0337,0.0432099962049719,0.0583062948067512,12.75,geri_kurulan
2026-08-08 16:15,2026-08-08,IZMIR,1,30.0,5,5,226658,19:00,164.3,8,BOYALIK,0.0217,0.0267211150466355,0.0391265925676883,19.0,geri_kurulan
2026-08-08 16:15,2026-08-08,IZMIR,1,30.0,6,6,226657,19:30,194.3,1,JANN POLL,0.2323,0.5945729214561422,0.5752770259343917,1.3,geri_kurulan
2026-08-08 16:15,2026-08-08,IZMIR,1,30.0,6,6,226657,19:30,194.3,2,SİSU,0.3502,0.0321622055008848,0.0232615904732413,32.15,geri_kurulan
2026-08-08 16:15,2026-08-08,IZMIR,1,30.0,6,6,226657,19:30,194.3,3,ÇEPNİ,0.0958,0.1238930262206982,0.1359745697663107,5.5,geri_kurulan
2026-08-08 16:15,2026-08-08,IZMIR,1,30.0,6,6,226657,19:30,194.3,4,ZENITH SKY,0.2048,0.1161800546401566,0.1045958228971621,7.15,geri_kurulan
2026-08-08 16:15,2026-08-08,IZMIR,1,30.0,6,6,226657,19:30,194.3,5,MR DEMİRAYAK,0.0974,0.0941101358293651,0.1010621802317174,7.4,geri_kurulan
2026-08-08 16:15,2026-08-08,IZMIR,1,30.0,6,6,226657,19:30,194.3,6,YOU ARE BIG,0.0195,0.0390816563527531,0.0598288106971767,12.5,geri_kurulan
2026-08-08 17:31,2026-08-08,IZMIR,2,30.0,1,3,226642,18:00,28.8,1,ALANDER,0.0815,0.0986595378519413,0.1023704127510782,7.3,geri_kurulan
2026-08-08 17:31,2026-08-08,IZMIR,2,30.0,1,3,226642,18:00,28.8,2,BERATKAN,0.0697,0.0801676563965421,0.084920910577599,8.8,geri_kurulan
2026-08-08 17:31,2026-08-08,IZMIR,2,30.0,1,3,226642,18:00,28.8,3,DAHİOĞLU,0.0599,0.0378346341378306,0.0399627814482818,18.7,geri_kurulan
2026-08-08 17:31,2026-08-08,IZMIR,2,30.0,1,3,226642,18:00,28.8,4,DOMANİÇ KAPLANI,0.1188,0.110683325680974,0.1075257572781109,6.95,geri_kurulan
2026-08-08 17:31,2026-08-08,IZMIR,2,30.0,1,3,226642,18:00,28.8,5,ONCANONBEŞ,0.1778,0.2098292695501533,0.1941049384630834,3.85,geri_kurulan
2026-08-08 17:31,2026-08-08,IZMIR,2,30.0,1,3,226642,18:00,28.8,6,OTAY,0.054,0.0435234620520548,0.0471485181755754,15.85,geri_kurulan
2026-08-08 17:31,2026-08-08,IZMIR,2,30.0,1,3,226642,18:00,28.8,7,ZIP ZIP ÖMER,0.0709,0.1438948952484348,0.1556883360589315,4.8,geri_kurulan
2026-08-08 17:31,2026-08-08,IZMIR,2,30.0,1,3,226642,18:00,28.8,9,ÖKE HATUN,0.1182,0.1753323611404189,0.1737916309495049,4.3,geri_kurulan
2026-08-08 17:31,2026-08-08,IZMIR,2,30.0,1,3,226642,18:00,28.8,10,YURTKURAN,0.1444,0.0360391286586721,0.0322113798742617,23.2,geri_kurulan
2026-08-08 17:31,2026-08-08,IZMIR,2,30.0,1,3,226642,18:00,28.8,11,VİÇE HANIM,0.1046,0.0640357292829779,0.0622753344235726,12.0,geri_kurulan
2026-08-08 17:31,2026-08-08,IZMIR,2,30.0,2,4,226655,18:30,58.8,1,MORIARTY,0.2371,0.1264595840998794,0.1034748981785347,7.2,geri_kurulan
2026-08-08 17:31,2026-08-08,IZMIR,2,30.0,2,4,226655,18:30,58.8,2,LAST FORCE,0.1698,0.3635411821936925,0.3465205892490466,2.15,geri_kurulan
2026-08-08 17:31,2026-08-08,IZMIR,2,30.0,2,4,226655,18:30,58.8,3,SUPERTRAMP,0.2013,0.0715843580806638,0.0588948037063596,12.65,geri_kurulan
2026-08-08 17:31,2026-08-08,IZMIR,2,30.0,2,4,226655,18:30,58.8,4,KUZEYİN KRALI,0.0932,0.1555929191840822,0.1637404982165824,4.55,geri_kurulan
2026-08-08 17:31,2026-08-08,IZMIR,2,30.0,2,4,226655,18:30,58.8,5,GECENİN GÜCÜ,0.0992,0.0827511160475032,0.082322570926569,9.05,geri_kurulan
2026-08-08 17:31,2026-08-08,IZMIR,2,30.0,2,4,226655,18:30,58.8,6,ÇİFTE YÜREKLİ,0.053,0.047561223623923,0.0535985084090251,13.9,geri_kurulan
2026-08-08 17:31,2026-08-08,IZMIR,2,30.0,2,4,226655,18:30,58.8,7,ORION BELT,0.0176,0.0432706334777437,0.0642257988694353,11.6,geri_kurulan
2026-08-08 17:31,2026-08-08,IZMIR,2,30.0,2,4,226655,18:30,58.8,8,RAYMOND BABBITT,0.0627,0.0786232772422343,0.0876493255159353,8.5,geri_kurulan
2026-08-08 17:31,2026-08-08,IZMIR,2,30.0,2,4,226655,18:30,58.8,9,MEZAPOTAMYALI FATO,0.026,0.008267106596794,0.0099935515343454,74.55,geri_kurulan
2026-08-08 17:31,2026-08-08,IZMIR,2,30.0,2,4,226655,18:30,58.8,10,RAINBOW GLOW,0.0191,0.01389825036552,0.0187898932379684,39.65,geri_kurulan
2026-08-08 17:31,2026-08-08,IZMIR,2,30.0,2,4,226655,18:30,58.8,11,RUN MY RED,0.0211,0.0084503490879636,0.0107895621561976,69.05,geri_kurulan
2026-08-08 17:31,2026-08-08,IZMIR,2,30.0,3,5,226658,19:00,88.8,1,DRAGON RUNNER,0.1011,0.0419855277224589,0.0418615686025518,17.75,geri_kurulan
2026-08-08 17:31,2026-08-08,IZMIR,2,30.0,3,5,226658,19:00,88.8,2,FALCON OF MUTAFLAR,0.2117,0.1126733516262684,0.0990723790260394,7.5,geri_kurulan
2026-08-08 17:31,2026-08-08,IZMIR,2,30.0,3,5,226658,19:00,88.8,3,KING ÇAĞDAŞ,0.1088,0.3177683161818449,0.353829925092998,2.1,geri_kurulan
2026-08-08 17:31,2026-08-08,IZMIR,2,30.0,3,5,226658,19:00,88.8,4,GLITTER WINGS,0.3339,0.2974265653884179,0.2476809475650986,3.0,geri_kurulan
2026-08-08 17:31,2026-08-08,IZMIR,2,30.0,3,5,226658,19:00,88.8,5,NINJA,0.0854,0.1036614140060213,0.114314283491584,6.5,geri_kurulan
2026-08-08 17:31,2026-08-08,IZMIR,2,30.0,3,5,226658,19:00,88.8,6,BOARDING PASS,0.1037,0.0830228342614104,0.0859009066699764,8.65,geri_kurulan
2026-08-08 17:31,2026-08-08,IZMIR,2,30.0,3,5,226658,19:00,88.8,7,DOĞU ASLANI,0.0337,0.0289677710456345,0.0373388363163465,19.9,geri_kurulan
2026-08-08 17:31,2026-08-08,IZMIR,2,30.0,3,5,226658,19:00,88.8,8,BOYALIK,0.0217,0.0144942197679434,0.020001153235405,37.15,geri_kurulan
2026-08-08 17:31,2026-08-08,IZMIR,2,30.0,4,6,226657,19:30,118.8,1,JANN POLL,0.2323,0.549856021535545,0.5292241184551421,1.4,geri_kurulan
2026-08-08 17:31,2026-08-08,IZMIR,2,30.0,4,6,226657,19:30,118.8,2,SİSU,0.3502,0.0367451458167234,0.0267961578964628,27.65,geri_kurulan
2026-08-08 17:31,2026-08-08,IZMIR,2,30.0,4,6,226657,19:30,118.8,3,ÇEPNİ,0.0958,0.1218007175064584,0.1334979758265223,5.55,geri_kurulan
2026-08-08 17:31,2026-08-08,IZMIR,2,30.0,4,6,226657,19:30,118.8,4,ZENITH SKY,0.2048,0.1526361488113263,0.139795050157962,5.3,geri_kurulan
2026-08-08 17:31,2026-08-08,IZMIR,2,30.0,4,6,226657,19:30,118.8,5,MR DEMİRAYAK,0.0974,0.093311218723241,0.1001234818698917,7.4,geri_kurulan
2026-08-08 17:31,2026-08-08,IZMIR,2,30.0,4,6,226657,19:30,118.8,6,YOU ARE BIG,0.0195,0.0456507476067056,0.0705632157940189,10.5,geri_kurulan
2026-08-08 17:31,2026-08-08,IZMIR,2,30.0,5,7,226644,20:00,148.8,1,BATINALP,0.0833,0.0863108858152897,0.085891245408291,8.65,geri_kurulan
2026-08-08 17:31,2026-08-08,IZMIR,2,30.0,5,7,226644,20:00,148.8,2,DEMİR AĞABEY,0.1003,0.0487191692284664,0.045720570632721,16.25,geri_kurulan
2026-08-08 17:31,2026-08-08,IZMIR,2,30.0,5,7,226644,20:00,148.8,4,KOŞDADAŞ,0.1083,0.0473028267587676,0.0437034866342186,17.0,geri_kurulan
2026-08-08 17:31,2026-08-08,IZMIR,2,30.0,5,7,226644,20:00,148.8,5,SİYAH SANCAK,0.132,0.0580665434779022,0.0521374928267871,14.25,geri_kurulan
2026-08-08 17:31,2026-08-08,IZMIR,2,30.0,5,7,226644,20:00,148.8,6,SÜLEYMAN AĞA,0.0629,0.3804744747685103,0.4245481558752672,1.75,geri_kurulan
2026-08-08 17:31,2026-08-08,IZMIR,2,30.0,5,7,226644,20:00,148.8,7,AÇANAY,0.074,0.0788139357810822,0.0798880938474965,9.3,geri_kurulan
2026-08-08 17:31,2026-08-08,IZMIR,2,30.0,5,7,226644,20:00,148.8,8,ALTIN KÜPELİ,0.1582,0.0819253616641613,0.0721319682312347,10.3,geri_kurulan
2026-08-08 17:31,2026-08-08,IZMIR,2,30.0,5,7,226644,20:00,148.8,9,KALEMLİ ŞAHI,0.1739,0.1865147794125023,0.1669571399509477,4.45,geri_kurulan
2026-08-08 17:31,2026-08-08,IZMIR,2,30.0,5,7,226644,20:00,148.8,10,PARELİ,0.1072,0.0318720230933175,0.0290218465930358,25.6,geri_kurulan
2026-08-08 17:31,2026-08-08,IZMIR,2,30.0,6,8,226662,20:30,178.8,1,SERİNTEPE,0.0826,0.0615638143211702,0.0597810552502707,12.5,geri_kurulan
2026-08-08 17:31,2026-08-08,IZMIR,2,30.0,6,8,226662,20:30,178.8,2,CANYAMAN,0.1633,0.0726719891684798,0.0625324845714128,11.95,geri_kurulan
2026-08-08 17:31,2026-08-08,IZMIR,2,30.0,6,8,226662,20:30,178.8,3,ŞANSIBOLBEY,0.0391,0.0328514168725391,0.0357542196472911,20.9,geri_kurulan
2026-08-08 17:31,2026-08-08,IZMIR,2,30.0,6,8,226662,20:30,178.8,4,BAY OLOF,0.1588,0.2144931923420622,0.1940943352281516,3.85,geri_kurulan
2026-08-08 17:31,2026-08-08,IZMIR,2,30.0,6,8,226662,20:30,178.8,5,SILPAHAR,0.1586,0.1233372747127033,0.109089516880056,6.85,geri_kurulan
2026-08-08 17:31,2026-08-08,IZMIR,2,30.0,6,8,226662,20:30,178.8,6,ŞİRO ÇAYI,0.0703,0.0226286464607669,0.0217227671694297,34.4,geri_kurulan
2026-08-08 17:31,2026-08-08,IZMIR,2,30.0,6,8,226662,20:30,178.8,7,SANCAK TAŞIYAN,0.1434,0.1812998971154464,0.1660584868063075,4.5,geri_kurulan
2026-08-08 17:31,2026-08-08,IZMIR,2,30.0,6,8,226662,20:30,178.8,8,FREE BLOOD,0.0863,0.0645313381102785,0.0622719325523653,12.0,geri_kurulan
2026-08-08 17:31,2026-08-08,IZMIR,2,30.0,6,8,226662,20:30,178.8,9,TURBO BEYİ,0.0243,0.0278565308477108,0.032919083287594,22.7,geri_kurulan
2026-08-08 17:31,2026-08-08,IZMIR,2,30.0,6,8,226662,20:30,178.8,10,AVANOS EFESİ,0.0086,0.0114426898365565,0.0158318472590759,47.2,geri_kurulan
2026-08-08 17:31,2026-08-08,IZMIR,2,30.0,6,8,226662,20:30,178.8,11,GÜN IŞITAN,0.0316,0.0840267033289692,0.098975257036872,7.55,geri_kurulan
2026-08-08 17:31,2026-08-08,IZMIR,2,30.0,6,8,226662,20:30,178.8,12,HÜKÜMDAR KIZ,0.0095,0.0108970382779957,0.0147680472456202,50.6,geri_kurulan
2026-08-08 17:31,2026-08-08,IZMIR,2,30.0,6,8,226662,20:30,178.8,13,AYBUGA,0.0143,0.0752442408095931,0.1023648206340251,7.3,geri_kurulan
2026-08-08 17:31,2026-08-08,IZMIR,2,30.0,6,8,226662,20:30,178.8,14,ONURSÜREN,0.0092,0.0171552277957276,0.0238361464315273,31.35,geri_kurulan
2026-08-09 14:15,2026-08-09,ISTANBUL,1,30.0,1,1,226674,14:30,14.9,1,ŞARK AYAZI,0.0965,0.0604848221148861,0.064006539570253,11.6,geri_kurulan
2026-08-09 14:15,2026-08-09,ISTANBUL,1,30.0,1,1,226674,14:30,14.9,2,ATICI KAYA,0.0646,0.0813637593433828,0.0939842859512576,7.9,geri_kurulan
2026-08-09 14:15,2026-08-09,ISTANBUL,1,30.0,1,1,226674,14:30,14.9,3,SERVER BEYİM,0.2074,0.1572228792693061,0.1499951230333202,4.95,geri_kurulan
2026-08-09 14:15,2026-08-09,ISTANBUL,1,30.0,1,1,226674,14:30,14.9,4,KERVAN SANCAĞI,0.169,0.1202164337410393,0.1178533109547516,6.3,geri_kurulan
2026-08-09 14:15,2026-08-09,ISTANBUL,1,30.0,1,1,226674,14:30,14.9,5,ULUŞİRAN BEYİ,0.2493,0.4074907119540529,0.3907767679025975,1.9,geri_kurulan
2026-08-09 14:15,2026-08-09,ISTANBUL,1,30.0,1,1,226674,14:30,14.9,6,PARLAMA ZAMANI,0.1028,0.1124992974915229,0.120727781953648,6.15,geri_kurulan
2026-08-09 14:15,2026-08-09,ISTANBUL,1,30.0,1,1,226674,14:30,14.9,7,FEYZANUR,0.1105,0.0607220960858094,0.0626561906341717,11.85,geri_kurulan
2026-08-09 14:15,2026-08-09,ISTANBUL,1,30.0,2,2,226669,15:00,44.9,1,THE LAST DRAGON,0.362,0.1443383650176838,0.1150444578340471,2.95,geri_kurulan
2026-08-09 14:15,2026-08-09,ISTANBUL,1,30.0,2,2,226669,15:00,44.9,2,COSE DELLA VITA,0.2113,0.284318347774911,0.2715049204883513,1.25,geri_kurulan
2026-08-09 14:15,2026-08-09,ISTANBUL,1,30.0,2,2,226669,15:00,44.9,3,LA PERLE RARE,0.1065,0.2412086695876092,0.2715049204883513,1.25,geri_kurulan
2026-08-09 14:15,2026-08-09,ISTANBUL,1,30.0,2,2,226669,15:00,44.9,4,YONAGUNI,0.1399,0.2575284766537003,0.2715049204883513,1.25,geri_kurulan
2026-08-09 14:15,2026-08-09,ISTANBUL,1,30.0,2,2,226669,15:00,44.9,5,KUZGUN GÖKMEN,0.0257,0.0059431856613123,0.0075924194767436,44.7,geri_kurulan
2026-08-09 14:15,2026-08-09,ISTANBUL,1,30.0,2,2,226669,15:00,44.9,6,NON MOLLARE,0.1546,0.0666629553047832,0.0628483612241553,5.4,geri_kurulan
2026-08-09 14:15,2026-08-09,ISTANBUL,1,30.0,3,3,226675,15:30,74.9,1,IĞDIR KIZI,0.2242,0.0630204693326825,0.0515685239551491,14.45,geri_kurulan
2026-08-09 14:15,2026-08-09,ISTANBUL,1,30.0,3,3,226675,15:30,74.9,2,İMGE TAY,0.0857,0.0988434353895613,0.098697373662504,7.55,geri_kurulan
2026-08-09 14:15,2026-08-09,ISTANBUL,1,30.0,3,3,226675,15:30,74.9,3,ULU BEDEN,0.0972,0.0945093261047189,0.0919957001422105,8.1,geri_kurulan
2026-08-09 14:15,2026-08-09,ISTANBUL,1,30.0,3,3,226675,15:30,74.9,4,ÖZKEHRİBAR,0.1332,0.1273163530596033,0.1182801858971278,6.3,geri_kurulan
2026-08-09 14:15,2026-08-09,ISTANBUL,1,30.0,3,3,226675,15:30,74.9,5,ESENYIL,0.0804,0.0296492437306261,0.0284958000440499,26.15,geri_kurulan
2026-08-09 14:15,2026-08-09,ISTANBUL,1,30.0,3,3,226675,15:30,74.9,6,PELİTSIRTI,0.0672,0.0589883905218033,0.0603372608220166,12.35,geri_kurulan
2026-08-09 14:15,2026-08-09,ISTANBUL,1,30.0,3,3,226675,15:30,74.9,7,EFSANE HANIM,0.1343,0.090535984830322,0.0827961301279894,9.0,geri_kurulan
2026-08-09 14:15,2026-08-09,ISTANBUL,1,30.0,3,3,226675,15:30,74.9,8,CÜDA,0.0162,0.0345755003079593,0.0451615255243579,16.5,geri_kurulan
2026-08-09 14:15,2026-08-09,ISTANBUL,1,30.0,3,3,226675,15:30,74.9,9,CEMRE ATEŞİ,0.0241,0.0260744151835219,0.0312438226898073,23.85,geri_kurulan
2026-08-09 14:15,2026-08-09,ISTANBUL,1,30.0,3,3,226675,15:30,74.9,10,TÜRKÖREN,0.0922,0.3585115294854054,0.3725825855759527,2.0,geri_kurulan
2026-08-09 14:15,2026-08-09,ISTANBUL,1,30.0,3,3,226675,15:30,74.9,11,Bİ ANKA,0.0453,0.0179753520537955,0.0188410915588345,39.55,geri_kurulan
2026-08-09 14:15,2026-08-09,ISTANBUL,1,30.0,4,4,226668,16:00,104.9,1,BAYHAKAN,0.0488,0.0331870127212997,0.0402544983936201,18.45,geri_kurulan
2026-08-09 14:15,2026-08-09,ISTANBUL,1,30.0,4,4,226668,16:00,104.9,2,CANADIAN BOY,0.0385,0.0191044943524755,0.0237662558515933,31.25,geri_kurulan
2026-08-09 14:15,2026-08-09,ISTANBUL,1,30.0,4,4,226668,16:00,104.9,3,ECCELSO,0.1273,0.2268302443777886,0.2435067197909151,3.05,geri_kurulan
2026-08-09 14:15,2026-08-09,ISTANBUL,1,30.0,4,4,226668,16:00,104.9,4,EXTREME,0.0417,0.0159670461154376,0.0192408159420282,38.6,geri_kurulan
2026-08-09 14:15,2026-08-09,ISTANBUL,1,30.0,4,4,226668,16:00,104.9,5,KRAL ALİÇO,0.0705,0.0324602877872009,0.0357925539933634,20.75,geri_kurulan
2026-08-09 14:15,2026-08-09,ISTANBUL,1,30.0,4,4,226668,16:00,104.9,6,LAS WEGAS,0.0692,0.0182083207167461,0.0194422904545102,38.2,geri_kurulan
2026-08-09 14:15,2026-08-09,ISTANBUL,1,30.0,4,4,226668,16:00,104.9,7,MACAPA,0.0512,0.0302672940701343,0.0360531793865189,20.6,geri_kurulan
2026-08-09 14:15,2026-08-09,ISTANBUL,1,30.0,4,4,226668,16:00,104.9,8,SKY OF KHAN,0.107,0.034930282082794,0.034786674255845,21.35,geri_kurulan
2026-08-09 14:15,2026-08-09,ISTANBUL,1,30.0,4,4,226668,16:00,104.9,9,WARRIOR POINTE,0.165,0.1268031631240121,0.122759586010296,6.05,geri_kurulan
2026-08-09 14:15,2026-08-09,ISTANBUL,1,30.0,4,4,226668,16:00,104.9,10,CORAL REEFS,0.2806,0.4622418546521109,0.4243974259213092,1.75,geri_kurulan
2026-08-09 14:15,2026-08-09,ISTANBUL,1,30.0,5,5,226670,16:30,134.9,1,BRANDO,0.0539,0.025096464908785,0.0277542464222079,26.95,geri_kurulan
2026-08-09 14:15,2026-08-09,ISTANBUL,1,30.0,5,5,226670,16:30,134.9,2,ERSELE BEYİ,0.1108,0.1059385137066473,0.1068538487255006,7.0,geri_kurulan
2026-08-09 14:15,2026-08-09,ISTANBUL,1,30.0,5,5,226670,16:30,134.9,3,INVESTIGATOR,0.1238,0.2032755265531636,0.2077713725218068,3.6,geri_kurulan
2026-08-09 14:15,2026-08-09,ISTANBUL,1,30.0,5,5,226670,16:30,134.9,4,MİR EMRE,0.219,0.1832556201217886,0.1608552561459149,4.65,geri_kurulan
2026-08-09 14:15,2026-08-09,ISTANBUL,1,30.0,5,5,226670,16:30,134.9,5,PRANDELLO,0.1153,0.0522480084452452,0.0498651294052336,15.0,geri_kurulan
2026-08-09 14:15,2026-08-09,ISTANBUL,1,30.0,5,5,226670,16:30,134.9,6,SHADOW SOLDIER,0.0811,0.040244231202312,0.0413246928772654,18.1,geri_kurulan
2026-08-09 14:15,2026-08-09,ISTANBUL,1,30.0,5,5,226670,16:30,134.9,7,SUPER TOMO,0.0444,0.1302176918927211,0.168084705860338,4.45,geri_kurulan
2026-08-09 14:15,2026-08-09,ISTANBUL,1,30.0,5,5,226670,16:30,134.9,8,TURAMUN,0.0194,0.0169849978063105,0.0237830505907314,31.45,geri_kurulan
2026-08-09 14:15,2026-08-09,ISTANBUL,1,30.0,5,5,226670,16:30,134.9,9,WHIZBANG,0.2322,0.2427389453630263,0.2137076974510012,3.5,geri_kurulan
2026-08-09 14:15,2026-08-09,ISTANBUL,1,30.0,6,6,226671,17:00,164.9,1,JAZZ RUNNER,0.1046,0.0885785450085863,0.0970221569991413,7.65,geri_kurulan
2026-08-09 14:15,2026-08-09,ISTANBUL,1,30.0,6,6,226671,17:00,164.9,2,BROTHER LOVIE,0.1086,0.0384822670755402,0.0395850400556496,18.75,geri_kurulan
2026-08-09 14:15,2026-08-09,ISTANBUL,1,30.0,6,6,226671,17:00,164.9,3,GIRALAMO,0.0928,0.1040799284580384,0.118755120166949,6.25,geri_kurulan
2026-08-09 14:15,2026-08-09,ISTANBUL,1,30.0,6,6,226671,17:00,164.9,4,SNOW LEOPARD,0.0712,0.1140403569746568,0.1400414152912134,5.3,geri_kurulan
2026-08-09 14:15,2026-08-09,ISTANBUL,1,30.0,6,6,226671,17:00,164.9,5,TOLPER,0.0917,0.0492907000651484,0.0537840218147414,13.8,geri_kurulan
2026-08-09 14:15,2026-08-09,ISTANBUL,1,30.0,6,6,226671,17:00,164.9,6,TOUCH OF THUNDER,0.3504,0.5006603087791269,0.4498300006323826,1.65,geri_kurulan
2026-08-09 14:15,2026-08-09,ISTANBUL,1,30.0,6,6,226671,17:00,164.9,7,YAKARİ,0.1807,0.1048678936389027,0.1009822450399226,7.35,geri_kurulan
2026-08-09 15:15,2026-08-09,ISTANBUL,2,30.0,1,3,226675,15:30,14.9,1,IĞDIR KIZI,0.2242,0.1609468905101377,0.1344744733730956,5.55,geri_kurulan
2026-08-09 15:15,2026-08-09,ISTANBUL,2,30.0,1,3,226675,15:30,14.9,2,İMGE TAY,0.0857,0.0643099878854252,0.061936375702961,12.05,geri_kurulan
2026-08-09 15:15,2026-08-09,ISTANBUL,2,30.0,1,3,226675,15:30,14.9,3,ULU BEDEN,0.0972,0.0754254193974764,0.0714194571503043,10.45,geri_kurulan
2026-08-09 15:15,2026-08-09,ISTANBUL,2,30.0,1,3,226675,15:30,14.9,4,ÖZKEHRİBAR,0.1332,0.0693467719642926,0.0616804402661719,12.1,geri_kurulan
2026-08-09 15:15,2026-08-09,ISTANBUL,2,30.0,1,3,226675,15:30,14.9,5,ESENYIL,0.0804,0.0418007285236876,0.0400178727732268,18.65,geri_kurulan
2026-08-09 15:15,2026-08-09,ISTANBUL,2,30.0,1,3,226675,15:30,14.9,6,PELİTSIRTI,0.0672,0.052402697594453,0.0523742685768898,14.25,geri_kurulan
2026-08-09 15:15,2026-08-09,ISTANBUL,2,30.0,1,3,226675,15:30,14.9,7,EFSANE HANIM,0.1343,0.0747986613301022,0.0666369042161322,11.2,geri_kurulan
2026-08-09 15:15,2026-08-09,ISTANBUL,2,30.0,1,3,226675,15:30,14.9,8,CÜDA,0.0162,0.0267932257859363,0.0340015183244045,21.95,geri_kurulan
2026-08-09 15:15,2026-08-09,ISTANBUL,2,30.0,1,3,226675,15:30,14.9,9,CEMRE ATEŞİ,0.0241,0.151157774713278,0.1913675198001745,3.9,geri_kurulan
2026-08-09 15:15,2026-08-09,ISTANBUL,2,30.0,1,3,226675,15:30,14.9,10,TÜRKÖREN,0.0922,0.2516007175201841,0.2529943482104002,2.95,geri_kurulan
2026-08-09 15:15,2026-08-09,ISTANBUL,2,30.0,1,3,226675,15:30,14.9,11,Bİ ANKA,0.0453,0.0314171247750267,0.0330968216062386,22.55,geri_kurulan
2026-08-09 15:15,2026-08-09,ISTANBUL,2,30.0,2,4,226668,16:00,44.9,1,BAYHAKAN,0.0488,0.059337348072688,0.073698900256838,10.1,geri_kurulan
2026-08-09 15:15,2026-08-09,ISTANBUL,2,30.0,2,4,226668,16:00,44.9,2,CANADIAN BOY,0.0385,0.022051367429256,0.0273159226640023,27.25,geri_kurulan
2026-08-09 15:15,2026-08-09,ISTANBUL,2,30.0,2,4,226668,16:00,44.9,3,ECCELSO,0.1273,0.2078442918339225,0.2189290860570777,3.4,geri_kurulan
2026-08-09 15:15,2026-08-09,ISTANBUL,2,30.0,2,4,226668,16:00,44.9,4,EXTREME,0.0417,0.0204714975709527,0.0247295313154174,30.1,geri_kurulan
2026-08-09 15:15,2026-08-09,ISTANBUL,2,30.0,2,4,226668,16:00,44.9,5,KRAL ALİÇO,0.0705,0.0464380647069661,0.0516915897634766,14.4,geri_kurulan
2026-08-09 15:15,2026-08-09,ISTANBUL,2,30.0,2,4,226668,16:00,44.9,6,LAS WEGAS,0.0692,0.0175919911510963,0.0184933886358773,40.25,geri_kurulan
2026-08-09 15:15,2026-08-09,ISTANBUL,2,30.0,2,4,226668,16:00,44.9,7,MACAPA,0.0512,0.0339823049453012,0.0402356158158953,18.5,geri_kurulan
2026-08-09 15:15,2026-08-09,ISTANBUL,2,30.0,2,4,226668,16:00,44.9,8,SKY OF KHAN,0.107,0.040150454270464,0.0398052883740141,18.7,geri_kurulan
2026-08-09 15:15,2026-08-09,ISTANBUL,2,30.0,2,4,226668,16:00,44.9,9,WARRIOR POINTE,0.165,0.1383785794800179,0.1329212308203686,5.6,geri_kurulan
2026-08-09 15:15,2026-08-09,ISTANBUL,2,30.0,2,4,226668,16:00,44.9,10,CORAL REEFS,0.2806,0.413754100539335,0.3721794462970321,2.0,geri_kurulan
2026-08-09 15:15,2026-08-09,ISTANBUL,2,30.0,3,5,226670,16:30,74.9,1,BRANDO,0.0539,0.0384295570794495,0.0431904377354326,17.25,geri_kurulan
2026-08-09 15:15,2026-08-09,ISTANBUL,2,30.0,3,5,226670,16:30,74.9,2,ERSELE BEYİ,0.1108,0.1463266962452904,0.1490070101872428,5.0,geri_kurulan
2026-08-09 15:15,2026-08-09,ISTANBUL,2,30.0,3,5,226670,16:30,74.9,3,INVESTIGATOR,0.1238,0.2073500439093096,0.2098690284327363,3.55,geri_kurulan
2026-08-09 15:15,2026-08-09,ISTANBUL,2,30.0,3,5,226670,16:30,74.9,4,MİR EMRE,0.219,0.1523526638098045,0.13070790367302,5.7,geri_kurulan
2026-08-09 15:15,2026-08-09,ISTANBUL,2,30.0,3,5,226670,16:30,74.9,5,PRANDELLO,0.1153,0.0539526993553802,0.0510297980093297,14.6,geri_kurulan
2026-08-09 15:15,2026-08-09,ISTANBUL,2,30.0,3,5,226670,16:30,74.9,6,SHADOW SOLDIER,0.0811,0.0429743036077965,0.0438255912315419,17.0,geri_kurulan
2026-08-09 15:15,2026-08-09,ISTANBUL,2,30.0,3,5,226670,16:30,74.9,7,SUPER TOMO,0.0444,0.0898639274096984,0.1120353460054457,6.65,geri_kurulan
2026-08-09 15:15,2026-08-09,ISTANBUL,2,30.0,3,5,226670,16:30,74.9,8,TURAMUN,0.0194,0.0453210401494266,0.066819287079481,11.15,geri_kurulan
2026-08-09 15:15,2026-08-09,ISTANBUL,2,30.0,3,5,226670,16:30,74.9,9,WHIZBANG,0.2322,0.2234290684338438,0.1935155976457698,3.85,geri_kurulan
2026-08-09 15:15,2026-08-09,ISTANBUL,2,30.0,4,6,226671,17:00,104.9,1,JAZZ RUNNER,0.1046,0.0644844375749323,0.0692315068799236,10.8,geri_kurulan
2026-08-09 15:15,2026-08-09,ISTANBUL,2,30.0,4,6,226671,17:00,104.9,2,BROTHER LOVIE,0.1086,0.1088071873392328,0.1196320438885079,6.25,geri_kurulan
2026-08-09 15:15,2026-08-09,ISTANBUL,2,30.0,4,6,226671,17:00,104.9,3,GIRALAMO,0.0928,0.0899677910979144,0.1017279284766224,7.35,geri_kurulan
2026-08-09 15:15,2026-08-09,ISTANBUL,2,30.0,4,6,226671,17:00,104.9,4,SNOW LEOPARD,0.0712,0.0877976861873356,0.1060567764969042,7.05,geri_kurulan
2026-08-09 15:15,2026-08-09,ISTANBUL,2,30.0,4,6,226671,17:00,104.9,5,TOLPER,0.0917,0.0451731764193127,0.0490295261838147,15.25,geri_kurulan
2026-08-09 15:15,2026-08-09,ISTANBUL,2,30.0,4,6,226671,17:00,104.9,6,TOUCH OF THUNDER,0.3504,0.4414206446768686,0.3935264601595657,1.9,geri_kurulan
2026-08-09 15:15,2026-08-09,ISTANBUL,2,30.0,4,6,226671,17:00,104.9,7,YAKARİ,0.1807,0.1623490767044034,0.1607957579146612,4.65,geri_kurulan
2026-08-09 15:15,2026-08-09,ISTANBUL,2,30.0,5,7,226672,17:30,134.9,1,TORUN YUSUF,0.1907,0.1138136854141414,0.1054819074439605,7.05,geri_kurulan
2026-08-09 15:15,2026-08-09,ISTANBUL,2,30.0,5,7,226672,17:30,134.9,2,OTTOWA,0.5667,0.3916961050506341,0.2974589789919688,2.5,geri_kurulan
2026-08-09 15:15,2026-08-09,ISTANBUL,2,30.0,5,7,226672,17:30,134.9,3,QUEIMADA GRANDE,0.1019,0.0895831426861349,0.095954509352248,7.75,geri_kurulan
2026-08-09 15:15,2026-08-09,ISTANBUL,2,30.0,5,7,226672,17:30,134.9,4,OHRID INCISI,0.0632,0.1664046802875969,0.2094781542196963,3.55,geri_kurulan
2026-08-09 15:15,2026-08-09,ISTANBUL,2,30.0,5,7,226672,17:30,134.9,5,GRAND RAPIDS,0.0775,0.2385023865614925,0.2916264499921263,2.55,geri_kurulan
2026-08-09 15:15,2026-08-09,ISTANBUL,2,30.0,6,8,226673,18:00,164.9,1,FINALLY ITS TIME,0.1416,0.0387337543669848,0.0284579668765516,23.15,geri_kurulan
2026-08-09 15:15,2026-08-09,ISTANBUL,2,30.0,6,8,226673,18:00,164.9,2,KYLIE VOM ELBE,0.097,0.1309935135702749,0.1145742492508123,5.75,geri_kurulan
2026-08-09 15:15,2026-08-09,ISTANBUL,2,30.0,6,8,226673,18:00,164.9,3,ÇEVİK VAKTİ,0.0806,0.0613086783795296,0.0535611327798512,12.3,geri_kurulan
2026-08-09 15:15,2026-08-09,ISTANBUL,2,30.0,6,8,226673,18:00,164.9,4,DUYARLI,0.0667,0.0264609480629475,0.0229948318740722,28.65,geri_kurulan
2026-08-09 15:15,2026-08-09,ISTANBUL,2,30.0,6,8,226673,18:00,164.9,5,ARNAVUT KIZ,0.0382,0.1332751394799703,0.1480453782454316,4.45,geri_kurulan
2026-08-09 15:15,2026-08-09,ISTANBUL,2,30.0,6,8,226673,18:00,164.9,6,DEEP IRON,0.1211,0.0341919011827437,0.0259370839839437,25.4,geri_kurulan
2026-08-09 15:15,2026-08-09,ISTANBUL,2,30.0,6,8,226673,18:00,164.9,7,KINDNESS,0.0651,0.0407207371644947,0.036600107399565,18.0,geri_kurulan
2026-08-09 15:15,2026-08-09,ISTANBUL,2,30.0,6,8,226673,18:00,164.9,8,SULTANIM NERİMAN,0.1626,0.0739696314305595,0.05467235960101,12.05,geri_kurulan
2026-08-09 15:15,2026-08-09,ISTANBUL,2,30.0,6,8,226673,18:00,164.9,9,INTERVAL,0.0253,0.2245107331887632,0.2864356231270308,2.3,geri_kurulan
2026-08-09 15:15,2026-08-09,ISTANBUL,2,30.0,6,8,226673,18:00,164.9,10,MARISCAL,0.0792,0.0500349442075956,0.0433422324468533,15.2,geri_kurulan
2026-08-09 15:15,2026-08-09,ISTANBUL,2,30.0,6,8,226673,18:00,164.9,11,SARILAR KIZI,0.0247,0.0391626661591212,0.0449694152349604,14.65,geri_kurulan
2026-08-09 15:15,2026-08-09,ISTANBUL,2,30.0,6,8,226673,18:00,164.9,12,THE SPECIAL ONE,0.0804,0.1252235543414361,0.1145742492508123,5.75,geri_kurulan
2026-08-09 15:15,2026-08-09,ISTANBUL,2,30.0,6,8,226673,18:00,164.9,13,AGGRESIVE DANCE,0.0175,0.0214137984655782,0.0258353699291047,25.5,geri_kurulan
2026-08-09 17:30,2026-08-09,IZMIR,1,30.0,1,1,226676,17:45,14.1,1,DÖNEN DEVRAN,0.2131,0.2903567832458683,0.303811047318292,2.45,geri_kurulan
2026-08-09 17:30,2026-08-09,IZMIR,1,30.0,1,1,226676,17:45,14.1,2,ANKA ERÇELİK,0.5078,0.4657071333868071,0.4023443599620623,1.85,geri_kurulan
2026-08-09 17:30,2026-08-09,IZMIR,1,30.0,1,1,226676,17:45,14.1,3,ZEYTİN,0.1516,0.142196567463637,0.1550702220687115,4.8,geri_kurulan
2026-08-09 17:30,2026-08-09,IZMIR,1,30.0,1,1,226676,17:45,14.1,4,ALBAYRAĞIN AKKUŞU,0.0314,0.0203520185436231,0.0293046088948746,25.4,geri_kurulan
2026-08-09 17:30,2026-08-09,IZMIR,1,30.0,1,1,226676,17:45,14.1,5,SABIRLI TINAS,0.042,0.0308920980000177,0.0424123684290493,17.55,geri_kurulan
2026-08-09 17:30,2026-08-09,IZMIR,1,30.0,1,1,226676,17:45,14.1,6,THE BLACK SONYA,0.0541,0.0504953993600465,0.0670573933270104,11.1,geri_kurulan
2026-08-09 17:30,2026-08-09,IZMIR,1,30.0,2,2,226667,18:30,59.1,2,FINAL SHOT,0.2673,0.132673467160287,0.1226342503401239,6.1,geri_kurulan
2026-08-09 17:30,2026-08-09,IZMIR,1,30.0,2,2,226667,18:30,59.1,3,HAS TURBO,0.0855,0.0398320835205963,0.0456139589679729,16.4,geri_kurulan
2026-08-09 17:30,2026-08-09,IZMIR,1,30.0,2,2,226667,18:30,59.1,4,SPIDER,0.3838,0.5584877405871963,0.515909604879142,1.45,geri_kurulan
2026-08-09 17:30,2026-08-09,IZMIR,1,30.0,2,2,226667,18:30,59.1,6,SON OF DENİZ,0.2337,0.1804292194158035,0.1760162181352366,4.25,geri_kurulan
2026-08-09 17:30,2026-08-09,IZMIR,1,30.0,2,2,226667,18:30,59.1,7,KAFKASYA GÜLÜ,0.0297,0.0885774893161167,0.1398259676775244,5.35,geri_kurulan
2026-08-09 17:30,2026-08-09,IZMIR,1,30.0,3,3,226680,19:00,89.1,1,ALTIN DERYA,0.2425,0.0734288176249485,0.0623095093763712,12.0,geri_kurulan
2026-08-09 17:30,2026-08-09,IZMIR,1,30.0,3,3,226680,19:00,89.1,2,MERKÜT,0.0776,0.1003490831810455,0.106816301788065,7.0,geri_kurulan
2026-08-09 17:30,2026-08-09,IZMIR,1,30.0,3,3,226680,19:00,89.1,3,KRAL KARACA,0.1507,0.2873272154397238,0.2821562688741341,2.65,geri_kurulan
2026-08-09 17:30,2026-08-09,IZMIR,1,30.0,3,3,226680,19:00,89.1,4,RÜZGAR İZİ,0.1517,0.0711891479639548,0.0658778953758991,11.35,geri_kurulan
2026-08-09 17:30,2026-08-09,IZMIR,1,30.0,3,3,226680,19:00,89.1,5,ŞAHİN MELTEM,0.0573,0.084601534806169,0.0946473560147411,7.9,geri_kurulan
2026-08-09 17:30,2026-08-09,IZMIR,1,30.0,3,3,226680,19:00,89.1,6,ULU CİHAN,0.0567,0.0233432619939729,0.0247998047269139,30.15,geri_kurulan
2026-08-09 17:30,2026-08-09,IZMIR,1,30.0,3,3,226680,19:00,89.1,7,AMANKIZIM,0.0456,0.0499649716627284,0.057077413169195,13.1,geri_kurulan
2026-08-09 17:30,2026-08-09,IZMIR,1,30.0,3,3,226680,19:00,89.1,8,IŞIKLARLIM,0.1585,0.2573956962292805,0.2492380375054851,3.0,geri_kurulan
2026-08-09 17:30,2026-08-09,IZMIR,1,30.0,3,3,226680,19:00,89.1,9,LATİFE SULTAN,0.0594,0.0524002710981762,0.057077413169195,13.1,geri_kurulan
2026-08-09 18:30,2026-08-09,IZMIR,2,30.0,1,3,226680,19:00,29.1,1,ALTIN DERYA,0.2425,0.1374759659954336,0.121803894506925,6.1,geri_kurulan
2026-08-09 18:30,2026-08-09,IZMIR,2,30.0,1,3,226680,19:00,29.1,2,MERKÜT,0.0776,0.0526077601251645,0.0554480415292718,13.4,geri_kurulan
2026-08-09 18:30,2026-08-09,IZMIR,2,30.0,1,3,226680,19:00,29.1,3,KRAL KARACA,0.1507,0.1745846299126058,0.1708054612625846,4.35,geri_kurulan
2026-08-09 18:30,2026-08-09,IZMIR,2,30.0,1,3,226680,19:00,29.1,4,RÜZGAR İZİ,0.1517,0.1130341736749536,0.1084677016776997,6.85,geri_kurulan
2026-08-09 18:30,2026-08-09,IZMIR,2,30.0,1,3,226680,19:00,29.1,5,ŞAHİN MELTEM,0.0573,0.0758276639403232,0.0858963880337853,8.65,geri_kurulan
2026-08-09 18:30,2026-08-09,IZMIR,2,30.0,1,3,226680,19:00,29.1,6,ULU CİHAN,0.0567,0.0381650061898712,0.0420965301128749,17.65,geri_kurulan
2026-08-09 18:30,2026-08-09,IZMIR,2,30.0,1,3,226680,19:00,29.1,7,AMANKIZIM,0.0456,0.0398450673828786,0.0458644294131014,16.2,geri_kurulan
2026-08-09 18:30,2026-08-09,IZMIR,2,30.0,1,3,226680,19:00,29.1,8,IŞIKLARLIM,0.1585,0.3389805673801526,0.3377289802237467,2.2,geri_kurulan
2026-08-09 18:30,2026-08-09,IZMIR,2,30.0,1,3,226680,19:00,29.1,9,LATİFE SULTAN,0.0594,0.0294791653986165,0.0318885732400104,23.3,geri_kurulan
2026-08-09 17:30,2026-08-09,IZMIR,1,30.0,4,4,226681,19:30,119.1,1,ŞİFNE EFESİ,0.0278,0.094934279419129,0.1141119272754724,5.4,geri_kurulan
2026-08-09 17:30,2026-08-09,IZMIR,1,30.0,4,4,226681,19:30,119.1,2,HOLİGAN,0.0571,0.0798592179728325,0.083270865849669,7.4,geri_kurulan
2026-08-09 17:30,2026-08-09,IZMIR,1,30.0,4,4,226681,19:30,119.1,3,KAYALARIN ŞAHI,0.2275,0.1724725320716311,0.1433033505319886,4.3,geri_kurulan
2026-08-09 17:30,2026-08-09,IZMIR,1,30.0,4,4,226681,19:30,119.1,4,UZUN TAY,0.1111,0.0320494211898859,0.0283965164648641,21.7,geri_kurulan
2026-08-09 17:30,2026-08-09,IZMIR,1,30.0,4,4,226681,19:30,119.1,5,AYTEKİNBEY,0.1038,0.1497541307986561,0.1433033505319886,4.3,geri_kurulan
2026-08-09 17:30,2026-08-09,IZMIR,1,30.0,4,4,226681,19:30,119.1,6,FEHİMOĞLU,0.0399,0.0301284017013754,0.0322620108527513,19.1,geri_kurulan
2026-08-09 17:30,2026-08-09,IZMIR,1,30.0,4,4,226681,19:30,119.1,7,NEVERLAND,0.1374,0.2030753610669332,0.1867286082689548,3.3,geri_kurulan
2026-08-09 17:30,2026-08-09,IZMIR,1,30.0,4,4,226681,19:30,119.1,8,BABA ÇAKMAK,0.0214,0.0276985686011566,0.0332185664305957,18.55,geri_kurulan
2026-08-09 17:30,2026-08-09,IZMIR,1,30.0,4,4,226681,19:30,119.1,9,ŞAMPİYON GÜMBÜR,0.0453,0.0224692582823567,0.0232092055475537,26.55,geri_kurulan
2026-08-09 17:30,2026-08-09,IZMIR,1,30.0,4,4,226681,19:30,119.1,10,SUADİYE BEYİ,0.0479,0.0717938113252153,0.0770255509109438,8.0,geri_kurulan
2026-08-09 17:30,2026-08-09,IZMIR,1,30.0,4,4,226681,19:30,119.1,11,BODRUM AĞASI,0.0128,0.0210243756431856,0.027447857785637,22.45,geri_kurulan
2026-08-09 17:30,2026-08-09,IZMIR,1,30.0,4,4,226681,19:30,119.1,12,GERARD,0.1281,0.0369813421062495,0.0320939795462266,19.2,geri_kurulan
2026-08-09 17:30,2026-08-09,IZMIR,1,30.0,4,4,226681,19:30,119.1,13,ASEL SULTAN,0.0123,0.0040497430661315,0.0049734011887615,123.9,geri_kurulan
2026-08-09 17:30,2026-08-09,IZMIR,1,30.0,4,4,226681,19:30,119.1,14,HASTORAMAN,0.018,0.026106582435079,0.0322620108527513,19.1,geri_kurulan
2026-08-09 17:30,2026-08-09,IZMIR,1,30.0,4,4,226681,19:30,119.1,15,ALAVARA,0.0097,0.0276029743201822,0.0383927979618411,16.05,geri_kurulan
2026-08-09 18:30,2026-08-09,IZMIR,2,30.0,2,4,226681,19:30,59.1,1,ŞİFNE EFESİ,0.0278,0.1130021513480638,0.1378935066029072,4.55,geri_kurulan
2026-08-09 18:30,2026-08-09,IZMIR,2,30.0,2,4,226681,19:30,59.1,2,HOLİGAN,0.0571,0.044962115477134,0.0461334893414138,13.6,geri_kurulan
2026-08-09 18:30,2026-08-09,IZMIR,2,30.0,2,4,226681,19:30,59.1,3,KAYALARIN ŞAHI,0.2275,0.1451252669217298,0.1206568182775437,5.2,geri_kurulan
2026-08-09 18:30,2026-08-09,IZMIR,2,30.0,2,4,226681,19:30,59.1,4,UZUN TAY,0.1111,0.0610701262883705,0.056019237057431,11.2,geri_kurulan
2026-08-09 18:30,2026-08-09,IZMIR,2,30.0,2,4,226681,19:30,59.1,5,AYTEKİNBEY,0.1038,0.1260090980502359,0.1206568182775437,5.2,geri_kurulan
2026-08-09 18:30,2026-08-09,IZMIR,2,30.0,2,4,226681,19:30,59.1,6,FEHİMOĞLU,0.0399,0.0357420192895701,0.0388492541822432,16.15,geri_kurulan
2026-08-09 18:30,2026-08-09,IZMIR,2,30.0,2,4,226681,19:30,59.1,7,NEVERLAND,0.1374,0.2784097299610272,0.2614231062680116,2.4,geri_kurulan
2026-08-09 18:30,2026-08-09,IZMIR,2,30.0,2,4,226681,19:30,59.1,8,BABA ÇAKMAK,0.0214,0.0162314839219568,0.019187016973799,32.7,geri_kurulan
2026-08-09 18:30,2026-08-09,IZMIR,2,30.0,2,4,226681,19:30,59.1,9,ŞAMPİYON GÜMBÜR,0.0453,0.0146932221553161,0.0150279150908557,41.75,geri_kurulan
2026-08-09 18:30,2026-08-09,IZMIR,2,30.0,2,4,226681,19:30,59.1,10,SUADİYE BEYİ,0.0479,0.048928557999938,0.0520676726176952,12.05,geri_kurulan
2026-08-09 18:30,2026-08-09,IZMIR,2,30.0,2,4,226681,19:30,59.1,11,BODRUM AĞASI,0.0128,0.019993342180377,0.0262516926796329,23.9,geri_kurulan
2026-08-09 18:30,2026-08-09,IZMIR,2,30.0,2,4,226681,19:30,59.1,12,GERARD,0.1281,0.0438317895141128,0.038610181848814,16.25,geri_kurulan
2026-08-09 18:30,2026-08-09,IZMIR,2,30.0,2,4,226681,19:30,59.1,13,ASEL SULTAN,0.0123,0.0038055231895056,0.0046979816925737,133.55,geri_kurulan
2026-08-09 18:30,2026-08-09,IZMIR,2,30.0,2,4,226681,19:30,59.1,14,HASTORAMAN,0.018,0.0309708421385244,0.0388492541822432,16.15,geri_kurulan
2026-08-09 18:30,2026-08-09,IZMIR,2,30.0,2,4,226681,19:30,59.1,15,ALAVARA,0.0097,0.0172247315641372,0.0236760549072916,26.5,geri_kurulan
2026-08-09 17:30,2026-08-09,IZMIR,1,30.0,5,5,226677,20:00,149.1,1,ROSİLDA,0.0704,0.082034182797983,0.0863307353729226,8.65,geri_kurulan
2026-08-09 17:30,2026-08-09,IZMIR,1,30.0,5,5,226677,20:00,149.1,2,STORM BELLE,0.158,0.2574176606672069,0.2370669399923113,3.15,geri_kurulan
2026-08-09 17:30,2026-08-09,IZMIR,1,30.0,5,5,226677,20:00,149.1,3,DREAM FOR VICTORY,0.1833,0.138014351392288,0.1176001355867371,6.35,geri_kurulan
2026-08-09 17:30,2026-08-09,IZMIR,1,30.0,5,5,226677,20:00,149.1,4,MAMMA LUNA,0.1641,0.0375569840936719,0.0302945582545955,24.65,geri_kurulan
2026-08-09 17:30,2026-08-09,IZMIR,1,30.0,5,5,226677,20:00,149.1,5,PİYASA,0.05,0.0675244446791393,0.0765908575359775,9.75,geri_kurulan
2026-08-09 17:30,2026-08-09,IZMIR,1,30.0,5,5,226677,20:00,149.1,6,FREYDIS,0.0872,0.1019480185170988,0.1030014980656249,7.25,geri_kurulan
2026-08-09 17:30,2026-08-09,IZMIR,1,30.0,5,5,226677,20:00,149.1,7,NOOR IRON,0.0153,0.0157510962756914,0.0220283439815864,33.9,geri_kurulan
2026-08-09 17:30,2026-08-09,IZMIR,1,30.0,5,5,226677,20:00,149.1,8,SONANDA,0.1665,0.1720789156935843,0.152400175709343,4.9,geri_kurulan
2026-08-09 17:30,2026-08-09,IZMIR,1,30.0,5,5,226677,20:00,149.1,9,MANEKİ NEKO,0.0448,0.0319737183676773,0.0355600409988467,21.0,geri_kurulan
2026-08-09 17:30,2026-08-09,IZMIR,1,30.0,5,5,226677,20:00,149.1,10,DARK RİSHA,0.0143,0.0401922577842385,0.0607122651199821,12.3,geri_kurulan
2026-08-09 17:30,2026-08-09,IZMIR,1,30.0,5,5,226677,20:00,149.1,11,OJO TURCO,0.0122,0.0350811826692239,0.054707755382841,13.65,geri_kurulan
2026-08-09 17:30,2026-08-09,IZMIR,1,30.0,5,5,226677,20:00,149.1,12,SAĞLICAK,0.0339,0.0204271870621962,0.0237066939992311,31.5,geri_kurulan
2026-08-09 17:30,2026-08-09,IZMIR,1,30.0,6,6,226678,20:30,179.1,1,BUCALI BERAT,0.1692,0.2603962199903311,0.2448511927807534,3.05,geri_kurulan
2026-08-09 17:30,2026-08-09,IZMIR,1,30.0,6,6,226678,20:30,179.1,2,FEBRİS,0.2168,0.0759603296933921,0.0619747832349624,12.05,geri_kurulan
2026-08-09 17:30,2026-08-09,IZMIR,1,30.0,6,6,226678,20:30,179.1,3,ICE BEAR,0.2443,0.1691775584979639,0.1409049316945845,5.3,geri_kurulan
2026-08-09 17:30,2026-08-09,IZMIR,1,30.0,6,6,226678,20:30,179.1,4,MUCHACHO,0.0839,0.1320728543406901,0.1422468834250091,5.25,geri_kurulan
2026-08-09 17:30,2026-08-09,IZMIR,1,30.0,6,6,226678,20:30,179.1,5,MUĞLALI ADNAN,0.1182,0.1038510319213973,0.1009183970244996,7.4,geri_kurulan
2026-08-09 17:30,2026-08-09,IZMIR,1,30.0,6,6,226678,20:30,179.1,6,FLASH BOY,0.0724,0.0884003722866536,0.0963607919975868,7.75,geri_kurulan
2026-08-09 17:30,2026-08-09,IZMIR,1,30.0,6,6,226678,20:30,179.1,7,MANCUNIAN BEDİİ,0.0231,0.0754706649471898,0.1090213340118683,6.85,geri_kurulan
2026-08-09 17:30,2026-08-09,IZMIR,1,30.0,6,6,226678,20:30,179.1,8,MÜNÜRTOR,0.0722,0.0946709683223818,0.1037216858307358,7.2,geri_kurulan
2026-08-09 18:30,2026-08-09,IZMIR,2,30.0,3,5,226677,20:00,89.1,1,ROSİLDA,0.0704,0.0780472308862876,0.0826225946008454,9.05,geri_kurulan
2026-08-09 18:30,2026-08-09,IZMIR,2,30.0,3,5,226677,20:00,89.1,2,STORM BELLE,0.158,0.2378358093459672,0.2199219062169562,3.4,geri_kurulan
2026-08-09 18:30,2026-08-09,IZMIR,2,30.0,3,5,226677,20:00,89.1,3,DREAM FOR VICTORY,0.1833,0.1893777506215065,0.1661632180305891,4.5,geri_kurulan
2026-08-09 18:30,2026-08-09,IZMIR,2,30.0,3,5,226677,20:00,89.1,4,MAMMA LUNA,0.1641,0.046583418442709,0.0384439321921671,19.45,geri_kurulan
2026-08-09 18:30,2026-08-09,IZMIR,2,30.0,3,5,226677,20:00,89.1,5,PİYASA,0.05,0.0826748850378173,0.0958633950176476,7.8,geri_kurulan
2026-08-09 18:30,2026-08-09,IZMIR,2,30.0,3,5,226677,20:00,89.1,6,FREYDIS,0.0872,0.1032121521099775,0.1053147156531903,7.1,geri_kurulan
2026-08-09 18:30,2026-08-09,IZMIR,2,30.0,3,5,226677,20:00,89.1,7,NOOR IRON,0.0153,0.0111557247041737,0.0154013281387775,48.55,geri_kurulan
2026-08-09 18:30,2026-08-09,IZMIR,2,30.0,3,5,226677,20:00,89.1,8,SONANDA,0.1665,0.1348804560725449,0.1186880128789922,6.3,geri_kurulan
2026-08-09 18:30,2026-08-09,IZMIR,2,30.0,3,5,226677,20:00,89.1,9,MANEKİ NEKO,0.0448,0.0248029627096186,0.0273895414336135,27.3,geri_kurulan
2026-08-09 18:30,2026-08-09,IZMIR,2,30.0,3,5,226677,20:00,89.1,10,DARK RİSHA,0.0143,0.038860222258697,0.0591094451492214,12.65,geri_kurulan
2026-08-09 18:30,2026-08-09,IZMIR,2,30.0,3,5,226677,20:00,89.1,11,OJO TURCO,0.0122,0.0240927179963925,0.0370165584721609,20.2,geri_kurulan
2026-08-09 18:30,2026-08-09,IZMIR,2,30.0,3,5,226677,20:00,89.1,12,SAĞLICAK,0.0339,0.0284766698143077,0.0340653522158383,21.95,geri_kurulan
2026-08-09 18:30,2026-08-09,IZMIR,2,30.0,4,6,226678,20:30,119.1,1,BUCALI BERAT,0.1692,0.2659700869903337,0.2531810476515696,2.95,geri_kurulan
2026-08-09 18:30,2026-08-09,IZMIR,2,30.0,4,6,226678,20:30,119.1,2,FEBRİS,0.2168,0.0913168915977648,0.0762126623032786,9.8,geri_kurulan
2026-08-09 18:30,2026-08-09,IZMIR,2,30.0,4,6,226678,20:30,119.1,3,ICE BEAR,0.2443,0.1576977494339947,0.1321918744375452,5.65,geri_kurulan
2026-08-09 18:30,2026-08-09,IZMIR,2,30.0,4,6,226678,20:30,119.1,4,MUCHACHO,0.0839,0.1039541807936669,0.1114752373988254,6.7,geri_kurulan
2026-08-09 18:30,2026-08-09,IZMIR,2,30.0,4,6,226678,20:30,119.1,5,MUĞLALI ADNAN,0.1182,0.1041247831902347,0.1023128891194699,7.3,geri_kurulan
2026-08-09 18:30,2026-08-09,IZMIR,2,30.0,4,6,226678,20:30,119.1,6,FLASH BOY,0.0724,0.1284954840846334,0.1450260370042971,5.15,geri_kurulan
2026-08-09 18:30,2026-08-09,IZMIR,2,30.0,4,6,226678,20:30,119.1,7,MANCUNIAN BEDİİ,0.0231,0.047458354862877,0.0672868550064982,11.1,geri_kurulan
2026-08-09 18:30,2026-08-09,IZMIR,2,30.0,4,6,226678,20:30,119.1,8,MÜNÜRTOR,0.0722,0.1009824690464945,0.1123133970785158,6.65,geri_kurulan
2026-08-09 18:30,2026-08-09,IZMIR,2,30.0,6,8,226679,21:30,179.1,2,NOBEL STAR,0.0684,0.0337589695086995,0.0302676897204704,24.7,geri_kurulan
2026-08-09 18:30,2026-08-09,IZMIR,2,30.0,6,8,226679,21:30,179.1,3,RAMONA,0.0955,0.0300891897831685,0.0245924978978822,30.4,geri_kurulan
2026-08-09 18:30,2026-08-09,IZMIR,2,30.0,6,8,226679,21:30,179.1,4,MERCİA,0.0507,0.0368428372364133,0.0358566875825237,20.85,geri_kurulan
2026-08-09 18:30,2026-08-09,IZMIR,2,30.0,6,8,226679,21:30,179.1,5,SABALENKA,0.0661,0.0657402542163512,0.0620424843232879,12.05,geri_kurulan
2026-08-09 18:30,2026-08-09,IZMIR,2,30.0,6,8,226679,21:30,179.1,6,THE EAGLE,0.0477,0.0398181582261014,0.0395561870950063,18.9,geri_kurulan
2026-08-09 18:30,2026-08-09,IZMIR,2,30.0,6,8,226679,21:30,179.1,7,DRAGON OF SONG,0.1271,0.0793888325100709,0.0641726983773064,11.65,geri_kurulan
2026-08-09 18:30,2026-08-09,IZMIR,2,30.0,6,8,226679,21:30,179.1,8,GULAZER,0.0454,0.1441160215761842,0.1573919865464462,4.75,geri_kurulan
2026-08-09 18:30,2026-08-09,IZMIR,2,30.0,6,8,226679,21:30,179.1,9,DEDİYDİM,0.0655,0.0723943729991398,0.0689043259074304,10.85,geri_kurulan
2026-08-09 18:30,2026-08-09,IZMIR,2,30.0,6,8,226679,21:30,179.1,10,GRAY EMPRESS,0.23,0.1359201310434412,0.0977270504700156,7.65,geri_kurulan
2026-08-09 18:30,2026-08-09,IZMIR,2,30.0,6,8,226679,21:30,179.1,11,AVENGING,0.0784,0.0869328251916083,0.0799584958391037,9.35,geri_kurulan
2026-08-09 18:30,2026-08-09,IZMIR,2,30.0,6,8,226679,21:30,179.1,12,BY MUTLU,0.0244,0.0640839764635429,0.0778762433432937,9.6,geri_kurulan
2026-08-09 18:30,2026-08-09,IZMIR,2,30.0,6,8,226679,21:30,179.1,13,NEW ARTİST,0.015,0.0275050893069592,0.0358566875825237,20.85,geri_kurulan
2026-08-09 18:30,2026-08-09,IZMIR,2,30.0,6,8,226679,21:30,179.1,14,PRENSES DALAKA,0.0324,0.0418253411544614,0.046006888375115,16.25,geri_kurulan
2026-08-09 18:30,2026-08-09,IZMIR,2,30.0,6,8,226679,21:30,179.1,15,MEDGIDIA,0.0158,0.0171145148340378,0.0213603410313034,35.0,geri_kurulan
2026-08-09 18:30,2026-08-09,IZMIR,2,30.0,6,8,226679,21:30,179.1,16,PAREZKAR,0.0249,0.0909381991664187,0.1124228475331759,6.65,geri_kurulan
2026-08-09 18:30,2026-08-09,IZMIR,2,30.0,6,8,226679,21:30,179.1,17,TRUE REFLECTION,0.0129,0.033531286783401,0.046006888375115,16.25,geri_kurulan
2026-08-10 13:00,2026-08-10,BURSA,1,30.0,1,1,226696,13:30,29.5,1,MY BOY GÖKSU,0.1109501469156376,0.1181601526210827,0.1167079927858887,6.4,canli
2026-08-10 13:00,2026-08-10,BURSA,1,30.0,1,1,226696,13:30,29.5,2,FEEL THE BEAT,0.1985212526967507,0.1969249762351788,0.1737049194952762,4.3,canli
2026-08-10 13:00,2026-08-10,BURSA,1,30.0,1,1,226696,13:30,29.5,3,RED SMOKE,0.1810101718446909,0.0912009606071941,0.0782126862648887,9.55,canli
2026-08-10 13:00,2026-08-10,BURSA,1,30.0,1,1,226696,13:30,29.5,4,TI VOGLIO BENE,0.1029761043217995,0.1436169041435391,0.1464570889862133,5.1,canli
2026-08-10 13:00,2026-08-10,BURSA,1,30.0,1,1,226696,13:30,29.5,5,SILENT TOUCH,0.1410648803943752,0.1008915113159778,0.0927864787366071,8.05,canli
2026-08-10 13:00,2026-08-10,BURSA,1,30.0,1,1,226696,13:30,29.5,6,STORMER,0.0614390785914269,0.0600293144310868,0.0658089122316905,11.35,canli
2026-08-10 13:00,2026-08-10,BURSA,1,30.0,1,1,226696,13:30,29.5,7,ESTOCADE,0.0767475954780355,0.1159218687978174,0.1255346477024685,5.95,canli
2026-08-10 13:00,2026-08-10,BURSA,1,30.0,1,1,226696,13:30,29.5,8,LA PUERTA,0.0750004077281983,0.1143894615438058,0.1244885256382812,6.0,canli
2026-08-10 13:00,2026-08-10,BURSA,1,30.0,1,1,226696,13:30,29.5,9,SENSHI AMAZON,0.0279865882037159,0.0332854725346004,0.0428040775833632,17.45,canli
2026-08-10 13:00,2026-08-10,BURSA,1,30.0,1,1,226696,13:30,29.5,10,SHADOW MASTER,0.0243037738253692,0.0255793777697167,0.0334946705753223,22.3,canli
2026-08-10 13:00,2026-08-10,BURSA,1,30.0,2,2,226699,14:00,59.5,1,GHOST COMMANDER,0.2109035743002202,0.2116280433065608,0.1818941802102266,4.1,canli
2026-08-10 13:00,2026-08-10,BURSA,1,30.0,2,2,226699,14:00,59.5,2,BRUSK SHOT,0.0803046324981456,0.0550808497454629,0.0552419362119947,13.5,canli
2026-08-10 13:00,2026-08-10,BURSA,1,30.0,2,2,226699,14:00,59.5,3,ERDUMAN,0.1502296524849543,0.2658292100421787,0.2528020809701454,2.95,canli
2026-08-10 13:00,2026-08-10,BURSA,1,30.0,2,2,226699,14:00,59.5,4,YAMATAİ,0.0359434791435839,0.005228374810546,0.0054896292886413,135.85,canli
2026-08-10 13:00,2026-08-10,BURSA,1,30.0,2,2,226699,14:00,59.5,5,MERT EFENDİ,0.074859809426238,0.0749307904590208,0.0780906951687883,9.55,canli
2026-08-10 13:00,2026-08-10,BURSA,1,30.0,2,2,226699,14:00,59.5,6,SOLİDO HERMANOS,0.091527604635327,0.0408427317479151,0.0388419863990588,19.2,canli
2026-08-10 13:00,2026-08-10,BURSA,1,30.0,2,2,226699,14:00,59.5,7,AFTER BURNER,0.036482786638686,0.0403733582614814,0.048426372653372,15.4,canli
2026-08-10 13:00,2026-08-10,BURSA,1,30.0,2,2,226699,14:00,59.5,8,KAVALA GÜCÜ,0.0672525972577286,0.0977361185215672,0.1065380198374184,7.0,canli
2026-08-10 13:00,2026-08-10,BURSA,1,30.0,2,2,226699,14:00,59.5,9,ROZERYA,0.0100877379915945,0.0181175216717554,0.0285187816008385,26.15,canli
2026-08-10 13:00,2026-08-10,BURSA,1,30.0,2,2,226699,14:00,59.5,10,DRAGON BORA,0.1359077099282166,0.0769218694475441,0.0690524202649934,10.8,canli
2026-08-10 13:00,2026-08-10,BURSA,1,30.0,2,2,226699,14:00,59.5,11,MODİGLİANİ,0.0557727976196816,0.0397161718819759,0.0427373145479615,17.45,canli
2026-08-10 13:00,2026-08-10,BURSA,1,30.0,2,2,226699,14:00,59.5,12,GO BEAUTY,0.0101487585891717,0.0121110380518473,0.0185283512760727,40.25,canli
2026-08-10 13:00,2026-08-10,BURSA,1,30.0,2,2,226699,14:00,59.5,13,DESERT POINT,0.0405788594864514,0.0614839220521437,0.073838231570488,10.1,canli
2026-08-10 13:00,2026-08-10,BURSA,1,30.0,3,3,226698,14:30,89.5,1,SUN OF THE GÖKSU,0.1392418224386239,0.0786703721886093,0.0783366453393931,9.5,canli
2026-08-10 13:00,2026-08-10,BURSA,1,30.0,3,3,226698,14:30,89.5,2,PAPA RUNNER,0.1849616160255188,0.1347229779184302,0.1294257618650842,5.75,canli
2026-08-10 13:00,2026-08-10,BURSA,1,30.0,3,3,226698,14:30,89.5,3,ALPS FIRE,0.1689149500230484,0.1592806448181549,0.1583400278136669,4.7,canli
2026-08-10 13:00,2026-08-10,BURSA,1,30.0,3,3,226698,14:30,89.5,4,MAEGELLE,0.1245883237084285,0.0894880781286037,0.0924469727607744,8.05,canli
2026-08-10 13:00,2026-08-10,BURSA,1,30.0,3,3,226698,14:30,89.5,5,SENKRON,0.1372710155671734,0.1850572039465355,0.1958416133484827,3.8,canli
2026-08-10 13:00,2026-08-10,BURSA,1,30.0,3,3,226698,14:30,89.5,6,GOLDEN SNOW,0.238239969319241,0.3446971774327041,0.3307547247663264,2.25,canli
2026-08-10 13:00,2026-08-10,BURSA,1,30.0,3,3,226698,14:30,89.5,7,HOLY BEERY,0.0067823029179658,0.0080835455669623,0.0148542541062721,50.1,canli
2026-08-10 13:00,2026-08-10,BURSA,1,30.0,4,4,226695,15:00,119.5,1,HAVASUPAI,0.2172639779901808,0.0804009918486135,0.066272451544707,11.15,canli
2026-08-10 13:00,2026-08-10,BURSA,1,30.0,4,4,226695,15:00,119.5,2,HAWK,0.1492669912846602,0.4820391748340268,0.492625223148989,1.5,canli
2026-08-10 13:00,2026-08-10,BURSA,1,30.0,4,4,226695,15:00,119.5,3,I LOVE SPEED,0.1318359311755082,0.1237844668199573,0.1191835217295941,6.2,canli
2026-08-10 13:00,2026-08-10,BURSA,1,30.0,4,4,226695,15:00,119.5,4,İZOL ASLANI,0.0599939142499033,0.1084381961390159,0.126314159781792,5.85,canli
2026-08-10 13:00,2026-08-10,BURSA,1,30.0,4,4,226695,15:00,119.5,5,REBEL HOOF,0.3274286391656743,0.0941718017660867,0.0707117545189936,10.45,canli
2026-08-10 13:00,2026-08-10,BURSA,1,30.0,4,4,226695,15:00,119.5,6,KING BALDWIN,0.0633011863040683,0.0741166526360772,0.0830267230026386,8.9,canli
2026-08-10 13:00,2026-08-10,BURSA,1,30.0,4,4,226695,15:00,119.5,7,GREENLIFE,0.0509093598300046,0.0370487159562224,0.0418661662732851,17.65,canli
2026-08-10 13:00,2026-08-10,BURSA,1,30.0,5,5,226701,15:30,149.5,1,KÖYCÜ BEY,0.0842776118875681,0.0214190347908133,0.0192932055653335,38.75,canli
2026-08-10 13:00,2026-08-10,BURSA,1,30.0,5,5,226701,15:30,149.5,2,EFE METE BEY,0.066621920984344,0.2002851516760555,0.2048251275771712,3.65,canli
2026-08-10 13:00,2026-08-10,BURSA,1,30.0,5,5,226701,15:30,149.5,3,AFŞINTAY,0.028829110293102,0.0190821914594376,0.0208248388762305,35.9,canli
2026-08-10 13:00,2026-08-10,BURSA,1,30.0,5,5,226701,15:30,149.5,4,FUNDO,0.0884664197651161,0.2133728916470065,0.2076699210157431,3.6,canli
2026-08-10 13:00,2026-08-10,BURSA,1,30.0,5,5,226701,15:30,149.5,5,BARBUDA,0.0488680271604568,0.0624786086447795,0.064728287069842,11.55,canli
2026-08-10 13:00,2026-08-10,BURSA,1,30.0,5,5,226701,15:30,149.5,6,SAFDERUN OĞLU,0.010356715281822,0.0386832458609471,0.0522805395564108,14.3,canli
2026-08-10 13:00,2026-08-10,BURSA,1,30.0,5,5,226701,15:30,149.5,7,AĞA TALİP,0.0791868019658942,0.0627968815905153,0.059570654633998,12.55,canli
2026-08-10 13:00,2026-08-10,BURSA,1,30.0,5,5,226701,15:30,149.5,8,EL FURAT,0.0410227361757148,0.0256705243172376,0.0265581426521021,28.15,canli
2026-08-10 13:00,2026-08-10,BURSA,1,30.0,5,5,226701,15:30,149.5,9,POWER OF QUATRO,0.225024050575776,0.1423335113439066,0.1150171870241038,6.5,canli
2026-08-10 13:00,2026-08-10,BURSA,1,30.0,5,5,226701,15:30,149.5,10,ZAGROS ASLANI,0.0529899554880765,0.0157100284825783,0.0152263078545147,49.1,canli
2026-08-10 13:00,2026-08-10,BURSA,1,30.0,5,5,226701,15:30,149.5,11,YEK GÜLÜM,0.1061530437823074,0.0251271191306463,0.0218280792892459,34.25,canli
2026-08-10 13:00,2026-08-10,BURSA,1,30.0,5,5,226701,15:30,149.5,12,KAŞMİR TAY,0.1076243638291823,0.0386750150368801,0.0340597592554293,21.95,canli
2026-08-10 13:00,2026-08-10,BURSA,1,30.0,5,5,226701,15:30,149.5,13,GİDEROS,0.0294815213378423,0.1074408534413253,0.1246019526094458,6.0,canli
2026-08-10 13:00,2026-08-10,BURSA,1,30.0,5,5,226701,15:30,149.5,14,ÖN BİRLİK,0.0174529948938864,0.0031756707226566,0.0035515995993191,210.5,canli
2026-08-10 13:00,2026-08-10,BURSA,1,30.0,5,5,226701,15:30,149.5,15,HÜMA YAPRAK,0.0136447265789102,0.0237492718552137,0.0299643974211092,24.95,canli
2026-08-10 13:00,2026-08-10,BURSA,1,30.0,6,6,226684,16:00,179.5,1,DEEP OF ANCESTOR,0.0889898131132891,0.0763667219052624,0.0709977478541895,9.6,canli
2026-08-10 13:00,2026-08-10,BURSA,1,30.0,6,6,226684,16:00,179.5,2,SENSEİ BAHA,0.0386073275178099,0.1004509025432948,0.1175135136896931,5.8,canli
2026-08-10 13:00,2026-08-10,BURSA,1,30.0,6,6,226684,16:00,179.5,3,SOSAN,0.0565601279052568,0.0304243381179082,0.0298283754660927,22.85,canli
2026-08-10 13:00,2026-08-10,BURSA,1,30.0,6,6,226684,16:00,179.5,4,BABA ZÜLKÜF,0.0451313207511044,0.0307324061254845,0.0319240458735465,21.35,canli
2026-08-10 13:00,2026-08-10,BURSA,1,30.0,6,6,226684,16:00,179.5,5,MR EKO,0.0127591510516692,0.0226233086908267,0.0317013199721032,21.5,canli
2026-08-10 13:00,2026-08-10,BURSA,1,30.0,6,6,226684,16:00,179.5,6,RUS FARUK,0.1855988210899971,0.1084973007397866,0.0857331294843043,7.95,canli
2026-08-10 13:00,2026-08-10,BURSA,1,30.0,6,6,226684,16:00,179.5,7,SINIR KARTALI,0.0136456685351998,0.0147968727344246,0.0198133249825645,34.4,canli
2026-08-10 13:00,2026-08-10,BURSA,1,30.0,6,6,226684,16:00,179.5,8,WELLERMAN,0.0236097763423886,0.0094044505961315,0.010633048040565,64.1,canli
2026-08-10 13:00,2026-08-10,BURSA,1,30.0,6,6,226684,16:00,179.5,9,FINALLY IDYLL,0.0337238914198482,0.0723890671111357,0.0857331294843043,7.95,canli
2026-08-10 13:00,2026-08-10,BURSA,1,30.0,6,6,226684,16:00,179.5,10,LIFE AND LIGHT,0.059163328298046,0.0258941514296153,0.0248298134572029,27.45,canli
2026-08-10 13:00,2026-08-10,BURSA,1,30.0,6,6,226684,16:00,179.5,11,BALABAN SÜMBÜLÜ,0.0339545046740114,0.0289162476254423,0.0321499235566141,21.2,canli
2026-08-10 13:00,2026-08-10,BURSA,1,30.0,6,6,226684,16:00,179.5,12,BOREAL,0.218646007865113,0.2856462371341986,0.2310435184407525,2.95,canli
2026-08-10 13:00,2026-08-10,BURSA,1,30.0,6,6,226684,16:00,179.5,13,BRILLIANCE,0.0177129175258975,0.0366805331412881,0.0488586651899799,13.95,canli
2026-08-10 13:00,2026-08-10,BURSA,1,30.0,6,6,226684,16:00,179.5,14,LITTLE STONE,0.0438701855583084,0.017008119173119,0.0171035979774208,39.85,canli
2026-08-10 13:00,2026-08-10,BURSA,1,30.0,6,6,226684,16:00,179.5,15,MADAM FREYA,0.0196439133931277,0.0033897995470342,0.0037500873694647,181.75,canli
2026-08-10 13:00,2026-08-10,BURSA,1,30.0,6,6,226684,16:00,179.5,16,MS EVDOXIA,0.0061262843232918,0.0094342297546887,0.015012739634366,45.4,canli
2026-08-10 13:00,2026-08-10,BURSA,1,30.0,6,6,226684,16:00,179.5,17,PERSIAN JADE,0.0214638112001817,0.0235478647175157,0.0290033352936263,23.5,canli
2026-08-10 13:00,2026-08-10,BURSA,1,30.0,6,6,226684,16:00,179.5,18,QUEEN ASEL,0.0449629387838598,0.0761563581333257,0.0841454789382987,8.1,canli
2026-08-10 13:00,2026-08-10,BURSA,1,30.0,6,6,226684,16:00,179.5,19,SUDEM,0.0358302106515988,0.0276410907795166,0.0302252052949099,22.55,canli
2026-08-10 15:01,2026-08-10,BURSA,2,30.0,1,5,226701,15:30,29.0,1,KÖYCÜ BEY,0.0842776118875681,0.0501608859819017,0.0476117167211143,15.7,canli
2026-08-10 15:01,2026-08-10,BURSA,2,30.0,1,5,226701,15:30,29.0,2,EFE METE BEY,0.066621920984344,0.1206480454281485,0.1235543723176026,6.05,canli
2026-08-10 15:01,2026-08-10,BURSA,2,30.0,1,5,226701,15:30,29.0,3,AFŞINTAY,0.028829110293102,0.0223857621017346,0.0250840252523991,29.8,canli
2026-08-10 15:01,2026-08-10,BURSA,2,30.0,1,5,226701,15:30,29.0,4,FUNDO,0.0884664197651161,0.1219799307120799,0.118651421035158,6.3,canli
2026-08-10 15:01,2026-08-10,BURSA,2,30.0,1,5,226701,15:30,29.0,5,BARBUDA,0.0488680271604568,0.0739453971100224,0.07868462658121,9.5,canli
2026-08-10 15:01,2026-08-10,BURSA,2,30.0,1,5,226701,15:30,29.0,6,SAFDERUN OĞLU,0.010356715281822,0.0260070902359404,0.0353429764785577,21.15,canli
2026-08-10 15:01,2026-08-10,BURSA,2,30.0,1,5,226701,15:30,29.0,7,AĞA TALİP,0.0791868019658942,0.0734479779647149,0.0715314787101909,10.45,canli
2026-08-10 15:01,2026-08-10,BURSA,2,30.0,1,5,226701,15:30,29.0,8,EL FURAT,0.0410227361757148,0.0342444162388031,0.0365527605144985,20.45,canli
2026-08-10 15:01,2026-08-10,BURSA,2,30.0,1,5,226701,15:30,29.0,9,POWER OF QUATRO,0.225024050575776,0.1832212476320648,0.1525518270452032,4.9,canli
2026-08-10 15:01,2026-08-10,BURSA,2,30.0,1,5,226701,15:30,29.0,10,ZAGROS ASLANI,0.0529899554880765,0.0161306123805232,0.0159723066778097,46.8,canli
2026-08-10 15:01,2026-08-10,BURSA,2,30.0,1,5,226701,15:30,29.0,11,YEK GÜLÜM,0.1061530437823074,0.0666212488125382,0.0612708157804504,12.2,canli
2026-08-10 15:01,2026-08-10,BURSA,2,30.0,1,5,226701,15:30,29.0,12,KAŞMİR TAY,0.1076243638291823,0.0701093848725343,0.0644399959070255,11.6,canli
2026-08-10 15:01,2026-08-10,BURSA,2,30.0,1,5,226701,15:30,29.0,13,GİDEROS,0.0294815213378423,0.1165905424131395,0.138426657874351,5.4,canli
2026-08-10 15:01,2026-08-10,BURSA,2,30.0,1,5,226701,15:30,29.0,14,ÖN BİRLİK,0.0174529948938864,0.009122236912603,0.0108333906162535,69.0,canli
2026-08-10 15:01,2026-08-10,BURSA,2,30.0,1,5,226701,15:30,29.0,15,HÜMA YAPRAK,0.0136447265789102,0.0153852212032511,0.0194916284881745,38.35,canli
2026-08-10 15:01,2026-08-10,BURSA,2,30.0,2,6,226684,16:00,59.0,1,DEEP OF ANCESTOR,0.0920462649348851,0.0784582666775649,0.0718823849233421,9.5,canli
2026-08-10 15:01,2026-08-10,BURSA,2,30.0,2,6,226684,16:00,59.0,2,SENSEİ BAHA,0.0402309918592716,0.0483970545503167,0.0529366400598256,12.9,canli
2026-08-10 15:01,2026-08-10,BURSA,2,30.0,2,6,226684,16:00,59.0,3,SOSAN,0.0580949534849582,0.0539837319742478,0.0541970362517262,12.6,canli
2026-08-10 15:01,2026-08-10,BURSA,2,30.0,2,6,226684,16:00,59.0,4,BABA ZÜLKÜF,0.0473019540623474,0.0929313990638081,0.1019227845927985,6.7,canli
2026-08-10 15:01,2026-08-10,BURSA,2,30.0,2,6,226684,16:00,59.0,5,MR EKO,0.0137241322242637,0.0205933074794973,0.0279297610131595,24.45,canli
2026-08-10 15:01,2026-08-10,BURSA,2,30.0,2,6,226684,16:00,59.0,6,RUS FARUK,0.1856262522033777,0.1285452164333912,0.1019227845927985,6.7,canli
2026-08-10 15:01,2026-08-10,BURSA,2,30.0,2,6,226684,16:00,59.0,8,WELLERMAN,0.0230847443692454,0.0144507630513192,0.0167784436553255,40.7,canli
2026-08-10 15:01,2026-08-10,BURSA,2,30.0,2,6,226684,16:00,59.0,9,FINALLY IDYLL,0.0351676624484526,0.0866193253483594,0.1019227845927985,6.7,canli
2026-08-10 15:01,2026-08-10,BURSA,2,30.0,2,6,226684,16:00,59.0,10,LIFE AND LIGHT,0.0615524810691242,0.0283704777541801,0.0268851439673917,25.4,canli
2026-08-10 15:01,2026-08-10,BURSA,2,30.0,2,6,226684,16:00,59.0,11,BALABAN SÜMBÜLÜ,0.0342299006321233,0.0297659678959768,0.0328308969601803,20.8,canli
2026-08-10 15:01,2026-08-10,BURSA,2,30.0,2,6,226684,16:00,59.0,12,BOREAL,0.2183295949301031,0.2024399281971021,0.1588099201794768,4.3,canli
2026-08-10 15:01,2026-08-10,BURSA,2,30.0,2,6,226684,16:00,59.0,13,BRILLIANCE,0.0171219628161164,0.0226599763835935,0.029245509925985,23.35,canli
2026-08-10 15:01,2026-08-10,BURSA,2,30.0,2,6,226684,16:00,59.0,14,LITTLE STONE,0.0440732960421826,0.01571052189394,0.0155731506675427,43.85,canli
2026-08-10 15:01,2026-08-10,BURSA,2,30.0,2,6,226684,16:00,59.0,15,MADAM FREYA,0.0208620598328051,0.0086076953824927,0.0099040269292494,68.95,canli
2026-08-10 15:01,2026-08-10,BURSA,2,30.0,2,6,226684,16:00,59.0,16,MS EVDOXIA,0.0060211162015901,0.0158739031471474,0.0260642235409065,26.2,canli
2026-08-10 15:01,2026-08-10,BURSA,2,30.0,2,6,226684,16:00,59.0,17,PERSIAN JADE,0.0213367548011777,0.0188770831700749,0.022762755225725,30.0,canli
2026-08-10 15:01,2026-08-10,BURSA,2,30.0,2,6,226684,16:00,59.0,18,QUEEN ASEL,0.0453304192846524,0.0967417083177842,0.1075405758695669,6.35,canli
2026-08-10 15:01,2026-08-10,BURSA,2,30.0,2,6,226684,16:00,59.0,19,SUDEM,0.0358654588033225,0.0369736732792028,0.0408911770522006,16.7,canli
2026-08-10 15:01,2026-08-10,BURSA,2,30.0,3,7,226700,16:30,89.0,1,HIZLI EREN,0.1789593277830524,0.0925968793896189,0.0838588136777252,8.15,canli
2026-08-10 15:01,2026-08-10,BURSA,2,30.0,3,7,226700,16:30,89.0,2,ŞİMŞEK YELELİ,0.1221866822357799,0.1162964493409344,0.1139082219122434,6.0,canli
2026-08-10 15:01,2026-08-10,BURSA,2,30.0,3,7,226700,16:30,89.0,3,GÜLERYÜZ,0.0754548355007786,0.0357132530966901,0.0365480925921636,18.7,canli
2026-08-10 15:01,2026-08-10,BURSA,2,30.0,3,7,226700,16:30,89.0,4,MEGAFAUNA,0.0620762032727003,0.0396236587539205,0.0421882303378679,16.2,canli
2026-08-10 15:01,2026-08-10,BURSA,2,30.0,3,7,226700,16:30,89.0,5,SERHUNEFE,0.1314863905980917,0.3098449135365324,0.3106587870333911,2.2,canli
2026-08-10 15:01,2026-08-10,BURSA,2,30.0,3,7,226700,16:30,89.0,6,HIZLI KEREM,0.0889939077412716,0.0818651752752197,0.0838588136777252,8.15,canli
2026-08-10 15:01,2026-08-10,BURSA,2,30.0,3,7,226700,16:30,89.0,7,HOPDEDİK,0.15369619735441,0.1340409131941826,0.1265646910136038,5.4,canli
2026-08-10 15:01,2026-08-10,BURSA,2,30.0,3,7,226700,16:30,89.0,8,MEN DAKKA DUKKA,0.0972878326697617,0.1117161603762253,0.1139082219122434,6.0,canli
2026-08-10 15:01,2026-08-10,BURSA,2,30.0,3,7,226700,16:30,89.0,9,KAYAŞAH,0.0177599039121228,0.024190640893782,0.0317883409987656,21.5,canli
2026-08-10 15:01,2026-08-10,BURSA,2,30.0,3,7,226700,16:30,89.0,10,DEMRENİN KIZI,0.0720987189320307,0.0541119561428938,0.0567177868442705,12.05,canli
2026-08-10 15:01,2026-08-10,BURSA,2,30.0,4,8,226697,17:00,119.0,1,BORN TO RUN,0.0676763375329739,0.0206677680931077,0.0234722364384681,31.2,canli
2026-08-10 15:01,2026-08-10,BURSA,2,30.0,4,8,226697,17:00,119.0,2,BRAVE THE STORM,0.0132982596230527,0.0177220183399029,0.0300753091121234,24.35,canli
2026-08-10 15:01,2026-08-10,BURSA,2,30.0,4,8,226697,17:00,119.0,3,NORTH PASHA,0.0452288656235272,0.0126797090315767,0.0154337993020064,47.45,canli
2026-08-10 15:01,2026-08-10,BURSA,2,30.0,4,8,226697,17:00,119.0,4,SELLY SON,0.1127780591278128,0.0433727066133931,0.0454865699925593,16.1,canli
2026-08-10 15:01,2026-08-10,BURSA,2,30.0,4,8,226697,17:00,119.0,5,THE PROTECTER,0.2783563849316456,0.1774966401435683,0.1627408393067123,4.5,canli
2026-08-10 15:01,2026-08-10,BURSA,2,30.0,4,8,226697,17:00,119.0,6,WARDENCLYFFE,0.3035360816443951,0.6253416433312301,0.6102781474001714,1.2,canli
2026-08-10 15:01,2026-08-10,BURSA,2,30.0,4,8,226697,17:00,119.0,7,METAL HEART,0.0342419183937725,0.0216401506943601,0.0292933510752082,25.0,canli
2026-08-10 15:01,2026-08-10,BURSA,2,30.0,4,8,226697,17:00,119.0,8,STATUE OF LIBERTY,0.1448840931228199,0.0810793637528606,0.0832197473727506,8.8,canli
2026-08-10 15:01,2026-08-10,BURSA,2,30.0,5,9,226703,17:30,149.0,1,GÜLEYCANOĞLU,0.1261434359029839,0.0929474100107824,0.0767166741998713,9.75,canli
2026-08-10 15:01,2026-08-10,BURSA,2,30.0,5,9,226703,17:30,149.0,2,BORZEMİR,0.0307355302133949,0.0098019349719987,0.009626609696895,77.7,canli
2026-08-10 15:01,2026-08-10,BURSA,2,30.0,5,9,226703,17:30,149.0,3,ÇUKUROVA EFESİ,0.120955490087801,0.0226582261306089,0.017873060297461,41.85,canli
2026-08-10 15:01,2026-08-10,BURSA,2,30.0,5,9,226703,17:30,149.0,4,SANCAR EFESİ,0.11713944703973,0.0318732993095093,0.0256160127893405,29.2,canli
2026-08-10 15:01,2026-08-10,BURSA,2,30.0,5,9,226703,17:30,149.0,5,THOTH,0.0773316754279063,0.0461103072805179,0.0405413318942409,18.45,canli
2026-08-10 15:01,2026-08-10,BURSA,2,30.0,5,9,226703,17:30,149.0,6,BABAGÜNTAY,0.0453906269671572,0.0545802318761546,0.0532375497116544,14.05,canli
2026-08-10 15:01,2026-08-10,BURSA,2,30.0,5,9,226703,17:30,149.0,7,BAY UTKU,0.0744014546078362,0.0977667325173081,0.0890461396962792,8.4,canli
2026-08-10 15:01,2026-08-10,BURSA,2,30.0,5,9,226703,17:30,149.0,8,DEVAŞA,0.0129712192253599,0.0206682132009045,0.0244440383479982,30.6,canli
2026-08-10 15:01,2026-08-10,BURSA,2,30.0,5,9,226703,17:30,149.0,9,NURBANU SULTAN,0.0086431519512794,0.0206749806779932,0.0263375906143924,28.4,canli
2026-08-10 15:01,2026-08-10,BURSA,2,30.0,5,9,226703,17:30,149.0,10,PARİS ÖZLEMİ,0.0047990312962929,0.0307371508378268,0.044259619730695,16.9,canli
2026-08-10 15:01,2026-08-10,BURSA,2,30.0,5,9,226703,17:30,149.0,11,TARLABAŞI,0.0472763743309536,0.0233888837822058,0.0219351194559749,34.1,canli
2026-08-10 15:01,2026-08-10,BURSA,2,30.0,5,9,226703,17:30,149.0,12,YAKUP ABİ,0.0810633818960092,0.0918869890011302,0.0821964366427192,9.1,canli
2026-08-10 15:01,2026-08-10,BURSA,2,30.0,5,9,226703,17:30,149.0,13,EGE KARTALI,0.0460127332669222,0.137509375330346,0.1385162173053232,5.4,canli
2026-08-10 15:01,2026-08-10,BURSA,2,30.0,5,9,226703,17:30,149.0,14,KISAKÜREK,0.0276339038051311,0.0156648519084964,0.0159655832112859,46.85,canli
2026-08-10 15:01,2026-08-10,BURSA,2,30.0,5,9,226703,17:30,149.0,15,KURUŞUN GÜCÜ,0.0854684481761592,0.0641046351864609,0.0560290317190071,13.35,canli
2026-08-10 15:01,2026-08-10,BURSA,2,30.0,5,9,226703,17:30,149.0,16,CÖMERT TAY,0.0153943327326163,0.014880135463599,0.0168465669695663,44.4,canli
2026-08-10 15:01,2026-08-10,BURSA,2,30.0,5,9,226703,17:30,149.0,17,TAM YOL,0.0158641897031945,0.0304335324086858,0.0351994152211174,21.25,canli
2026-08-10 15:01,2026-08-10,BURSA,2,30.0,5,9,226703,17:30,149.0,18,MAHÇİÇEK,0.0120358822615066,0.1039189814317101,0.1323871811413708,5.65,canli
2026-08-10 15:01,2026-08-10,BURSA,2,30.0,5,9,226703,17:30,149.0,19,CEVATHAN,0.0414920909158612,0.0799589717812451,0.0804287713385747,9.3,canli
2026-08-10 15:01,2026-08-10,BURSA,2,30.0,5,9,226703,17:30,149.0,20,DERMANCAN,0.0092476001919034,0.0104351568925154,0.0127970500162317,58.45,canli
2026-08-10 15:01,2026-08-10,BURSA,2,30.0,6,10,226685,18:00,179.0,1,HUAYRA,0.0292255544251335,0.024390547442119,0.0274869974346794,25.2,canli
2026-08-10 15:01,2026-08-10,BURSA,2,30.0,6,10,226685,18:00,179.0,2,CALLATIS,0.0977789006173319,0.0646091055852252,0.0572456475499109,12.1,canli
2026-08-10 15:01,2026-08-10,BURSA,2,30.0,6,10,226685,18:00,179.0,3,CHECO,0.0282157708691101,0.0304663656456832,0.0351610322514681,19.7,canli
2026-08-10 15:01,2026-08-10,BURSA,2,30.0,6,10,226685,18:00,179.0,4,FIRST MAY,0.0756143484287123,0.0562251162348886,0.052674702308283,13.15,canli
2026-08-10 15:01,2026-08-10,BURSA,2,30.0,6,10,226685,18:00,179.0,5,GENERAL EL CID,0.171730450530193,0.2361787556884456,0.1979063815296921,3.5,canli
2026-08-10 15:01,2026-08-10,BURSA,2,30.0,6,10,226685,18:00,179.0,6,IRON TEMPEST,0.0711413485807139,0.0751599001408692,0.072912877405676,9.5,canli
2026-08-10 15:01,2026-08-10,BURSA,2,30.0,6,10,226685,18:00,179.0,7,MAMDANI,0.0671003929220405,0.0474222300147526,0.0452727016571191,15.3,canli
2026-08-10 15:01,2026-08-10,BURSA,2,30.0,6,10,226685,18:00,179.0,8,ZAMBUCCA,0.041107733880173,0.0079837138744762,0.0076580689370251,90.45,canli
2026-08-10 15:01,2026-08-10,BURSA,2,30.0,6,10,226685,18:00,179.0,9,ÇİFTÇİ STELLA,0.0372283237455845,0.0247741959858226,0.0262873751557465,26.35,canli
2026-08-10 15:01,2026-08-10,BURSA,2,30.0,6,10,226685,18:00,179.0,10,DIVINE GIFT,0.0910248392823996,0.0248401418519502,0.0210219221655211,32.95,canli
2026-08-10 15:01,2026-08-10,BURSA,2,30.0,6,10,226685,18:00,179.0,12,BLACK BLAZE,0.0607573446447656,0.0207711791549976,0.0192408982042756,36.0,canli
2026-08-10 15:01,2026-08-10,BURSA,2,30.0,6,10,226685,18:00,179.0,13,CROWN SENTINEL,0.0609713625926349,0.0951955154099137,0.0975594838526651,7.1,canli
2026-08-10 15:01,2026-08-10,BURSA,2,30.0,6,10,226685,18:00,179.0,14,DATÇA RÜZGARI,0.0128288909254828,0.0313526400352877,0.0442602131216564,15.65,canli
2026-08-10 15:01,2026-08-10,BURSA,2,30.0,6,10,226685,18:00,179.0,15,LUNATIC TIME,0.0412855023345926,0.0167194030691894,0.0168328635565959,41.15,canli
2026-08-10 15:01,2026-08-10,BURSA,2,30.0,6,10,226685,18:00,179.0,16,MEVLÜDE HATUN,0.0256804878532339,0.0260868870412868,0.0305141997953269,22.7,canli
2026-08-10 15:01,2026-08-10,BURSA,2,30.0,6,10,226685,18:00,179.0,17,PERA CORDELIA,0.057562726394254,0.1502479298077506,0.1610865896171913,4.3,canli
2026-08-10 15:01,2026-08-10,BURSA,2,30.0,6,10,226685,18:00,179.0,18,ROYAL CIPHER,0.025884492698152,0.0591284206994675,0.072912877405676,9.5,canli
2026-08-10 15:01,2026-08-10,BURSA,2,30.0,6,10,226685,18:00,179.0,19,YÜKSELCANDIR,0.004861529275491,0.0084479523178736,0.0139651680514903,49.6,canli
2026-08-11 13:30,2026-08-11,ANKARA,1,30.0,1,1,226707,14:00,29.5,1,BAKTAVORLİ,0.0441221336688167,0.0400428819956623,0.04242773275906,16.25,canli
2026-08-11 13:30,2026-08-11,ANKARA,1,30.0,1,1,226707,14:00,29.5,2,BÜCÜRÜK AKTAŞ,0.0217098738168007,0.0370977547623837,0.0446246380151925,15.45,canli
2026-08-11 13:30,2026-08-11,ANKARA,1,30.0,1,1,226707,14:00,29.5,3,DOĞANIN ASLANI,0.1090578020183715,0.087220313976517,0.0806375037818391,8.55,canli
2026-08-11 13:30,2026-08-11,ANKARA,1,30.0,1,1,226707,14:00,29.5,4,HERKÜLBEY,0.1855184368796987,0.1546855293979391,0.1325866648720625,5.2,canli
2026-08-11 13:30,2026-08-11,ANKARA,1,30.0,1,1,226707,14:00,29.5,5,HIZLI KRAL,0.0197932534820723,0.022646568116743,0.027197264589141,25.35,canli
2026-08-11 13:30,2026-08-11,ANKARA,1,30.0,1,1,226707,14:00,29.5,6,İZGİOĞLU,0.0181083584324452,0.0939375482115069,0.1209562556727587,5.7,canli
2026-08-11 13:30,2026-08-11,ANKARA,1,30.0,1,1,226707,14:00,29.5,7,OĞLUM VEFA,0.1371515144716073,0.2208842015295715,0.2027796050984485,3.4,canli
2026-08-11 13:30,2026-08-11,ANKARA,1,30.0,1,1,226707,14:00,29.5,8,REKOR TAY,0.0348967791563994,0.0324697470114373,0.0356305249268591,19.35,canli
2026-08-11 13:30,2026-08-11,ANKARA,1,30.0,1,1,226707,14:00,29.5,9,REYONTAY,0.1112730059431355,0.0828644541886212,0.0761823930756602,9.05,canli
2026-08-11 13:30,2026-08-11,ANKARA,1,30.0,1,1,226707,14:00,29.5,10,SEVERBEY,0.0258115794001483,0.0298953026381968,0.0345589301922168,19.95,canli
2026-08-11 13:30,2026-08-11,ANKARA,1,30.0,1,1,226707,14:00,29.5,11,HARDAL ÇİÇEĞİM,0.1607422676105522,0.0822905484444776,0.0707128879317666,9.75,canli
2026-08-11 13:30,2026-08-11,ANKARA,1,30.0,1,1,226707,14:00,29.5,12,İKLİMECE,0.0320358039923577,0.0209931607204058,0.0230200553367187,29.95,canli
2026-08-11 13:30,2026-08-11,ANKARA,1,30.0,1,1,226707,14:00,29.5,13,KARA ALEV,0.0431491685385119,0.032730462537841,0.0345589301922168,19.95,canli
2026-08-11 13:30,2026-08-11,ANKARA,1,30.0,1,1,226707,14:00,29.5,14,SAADIN CEVHERİ,0.0123436967960445,0.0319873431808708,0.04242773275906,16.25,canli
2026-08-11 13:30,2026-08-11,ANKARA,1,30.0,1,1,226707,14:00,29.5,15,ÜLFET ŞEKERİ,0.0442863257930376,0.0302541832878252,0.0316988807969988,21.75,canli
2026-08-11 13:30,2026-08-11,ANKARA,1,30.0,2,2,226712,14:30,59.5,1,HOŞBAKIŞ,0.1425147171920452,0.0783482649240923,0.0765416450191297,9.75,canli
2026-08-11 13:30,2026-08-11,ANKARA,1,30.0,2,2,226712,14:30,59.5,2,KEREMNUR,0.1200341629433319,0.0998066879025932,0.1015348352294578,7.35,canli
2026-08-11 13:30,2026-08-11,ANKARA,1,30.0,2,2,226712,14:30,59.5,3,RASTGELOĞLUM,0.2839474492359833,0.3635762416021356,0.3316804617495622,2.25,canli
2026-08-11 13:30,2026-08-11,ANKARA,1,30.0,2,2,226712,14:30,59.5,4,SÜPEROĞLAN,0.1739669699337354,0.2148813579757107,0.2102200109680324,3.55,canli
2026-08-11 13:30,2026-08-11,ANKARA,1,30.0,2,2,226712,14:30,59.5,5,DİYAREFE,0.1075906197240323,0.0713864473595726,0.073164807738874,10.2,canli
2026-08-11 13:30,2026-08-11,ANKARA,1,30.0,2,2,226712,14:30,59.5,6,KIZIM BİNDAL,0.0383495857390543,0.0337917909965972,0.040669266427058,18.35,canli
2026-08-11 13:30,2026-08-11,ANKARA,1,30.0,2,2,226712,14:30,59.5,7,KÜÇÜK AZAT,0.1049267657983987,0.052197842426485,0.0531160881805348,14.05,canli
2026-08-11 13:30,2026-08-11,ANKARA,1,30.0,2,2,226712,14:30,59.5,8,SERÇE KIZI,0.0286697294334184,0.0860113668128131,0.1130728846873507,6.6,canli
2026-08-11 13:30,2026-08-11,ANKARA,1,30.0,3,3,226715,15:00,89.5,1,DİNAMİT,0.1040929743654323,0.1367685015888814,0.1370092403841095,5.45,canli
2026-08-11 13:30,2026-08-11,ANKARA,1,30.0,3,3,226715,15:00,89.5,2,MOTOR,0.0743245442968242,0.0622302194370589,0.0643707206977066,11.6,canli
2026-08-11 13:30,2026-08-11,ANKARA,1,30.0,3,3,226715,15:00,89.5,3,ASAF BABA,0.0599388175788723,0.19834492765604,0.2228956298786259,3.35,canli
2026-08-11 13:30,2026-08-11,ANKARA,1,30.0,3,3,226715,15:00,89.5,4,BERAY SULTAN,0.0735520526595456,0.0862679311598243,0.0905091345567753,8.25,canli
2026-08-11 13:30,2026-08-11,ANKARA,1,30.0,3,3,226715,15:00,89.5,5,GÜLDANİYE,0.0177766074122183,0.0399278173871892,0.052770343469498,14.15,canli
2026-08-11 13:30,2026-08-11,ANKARA,1,30.0,3,3,226715,15:00,89.5,6,CESURSOY,0.1466494809961144,0.0502459144275657,0.0455305097617924,16.4,canli
2026-08-11 13:30,2026-08-11,ANKARA,1,30.0,3,3,226715,15:00,89.5,7,DENİZ KASIRGASI,0.2378765346013477,0.1193830490386601,0.1022877205607392,7.3,canli
2026-08-11 13:30,2026-08-11,ANKARA,1,30.0,3,3,226715,15:00,89.5,8,DENİZ SAVAŞI,0.2351605924443294,0.2453510283478215,0.2164348869835933,3.45,canli
2026-08-11 13:30,2026-08-11,ANKARA,1,30.0,3,3,226715,15:00,89.5,9,BAHARBAHİR,0.0506283956453154,0.0614806109569585,0.0681918137071595,10.95,canli
2026-08-11 13:30,2026-08-11,ANKARA,1,30.0,4,4,226710,15:30,119.5,1,ZEYREK,0.06140942305104,0.0399607810326701,0.0384558710697258,19.45,canli
2026-08-11 13:30,2026-08-11,ANKARA,1,30.0,4,4,226710,15:30,119.5,2,HIZKESEN,0.1735098950804538,0.0991002981115757,0.0779131971152258,9.6,canli
2026-08-11 13:30,2026-08-11,ANKARA,1,30.0,4,4,226710,15:30,119.5,3,BARBOOM,0.228909967939216,0.0498182909800438,0.0348702420655556,21.45,canli
2026-08-11 13:30,2026-08-11,ANKARA,1,30.0,4,4,226710,15:30,119.5,4,RICHWOOD,0.0822116820674587,0.0740079161259766,0.0689370223323657,10.85,canli
2026-08-11 13:30,2026-08-11,ANKARA,1,30.0,4,4,226710,15:30,119.5,5,SILENT QUEEN,0.0579361367730067,0.0538170290214159,0.0536176840362844,13.95,canli
2026-08-11 13:30,2026-08-11,ANKARA,1,30.0,4,4,226710,15:30,119.5,6,GARBIN AFAKI,0.0578976153371412,0.1448390338301448,0.1542199365579728,4.85,canli
2026-08-11 13:30,2026-08-11,ANKARA,1,30.0,4,4,226710,15:30,119.5,7,SECTUMSEMPRA,0.0244150283959869,0.0275496377137777,0.0326623009740684,22.9,canli
2026-08-11 13:30,2026-08-11,ANKARA,1,30.0,4,4,226710,15:30,119.5,8,ALPHECCA,0.0513326735692138,0.041505390576403,0.0419028959275164,17.85,canli
2026-08-11 13:30,2026-08-11,ANKARA,1,30.0,4,4,226710,15:30,119.5,9,SILKY PEARL,0.0924008110351101,0.2389550682311809,0.2337395913456776,3.2,canli
2026-08-11 13:30,2026-08-11,ANKARA,1,30.0,4,4,226710,15:30,119.5,10,DİNAMİT KIZ,0.0429841894133767,0.0950473704896174,0.1060945662845628,7.05,canli
2026-08-11 13:30,2026-08-11,ANKARA,1,30.0,4,4,226710,15:30,119.5,11,SOUTHERN SECRET,0.0691642687637116,0.0436325036141646,0.0409844762907489,18.25,canli
2026-08-11 13:30,2026-08-11,ANKARA,1,30.0,4,4,226710,15:30,119.5,12,PRENSES MAVİŞ,0.0155052187142565,0.0324352479135043,0.0436132182102722,17.15,canli
2026-08-11 13:30,2026-08-11,ANKARA,1,30.0,4,4,226710,15:30,119.5,13,JOYOUS GIRL,0.0248114426047763,0.036562969962857,0.0439980407238922,17.0,canli
2026-08-11 13:30,2026-08-11,ANKARA,1,30.0,4,4,226710,15:30,119.5,14,MANNARA,0.0175116472552512,0.0227684623966675,0.0289909570661305,25.8,canli
2026-08-11 13:30,2026-08-11,ANKARA,1,30.0,5,5,226708,16:00,149.5,1,ATAERİ,0.0274996813903923,0.0410622537877474,0.0474122358571472,15.75,canli
2026-08-11 13:30,2026-08-11,ANKARA,1,30.0,5,5,226708,16:00,149.5,2,DENİZAĞA,0.0573576584873643,0.0229155081998431,0.0226285671136384,33.0,canli
2026-08-11 13:30,2026-08-11,ANKARA,1,30.0,5,5,226708,16:00,149.5,3,ENDER ŞOVALYE,0.1245136635071929,0.1029531388686018,0.0933428393437586,8.0,canli
2026-08-11 13:30,2026-08-11,ANKARA,1,30.0,5,5,226708,16:00,149.5,4,HARPUTŞAHİNİ,0.1108520622468295,0.0576264436072088,0.0522197702622425,14.3,canli
2026-08-11 13:30,2026-08-11,ANKARA,1,30.0,5,5,226708,16:00,149.5,5,KING ULUDAĞ,0.0693607154672657,0.1582956282922119,0.1623353727717541,4.6,canli
2026-08-11 13:30,2026-08-11,ANKARA,1,30.0,5,5,226708,16:00,149.5,6,KOEMAN,0.0589479822677242,0.0768516436970212,0.0790203930952454,9.45,canli
2026-08-11 13:30,2026-08-11,ANKARA,1,30.0,5,5,226708,16:00,149.5,7,KOPTU FIRTINA,0.0480105629230281,0.0722781489705919,0.0769837850257803,9.7,canli
2026-08-11 13:30,2026-08-11,ANKARA,1,30.0,5,5,226708,16:00,149.5,8,MELİHCİM,0.1942068407594652,0.0504215672060594,0.041029819491762,18.2,canli
2026-08-11 13:30,2026-08-11,ANKARA,1,30.0,5,5,226708,16:00,149.5,9,TAYKUTKRAL,0.0993455727625552,0.0771870613505953,0.072149054565224,10.35,canli
2026-08-11 13:30,2026-08-11,ANKARA,1,30.0,5,5,226708,16:00,149.5,10,KIZILKULE,0.090104515998382,0.2157249616940238,0.2133550613571625,3.5,canli
2026-08-11 13:30,2026-08-11,ANKARA,1,30.0,5,5,226708,16:00,149.5,11,GÜZEL ELAM,0.0357249933594289,0.0431332845781214,0.0475632302388579,15.7,canli
2026-08-11 13:30,2026-08-11,ANKARA,1,30.0,5,5,226708,16:00,149.5,12,KIZIL ARYA,0.012482872327518,0.0202733175367001,0.0263401310317484,28.35,canli
2026-08-11 13:30,2026-08-11,ANKARA,1,30.0,5,5,226708,16:00,149.5,13,MERCAN ANA,0.055661866348427,0.0462158318127459,0.04711310503155,15.85,canli
2026-08-11 13:30,2026-08-11,ANKARA,1,30.0,5,5,226708,16:00,149.5,14,MUŞUN GÜLÜ,0.0159310121544261,0.0150612103985274,0.0185066348141281,40.35,canli
2026-08-11 13:30,2026-08-11,ANKARA,1,30.0,6,6,226711,16:30,179.5,1,GÖRKEM KAPTAN,0.5085906064090746,0.5393453439588863,0.482748036322298,1.55,canli
2026-08-11 13:30,2026-08-11,ANKARA,1,30.0,6,6,226711,16:30,179.5,2,BANDOLERO,0.1246327475022311,0.0511643591543402,0.0558402579328031,13.4,canli
2026-08-11 13:30,2026-08-11,ANKARA,1,30.0,6,6,226711,16:30,179.5,3,OSULLIVAN,0.1055682957617301,0.0638155125500807,0.0737201434777893,10.15,canli
2026-08-11 13:30,2026-08-11,ANKARA,1,30.0,6,6,226711,16:30,179.5,4,HAWORTH,0.0600707532376978,0.0526690136108295,0.0692832829907001,10.8,canli
2026-08-11 13:30,2026-08-11,ANKARA,1,30.0,6,6,226711,16:30,179.5,5,JOHN ABRUZZI,0.2011375970892663,0.2930057707258631,0.3184082792764093,2.35,canli
2026-08-11 15:00,2026-08-11,ANKARA,2,30.0,1,4,226710,15:30,29.0,1,ZEYREK,0.0633787308630052,0.0901113041055966,0.0901460938276838,8.3,canli
2026-08-11 15:00,2026-08-11,ANKARA,2,30.0,1,4,226710,15:30,29.0,2,HIZKESEN,0.1696467663682324,0.0866809611028048,0.0674065386279078,11.1,canli
2026-08-11 15:00,2026-08-11,ANKARA,2,30.0,1,4,226710,15:30,29.0,3,BARBOOM,0.2169163731440778,0.0332840614885013,0.0228113591088346,32.8,canli
2026-08-11 15:00,2026-08-11,ANKARA,2,30.0,1,4,226710,15:30,29.0,4,RICHWOOD,0.0970915686788371,0.0861567832033569,0.077135317398946,9.7,canli
2026-08-11 15:00,2026-08-11,ANKARA,2,30.0,1,4,226710,15:30,29.0,5,SILENT QUEEN,0.0587417431543755,0.0553308135811632,0.0546140568445092,13.7,canli
2026-08-11 15:00,2026-08-11,ANKARA,2,30.0,1,4,226710,15:30,29.0,6,GARBIN AFAKI,0.0561867696696311,0.1604518744091926,0.172002891671213,4.35,canli
2026-08-11 15:00,2026-08-11,ANKARA,2,30.0,1,4,226710,15:30,29.0,7,SECTUMSEMPRA,0.0248875875872178,0.0311464170576601,0.0367672028879497,20.35,canli
2026-08-11 15:00,2026-08-11,ANKARA,2,30.0,1,4,226710,15:30,29.0,8,ALPHECCA,0.0499770192672111,0.0743139581958076,0.0779388102885183,9.6,canli
2026-08-11 15:00,2026-08-11,ANKARA,2,30.0,1,4,226710,15:30,29.0,9,SILKY PEARL,0.0927213028067958,0.1368910842012556,0.1278995861144917,5.85,canli
2026-08-11 15:00,2026-08-11,ANKARA,2,30.0,1,4,226710,15:30,29.0,10,DİNAMİT KIZ,0.0417249075103417,0.0859782733898608,0.0953137043018823,7.85,canli
2026-08-11 15:00,2026-08-11,ANKARA,2,30.0,1,4,226710,15:30,29.0,11,SOUTHERN SECRET,0.0691008272906018,0.0718651225525098,0.069278942478683,10.8,canli
2026-08-11 15:00,2026-08-11,ANKARA,2,30.0,1,4,226710,15:30,29.0,12,PRENSES MAVİŞ,0.0161021735478548,0.0269132053637941,0.0351273511159519,21.3,canli
2026-08-11 15:00,2026-08-11,ANKARA,2,30.0,1,4,226710,15:30,29.0,13,JOYOUS GIRL,0.0254801885189231,0.0449219982375995,0.0540225688642437,13.85,canli
2026-08-11 15:00,2026-08-11,ANKARA,2,30.0,1,4,226710,15:30,29.0,14,MANNARA,0.0180440415928941,0.0159541431108965,0.0195355764691847,38.3,canli
2026-08-11 15:00,2026-08-11,ANKARA,2,30.0,2,5,226708,16:00,59.0,1,ATAERİ,0.0269616626710282,0.0364685862627797,0.0422649516915821,17.7,canli
2026-08-11 15:00,2026-08-11,ANKARA,2,30.0,2,5,226708,16:00,59.0,2,DENİZAĞA,0.059525023076764,0.0301790551749032,0.0300437608410041,24.9,canli
2026-08-11 15:00,2026-08-11,ANKARA,2,30.0,2,5,226708,16:00,59.0,3,ENDER ŞOVALYE,0.1239786645192115,0.0930874195240519,0.0845299033831643,8.85,canli
2026-08-11 15:00,2026-08-11,ANKARA,2,30.0,2,5,226708,16:00,59.0,4,HARPUTŞAHİNİ,0.0873497419143745,0.0519605928760916,0.0492164240092765,15.2,canli
2026-08-11 15:00,2026-08-11,ANKARA,2,30.0,2,5,226708,16:00,59.0,5,KING ULUDAĞ,0.0706147780812847,0.1490195606861765,0.152671356110409,4.9,canli
2026-08-11 15:00,2026-08-11,ANKARA,2,30.0,2,5,226708,16:00,59.0,6,KOEMAN,0.0615611907114849,0.0923568572806055,0.0952980439415292,7.85,canli
2026-08-11 15:00,2026-08-11,ANKARA,2,30.0,2,5,226708,16:00,59.0,7,KOPTU FIRTINA,0.0481943815343976,0.0636215835543485,0.0677004203566519,11.05,canli
2026-08-11 15:00,2026-08-11,ANKARA,2,30.0,2,5,226708,16:00,59.0,8,MELİHCİM,0.2103394916776296,0.1080722821010067,0.0895915742444316,8.35,canli
2026-08-11 15:00,2026-08-11,ANKARA,2,30.0,2,5,226708,16:00,59.0,9,TAYKUTKRAL,0.0986284425774111,0.0709472323144232,0.0664968573280892,11.25,canli
2026-08-11 15:00,2026-08-11,ANKARA,2,30.0,2,5,226708,16:00,59.0,10,KIZILKULE,0.090629877364979,0.1655001505521283,0.162628183682827,4.6,canli
2026-08-11 15:00,2026-08-11,ANKARA,2,30.0,2,5,226708,16:00,59.0,11,GÜZEL ELAM,0.0357327917393277,0.0354354541825893,0.0389630023406773,19.2,canli
2026-08-11 15:00,2026-08-11,ANKARA,2,30.0,2,5,226708,16:00,59.0,12,KIZIL ARYA,0.0124637803799359,0.0198432266232887,0.0258854548422492,28.9,canli
2026-08-11 15:00,2026-08-11,ANKARA,2,30.0,2,5,226708,16:00,59.0,13,MERCAN ANA,0.0582818705270521,0.0460487529175476,0.0467556028088127,16.0,canli
2026-08-11 15:00,2026-08-11,ANKARA,2,30.0,2,5,226708,16:00,59.0,14,MUŞUN GÜLÜ,0.0157383032251185,0.0374592459500587,0.0479544644192951,15.6,canli
2026-08-11 15:00,2026-08-11,ANKARA,2,30.0,3,6,226711,16:30,89.0,1,GÖRKEM KAPTAN,0.5085906064090746,0.4636180819958799,0.4001142677560239,1.85,canli
2026-08-11 15:00,2026-08-11,ANKARA,2,30.0,3,6,226711,16:30,89.0,2,BANDOLERO,0.1246327475022311,0.18028009492683,0.2085102522108857,3.55,canli
2026-08-11 15:00,2026-08-11,ANKARA,2,30.0,3,6,226711,16:30,89.0,3,OSULLIVAN,0.1055682957617301,0.0632896806978709,0.0711741726296773,10.4,canli
2026-08-11 15:00,2026-08-11,ANKARA,2,30.0,3,6,226711,16:30,89.0,4,HAWORTH,0.0600707532376978,0.0599699110702154,0.0775090466333658,9.55,canli
2026-08-11 15:00,2026-08-11,ANKARA,2,30.0,3,6,226711,16:30,89.0,5,JOHN ABRUZZI,0.2011375970892663,0.2328422313092035,0.2426922607700473,3.05,canli
2026-08-11 15:00,2026-08-11,ANKARA,2,30.0,4,7,226709,17:00,119.0,1,BEAUTIFUL LIGHT,0.3195435914327144,0.6631153971574072,0.6696813777269846,1.1,canli
2026-08-11 15:00,2026-08-11,ANKARA,2,30.0,4,7,226709,17:00,119.0,2,NOBLE CREST,0.2724062948131734,0.0890401418189041,0.0818499461666314,9.0,canli
2026-08-11 15:00,2026-08-11,ANKARA,2,30.0,4,7,226709,17:00,119.0,3,TIME CALL,0.330673884124201,0.2041479811730503,0.1888844911537649,3.9,canli
2026-08-11 15:00,2026-08-11,ANKARA,2,30.0,4,7,226709,17:00,119.0,4,HEP İLERİ,0.0333970658516332,0.0138409188041833,0.0191089368482408,38.55,canli
2026-08-11 15:00,2026-08-11,ANKARA,2,30.0,4,7,226709,17:00,119.0,5,QUEEN LARA,0.0439791637782779,0.0298555610464549,0.0404752481043781,18.2,canli
2026-08-11 15:00,2026-08-11,ANKARA,2,30.0,5,8,226714,17:30,149.0,1,FERMANDER,0.041268833812838,0.1240760523597364,0.1395348009055314,5.35,canli
2026-08-11 15:00,2026-08-11,ANKARA,2,30.0,5,8,226714,17:30,149.0,2,KASAP ENDER,0.0440095628919844,0.1151367580824349,0.1276087495460842,5.85,canli
2026-08-11 15:00,2026-08-11,ANKARA,2,30.0,5,8,226714,17:30,149.0,3,KAYIP İNCİ,0.0547305154642532,0.1042342230072223,0.1105942496066063,6.75,canli
2026-08-11 15:00,2026-08-11,ANKARA,2,30.0,5,8,226714,17:30,149.0,4,AKGOBAK,0.1107258523640995,0.0534660017357416,0.0486326504784751,15.35,canli
2026-08-11 15:00,2026-08-11,ANKARA,2,30.0,5,8,226714,17:30,149.0,5,ASİL MİR,0.0360530886328986,0.0689623791269538,0.0777615817546451,9.6,canli
2026-08-11 15:00,2026-08-11,ANKARA,2,30.0,5,8,226714,17:30,149.0,6,BENİM SULTANIM,0.0559372983426596,0.0392896115079118,0.0400274093750452,18.65,canli
2026-08-11 15:00,2026-08-11,ANKARA,2,30.0,5,8,226714,17:30,149.0,7,ERKŞAN,0.4827753363627755,0.241729672478751,0.1777407582963316,4.2,canli
2026-08-11 15:00,2026-08-11,ANKARA,2,30.0,5,8,226714,17:30,149.0,8,ESİNİN KIZI,0.0196766441194022,0.1033072537288882,0.1321258734238218,5.65,canli
2026-08-11 15:00,2026-08-11,ANKARA,2,30.0,5,8,226714,17:30,149.0,9,KILIÇ KIZI,0.0631328423323381,0.0356353201872664,0.0353796770068527,21.1,canli
2026-08-11 15:00,2026-08-11,ANKARA,2,30.0,5,8,226714,17:30,149.0,10,JÜLİDEKIZ,0.0916900256767503,0.114162727785093,0.1105942496066063,6.75,canli
2026-08-11 15:00,2026-08-11,ANKARA,2,30.0,6,9,226706,18:00,179.0,1,UTKANBEY,0.1534442139036885,0.244052361577893,0.2230543700183583,3.35,canli
2026-08-11 15:00,2026-08-11,ANKARA,2,30.0,6,9,226706,18:00,179.0,2,ARKANBERK,0.2461963522637916,0.0717961382590622,0.0574793953508846,13.0,canli
2026-08-11 15:00,2026-08-11,ANKARA,2,30.0,6,9,226706,18:00,179.0,3,ATLAS HAN,0.0603600756111319,0.0610173819942694,0.0627926167698739,11.9,canli
2026-08-11 15:00,2026-08-11,ANKARA,2,30.0,6,9,226706,18:00,179.0,4,GÖKTUĞBABA,0.0279269179612536,0.0820574461909363,0.0983200183633553,7.6,canli
2026-08-11 15:00,2026-08-11,ANKARA,2,30.0,6,9,226706,18:00,179.0,5,IŞIKALP,0.0795168410549403,0.0691003279346339,0.0679301945055909,11.0,canli
2026-08-11 15:00,2026-08-11,ANKARA,2,30.0,6,9,226706,18:00,179.0,6,KARAMAHMUTOĞLU,0.0848679924284655,0.1690468453464087,0.1698254862639773,4.4,canli
2026-08-11 15:00,2026-08-11,ANKARA,2,30.0,6,9,226706,18:00,179.0,8,ÜNAL GÖZ,0.1290328234104351,0.1124745976566957,0.1030665020084828,7.25,canli
2026-08-11 15:00,2026-08-11,ANKARA,2,30.0,6,9,226706,18:00,179.0,9,YEŞİL ORMAN,0.0232434665340868,0.0224892237350519,0.0265446585989875,28.15,canli
2026-08-11 15:00,2026-08-11,ANKARA,2,30.0,6,9,226706,18:00,179.0,10,ZAFER İZİ,0.0447490915010769,0.0168750823584843,0.0174791143757076,42.75,canli
2026-08-11 15:00,2026-08-11,ANKARA,2,30.0,6,9,226706,18:00,179.0,11,AKÇALIKIZ,0.0318828576767441,0.0915559589107835,0.1075154157642446,6.95,canli
2026-08-11 15:00,2026-08-11,ANKARA,2,30.0,6,9,226706,18:00,179.0,12,FERATUN,0.0238149995879723,0.0207098185242654,0.0242607837519967,30.8,canli
2026-08-11 15:00,2026-08-11,ANKARA,2,30.0,6,9,226706,18:00,179.0,13,KINALIKAYAM,0.0610950117799243,0.0238919533004008,0.0236840614758003,31.55,canli
2026-08-11 15:00,2026-08-11,ANKARA,2,30.0,6,9,226706,18:00,179.0,14,TALİHLİ KIZ,0.0150268825701922,0.0091267430147649,0.0112789756914943,66.25,canli
2026-08-11 15:00,2026-08-11,ANKARA,2,30.0,6,9,226706,18:00,179.0,15,TEKTEN SEVGİ,0.0188424737162961,0.0058061211963493,0.0067684070612454,110.4,canli
2026-08-11 16:45,2026-08-11,KOCAELI,1,30.0,1,1,226705,17:15,29.2,1,RED VICTORY,0.2099323100416405,0.2949918159398704,0.2709564269717792,2.75,canli
2026-08-11 16:45,2026-08-11,KOCAELI,1,30.0,1,1,226705,17:15,29.2,2,FORTISSIMO,0.2619461216085512,0.1544782798097673,0.1284707196848953,5.8,canli
2026-08-11 16:45,2026-08-11,KOCAELI,1,30.0,1,1,226705,17:15,29.2,3,KOCA ÖMER,0.1371505867983047,0.1698366451109277,0.1674449829600882,4.45,canli
2026-08-11 16:45,2026-08-11,KOCAELI,1,30.0,1,1,226705,17:15,29.2,4,MY HANDSOME,0.0454340289226707,0.0475001565699738,0.0568801659673582,13.1,canli
2026-08-11 16:45,2026-08-11,KOCAELI,1,30.0,1,1,226705,17:15,29.2,5,AURELIA BLITZ,0.0593503754665565,0.0910586830298413,0.1064471677389132,7.0,canli
2026-08-11 16:45,2026-08-11,KOCAELI,1,30.0,1,1,226705,17:15,29.2,6,CETRION,0.0228444843674581,0.0294213005051768,0.0406065490012203,18.35,canli
2026-08-11 16:45,2026-08-11,KOCAELI,1,30.0,1,1,226705,17:15,29.2,7,NALDÖKEN,0.0679488674596738,0.1103698131888942,0.1262932498597276,5.9,canli
2026-08-11 16:45,2026-08-11,KOCAELI,1,30.0,1,1,226705,17:15,29.2,8,TODAY IS A GIFT,0.0829628771038365,0.062164620488997,0.0650768711067592,11.45,canli
2026-08-11 16:45,2026-08-11,KOCAELI,1,30.0,1,1,226705,17:15,29.2,9,WHITE WRIST,0.1124303482313076,0.0401786853565512,0.0378238667092585,19.7,canli
2026-08-11 16:45,2026-08-11,KOCAELI,1,30.0,2,2,226713,17:45,59.2,1,KAYLA MARLA,0.0669895741443564,0.1479205440942995,0.1755836367368567,4.25,canli
2026-08-11 16:45,2026-08-11,KOCAELI,1,30.0,2,2,226713,17:45,59.2,2,CANFEDA GÜÇLÜBEY,0.0442387029755998,0.0862897114925386,0.1097397729605354,6.8,canli
2026-08-11 16:45,2026-08-11,KOCAELI,1,30.0,2,2,226713,17:45,59.2,3,PANCHO,0.077243030215243,0.1057994282904042,0.1184492787510541,6.3,canli
2026-08-11 16:45,2026-08-11,KOCAELI,1,30.0,2,2,226713,17:45,59.2,4,RESTAURADORES,0.4433745001890575,0.3368521693708761,0.261835247765488,2.85,canli
2026-08-11 16:45,2026-08-11,KOCAELI,1,30.0,2,2,226713,17:45,59.2,5,VICTORY STAR,0.1276250480140539,0.075529155207246,0.0728029713299162,10.25,canli
2026-08-11 16:45,2026-08-11,KOCAELI,1,30.0,2,2,226713,17:45,59.2,6,SHENRON,0.1770768005266361,0.1630323028125735,0.1522919298227838,4.9,canli
2026-08-11 16:45,2026-08-11,KOCAELI,1,30.0,2,2,226713,17:45,59.2,7,FIGHTING MAN,0.0505400557230944,0.0647806249962421,0.0781393147781823,9.55,canli
2026-08-11 16:45,2026-08-11,KOCAELI,1,30.0,2,2,226713,17:45,59.2,8,UMUTLU TAY,0.0129122882119588,0.0197960637358195,0.0311578478551833,23.95,canli
2026-08-11 16:45,2026-08-11,KOCAELI,1,30.0,3,3,226721,18:30,104.2,1,QUIET RIVER,0.1358316713784514,0.0242114854506312,0.0189629161260443,39.35,canli
2026-08-11 16:45,2026-08-11,KOCAELI,1,30.0,3,3,226721,18:30,104.2,2,RACING RAPTURE,0.2090009995646902,0.0925068860040011,0.0710657856723661,10.5,canli
2026-08-11 16:45,2026-08-11,KOCAELI,1,30.0,3,3,226721,18:30,104.2,3,LA COPA,0.4103002013668911,0.2239147094016476,0.1538537627958441,4.85,canli
2026-08-11 16:45,2026-08-11,KOCAELI,1,30.0,3,3,226721,18:30,104.2,4,İCRA,0.055904838802206,0.0976211055481718,0.1050972886704005,7.1,canli
2026-08-11 16:45,2026-08-11,KOCAELI,1,30.0,3,3,226721,18:30,104.2,5,RICARDO,0.0390157384172554,0.1630436989762901,0.198984199882625,3.75,canli
2026-08-11 16:45,2026-08-11,KOCAELI,1,30.0,3,3,226721,18:30,104.2,6,AYBAR FIRTINASI,0.0462319643078363,0.1509547985216549,0.1755742940140809,4.25,canli
2026-08-11 16:45,2026-08-11,KOCAELI,1,30.0,3,3,226721,18:30,104.2,7,REDATIVE,0.0456004674747823,0.118163597741134,0.1356710453745171,5.5,canli
2026-08-11 16:45,2026-08-11,KOCAELI,1,30.0,3,3,226721,18:30,104.2,8,LITTLE BOSS,0.0581141186878867,0.129583718356469,0.1407907074641215,5.3,canli
2026-08-11 16:45,2026-08-11,KOCAELI,1,30.0,4,4,226716,19:00,134.2,1,BODE A WINNER,0.110141749963687,0.0619265905783092,0.0579326510062048,12.9,canli
2026-08-11 16:45,2026-08-11,KOCAELI,1,30.0,4,4,226716,19:00,134.2,2,ONE PAGE,0.0541588262141859,0.0092610274808633,0.0091304972263902,81.85,canli
2026-08-11 16:45,2026-08-11,KOCAELI,1,30.0,4,4,226716,19:00,134.2,3,THUNDER JEST,0.1560056188457567,0.2039319082568209,0.1891977716405172,3.95,canli
2026-08-11 16:45,2026-08-11,KOCAELI,1,30.0,4,4,226716,19:00,134.2,4,SİHİRLİ JOVANKA,0.1130904192342137,0.1151482910816455,0.1115419698477676,6.7,canli
2026-08-11 16:45,2026-08-11,KOCAELI,1,30.0,4,4,226716,19:00,134.2,5,PINEAL CODE,0.023874364458279,0.0282336999229174,0.0369052443446934,20.25,canli
2026-08-11 16:45,2026-08-11,KOCAELI,1,30.0,4,4,226716,19:00,134.2,6,SECRET LAV,0.085921118936334,0.0727567421113535,0.0732677645078473,10.2,canli
2026-08-11 16:45,2026-08-11,KOCAELI,1,30.0,4,4,226716,19:00,134.2,7,THE BEAUTIFUL ECE,0.1451884170546041,0.0936331100524935,0.0839697975258475,8.9,canli
2026-08-11 16:45,2026-08-11,KOCAELI,1,30.0,4,4,226716,19:00,134.2,8,I RO,0.0588366551843204,0.2581067349505523,0.3113879991583513,2.4,canli
2026-08-11 16:45,2026-08-11,KOCAELI,1,30.0,4,4,226716,19:00,134.2,9,MAGIC FLUTE,0.2527828301086187,0.157001895565044,0.1266663047423802,5.9,canli
2026-08-11 16:45,2026-08-11,KOCAELI,1,30.0,5,5,226720,19:30,164.2,1,HAZAN SABAHI,0.2249983250851722,0.1656970172205766,0.1453270945540039,5.15,canli
2026-08-11 16:45,2026-08-11,KOCAELI,1,30.0,5,5,226720,19:30,164.2,2,VAHŞİ KRALİÇE,0.0899435179121926,0.0747193711867879,0.0752195514525749,9.95,canli
2026-08-11 16:45,2026-08-11,KOCAELI,1,30.0,5,5,226720,19:30,164.2,3,ALSAYFA,0.176559111588561,0.2101471449545131,0.1943985810267844,3.85,canli
2026-08-11 16:45,2026-08-11,KOCAELI,1,30.0,5,5,226720,19:30,164.2,4,KONÇİÇEK,0.1221742023840694,0.1055996411939934,0.1018278281568871,7.35,canli
2026-08-11 16:45,2026-08-11,KOCAELI,1,30.0,5,5,226720,19:30,164.2,5,MUTLU BAHAR,0.161695410567734,0.1287208887556276,0.1187991328497016,6.3,canli
2026-08-11 16:45,2026-08-11,KOCAELI,1,30.0,5,5,226720,19:30,164.2,6,ESRİN HATUN,0.0650084413535384,0.0551455503651984,0.0582439328368186,12.85,canli
2026-08-11 16:45,2026-08-11,KOCAELI,1,30.0,5,5,226720,19:30,164.2,7,IRMAĞIN GÜLÜ,0.0694825442922278,0.0684152121172812,0.0719648593224154,10.4,canli
2026-08-11 16:45,2026-08-11,KOCAELI,1,30.0,5,5,226720,19:30,164.2,8,LOKUM HÜMA,0.0444965854600779,0.0697173764240235,0.0796206954205447,9.4,canli
2026-08-11 16:45,2026-08-11,KOCAELI,1,30.0,5,5,226720,19:30,164.2,9,GÖNLÜMDE KUTUP,0.0183149181345991,0.0117035954125265,0.0147040184077233,50.9,canli
2026-08-11 16:45,2026-08-11,KOCAELI,1,30.0,5,5,226720,19:30,164.2,10,TEKSEVDAM,0.0273269432218271,0.1101342023694713,0.1398943059725458,5.35,canli
2026-08-11 16:45,2026-08-11,KOCAELI,1,30.0,6,6,226718,20:00,194.2,1,FROZEN LOVE,0.1330660337045648,0.0576231439564062,0.0512601949250486,14.6,canli
2026-08-11 16:45,2026-08-11,KOCAELI,1,30.0,6,6,226718,20:00,194.2,2,GÜNÇE KIZ,0.120581780876492,0.1097316420552544,0.1018229722320695,7.35,canli
2026-08-11 16:45,2026-08-11,KOCAELI,1,30.0,6,6,226718,20:00,194.2,3,TARÇINKIZ,0.2198170401862654,0.0510425588509057,0.0412340961931521,18.15,canli
2026-08-11 16:45,2026-08-11,KOCAELI,1,30.0,6,6,226718,20:00,194.2,4,TORUNCALAS,0.1324043632812083,0.2486355061756119,0.2338746393455346,3.2,canli
2026-08-11 16:45,2026-08-11,KOCAELI,1,30.0,6,6,226718,20:00,194.2,5,KESKİN KUŞ,0.22346012037154,0.1617861645173668,0.136072517437402,5.5,canli
2026-08-11 16:45,2026-08-11,KOCAELI,1,30.0,6,6,226718,20:00,194.2,6,SUBİKE,0.0155668789986708,0.1631004326334165,0.2234026405688689,3.35,canli
2026-08-11 16:45,2026-08-11,KOCAELI,1,30.0,6,6,226718,20:00,194.2,7,İWOJİMA,0.0495146883290552,0.1055880692365221,0.115138283985494,6.5,canli
2026-08-11 16:45,2026-08-11,KOCAELI,1,30.0,6,6,226718,20:00,194.2,8,JALELA,0.105589094252203,0.1024924825745162,0.0971946553124299,7.7,canli
2026-08-11 18:31,2026-08-11,KOCAELI,2,30.0,1,4,226716,19:00,28.9,1,BODE A WINNER,0.1211205509870569,0.0796186939199311,0.0776732232897715,9.6,canli
2026-08-11 18:31,2026-08-11,KOCAELI,2,30.0,1,4,226716,19:00,28.9,2,ONE PAGE,0.0563432382036584,0.0348445444488883,0.0390399446901469,19.1,canli
2026-08-11 18:31,2026-08-11,KOCAELI,2,30.0,1,4,226716,19:00,28.9,3,THUNDER JEST,0.1918539093644678,0.1993911004308054,0.1841143070572361,4.05,canli
2026-08-11 18:31,2026-08-11,KOCAELI,2,30.0,1,4,226716,19:00,28.9,4,SİHİRLİ JOVANKA,0.127131247930199,0.0817365829869473,0.0789061315959583,9.45,canli
2026-08-11 18:31,2026-08-11,KOCAELI,2,30.0,1,4,226716,19:00,28.9,5,PINEAL CODE,0.0266555187627155,0.0405278917191387,0.0554396240581268,13.45,canli
2026-08-11 18:31,2026-08-11,KOCAELI,2,30.0,1,4,226716,19:00,28.9,6,SECRET LAV,0.1033319348949099,0.1701935040921523,0.1818690106297089,4.1,canli
2026-08-11 18:31,2026-08-11,KOCAELI,2,30.0,1,4,226716,19:00,28.9,8,I RO,0.0638869379746416,0.15359810124346,0.1841143070572361,4.05,canli
2026-08-11 18:31,2026-08-11,KOCAELI,2,30.0,1,4,226716,19:00,28.9,9,MAGIC FLUTE,0.3096766618823507,0.2400895811586765,0.198843451621815,3.75,canli
2026-08-11 18:31,2026-08-11,KOCAELI,2,30.0,2,5,226720,19:30,58.9,1,HAZAN SABAHI,0.225028906261738,0.1503199533531523,0.1320871335811379,5.65,canli
2026-08-11 18:31,2026-08-11,KOCAELI,2,30.0,2,5,226720,19:30,58.9,2,VAHŞİ KRALİÇE,0.089961871038082,0.0825288424240954,0.0838530679475763,8.9,canli
2026-08-11 18:31,2026-08-11,KOCAELI,2,30.0,2,5,226720,19:30,58.9,3,ALSAYFA,0.1766184461850215,0.2317092365543963,0.2163166100676607,3.45,canli
2026-08-11 18:31,2026-08-11,KOCAELI,2,30.0,2,5,226720,19:30,58.9,4,KONÇİÇEK,0.1222052763675249,0.0822173815031801,0.0789727306596221,9.45,canli
2026-08-11 18:31,2026-08-11,KOCAELI,2,30.0,2,5,226720,19:30,58.9,5,MUTLU BAHAR,0.1616112556980375,0.1521954101036818,0.1421509151873199,5.25,canli
2026-08-11 18:31,2026-08-11,KOCAELI,2,30.0,2,5,226720,19:30,58.9,6,ESRİN HATUN,0.0650220857093119,0.0450977354883716,0.0475345417027662,15.7,canli
2026-08-11 18:31,2026-08-11,KOCAELI,2,30.0,2,5,226720,19:30,58.9,7,IRMAĞIN GÜLÜ,0.069494820186716,0.0918190964216487,0.0981963558859775,7.6,canli
2026-08-11 18:31,2026-08-11,KOCAELI,2,30.0,2,5,226720,19:30,58.9,8,LOKUM HÜMA,0.04440733483959,0.0576445691678492,0.065752625967703,11.35,canli
2026-08-11 18:31,2026-08-11,KOCAELI,2,30.0,2,5,226720,19:30,58.9,9,GÖNLÜMDE KUTUP,0.0183180750584834,0.0131434683263138,0.0166769230108028,44.75,canli
2026-08-11 18:31,2026-08-11,KOCAELI,2,30.0,2,5,226720,19:30,58.9,10,TEKSEVDAM,0.0273319286554945,0.0933243066573103,0.1184590959894332,6.3,canli
2026-08-11 18:31,2026-08-11,KOCAELI,2,30.0,3,6,226718,20:00,88.9,1,FROZEN LOVE,0.1330851103319978,0.0588362397828887,0.0543043228388708,13.7,canli
2026-08-11 18:31,2026-08-11,KOCAELI,2,30.0,3,6,226718,20:00,88.9,2,GÜNÇE KIZ,0.1206002364360646,0.0619701119782047,0.0583505272856886,12.75,canli
2026-08-11 18:31,2026-08-11,KOCAELI,2,30.0,3,6,226718,20:00,88.9,3,TARÇINKIZ,0.2198463240993483,0.0883450124425083,0.0755298703444193,9.85,canli
2026-08-11 18:31,2026-08-11,KOCAELI,2,30.0,3,6,226718,20:00,88.9,4,TORUNCALAS,0.1324320440231865,0.3282583929295055,0.3234648795184914,2.3,canli
2026-08-11 18:31,2026-08-11,KOCAELI,2,30.0,3,6,226718,20:00,88.9,5,KESKİN KUŞ,0.2233329219856074,0.1451832207378433,0.126096478456361,5.9,canli
2026-08-11 18:31,2026-08-11,KOCAELI,2,30.0,3,6,226718,20:00,88.9,6,SUBİKE,0.0155700792900182,0.0865372801159404,0.119995035950408,6.2,canli
2026-08-11 18:31,2026-08-11,KOCAELI,2,30.0,3,6,226718,20:00,88.9,7,İWOJİMA,0.0495261041880446,0.0970846790737051,0.1094072386606661,6.8,canli
2026-08-11 18:31,2026-08-11,KOCAELI,2,30.0,3,6,226718,20:00,88.9,8,JALELA,0.105607179645732,0.1337850629394037,0.1328516469450946,5.6,canli
2026-08-11 18:31,2026-08-11,KOCAELI,2,30.0,4,7,226719,20:30,118.9,1,ERKOÇUM,0.0715971179376198,0.0974798689438757,0.1008809276871779,7.4,canli
2026-08-11 18:31,2026-08-11,KOCAELI,2,30.0,4,7,226719,20:30,118.9,2,SERASKER,0.227406566812702,0.1491135637334298,0.1184950579182725,6.3,canli
2026-08-11 18:31,2026-08-11,KOCAELI,2,30.0,4,7,226719,20:30,118.9,3,BAHAMA MAMA,0.3124155189279183,0.1285312523920497,0.0933148581106396,8.0,canli
2026-08-11 18:31,2026-08-11,KOCAELI,2,30.0,4,7,226719,20:30,118.9,4,CALEDONIE,0.0907156914970192,0.2025787402256745,0.2073663513569769,3.6,canli
2026-08-11 18:31,2026-08-11,KOCAELI,2,30.0,4,7,226719,20:30,118.9,5,İŞİN ASLI,0.0351681968787217,0.1069299201836221,0.1333069401580566,5.6,canli
2026-08-11 18:31,2026-08-11,KOCAELI,2,30.0,4,7,226719,20:30,118.9,6,SANDUHAN,0.1486774724282055,0.1338152797141997,0.1175620259661601,6.35,canli
2026-08-11 18:31,2026-08-11,KOCAELI,2,30.0,4,7,226719,20:30,118.9,7,ONNA BUGEISHA,0.0333037886441804,0.045329269650122,0.0540955699192113,13.8,canli
2026-08-11 18:31,2026-08-11,KOCAELI,2,30.0,4,7,226719,20:30,118.9,8,BEST OF ROCK,0.0425244044133436,0.0463082368693283,0.0520222205494855,14.35,canli
2026-08-11 18:31,2026-08-11,KOCAELI,2,30.0,4,7,226719,20:30,118.9,9,BY YURDABAK,0.0230602758010951,0.055149257477756,0.0731881240083448,10.2,canli
2026-08-11 18:31,2026-08-11,KOCAELI,2,30.0,4,7,226719,20:30,118.9,10,SWISS DANCER,0.015130966659194,0.034764610809942,0.0497679243256744,15.0,canli
2026-08-11 18:31,2026-08-11,KOCAELI,2,30.0,5,8,226704,21:00,148.9,1,BLACK RAPTOR,0.1329463110966589,0.1786700800640364,0.1690028502583207,4.4,canli
2026-08-11 18:31,2026-08-11,KOCAELI,2,30.0,5,8,226704,21:00,148.9,2,DERNIERE STAR,0.1233580052320673,0.0113099597843888,0.0090629194532189,82.05,canli
2026-08-11 18:31,2026-08-11,KOCAELI,2,30.0,5,8,226704,21:00,148.9,3,LAST BREATH,0.0281296936934789,0.1641755646665824,0.228803858811265,3.25,canli
2026-08-11 18:31,2026-08-11,KOCAELI,2,30.0,5,8,226704,21:00,148.9,4,RAŞAMO,0.1018800372592605,0.1384411898658236,0.1377060261364095,5.4,canli
2026-08-11 18:31,2026-08-11,KOCAELI,2,30.0,5,8,226704,21:00,148.9,5,STEEL WINGS,0.201030757824922,0.3347875096335884,0.2974450164546446,2.5,canli
2026-08-11 18:31,2026-08-11,KOCAELI,2,30.0,5,8,226704,21:00,148.9,6,BELLA LUNO,0.0458158395220572,0.0129306733286423,0.0134347342572106,55.35,canli
2026-08-11 18:31,2026-08-11,KOCAELI,2,30.0,5,8,226704,21:00,148.9,7,CAN YAREN,0.0475858613377126,0.0253927968208968,0.0273386963653166,27.2,canli
2026-08-11 18:31,2026-08-11,KOCAELI,2,30.0,5,8,226704,21:00,148.9,8,MAGIC SURPRISE,0.1770728732804943,0.0281383268767831,0.0218709570922532,34.0,canli
2026-08-11 18:31,2026-08-11,KOCAELI,2,30.0,5,8,226704,21:00,148.9,9,SOUL OF MINE,0.1421806207533479,0.1061538989592578,0.0953349411713604,7.8,canli
2026-08-11 18:31,2026-08-11,KOCAELI,2,30.0,6,9,226722,21:30,178.9,1,YOLKIRAN,0.0934932694121641,0.0395359423182573,0.0362252168208532,20.65,canli
2026-08-11 18:31,2026-08-11,KOCAELI,2,30.0,6,9,226722,21:30,178.9,2,FATİH ŞAH,0.0775131666823267,0.0267734365109606,0.0250184189749371,29.9,canli
2026-08-11 18:31,2026-08-11,KOCAELI,2,30.0,6,9,226722,21:30,178.9,3,KING GÖKÇE,0.0845469890359612,0.1268120173283258,0.1236447483224166,6.05,canli
2026-08-11 18:31,2026-08-11,KOCAELI,2,30.0,6,9,226722,21:30,178.9,4,İLBERK HAN,0.2285252733723853,0.1732497726213627,0.1424858528286895,5.25,canli
2026-08-11 18:31,2026-08-11,KOCAELI,2,30.0,6,9,226722,21:30,178.9,5,GÜMBÜR ŞAH,0.0894964746613084,0.0944416931993621,0.0901265936567012,8.3,canli
2026-08-11 18:31,2026-08-11,KOCAELI,2,30.0,6,9,226722,21:30,178.9,6,KRAL YAZICI,0.0991832692052502,0.0990456316234669,0.0929255561926236,8.05,canli
2026-08-11 18:31,2026-08-11,KOCAELI,2,30.0,6,9,226722,21:30,178.9,7,SEMENDİN OĞLU,0.0732775935980364,0.0400239345959747,0.0383615757615702,19.5,canli
2026-08-11 18:31,2026-08-11,KOCAELI,2,30.0,6,9,226722,21:30,178.9,8,ZENG,0.0596789864214205,0.0995107941046791,0.1024727023767973,7.3,canli
2026-08-11 18:31,2026-08-11,KOCAELI,2,30.0,6,9,226722,21:30,178.9,9,MADEİRA,0.0615030967142876,0.0455859415924447,0.0453364077182194,16.5,canli
2026-08-11 18:31,2026-08-11,KOCAELI,2,30.0,6,9,226722,21:30,178.9,10,ZEMBEREK,0.0522934652752936,0.0691202690373136,0.0719279545529442,10.4,canli
2026-08-11 18:31,2026-08-11,KOCAELI,2,30.0,6,9,226722,21:30,178.9,11,GÜÇBATUR,0.0203537823059296,0.0695111469827795,0.0859828422242092,8.7,canli
2026-08-11 18:31,2026-08-11,KOCAELI,2,30.0,6,9,226722,21:30,178.9,12,COŞDUR,0.0197624400989907,0.0641806709083035,0.0795798646117681,9.4,canli
2026-08-11 18:31,2026-08-11,KOCAELI,2,30.0,6,9,226722,21:30,178.9,13,BERİVANCAN,0.0170644890393737,0.0318200486070584,0.0394749724195578,18.95,canli
2026-08-11 18:31,2026-08-11,KOCAELI,2,30.0,6,9,226722,21:30,178.9,14,ADALOF,0.0130650649101997,0.0053061356468737,0.0064626412730075,115.75,canli
2026-08-11 18:31,2026-08-11,KOCAELI,2,30.0,6,9,226722,21:30,178.9,15,AKSOYLUCAN,0.0102426392670718,0.0150825649228366,0.0199746522657041,37.45,canli
2026-08-12 13:00,2026-08-12,ISTANBUL,1,30.0,1,1,226736,13:30,29.4,1,SIRIUS VEGA,0.1276313009451886,0.1019719517673629,0.1095672472474935,6.8,canli
2026-08-12 13:00,2026-08-12,ISTANBUL,1,30.0,1,1,226736,13:30,29.4,3,HENNAS SPOON,0.3225874336244083,0.5589027046819209,0.5321837723449684,1.4,canli
2026-08-12 13:00,2026-08-12,ISTANBUL,1,30.0,1,1,226736,13:30,29.4,4,LION ICARDI,0.1694848824953,0.0789488786815024,0.0776101334669745,9.6,canli
2026-08-12 13:00,2026-08-12,ISTANBUL,1,30.0,1,1,226736,13:30,29.4,5,RİYAD,0.0699859210128411,0.0296098202176912,0.0340987314088309,21.85,canli
2026-08-12 13:00,2026-08-12,ISTANBUL,1,30.0,1,1,226736,13:30,29.4,6,HARD LION,0.0689432743848979,0.0264019843462804,0.0302868813529656,24.6,canli
2026-08-12 13:00,2026-08-12,ISTANBUL,1,30.0,1,1,226736,13:30,29.4,7,ALASER,0.0474003510611237,0.0201191340267879,0.0249183037218379,29.9,canli
2026-08-12 13:00,2026-08-12,ISTANBUL,1,30.0,1,1,226736,13:30,29.4,8,MR HERMES,0.1809051914567192,0.1779766451983878,0.1817212881177941,4.1,canli
2026-08-12 13:00,2026-08-12,ISTANBUL,1,30.0,1,1,226736,13:30,29.4,9,SECRET PATH,0.0130616450195209,0.0060688810800662,0.0096136423391349,77.5,canli
2026-08-12 13:00,2026-08-12,ISTANBUL,1,30.0,2,2,226724,14:00,59.4,2,WATERSHED,0.2281650076310671,0.0551896584933365,0.0400323745870093,18.65,canli
2026-08-12 13:00,2026-08-12,ISTANBUL,1,30.0,2,2,226724,14:00,59.4,3,CHEF CURRY,0.0167617485976462,0.0457968291254426,0.0635407477487425,11.75,canli
2026-08-12 13:00,2026-08-12,ISTANBUL,1,30.0,2,2,226724,14:00,59.4,4,INVINCIBLE ARES,0.0671377717700294,0.0307367686150484,0.0292212832112612,25.55,canli
2026-08-12 13:00,2026-08-12,ISTANBUL,1,30.0,2,2,226724,14:00,59.4,5,KİP MUSA,0.0638863476207564,0.1022218611091804,0.1066576837211035,7.0,canli
2026-08-12 13:00,2026-08-12,ISTANBUL,1,30.0,2,2,226724,14:00,59.4,6,MANIFEST,0.0466956234068771,0.0482656569074704,0.0518474851422031,14.4,canli
2026-08-12 13:00,2026-08-12,ISTANBUL,1,30.0,2,2,226724,14:00,59.4,7,MEISTER OF HONOUR,0.0315617721808418,0.0069036962809546,0.0071892516711384,103.85,canli
2026-08-12 13:00,2026-08-12,ISTANBUL,1,30.0,2,2,226724,14:00,59.4,8,NALÇAKAN BEY,0.1745304866322187,0.2419813250522883,0.2073899405688125,3.6,canli
2026-08-12 13:00,2026-08-12,ISTANBUL,1,30.0,2,2,226724,14:00,59.4,9,BIG RUGGED,0.0196558760049949,0.0475608378591335,0.0635407477487425,11.75,canli
2026-08-12 13:00,2026-08-12,ISTANBUL,1,30.0,2,2,226724,14:00,59.4,10,MAGGIE,0.0676346296117211,0.1490232674570676,0.1571797444311,4.75,canli
2026-08-12 13:00,2026-08-12,ISTANBUL,1,30.0,2,2,226724,14:00,59.4,11,EMERY,0.047307583247793,0.0282866509818698,0.0292212832112612,25.55,canli
2026-08-12 13:00,2026-08-12,ISTANBUL,1,30.0,2,2,226724,14:00,59.4,12,MOON STREAM,0.0924837468823443,0.0526602676237737,0.0478592170543413,15.6,canli
2026-08-12 13:00,2026-08-12,ISTANBUL,1,30.0,2,2,226724,14:00,59.4,13,MY FOUNTAIN,0.0139776814213631,0.0147643289149385,0.0198829237296331,37.55,canli
2026-08-12 13:00,2026-08-12,ISTANBUL,1,30.0,2,2,226724,14:00,59.4,14,ROYAL ROMANCE,0.0877929471781882,0.148319468217864,0.1463928992250441,5.1,canli
2026-08-12 13:00,2026-08-12,ISTANBUL,1,30.0,2,2,226724,14:00,59.4,15,SAMUİ,0.042408777814158,0.0282893833616311,0.0300444179496066,24.85,canli
2026-08-12 13:00,2026-08-12,ISTANBUL,1,30.0,3,3,226730,14:30,89.4,1,SPEEDTAIL,0.0861413559980723,0.0754779662604694,0.0818810343338679,9.1,canli
2026-08-12 13:00,2026-08-12,ISTANBUL,1,30.0,3,3,226730,14:30,89.4,2,PRENS LAUTARO,0.1513321444440089,0.3487795936906828,0.363471908506438,2.05,canli
2026-08-12 13:00,2026-08-12,ISTANBUL,1,30.0,3,3,226730,14:30,89.4,3,HAVACI,0.3824966504109531,0.304171573960139,0.2483724708127326,3.0,canli
2026-08-12 13:00,2026-08-12,ISTANBUL,1,30.0,3,3,226730,14:30,89.4,4,SHINING LIFE,0.0788563094715226,0.0280355393353903,0.0291061489233671,25.6,canli
2026-08-12 13:00,2026-08-12,ISTANBUL,1,30.0,3,3,226730,14:30,89.4,5,LEVERO,0.0732859234054242,0.0865304934285378,0.0986910480050593,7.55,canli
2026-08-12 13:00,2026-08-12,ISTANBUL,1,30.0,3,3,226730,14:30,89.4,6,IRON THOR,0.0945321250565342,0.0752259313341017,0.0796917018650479,9.35,canli
2026-08-12 13:00,2026-08-12,ISTANBUL,1,30.0,3,3,226730,14:30,89.4,7,HILDA,0.0643928596690174,0.029420811955078,0.0322561650406146,23.1,canli
2026-08-12 13:00,2026-08-12,ISTANBUL,1,30.0,3,3,226730,14:30,89.4,8,CASH FOR YOU,0.0572015154307128,0.0384470897383344,0.0442206179488544,16.85,canli
2026-08-12 13:00,2026-08-12,ISTANBUL,1,30.0,3,3,226730,14:30,89.4,9,YEŞİL İNCİ,0.011761116113754,0.0139110002972662,0.0223089045640179,33.4,canli
2026-08-12 13:00,2026-08-12,ISTANBUL,1,30.0,4,4,226729,15:00,119.4,1,ART OF VICTORY,0.1444144657206645,0.0237523428939678,0.0228380011579356,21.4,canli
2026-08-12 13:00,2026-08-12,ISTANBUL,1,30.0,4,4,226729,15:00,119.4,2,INNERBLOOM,0.1304658807266593,0.3911032218391174,0.4654602140760215,1.05,canli
2026-08-12 13:00,2026-08-12,ISTANBUL,1,30.0,4,4,226729,15:00,119.4,3,SHIMMER,0.5264039105544954,0.544561575102155,0.4654602140760215,1.05,canli
2026-08-12 13:00,2026-08-12,ISTANBUL,1,30.0,4,4,226729,15:00,119.4,4,TEPEKIZI,0.114560130605772,0.0207595033515098,0.0209756748832541,23.3,canli
2026-08-12 13:00,2026-08-12,ISTANBUL,1,30.0,4,4,226729,15:00,119.4,5,SILENT TUNGUSKA,0.0416211802271447,0.0013632831969605,0.0014832571313499,329.5,canli
2026-08-12 13:00,2026-08-12,ISTANBUL,1,30.0,4,4,226729,15:00,119.4,6,SILVER RISING,0.0425344321652639,0.0184600736162893,0.0237826386754171,20.55,canli
2026-08-12 13:00,2026-08-12,ISTANBUL,1,30.0,5,5,226737,15:30,149.4,1,GÜMBÜRHAN,0.0828617887037803,0.0332734260486251,0.0306353454432088,24.4,canli
2026-08-12 13:00,2026-08-12,ISTANBUL,1,30.0,5,5,226737,15:30,149.4,2,SERDENİZ,0.1144354712745546,0.0509083823631651,0.0448950407696274,16.65,canli
2026-08-12 13:00,2026-08-12,ISTANBUL,1,30.0,5,5,226737,15:30,149.4,3,CANMERT,0.0708330022804542,0.0270876204190458,0.0254685665694819,29.35,canli
2026-08-12 13:00,2026-08-12,ISTANBUL,1,30.0,5,5,226737,15:30,149.4,4,GECE GÜZELİ,0.0695590936949425,0.0345879988812161,0.0329296224147267,22.7,canli
2026-08-12 13:00,2026-08-12,ISTANBUL,1,30.0,5,5,226737,15:30,149.4,5,KESTENOĞLU,0.084062548584043,0.0926972427610642,0.088461825895183,8.45,canli
2026-08-12 13:00,2026-08-12,ISTANBUL,1,30.0,5,5,226737,15:30,149.4,6,HARESE,0.044228456819947,0.0237226961593368,0.0241910171137312,30.9,canli
2026-08-12 13:00,2026-08-12,ISTANBUL,1,30.0,5,5,226737,15:30,149.4,7,YEŞİLKÖYLÜ,0.0673951794290066,0.3575390193085032,0.3737512144071481,2.0,canli
2026-08-12 13:00,2026-08-12,ISTANBUL,1,30.0,5,5,226737,15:30,149.4,8,ERSELEFE,0.0742348987863962,0.081419559787028,0.0791007861179149,9.45,canli
2026-08-12 13:00,2026-08-12,ISTANBUL,1,30.0,5,5,226737,15:30,149.4,9,BAY ARAZ,0.2975986685838394,0.1448809467339724,0.1115675266887009,6.7,canli
2026-08-12 13:00,2026-08-12,ISTANBUL,1,30.0,5,5,226737,15:30,149.4,10,BATUGA,0.0137166415331491,0.0112881459014012,0.01386831964405,53.9,canli
2026-08-12 13:00,2026-08-12,ISTANBUL,1,30.0,5,5,226737,15:30,149.4,11,ÜRGÜP,0.0273398562269195,0.0517389544054223,0.0593255895884362,12.6,canli
2026-08-12 13:00,2026-08-12,ISTANBUL,1,30.0,5,5,226737,15:30,149.4,12,SONZEYBEK,0.0316372222231224,0.038574324389445,0.0425927309865695,17.55,canli
2026-08-12 13:00,2026-08-12,ISTANBUL,1,30.0,5,5,226737,15:30,149.4,13,SUSADIM,0.0070898653286219,0.0180514816497056,0.0254685665694819,29.35,canli
2026-08-12 13:00,2026-08-12,ISTANBUL,1,30.0,5,5,226737,15:30,149.4,14,DAĞLIOĞLU,0.010191548517768,0.020671763909213,0.0274312817913503,27.25,canli
2026-08-12 13:00,2026-08-12,ISTANBUL,1,30.0,5,5,226737,15:30,149.4,15,FLYMAN,0.0048157580134547,0.0135584372828556,0.0203125660003884,36.8,canli
2026-08-12 13:00,2026-08-12,ISTANBUL,1,30.0,6,6,226725,16:00,179.4,1,BAY CAVALLO,0.2641136013922549,0.0742101472380128,0.0507329640347161,14.75,canli
2026-08-12 13:00,2026-08-12,ISTANBUL,1,30.0,6,6,226725,16:00,179.4,2,SHAREHOLDER,0.1234669498523894,0.1757247181308717,0.1542909730952706,4.85,canli
2026-08-12 13:00,2026-08-12,ISTANBUL,1,30.0,6,6,226725,16:00,179.4,3,KALORİMATİK,0.0440938199030906,0.059112166010307,0.062620185733227,11.95,canli
2026-08-12 13:00,2026-08-12,ISTANBUL,1,30.0,6,6,226725,16:00,179.4,4,ALA MASTER,0.0120043777006133,0.0270436656325289,0.0377934959349526,19.8,canli
2026-08-12 13:00,2026-08-12,ISTANBUL,1,30.0,6,6,226725,16:00,179.4,5,DIVINE SON,0.0388984559262479,0.0665593609684946,0.0733638450502022,10.2,canli
2026-08-12 13:00,2026-08-12,ISTANBUL,1,30.0,6,6,226725,16:00,179.4,6,GRANDE TEMPESTA,0.0578994066884653,0.0835576344734198,0.0845549400578601,8.85,canli
2026-08-12 13:00,2026-08-12,ISTANBUL,1,30.0,6,6,226725,16:00,179.4,7,MYSTERY BOUNTY,0.120483180305163,0.1398464578569752,0.1216766210588719,6.15,canli
2026-08-12 13:00,2026-08-12,ISTANBUL,1,30.0,6,6,226725,16:00,179.4,8,PHANTOM RULER,0.018214053653406,0.0615508265377484,0.081782646941209,9.15,canli
2026-08-12 13:00,2026-08-12,ISTANBUL,1,30.0,6,6,226725,16:00,179.4,9,AKİDE SULTAN,0.0320522310816011,0.0700259401665206,0.0813381760339198,9.2,canli
2026-08-12 13:00,2026-08-12,ISTANBUL,1,30.0,6,6,226725,16:00,179.4,10,GIRL OF THE NIGHT,0.0117565590110111,0.0388002031623549,0.0558441208591091,13.4,canli
2026-08-12 13:00,2026-08-12,ISTANBUL,1,30.0,6,6,226725,16:00,179.4,11,GÖK NİL,0.0161259183282466,0.0077908196673057,0.0092957915467336,80.5,canli
2026-08-12 13:00,2026-08-12,ISTANBUL,1,30.0,6,6,226725,16:00,179.4,12,LUNA DEL CUORE,0.0980737589762538,0.0438938571891704,0.0372294139060727,20.1,canli
2026-08-12 13:00,2026-08-12,ISTANBUL,1,30.0,6,6,226725,16:00,179.4,13,PINK FLOWER,0.0074701165235466,0.0061543828596444,0.0087829955341791,85.2,canli
2026-08-12 13:00,2026-08-12,ISTANBUL,1,30.0,6,6,226725,16:00,179.4,14,SKY BLAZE,0.0411725280711254,0.0710601752664411,0.0775452040945142,9.65,canli
2026-08-12 13:00,2026-08-12,ISTANBUL,1,30.0,6,6,226725,16:00,179.4,15,XERİNA,0.1141750425865841,0.0746696448402037,0.0631486261191613,11.85,canli
2026-08-12 15:01,2026-08-12,ISTANBUL,2,30.0,1,5,226737,15:30,28.9,1,GÜMBÜRHAN,0.0828617887037803,0.0994644291232968,0.0984188612654165,7.6,canli
2026-08-12 15:01,2026-08-12,ISTANBUL,2,30.0,1,5,226737,15:30,28.9,2,SERDENİZ,0.1144354712745546,0.0709315468937285,0.0653260563857786,11.45,canli
2026-08-12 15:01,2026-08-12,ISTANBUL,2,30.0,1,5,226737,15:30,28.9,3,CANMERT,0.0708330022804542,0.0354325598597514,0.0347092039729543,21.55,canli
2026-08-12 15:01,2026-08-12,ISTANBUL,2,30.0,1,5,226737,15:30,28.9,4,GECE GÜZELİ,0.0695590936949425,0.0504050793843048,0.0502002245380648,14.9,canli
2026-08-12 15:01,2026-08-12,ISTANBUL,2,30.0,1,5,226737,15:30,28.9,5,KESTENOĞLU,0.084062548584043,0.0583583513961645,0.0564515732541257,13.25,canli
2026-08-12 15:01,2026-08-12,ISTANBUL,2,30.0,1,5,226737,15:30,28.9,6,HARESE,0.044228456819947,0.0248656079124178,0.026199066396398,28.55,canli
2026-08-12 15:01,2026-08-12,ISTANBUL,2,30.0,1,5,226737,15:30,28.9,7,YEŞİLKÖYLÜ,0.0673951794290066,0.1244469615342701,0.128962645796063,5.8,canli
2026-08-12 15:01,2026-08-12,ISTANBUL,2,30.0,1,5,226737,15:30,28.9,8,ERSELEFE,0.0742348987863962,0.0714418854273568,0.0712365091063967,10.5,canli
2026-08-12 15:01,2026-08-12,ISTANBUL,2,30.0,1,5,226737,15:30,28.9,9,BAY ARAZ,0.2975986685838394,0.2493896083088684,0.2021576609776122,3.7,canli
2026-08-12 15:01,2026-08-12,ISTANBUL,2,30.0,1,5,226737,15:30,28.9,10,BATUGA,0.0137166415331491,0.0148110293584663,0.0189602875948584,39.45,canli
2026-08-12 15:01,2026-08-12,ISTANBUL,2,30.0,1,5,226737,15:30,28.9,11,ÜRGÜP,0.0273398562269195,0.0995353383158902,0.1206424750995428,6.2,canli
2026-08-12 15:01,2026-08-12,ISTANBUL,2,30.0,1,5,226737,15:30,28.9,12,SONZEYBEK,0.0316372222231224,0.0644260422264606,0.0747983345617165,10.0,canli
2026-08-12 15:01,2026-08-12,ISTANBUL,2,30.0,1,5,226737,15:30,28.9,13,SUSADIM,0.0070898653286219,0.0127032970998599,0.018243496234565,41.0,canli
2026-08-12 15:01,2026-08-12,ISTANBUL,2,30.0,1,5,226737,15:30,28.9,14,DAĞLIOĞLU,0.010191548517768,0.0147211516665682,0.0198931740855629,37.6,canli
2026-08-12 15:01,2026-08-12,ISTANBUL,2,30.0,1,5,226737,15:30,28.9,15,FLYMAN,0.0048157580134547,0.0090671114925953,0.013800430730944,54.2,canli
2026-08-12 15:01,2026-08-12,ISTANBUL,2,30.0,2,6,226725,16:00,58.9,1,BAY CAVALLO,0.2641136013922549,0.2065129607894346,0.1494894921018834,5.0,canli
2026-08-12 15:01,2026-08-12,ISTANBUL,2,30.0,2,6,226725,16:00,58.9,2,SHAREHOLDER,0.1234669498523894,0.0650360227805326,0.0528231420854711,14.15,canli
2026-08-12 15:01,2026-08-12,ISTANBUL,2,30.0,2,6,226725,16:00,58.9,3,KALORİMATİK,0.0440938199030906,0.1165651239988654,0.1277687966682764,5.85,canli
2026-08-12 15:01,2026-08-12,ISTANBUL,2,30.0,2,6,226725,16:00,58.9,4,ALA MASTER,0.0120043777006133,0.0243217914979599,0.0333681902013132,22.4,canli
2026-08-12 15:01,2026-08-12,ISTANBUL,2,30.0,2,6,226725,16:00,58.9,5,DIVINE SON,0.0388984559262479,0.1096392599363318,0.123545034794945,6.05,canli
2026-08-12 15:01,2026-08-12,ISTANBUL,2,30.0,2,6,226725,16:00,58.9,6,GRANDE TEMPESTA,0.0578994066884653,0.0826113546681432,0.0825908796143002,9.05,canli
2026-08-12 15:01,2026-08-12,ISTANBUL,2,30.0,2,6,226725,16:00,58.9,7,MYSTERY BOUNTY,0.120483180305163,0.0584828921871794,0.0474569816196455,15.75,canli
2026-08-12 15:01,2026-08-12,ISTANBUL,2,30.0,2,6,226725,16:00,58.9,8,PHANTOM RULER,0.018214053653406,0.0282730264834521,0.0352569556844064,21.2,canli
2026-08-12 15:01,2026-08-12,ISTANBUL,2,30.0,2,6,226725,16:00,58.9,9,AKİDE SULTAN,0.0320522310816011,0.0536482748212494,0.0605220615797098,12.35,canli
2026-08-12 15:01,2026-08-12,ISTANBUL,2,30.0,2,6,226725,16:00,58.9,10,GIRL OF THE NIGHT,0.0117565590110111,0.0181779270526657,0.0245870875167571,30.4,canli
2026-08-12 15:01,2026-08-12,ISTANBUL,2,30.0,2,6,226725,16:00,58.9,11,GÖK NİL,0.0161259183282466,0.015347612035435,0.0189467036884516,39.45,canli
2026-08-12 15:01,2026-08-12,ISTANBUL,2,30.0,2,6,226725,16:00,58.9,12,LUNA DEL CUORE,0.0980737589762538,0.0472991318642787,0.0398638645605022,18.75,canli
2026-08-12 15:01,2026-08-12,ISTANBUL,2,30.0,2,6,226725,16:00,58.9,13,PINK FLOWER,0.0074701165235466,0.059852441344226,0.0983483500670285,7.6,canli
2026-08-12 15:01,2026-08-12,ISTANBUL,2,30.0,2,6,226725,16:00,58.9,14,SKY BLAZE,0.0411725280711254,0.0482032674485355,0.0506744041023333,14.75,canli
2026-08-12 15:01,2026-08-12,ISTANBUL,2,30.0,2,6,226725,16:00,58.9,15,XERİNA,0.1141750425865841,0.0660289130917098,0.0547580557149756,13.65,canli
2026-08-12 15:01,2026-08-12,ISTANBUL,2,30.0,3,7,226734,16:30,88.9,1,ASLAN HALİLİM,0.361775702648825,0.0722736680813746,0.0494182222014734,15.1,canli
2026-08-12 15:01,2026-08-12,ISTANBUL,2,30.0,3,7,226734,16:30,88.9,2,CUCURELLA,0.1854163380601022,0.1012217953350617,0.0838443994654212,8.9,canli
2026-08-12 15:01,2026-08-12,ISTANBUL,2,30.0,3,7,226734,16:30,88.9,3,SONG RISING,0.1180403109502144,0.1392172110979197,0.1320734788039379,5.65,canli
2026-08-12 15:01,2026-08-12,ISTANBUL,2,30.0,3,7,226734,16:30,88.9,4,THE ADMIRAL,0.1413231970324874,0.2107161767900769,0.1963724092742761,3.8,canli
2026-08-12 15:01,2026-08-12,ISTANBUL,2,30.0,3,7,226734,16:30,88.9,5,I HAVE A DREAM,0.078340632287495,0.0906457297192799,0.0926975348127017,8.05,canli
2026-08-12 15:01,2026-08-12,ISTANBUL,2,30.0,3,7,226734,16:30,88.9,6,HOLA Y CHAO,0.0345475471397264,0.1274109501826077,0.1640033308224724,4.55,canli
2026-08-12 15:01,2026-08-12,ISTANBUL,2,30.0,3,7,226734,16:30,88.9,7,WINNER GETS IT ALL,0.0805562718811492,0.2585144687936792,0.2815906246197168,2.65,canli
2026-08-12 15:01,2026-08-12,ISTANBUL,2,30.0,4,8,226733,17:00,118.9,1,CAPTAIN FANTASTIC,0.200365398933324,0.4037270189201115,0.4137719620407233,1.8,canli
2026-08-12 15:01,2026-08-12,ISTANBUL,2,30.0,4,8,226733,17:00,118.9,2,HOPE BREEZE,0.1581326684857765,0.2162592530823271,0.2256937974767582,3.3,canli
2026-08-12 15:01,2026-08-12,ISTANBUL,2,30.0,4,8,226733,17:00,118.9,3,LUCERYS,0.2926765929880071,0.1181604794172443,0.1013319090711975,7.35,canli
2026-08-12 15:01,2026-08-12,ISTANBUL,2,30.0,4,8,226733,17:00,118.9,4,STAR BLOOD,0.2441212080780206,0.157965522252934,0.1446193265385052,5.15,canli
2026-08-12 15:01,2026-08-12,ISTANBUL,2,30.0,4,8,226733,17:00,118.9,5,ALMIGHTY ESPRIT,0.1047041315148715,0.1038877263273829,0.1145830048728157,6.5,canli
2026-08-12 15:01,2026-08-12,ISTANBUL,2,30.0,5,9,226740,17:30,148.9,1,O BİR ÇELİK,0.3039337017612488,0.2912419629611726,0.2524337478173996,2.95,canli
2026-08-12 15:01,2026-08-12,ISTANBUL,2,30.0,5,9,226740,17:30,148.9,2,SAADIN KASIRGASI,0.0527642609176136,0.0758366369078144,0.0860901220880148,8.65,canli
2026-08-12 15:01,2026-08-12,ISTANBUL,2,30.0,5,9,226740,17:30,148.9,3,UFKUN ÖTESİ,0.0970707747774514,0.0583189821945643,0.05863618551664,12.7,canli
2026-08-12 15:01,2026-08-12,ISTANBUL,2,30.0,5,9,226740,17:30,148.9,4,YETİM AMCA,0.1030440075128066,0.0394722907859594,0.0386846522629261,19.25,canli
2026-08-12 15:01,2026-08-12,ISTANBUL,2,30.0,5,9,226740,17:30,148.9,5,ŞAFAK BEY,0.1073686407641542,0.0645138206502789,0.0639209919365947,11.65,canli
2026-08-12 15:01,2026-08-12,ISTANBUL,2,30.0,5,9,226740,17:30,148.9,6,AVCITOKOÇİN,0.0604081222882296,0.1343159443548859,0.1519754196043528,4.9,canli
2026-08-12 15:01,2026-08-12,ISTANBUL,2,30.0,5,9,226740,17:30,148.9,7,SİYAH PENÇE,0.1071288860481567,0.202722910183253,0.2097688890313602,3.55,canli
2026-08-12 15:01,2026-08-12,ISTANBUL,2,30.0,5,9,226740,17:30,148.9,8,NERGİZLİ,0.0768302211372111,0.060566368797266,0.063647825304387,11.7,canli
2026-08-12 15:01,2026-08-12,ISTANBUL,2,30.0,5,9,226740,17:30,148.9,9,MEHMETOĞLU,0.0914513847931278,0.0730110831648051,0.0748421664383245,9.95,canli
2026-08-12 15:01,2026-08-12,ISTANBUL,2,30.0,6,10,226723,18:00,178.9,1,ADVISOR,0.0314860801073619,0.0353651722095214,0.0378504434443492,19.75,canli
2026-08-12 15:01,2026-08-12,ISTANBUL,2,30.0,6,10,226723,18:00,178.9,2,AZEM BEY,0.0262167157554031,0.0374248542270635,0.042115282142304,17.75,canli
2026-08-12 15:01,2026-08-12,ISTANBUL,2,30.0,6,10,226723,18:00,178.9,3,BORAN,0.0240376203253448,0.0237566581662524,0.0265087325541098,28.2,canli
2026-08-12 15:01,2026-08-12,ISTANBUL,2,30.0,6,10,226723,18:00,178.9,4,CRY OF VICTORY,0.0108795152415683,0.0385885227768048,0.0543670005837016,13.75,canli
2026-08-12 15:01,2026-08-12,ISTANBUL,2,30.0,6,10,226723,18:00,178.9,5,DOĞANHAN,0.12270907493198,0.0712470310717777,0.0566322922746892,13.2,canli
2026-08-12 15:01,2026-08-12,ISTANBUL,2,30.0,6,10,226723,18:00,178.9,6,GUNSLINGER,0.0169662641019068,0.0061836094875711,0.0068866536897825,108.55,canli
2026-08-12 15:01,2026-08-12,ISTANBUL,2,30.0,6,10,226723,18:00,178.9,7,OVERDRIVE,0.0298595444991186,0.056368230359857,0.0630840724072487,11.85,canli
2026-08-12 15:01,2026-08-12,ISTANBUL,2,30.0,6,10,226723,18:00,178.9,8,SCARGIVER,0.0981019020876365,0.1341393625741709,0.1177238201615586,6.35,canli
2026-08-12 15:01,2026-08-12,ISTANBUL,2,30.0,6,10,226723,18:00,178.9,9,THIEF IN MARRAKESH,0.1830192340192725,0.1510764177635661,0.1141291996986103,6.55,canli
2026-08-12 15:01,2026-08-12,ISTANBUL,2,30.0,6,10,226723,18:00,178.9,10,ANGEL KISS,0.0335197331262495,0.0813475338947758,0.0906116676395027,8.25,canli
2026-08-12 15:01,2026-08-12,ISTANBUL,2,30.0,6,10,226723,18:00,178.9,11,BEST AND FAST,0.2089124552476076,0.0326731835999541,0.0215431198278356,34.7,canli
2026-08-12 15:01,2026-08-12,ISTANBUL,2,30.0,6,10,226723,18:00,178.9,12,BOLD STAR,0.0569527427893047,0.0458371955764399,0.042962428622178,17.4,canli
2026-08-12 15:01,2026-08-12,ISTANBUL,2,30.0,6,10,226723,18:00,178.9,13,CIRCUIT BREAKER,0.0238959973175245,0.0906043176426296,0.1107475937816144,6.75,canli
2026-08-12 15:01,2026-08-12,ISTANBUL,2,30.0,6,10,226723,18:00,178.9,14,MIND GAMES,0.0510689012814717,0.0454003810831868,0.0437161554401109,17.1,canli
2026-08-12 15:01,2026-08-12,ISTANBUL,2,30.0,6,10,226723,18:00,178.9,15,MRS NİLŞAH,0.0583023505778094,0.045360053366195,0.0422342518658699,17.7,canli
2026-08-12 15:01,2026-08-12,ISTANBUL,2,30.0,6,10,226723,18:00,178.9,16,ORİANNA,0.0240718685904392,0.1046274762002334,0.128887285866534,5.8,canli
2026-08-13 13:30,2026-08-13,ANKARA,1,30.0,1,1,226748,14:00,29.5,1,NIGHTFLYERS,0.2861308898685609,0.3795419940316669,0.3474369626050486,2.15,canli
2026-08-13 13:30,2026-08-13,ANKARA,1,30.0,1,1,226748,14:00,29.5,2,EL LORD,0.1238721215387419,0.0862726012297641,0.088401120662823,8.45,canli
2026-08-13 13:30,2026-08-13,ANKARA,1,30.0,1,1,226748,14:00,29.5,3,GÜÇLÜ TÜRK,0.1345651515953741,0.1338638613666755,0.1383313832594175,5.4,canli
2026-08-13 13:30,2026-08-13,ANKARA,1,30.0,1,1,226748,14:00,29.5,4,MARTİNA,0.1731180085110073,0.1459122484758561,0.1422837084954008,5.25,canli
2026-08-13 13:30,2026-08-13,ANKARA,1,30.0,1,1,226748,14:00,29.5,5,EL VERDUGO,0.0836682334952798,0.1238953501568285,0.1436518210770874,5.2,canli
2026-08-13 13:30,2026-08-13,ANKARA,1,30.0,1,1,226748,14:00,29.5,6,EL REY ESCORPİON,0.0401856790926328,0.0419922553649051,0.054524778802982,13.7,canli
2026-08-13 13:30,2026-08-13,ANKARA,1,30.0,1,1,226748,14:00,29.5,7,OĞLUM GALİBEY,0.158459915898403,0.0885216893743035,0.0853702250972405,8.75,canli
2026-08-13 13:30,2026-08-13,ANKARA,1,30.0,2,2,226741,14:30,59.5,1,ARATŞAH,0.0469009728890857,0.013424814436219,0.0163383962595404,46.6,canli
2026-08-13 13:30,2026-08-13,ANKARA,1,30.0,2,2,226741,14:30,59.5,3,VOOBAHR,0.3096419330774423,0.7348897684697661,0.7251135863757965,1.05,canli
2026-08-13 13:30,2026-08-13,ANKARA,1,30.0,2,2,226741,14:30,59.5,4,DELICIAS TURCAS,0.1712190718755873,0.0318268312059589,0.0295677384735761,25.75,canli
2026-08-13 13:30,2026-08-13,ANKARA,1,30.0,2,2,226741,14:30,59.5,5,FURİOSA,0.1561578597690227,0.0535138206601453,0.0526899145809402,14.45,canli
2026-08-13 13:30,2026-08-13,ANKARA,1,30.0,2,2,226741,14:30,59.5,6,AURORA NOVA,0.1667061673949124,0.0924299762682163,0.0928499104505593,8.2,canli
2026-08-13 13:30,2026-08-13,ANKARA,1,30.0,2,2,226741,14:30,59.5,7,LADY ŞAMPİRA,0.0503726138814709,0.0134381298678873,0.0160626427361727,47.4,canli
2026-08-13 13:30,2026-08-13,ANKARA,1,30.0,2,2,226741,14:30,59.5,8,SPIRIT OF LUX,0.0990013811124784,0.0604766590918071,0.0673778111234147,11.3,canli
2026-08-13 13:30,2026-08-13,ANKARA,1,30.0,3,3,226752,15:00,89.5,1,SALGUR,0.232548823450116,0.2361256696202139,0.2284113955484678,3.25,canli
2026-08-13 13:30,2026-08-13,ANKARA,1,30.0,3,3,226752,15:00,89.5,2,ALARASİ,0.2115229552989097,0.185625203295758,0.1810578135445172,4.1,canli
2026-08-13 13:30,2026-08-13,ANKARA,1,30.0,3,3,226752,15:00,89.5,3,ULUALP,0.3115528792226621,0.2920554543894694,0.2699407401936438,2.75,canli
2026-08-13 13:30,2026-08-13,ANKARA,1,30.0,3,3,226752,15:00,89.5,4,VURGUNHAN,0.0999126556136691,0.1397075913517008,0.1546535490692751,4.8,canli
2026-08-13 13:30,2026-08-13,ANKARA,1,30.0,3,3,226752,15:00,89.5,5,HEVSELİM,0.1061844204454823,0.1054326125936143,0.1142056977742339,6.5,canli
2026-08-13 13:30,2026-08-13,ANKARA,1,30.0,3,3,226752,15:00,89.5,6,YÜKENOĞLU,0.0382782659691607,0.0410534687492435,0.051730803869862,14.35,canli
2026-08-13 13:30,2026-08-13,ANKARA,1,30.0,4,4,226747,15:30,119.5,1,MISTER MIN JOU,0.082897862779355,0.0525820659904823,0.0524532602843844,14.25,canli
2026-08-13 13:30,2026-08-13,ANKARA,1,30.0,4,4,226747,15:30,119.5,2,NEJDET BAŞKAN,0.1745498836468877,0.1041298987532148,0.0900552962713829,8.3,canli
2026-08-13 13:30,2026-08-13,ANKARA,1,30.0,4,4,226747,15:30,119.5,3,SECRET STORM,0.3294151994778197,0.3142271860315729,0.2491529863508262,3.0,canli
2026-08-13 13:30,2026-08-13,ANKARA,1,30.0,4,4,226747,15:30,119.5,4,DOUBLE WORLD,0.029566418415066,0.073754730461914,0.0977070534709122,7.65,canli
2026-08-13 13:30,2026-08-13,ANKARA,1,30.0,4,4,226747,15:30,119.5,5,WOLF ŞAHİN,0.0759972993164035,0.079651720832641,0.083514967491897,8.95,canli
2026-08-13 13:30,2026-08-13,ANKARA,1,30.0,4,4,226747,15:30,119.5,6,SPIC AND SPAN,0.0653488874577144,0.0806559438786971,0.087936348123821,8.5,canli
2026-08-13 13:30,2026-08-13,ANKARA,1,30.0,4,4,226747,15:30,119.5,7,KENTUCKY BLAZE,0.0592264450905949,0.0254799424875283,0.0263653953810398,28.35,canli
2026-08-13 13:30,2026-08-13,ANKARA,1,30.0,4,4,226747,15:30,119.5,8,LALOCURA,0.0741146449314113,0.146262184923706,0.1607438621618233,4.65,canli
2026-08-13 13:30,2026-08-13,ANKARA,1,30.0,4,4,226747,15:30,119.5,9,BABA DOÇKA,0.0279235388962312,0.0365449169257772,0.0468626306615974,15.95,canli
2026-08-13 13:30,2026-08-13,ANKARA,1,30.0,4,4,226747,15:30,119.5,10,CALL ME FREE,0.0621030324292201,0.0507706576127288,0.0543606515674529,13.75,canli
2026-08-13 13:30,2026-08-13,ANKARA,1,30.0,4,4,226747,15:30,119.5,11,THAT BEATS ALL,0.0188567875592957,0.0359407521017371,0.0508475482348625,14.7,canli
2026-08-13 13:30,2026-08-13,ANKARA,1,30.0,5,5,226751,16:00,149.5,1,GÜLALP KIZI,0.1403281251115497,0.1564952259572082,0.1522261864823387,4.9,canli
2026-08-13 13:30,2026-08-13,ANKARA,1,30.0,5,5,226751,16:00,149.5,2,AZERBAYCANLI,0.0263136869734866,0.0379239073561118,0.0475100836792012,15.7,canli
2026-08-13 13:30,2026-08-13,ANKARA,1,30.0,5,5,226751,16:00,149.5,3,SALAHİYET,0.0960741497184286,0.0739594240363228,0.0749656596747196,9.95,canli
2026-08-13 13:30,2026-08-13,ANKARA,1,30.0,5,5,226751,16:00,149.5,4,SERPENÇE,0.0506505313963398,0.0103411107943328,0.010945096313477,68.15,canli
2026-08-13 13:30,2026-08-13,ANKARA,1,30.0,5,5,226751,16:00,149.5,5,KASIRGA BEY,0.1050389394063901,0.123324789239591,0.1253627418089848,5.95,canli
2026-08-13 13:30,2026-08-13,ANKARA,1,30.0,5,5,226751,16:00,149.5,6,DEMİR BARBAR,0.1651703148590972,0.1676587525108894,0.158703896545417,4.7,canli
2026-08-13 13:30,2026-08-13,ANKARA,1,30.0,5,5,226751,16:00,149.5,7,ALÜNLÜHAT,0.1653884514953925,0.2168364584075827,0.2071967538231833,3.6,canli
2026-08-13 13:30,2026-08-13,ANKARA,1,30.0,5,5,226751,16:00,149.5,8,DİSTİLE,0.1241883440331464,0.0465748767026559,0.0442675557129649,16.85,canli
2026-08-13 13:30,2026-08-13,ANKARA,1,30.0,5,5,226751,16:00,149.5,9,HAKİMTAY,0.0361957696041778,0.0313164437726389,0.03674425190953,20.3,canli
2026-08-13 13:30,2026-08-13,ANKARA,1,30.0,5,5,226751,16:00,149.5,10,ATLI FIRTINA,0.0906516874019912,0.135569011222666,0.1420777740501828,5.25,canli
2026-08-13 13:30,2026-08-13,ANKARA,1,30.0,6,6,226757,16:30,179.5,1,TİRİLYE KARTALI,0.0926482776811479,0.1068213333909069,0.1064411769626103,5.6,canli
2026-08-13 13:30,2026-08-13,ANKARA,1,30.0,6,6,226757,16:30,179.5,2,AKSU EFE,0.0611583168227873,0.0449220861545053,0.0467506345874994,12.75,canli
2026-08-13 13:30,2026-08-13,ANKARA,1,30.0,6,6,226757,16:30,179.5,3,DELİ UMUT,0.2160441845882751,0.0661490617535781,0.0554484270688946,10.75,canli
2026-08-13 13:30,2026-08-13,ANKARA,1,30.0,6,6,226757,16:30,179.5,4,DORUKBATUR,0.2174750317352242,0.2302996077876836,0.2020578274544466,2.95,canli
2026-08-13 13:30,2026-08-13,ANKARA,1,30.0,6,6,226757,16:30,179.5,5,KATICESUR,0.0295783998987214,0.0483196572875234,0.0575913614483688,10.35,canli
2026-08-13 13:30,2026-08-13,ANKARA,1,30.0,6,6,226757,16:30,179.5,6,KAYIPSIZ,0.0495719864029934,0.1008820054228129,0.1124661492435127,5.3,canli
2026-08-13 13:30,2026-08-13,ANKARA,1,30.0,6,6,226757,16:30,179.5,7,SEMENDHAN,0.1636022004466997,0.0958959447209253,0.0857655526605205,6.95,canli
2026-08-13 13:30,2026-08-13,ANKARA,1,30.0,6,6,226757,16:30,179.5,8,SOYUPAK,0.0621629102153902,0.1846680457846579,0.2020578274544466,2.95,canli
2026-08-13 13:30,2026-08-13,ANKARA,1,30.0,6,6,226757,16:30,179.5,9,AYAZ DEFNE,0.0701236024232476,0.0729954349538951,0.0754519735431161,7.9,canli
2026-08-13 13:30,2026-08-13,ANKARA,1,30.0,6,6,226757,16:30,179.5,10,AYSERA KIZ,0.0376350897855127,0.0490468227435112,0.0559690695765838,10.65,canli
2026-08-13 15:01,2026-08-13,ANKARA,2,30.0,1,4,226747,15:30,28.9,1,MISTER MIN JOU,0.082897862779355,0.0429842333490336,0.0408970405970283,18.25,canli
2026-08-13 15:01,2026-08-13,ANKARA,2,30.0,1,4,226747,15:30,28.9,2,NEJDET BAŞKAN,0.1745498836468877,0.1410867566307025,0.1203824178864141,6.2,canli
2026-08-13 15:01,2026-08-13,ANKARA,2,30.0,1,4,226747,15:30,28.9,3,SECRET STORM,0.3294151994778197,0.1851046346900812,0.1369488056689482,5.45,canli
2026-08-13 15:01,2026-08-13,ANKARA,2,30.0,1,4,226747,15:30,28.9,4,DOUBLE WORLD,0.029566418415066,0.0760266035621642,0.0975648354112115,7.65,canli
2026-08-13 15:01,2026-08-13,ANKARA,2,30.0,1,4,226747,15:30,28.9,5,WOLF ŞAHİN,0.0759972993164035,0.0750532451461375,0.0757737046594688,9.85,canli
2026-08-13 15:01,2026-08-13,ANKARA,2,30.0,1,4,226747,15:30,28.9,6,SPIC AND SPAN,0.0653488874577144,0.0792162249283443,0.0833934068039964,8.95,canli
2026-08-13 15:01,2026-08-13,ANKARA,2,30.0,1,4,226747,15:30,28.9,7,KENTUCKY BLAZE,0.0592264450905949,0.0355095126156891,0.0363197562479692,20.55,canli
2026-08-13 15:01,2026-08-13,ANKARA,2,30.0,1,4,226747,15:30,28.9,8,LALOCURA,0.0741146449314113,0.214005041330083,0.2332409346549274,3.2,canli
2026-08-13 15:01,2026-08-13,ANKARA,2,30.0,1,4,226747,15:30,28.9,9,BABA DOÇKA,0.0279235388962312,0.0348142630226658,0.0430185009161825,17.35,canli
2026-08-13 15:01,2026-08-13,ANKARA,2,30.0,1,4,226747,15:30,28.9,10,CALL ME FREE,0.0621030324292201,0.0879748249885217,0.0944773406197174,7.9,canli
2026-08-13 15:01,2026-08-13,ANKARA,2,30.0,1,4,226747,15:30,28.9,11,THAT BEATS ALL,0.0188567875592957,0.0282246597365766,0.0379832565341357,19.65,canli
2026-08-13 15:01,2026-08-13,ANKARA,2,30.0,2,5,226751,16:00,58.9,1,GÜLALP KIZI,0.1403281251115497,0.1021020807415991,0.0969778383600045,7.7,canli
2026-08-13 15:01,2026-08-13,ANKARA,2,30.0,2,5,226751,16:00,58.9,2,AZERBAYCANLI,0.0263136869734866,0.0553513055925613,0.0697877902216854,10.7,canli
2026-08-13 15:01,2026-08-13,ANKARA,2,30.0,2,5,226751,16:00,58.9,3,SALAHİYET,0.0960741497184286,0.1150030176750073,0.1175951740743361,6.35,canli
2026-08-13 15:01,2026-08-13,ANKARA,2,30.0,2,5,226751,16:00,58.9,4,SERPENÇE,0.0506505313963398,0.0211363315193043,0.0228008963472376,32.75,canli
2026-08-13 15:01,2026-08-13,ANKARA,2,30.0,2,5,226751,16:00,58.9,5,KASIRGA BEY,0.1050389394063901,0.1403349013249191,0.1422341629280065,5.25,canli
2026-08-13 15:01,2026-08-13,ANKARA,2,30.0,2,5,226751,16:00,58.9,6,DEMİR BARBAR,0.1651703148590972,0.1237175244103626,0.1148814392880053,6.5,canli
2026-08-13 15:01,2026-08-13,ANKARA,2,30.0,2,5,226751,16:00,58.9,7,ALÜNLÜHAT,0.1653884514953925,0.1708947956367881,0.1605869581445235,4.65,canli
2026-08-13 15:01,2026-08-13,ANKARA,2,30.0,2,5,226751,16:00,58.9,8,DİSTİLE,0.1241883440331464,0.1500540437585568,0.1478671990835712,5.05,canli
2026-08-13 15:01,2026-08-13,ANKARA,2,30.0,2,5,226751,16:00,58.9,9,HAKİMTAY,0.0361957696041778,0.0205559955606253,0.0235561310842913,31.7,canli
2026-08-13 15:01,2026-08-13,ANKARA,2,30.0,2,5,226751,16:00,58.9,10,ATLI FIRTINA,0.0906516874019912,0.1008500037802757,0.1037124104683381,7.2,canli
2026-08-13 15:01,2026-08-13,ANKARA,2,30.0,3,6,226757,16:30,88.9,1,TİRİLYE KARTALI,0.0926482776811479,0.2291572933891476,0.2323407978008752,2.55,canli
2026-08-13 15:01,2026-08-13,ANKARA,2,30.0,3,6,226757,16:30,88.9,2,AKSU EFE,0.0611583168227873,0.0529820743786764,0.0548582439252066,10.8,canli
2026-08-13 15:01,2026-08-13,ANKARA,2,30.0,3,6,226757,16:30,88.9,3,DELİ UMUT,0.2160441845882751,0.0283286670482389,0.0227435329901048,26.05,canli
2026-08-13 15:01,2026-08-13,ANKARA,2,30.0,3,6,226757,16:30,88.9,4,DORUKBATUR,0.2174750317352242,0.2353096855432121,0.204299667031804,2.9,canli
2026-08-13 15:01,2026-08-13,ANKARA,2,30.0,3,6,226757,16:30,88.9,5,KATICESUR,0.0295783998987214,0.0336380525201528,0.0391068669565829,15.15,canli
2026-08-13 15:01,2026-08-13,ANKARA,2,30.0,3,6,226757,16:30,88.9,6,KAYIPSIZ,0.0495719864029934,0.0716361020320147,0.0779564518937147,7.6,canli
2026-08-13 15:01,2026-08-13,ANKARA,2,30.0,3,6,226757,16:30,88.9,7,SEMENDHAN,0.1636022004466997,0.0490743386908028,0.0423192167423022,14.0,canli
2026-08-13 15:01,2026-08-13,ANKARA,2,30.0,3,6,226757,16:30,88.9,8,SOYUPAK,0.0621629102153902,0.188685426783394,0.204299667031804,2.9,canli
2026-08-13 15:01,2026-08-13,ANKARA,2,30.0,3,6,226757,16:30,88.9,9,AYAZ DEFNE,0.0701236024232476,0.0357615936854368,0.0355837257893232,16.65,canli
2026-08-13 15:01,2026-08-13,ANKARA,2,30.0,3,6,226757,16:30,88.9,10,AYSERA KIZ,0.0376350897855127,0.0754267659289235,0.086491829838282,6.85,canli
2026-08-13 15:01,2026-08-13,ANKARA,2,30.0,4,7,226742,17:00,118.9,1,AFAMIA,0.1081178591861704,0.0252977674860722,0.0254445062404076,32.2,canli
2026-08-13 15:01,2026-08-13,ANKARA,2,30.0,4,7,226742,17:00,118.9,2,SON OF DRAGON,0.2653067050075067,0.7743687149791582,0.7802981913725006,1.05,canli
2026-08-13 15:01,2026-08-13,ANKARA,2,30.0,4,7,226742,17:00,118.9,4,FIRE OF VALERIA,0.2560878449184021,0.0718562836560048,0.0623051787787928,13.15,canli
2026-08-13 15:01,2026-08-13,ANKARA,2,30.0,4,7,226742,17:00,118.9,6,POTOCHNITSA,0.2566549450899024,0.0651803638116703,0.056117335680899,14.6,canli
2026-08-13 15:01,2026-08-13,ANKARA,2,30.0,4,7,226742,17:00,118.9,7,SHA CARRI,0.0620051656314101,0.0394741992022337,0.0470869598242026,17.4,canli
2026-08-13 15:01,2026-08-13,ANKARA,2,30.0,4,7,226742,17:00,118.9,8,TROPHY GIRL,0.0518274801666082,0.0238226708648606,0.0287478281031973,28.5,canli
2026-08-13 15:01,2026-08-13,ANKARA,2,30.0,5,8,226754,17:30,148.9,1,FENNAN,0.0607708705789205,0.0464324365290939,0.0488506728743842,15.25,canli
2026-08-13 15:01,2026-08-13,ANKARA,2,30.0,5,8,226754,17:30,148.9,2,ENFES TAMER,0.0443305009985664,0.0231775013701408,0.0251679986937283,29.6,canli
2026-08-13 15:01,2026-08-13,ANKARA,2,30.0,5,8,226754,17:30,148.9,3,RÜZGARSU,0.1337284486279247,0.1625850289621467,0.155202658611325,4.8,canli
2026-08-13 15:01,2026-08-13,ANKARA,2,30.0,5,8,226754,17:30,148.9,4,BOĞAZİÇİ BEYİ,0.2074914586619086,0.0796937331495441,0.0683461248930605,10.9,canli
2026-08-13 15:01,2026-08-13,ANKARA,2,30.0,5,8,226754,17:30,148.9,5,DERYADİL,0.0611781887436886,0.0367710877021887,0.0383019414567794,19.45,canli
2026-08-13 15:01,2026-08-13,ANKARA,2,30.0,5,8,226754,17:30,148.9,6,BÜYÜKSULTAN,0.1377996594424407,0.2491066876265242,0.2403137939788258,3.1,canli
2026-08-13 15:01,2026-08-13,ANKARA,2,30.0,5,8,226754,17:30,148.9,7,FERAT,0.1025276027315657,0.0641498519006515,0.06208106344453,12.0,canli
2026-08-13 15:01,2026-08-13,ANKARA,2,30.0,5,8,226754,17:30,148.9,8,GAZNELİ,0.1765369235044931,0.2194303946237124,0.201343989549827,3.7,canli
2026-08-13 15:01,2026-08-13,ANKARA,2,30.0,5,8,226754,17:30,148.9,9,KURUÇAY,0.031361187369753,0.0347528957851941,0.040820425278595,18.25,canli
2026-08-13 15:01,2026-08-13,ANKARA,2,30.0,5,8,226754,17:30,148.9,10,VETCİHAN,0.0347767827142626,0.0162603350510135,0.0182144929421603,40.9,canli
2026-08-13 15:01,2026-08-13,ANKARA,2,30.0,5,8,226754,17:30,148.9,11,ÇAĞDAŞIM,0.0094983766264754,0.0676400472997897,0.1013568382767837,7.35,canli
2026-08-13 15:01,2026-08-13,ANKARA,2,30.0,6,9,226750,18:00,178.9,1,LOOK NEWS,0.0592996089773838,0.2809050746120485,0.324989128895569,2.3,canli
2026-08-13 15:01,2026-08-13,ANKARA,2,30.0,6,9,226750,18:00,178.9,2,TEMPESTA MIA,0.0869794038718599,0.0973545810735183,0.0952197447719501,7.85,canli
2026-08-13 15:01,2026-08-13,ANKARA,2,30.0,6,9,226750,18:00,178.9,3,STEEL ROCK,0.3283068468158022,0.1547809212240976,0.1115634323074341,6.7,canli
2026-08-13 15:01,2026-08-13,ANKARA,2,30.0,6,9,226750,18:00,178.9,4,FEMALE EAGLE,0.0522571764800083,0.0520805936922311,0.0555743491791679,13.45,canli
2026-08-13 15:01,2026-08-13,ANKARA,2,30.0,6,9,226750,18:00,178.9,5,MON BİJOU,0.0903618668740513,0.0994274922278742,0.0964483866399753,7.75,canli
2026-08-13 15:01,2026-08-13,ANKARA,2,30.0,6,9,226750,18:00,178.9,6,NOBLE PRINCESS,0.2082698860067811,0.1265808444704935,0.1010101346567308,7.4,canli
2026-08-13 15:01,2026-08-13,ANKARA,2,30.0,6,9,226750,18:00,178.9,7,BONITA,0.0090812758207085,0.0141246074300388,0.02151007184057,34.75,canli
2026-08-13 15:01,2026-08-13,ANKARA,2,30.0,6,9,226750,18:00,178.9,9,ÜNLÜ BOMBA,0.052123468384691,0.0439754597387541,0.0464270184136527,16.1,canli
2026-08-13 15:01,2026-08-13,ANKARA,2,30.0,6,9,226750,18:00,178.9,10,VEN CONMİGO,0.0463508045542452,0.0495834441809165,0.0543618179243497,13.75,canli
2026-08-13 15:01,2026-08-13,ANKARA,2,30.0,6,9,226750,18:00,178.9,11,FALCONGIRL,0.0226411204588847,0.0134747612135782,0.0162318131695941,46.05,canli
2026-08-13 15:01,2026-08-13,ANKARA,2,30.0,6,9,226750,18:00,178.9,12,STELLA GIRL,0.0443285417555836,0.0677122201364486,0.076664102201006,9.75,canli
2026-08-13 16:45,2026-08-13,KOCAELI,1,30.0,1,1,226743,17:15,29.7,1,ALAZVUR,0.053064428854052,0.1442254856392399,0.1525264585105708,4.15,canli
2026-08-13 16:45,2026-08-13,KOCAELI,1,30.0,1,1,226743,17:15,29.7,2,ALTIN ADAM,0.0457129624157981,0.0632357231729902,0.0666299792440914,9.5,canli
2026-08-13 16:45,2026-08-13,KOCAELI,1,30.0,1,1,226743,17:15,29.7,3,ALTIN NOKTA,0.053911913785012,0.0575322218456538,0.05860970396471,10.8,canli
2026-08-13 16:45,2026-08-13,KOCAELI,1,30.0,1,1,226743,17:15,29.7,4,ILGARCAN,0.0685860602652967,0.0551162918736348,0.0536427798999041,11.8,canli
2026-08-13 16:45,2026-08-13,KOCAELI,1,30.0,1,1,226743,17:15,29.7,5,KARAT,0.0695144838722477,0.0609860541961968,0.0594351927529454,10.65,canli
2026-08-13 16:45,2026-08-13,KOCAELI,1,30.0,1,1,226743,17:15,29.7,6,KRALIN OĞLU,0.0075951922491108,0.0477778426357144,0.0691786669747397,9.15,canli
2026-08-13 16:45,2026-08-13,KOCAELI,1,30.0,1,1,226743,17:15,29.7,7,YALKINOĞLU,0.0457723296906903,0.064560686159398,0.0680628820235342,9.3,canli
2026-08-13 16:45,2026-08-13,KOCAELI,1,30.0,1,1,226743,17:15,29.7,8,ÇİRKİN VE GÜZEL,0.1278529103425343,0.0839122175913214,0.0740333102712127,8.55,canli
2026-08-13 16:45,2026-08-13,KOCAELI,1,30.0,1,1,226743,17:15,29.7,9,ZORLU HAYAT,0.2296178663684183,0.094639718297392,0.0753553336689129,8.4,canli
2026-08-13 16:45,2026-08-13,KOCAELI,1,30.0,1,1,226743,17:15,29.7,10,AKGÜL HANIM,0.1640670633018108,0.0725996748620018,0.0608639233479681,10.4,canli
2026-08-13 16:45,2026-08-13,KOCAELI,1,30.0,1,1,226743,17:15,29.7,11,MADAM DAISY,0.0866154574924183,0.1138792057165615,0.1091353108308394,5.8,canli
2026-08-13 16:45,2026-08-13,KOCAELI,1,30.0,1,1,226743,17:15,29.7,12,REFİYE,0.0476893313626101,0.1415348780098946,0.1525264585105708,4.15,canli
2026-08-13 16:45,2026-08-13,KOCAELI,1,30.0,2,2,226756,17:45,59.7,1,DIFFERENCE MAKER,0.0798616928704989,0.1339814814765763,0.1410510977954734,5.3,canli
2026-08-13 16:45,2026-08-13,KOCAELI,1,30.0,2,2,226756,17:45,59.7,2,TURBO FANI,0.0419704493042986,0.1101504734253831,0.1346974447416232,5.55,canli
2026-08-13 16:45,2026-08-13,KOCAELI,1,30.0,2,2,226756,17:45,59.7,3,DAYWATCH,0.049242651581243,0.0602561192731133,0.0679609834832735,11.0,canli
2026-08-13 16:45,2026-08-13,KOCAELI,1,30.0,2,2,226756,17:45,59.7,4,GENERAL SHERMAN,0.1316152101766968,0.059113584459318,0.0519146401608339,14.4,canli
2026-08-13 16:45,2026-08-13,KOCAELI,1,30.0,2,2,226756,17:45,59.7,5,MY REBELLIOUS GIRL,0.1591450586535104,0.0779366502718046,0.0664507394058674,11.25,canli
2026-08-13 16:45,2026-08-13,KOCAELI,1,30.0,2,2,226756,17:45,59.7,6,SİGUEME,0.1487867337323443,0.0783345349347277,0.0679609834832735,11.0,canli
2026-08-13 16:45,2026-08-13,KOCAELI,1,30.0,2,2,226756,17:45,59.7,7,DİPLOMAT ZAFER,0.3457154206900704,0.2725726297368799,0.2076585606433358,3.6,canli
2026-08-13 16:45,2026-08-13,KOCAELI,1,30.0,2,2,226756,17:45,59.7,8,BAL PORSUĞU,0.0436627829913371,0.2076545264221969,0.2623055502863189,2.85,canli
2026-08-13 16:45,2026-08-13,KOCAELI,1,30.0,3,3,226746,18:30,104.7,1,MAYBACK,0.4796338919371079,0.4403634586378331,0.3714559631591194,2.0,canli
2026-08-13 16:45,2026-08-13,KOCAELI,1,30.0,3,3,226746,18:30,104.7,2,CRIMSON POWER,0.0868826713152088,0.0965768008888783,0.1134216681401891,6.55,canli
2026-08-13 16:45,2026-08-13,KOCAELI,1,30.0,3,3,226746,18:30,104.7,3,VENENO,0.1580042508530946,0.0144018079039081,0.0127977937350256,58.05,canli
2026-08-13 16:45,2026-08-13,KOCAELI,1,30.0,3,3,226746,18:30,104.7,4,VICTORY XECE,0.1564362034532367,0.4042544466507859,0.4502496523140841,1.65,canli
2026-08-13 16:45,2026-08-13,KOCAELI,1,30.0,3,3,226746,18:30,104.7,5,BİLGÜCÜ,0.0349957051114669,0.0164682430600702,0.0216277125565717,34.35,canli
2026-08-13 16:45,2026-08-13,KOCAELI,1,30.0,3,3,226746,18:30,104.7,6,GÜNDEME DÜŞTÜ,0.0840472773298848,0.0279352428585243,0.0304472100950097,24.4,canli
2026-08-13 16:45,2026-08-13,KOCAELI,1,30.0,4,4,226745,19:00,134.7,1,ASRAL,0.0141581698467822,0.0654378134258032,0.0874259269625631,7.75,canli
2026-08-13 16:45,2026-08-13,KOCAELI,1,30.0,4,4,226745,19:00,134.7,2,ATEŞİZİ,0.0817656379291963,0.0644576526087795,0.0624470906875451,10.85,canli
2026-08-13 16:45,2026-08-13,KOCAELI,1,30.0,4,4,226745,19:00,134.7,3,KARAKUM,0.0180698025244858,0.0683140725074596,0.0874259269625631,7.75,canli
2026-08-13 16:45,2026-08-13,KOCAELI,1,30.0,4,4,226745,19:00,134.7,4,MESTAN,0.1392379292644839,0.0575602776580322,0.0503755341234099,13.45,canli
2026-08-13 16:45,2026-08-13,KOCAELI,1,30.0,4,4,226745,19:00,134.7,5,ÖZOĞUL,0.1201835633741505,0.3607371536122353,0.347462017415315,1.95,canli
2026-08-13 16:45,2026-08-13,KOCAELI,1,30.0,4,4,226745,19:00,134.7,6,TEYZEOĞLU,0.0420859388000819,0.0773731502917551,0.0852265325735678,7.95,canli
2026-08-13 16:45,2026-08-13,KOCAELI,1,30.0,4,4,226745,19:00,134.7,7,TÜMÇIKMAZ,0.0351919623464452,0.0451646990359036,0.0503755341234099,13.45,canli
2026-08-13 16:45,2026-08-13,KOCAELI,1,30.0,4,4,226745,19:00,134.7,8,BEŞTAŞ,0.0520215966510313,0.0445612128533823,0.0462492105092057,14.65,canli
2026-08-13 16:45,2026-08-13,KOCAELI,1,30.0,4,4,226745,19:00,134.7,9,GÜLGÜLAY,0.141736401871518,0.0878700865371668,0.0778794176965361,8.7,canli
2026-08-13 16:45,2026-08-13,KOCAELI,1,30.0,4,4,226745,19:00,134.7,10,SEVGİNUR,0.2573787387325332,0.105836951670262,0.084693866744983,8.0,canli
2026-08-13 16:45,2026-08-13,KOCAELI,1,30.0,4,4,226745,19:00,134.7,11,UYGURKIZI,0.0981702586592912,0.0226869297992198,0.0204389422009008,33.15,canli
2026-08-13 16:45,2026-08-13,KOCAELI,1,30.0,5,5,226753,19:30,164.7,1,MIDNIGHT BLUE,0.1920189482660008,0.0276097518392506,0.020785287240259,35.9,canli
2026-08-13 16:45,2026-08-13,KOCAELI,1,30.0,5,5,226753,19:30,164.7,2,BOLD RUNNER,0.0497493837565672,0.1374702571495935,0.1622156112881083,4.6,canli
2026-08-13 16:45,2026-08-13,KOCAELI,1,30.0,5,5,226753,19:30,164.7,3,PRENS NADİR,0.183443722953968,0.1626318994426003,0.139475105032766,5.35,canli
2026-08-13 16:45,2026-08-13,KOCAELI,1,30.0,5,5,226753,19:30,164.7,4,MILLENNIUM FALCON,0.1043581586833945,0.1673017070510263,0.1658204026500662,4.5,canli
2026-08-13 16:45,2026-08-13,KOCAELI,1,30.0,5,5,226753,19:30,164.7,5,ANGEL ON THE WING,0.0845695665533516,0.0944806824358929,0.0950562817739233,7.85,canli
2026-08-13 16:45,2026-08-13,KOCAELI,1,30.0,5,5,226753,19:30,164.7,6,RAIN BEAUTY,0.1128121426552608,0.0590208894855678,0.0534904524677633,13.95,canli
2026-08-13 16:45,2026-08-13,KOCAELI,1,30.0,5,5,226753,19:30,164.7,7,VICTOR THE BRAVE,0.0896477408819357,0.1052510778962813,0.1050974382993377,7.1,canli
2026-08-13 16:45,2026-08-13,KOCAELI,1,30.0,5,5,226753,19:30,164.7,8,VENUS DOOM,0.0958946084879365,0.138220558386829,0.1381836688750551,5.4,canli
2026-08-13 16:45,2026-08-13,KOCAELI,1,30.0,5,5,226753,19:30,164.7,9,KING MAHİR,0.0741720245914678,0.088421525322453,0.0915572775368464,8.15,canli
2026-08-13 16:45,2026-08-13,KOCAELI,1,30.0,5,5,226753,19:30,164.7,10,ANSHBA FOREVER,0.0133337031701164,0.0195916509905048,0.0283184748358746,26.35,canli
2026-08-13 16:45,2026-08-13,KOCAELI,1,30.0,6,6,226755,20:00,194.7,1,AZER IN MY HEART,0.1269763509168819,0.1441845999274004,0.1365765649325535,5.45,canli
2026-08-13 16:45,2026-08-13,KOCAELI,1,30.0,6,6,226755,20:00,194.7,2,AVCI OĞLUM,0.0786887375529639,0.0287544704383026,0.0279827924391885,26.6,canli
2026-08-13 16:45,2026-08-13,KOCAELI,1,30.0,6,6,226755,20:00,194.7,3,ORÇUNTAY,0.0740187466104718,0.1724765703854587,0.1815468972883943,4.1,canli
2026-08-13 16:45,2026-08-13,KOCAELI,1,30.0,6,6,226755,20:00,194.7,4,TUNCER,0.266867494953706,0.0842677405306885,0.0682882824662767,10.9,canli
2026-08-13 16:45,2026-08-13,KOCAELI,1,30.0,6,6,226755,20:00,194.7,5,TUNÇDAĞ,0.0352807592240887,0.0690901388457169,0.0804694355548558,9.25,canli
2026-08-13 16:45,2026-08-13,KOCAELI,1,30.0,6,6,226755,20:00,194.7,6,İLBAN BEYİ,0.0907150071451672,0.2773056894015068,0.2862854918778525,2.6,canli
2026-08-13 16:45,2026-08-13,KOCAELI,1,30.0,6,6,226755,20:00,194.7,7,DOĞAN KARDEŞLER,0.2158107269395301,0.0960848199105653,0.081348882937969,9.15,canli
2026-08-13 16:45,2026-08-13,KOCAELI,1,30.0,6,6,226755,20:00,194.7,8,KILIÇ İBO,0.0772458109786529,0.0725374460799053,0.0733342146682183,10.15,canli
2026-08-13 16:45,2026-08-13,KOCAELI,1,30.0,6,6,226755,20:00,194.7,9,YAĞIZATEŞ,0.0343963656785373,0.0552985244804552,0.064167437834691,11.6,canli
2026-08-13 18:30,2026-08-13,KOCAELI,2,30.0,1,4,226745,19:00,29.4,1,ASRAL,0.0141581698467822,0.0747117578622125,0.0991052348468443,6.8,canli
2026-08-13 18:30,2026-08-13,KOCAELI,2,30.0,1,4,226745,19:00,29.4,2,ATEŞİZİ,0.0817656379291963,0.1330480349279865,0.1308573974676779,5.15,canli
2026-08-13 18:30,2026-08-13,KOCAELI,2,30.0,1,4,226745,19:00,29.4,3,KARAKUM,0.0180698025244858,0.0779956446672225,0.0991052348468443,6.8,canli
2026-08-13 18:30,2026-08-13,KOCAELI,2,30.0,1,4,226745,19:00,29.4,4,MESTAN,0.1392379292644839,0.0818293886805165,0.0716931486126108,9.4,canli
2026-08-13 18:30,2026-08-13,KOCAELI,2,30.0,1,4,226745,19:00,29.4,5,ÖZOĞUL,0.1201835633741505,0.1933276365291894,0.1797108258556111,3.75,canli
2026-08-13 18:30,2026-08-13,KOCAELI,2,30.0,1,4,226745,19:00,29.4,6,TEYZEOĞLU,0.0420859388000819,0.0698496120453104,0.0757208535908473,8.9,canli
2026-08-13 18:30,2026-08-13,KOCAELI,2,30.0,1,4,226745,19:00,29.4,7,TÜMÇIKMAZ,0.0351919623464452,0.0542311601719496,0.0601710354427269,11.2,canli
2026-08-13 18:30,2026-08-13,KOCAELI,2,30.0,1,4,226745,19:00,29.4,8,BEŞTAŞ,0.0520215966510313,0.086066337462137,0.0904584693904082,7.45,canli
2026-08-13 18:30,2026-08-13,KOCAELI,2,30.0,1,4,226745,19:00,29.4,9,GÜLGÜLAY,0.141736401871518,0.0744654110654222,0.0647995766306289,10.4,canli
2026-08-13 18:30,2026-08-13,KOCAELI,2,30.0,1,4,226745,19:00,29.4,10,SEVGİNUR,0.2573787387325332,0.1046367463275442,0.0826890303016615,8.15,canli
2026-08-13 18:30,2026-08-13,KOCAELI,2,30.0,1,4,226745,19:00,29.4,11,UYGURKIZI,0.0981702586592912,0.0498382702605088,0.0456891930141384,14.75,canli
2026-08-13 18:30,2026-08-13,KOCAELI,2,30.0,2,5,226753,19:30,59.4,1,MIDNIGHT BLUE,0.1920189482660008,0.0784137708462945,0.063780569223479,11.7,canli
2026-08-13 18:30,2026-08-13,KOCAELI,2,30.0,2,5,226753,19:30,59.4,2,BOLD RUNNER,0.0497493837565672,0.0858039197456968,0.09883876290261,7.55,canli
2026-08-13 18:30,2026-08-13,KOCAELI,2,30.0,2,5,226753,19:30,59.4,3,PRENS NADİR,0.183443722953968,0.1040768890857352,0.0872786736742345,8.55,canli
2026-08-13 18:30,2026-08-13,KOCAELI,2,30.0,2,5,226753,19:30,59.4,4,MILLENNIUM FALCON,0.1043581586833945,0.1035809217123388,0.1001654577066718,7.45,canli
2026-08-13 18:30,2026-08-13,KOCAELI,2,30.0,2,5,226753,19:30,59.4,5,ANGEL ON THE WING,0.0845695665533516,0.0880563512583077,0.0888372214184173,8.4,canli
2026-08-13 18:30,2026-08-13,KOCAELI,2,30.0,2,5,226753,19:30,59.4,6,RAIN BEAUTY,0.1128121426552608,0.1225561202816916,0.1175169543172764,6.35,canli
2026-08-13 18:30,2026-08-13,KOCAELI,2,30.0,2,5,226753,19:30,59.4,7,VICTOR THE BRAVE,0.0896477408819357,0.1177905828247699,0.1193972255863528,6.25,canli
2026-08-13 18:30,2026-08-13,KOCAELI,2,30.0,2,5,226753,19:30,59.4,8,VENUS DOOM,0.0958946084879365,0.1187979970420032,0.1184496285578897,6.3,canli
2026-08-13 18:30,2026-08-13,KOCAELI,2,30.0,2,5,226753,19:30,59.4,9,KING MAHİR,0.0741720245914678,0.1564740118232563,0.1695983317987967,4.4,canli
2026-08-13 18:30,2026-08-13,KOCAELI,2,30.0,2,5,226753,19:30,59.4,10,ANSHBA FOREVER,0.0133337031701164,0.0244494353799055,0.0361371748142714,20.65,canli
2026-08-13 18:30,2026-08-13,KOCAELI,2,30.0,3,6,226755,20:00,89.4,1,AZER IN MY HEART,0.1269763509168819,0.0374685009032187,0.0374774561545575,20.5,canli
2026-08-13 18:30,2026-08-13,KOCAELI,2,30.0,3,6,226755,20:00,89.4,2,AVCI OĞLUM,0.0786887375529639,0.0435969599050639,0.0478684019419582,16.05,canli
2026-08-13 18:30,2026-08-13,KOCAELI,2,30.0,3,6,226755,20:00,89.4,3,ORÇUNTAY,0.0740187466104718,0.0296226068416049,0.0324172089100603,23.7,canli
2026-08-13 18:30,2026-08-13,KOCAELI,2,30.0,3,6,226755,20:00,89.4,4,TUNCER,0.266867494953706,0.7488717142239675,0.7317027153985045,1.05,canli
2026-08-13 18:30,2026-08-13,KOCAELI,2,30.0,3,6,226755,20:00,89.4,5,TUNÇDAĞ,0.0352807592240887,0.014318560952454,0.0174610875265552,44.0,canli
2026-08-13 18:30,2026-08-13,KOCAELI,2,30.0,3,6,226755,20:00,89.4,6,İLBAN BEYİ,0.0907150071451672,0.0760361037971321,0.0830581460722626,9.25,canli
2026-08-13 18:30,2026-08-13,KOCAELI,2,30.0,3,6,226755,20:00,89.4,7,DOĞAN KARDEŞLER,0.2158107269395301,0.0271943110682702,0.0243900905132834,31.5,canli
2026-08-13 18:30,2026-08-13,KOCAELI,2,30.0,3,6,226755,20:00,89.4,8,KILIÇ İBO,0.0772458109786529,0.0130756414743778,0.0137685994833051,55.8,canli
2026-08-13 18:30,2026-08-13,KOCAELI,2,30.0,3,6,226755,20:00,89.4,9,YAĞIZATEŞ,0.0343963656785373,0.0098156008339105,0.0118562939995128,64.8,canli
2026-08-13 18:30,2026-08-13,KOCAELI,2,30.0,4,7,226759,20:30,119.4,1,SANCARLI BEY,0.0775751511588969,0.0499975783475687,0.0492314323767784,15.15,canli
2026-08-13 18:30,2026-08-13,KOCAELI,2,30.0,4,7,226759,20:30,119.4,2,KIR PAPATYASI,0.0638466945348791,0.0872942315577813,0.0909580732327065,8.2,canli
2026-08-13 18:30,2026-08-13,KOCAELI,2,30.0,4,7,226759,20:30,119.4,3,SÜKANBEY,0.0951373318852328,0.0434310782323162,0.0409811099180325,18.2,canli
2026-08-13 18:30,2026-08-13,KOCAELI,2,30.0,4,7,226759,20:30,119.4,4,TABİP BEY,0.0694196060868627,0.2730930662747892,0.2924926276502719,2.55,canli
2026-08-13 18:30,2026-08-13,KOCAELI,2,30.0,4,7,226759,20:30,119.4,5,ARSLAN OĞLU,0.1600291914260541,0.0766657488977317,0.0671942522980354,11.1,canli
2026-08-13 18:30,2026-08-13,KOCAELI,2,30.0,4,7,226759,20:30,119.4,6,OĞUL ÇINAR,0.1530188020787485,0.1706386939575096,0.1553867084392069,4.8,canli
2026-08-13 18:30,2026-08-13,KOCAELI,2,30.0,4,7,226759,20:30,119.4,7,KAPTAN ARAS,0.0450841202834311,0.0417245936404081,0.0450668399098606,16.55,canli
2026-08-13 18:30,2026-08-13,KOCAELI,2,30.0,4,7,226759,20:30,119.4,8,BÖRÜTAY,0.0383744650081269,0.024903480824616,0.0271714462844514,27.45,canli
2026-08-13 18:30,2026-08-13,KOCAELI,2,30.0,4,7,226759,20:30,119.4,9,KAZDAĞI EFESİ,0.1553521723542058,0.1071552242055288,0.0956225898087427,7.8,canli
2026-08-13 18:30,2026-08-13,KOCAELI,2,30.0,4,7,226759,20:30,119.4,10,TATARUŞAĞI,0.0850342307559084,0.054830641866155,0.0532754428934423,14.0,canli
2026-08-13 18:30,2026-08-13,KOCAELI,2,30.0,4,7,226759,20:30,119.4,11,DEMON HUNTER,0.0502914031894342,0.0517637108886253,0.0552486074450513,13.5,canli
2026-08-13 18:30,2026-08-13,KOCAELI,2,30.0,4,7,226759,20:30,119.4,12,FIRTINADAN DOĞAN,0.0068368312382189,0.0185019513069697,0.0273708697434199,27.25,canli
2026-08-13 18:30,2026-08-13,KOCAELI,2,30.0,5,8,226744,21:00,149.4,1,BATAGAY,0.031270591861522,0.0245573170488142,0.0294036548259957,25.35,canli
2026-08-13 18:30,2026-08-13,KOCAELI,2,30.0,5,8,226744,21:00,149.4,2,ERYÜREKLİ,0.1280910003536978,0.0713465610896978,0.0686988617363126,10.85,canli
2026-08-13 18:30,2026-08-13,KOCAELI,2,30.0,5,8,226744,21:00,149.4,3,HEVENK,0.1429944171010892,0.0693591351308623,0.0653844429683326,11.4,canli
2026-08-13 18:30,2026-08-13,KOCAELI,2,30.0,5,8,226744,21:00,149.4,5,RULER STONE,0.0550539873721141,0.0894807279117847,0.101412605420271,7.35,canli
2026-08-13 18:30,2026-08-13,KOCAELI,2,30.0,5,8,226744,21:00,149.4,6,SERT KOŞU,0.1522421175573668,0.11621637958361,0.1104270592354062,6.75,canli
2026-08-13 18:30,2026-08-13,KOCAELI,2,30.0,5,8,226744,21:00,149.4,7,SOLHAN,0.037016301915924,0.0422219358222154,0.0500256811972477,14.9,canli
2026-08-13 18:30,2026-08-13,KOCAELI,2,30.0,5,8,226744,21:00,149.4,8,BODRUM İNCİSİ,0.1739265602897155,0.206992823085597,0.1961533289049979,3.8,canli
2026-08-13 18:30,2026-08-13,KOCAELI,2,30.0,5,8,226744,21:00,149.4,9,İLKBAHARIM,0.1497474669339447,0.3203727693096851,0.3171841063144647,2.35,canli
2026-08-13 18:30,2026-08-13,KOCAELI,2,30.0,5,8,226744,21:00,149.4,10,PARLAK ELMAS,0.0115068335940632,0.0094209077900187,0.0130654276921821,57.05,canli
2026-08-13 18:30,2026-08-13,KOCAELI,2,30.0,5,8,226744,21:00,149.4,11,TORUN SADA,0.1181507230205624,0.0500314432277144,0.0482448317047891,15.45,canli
2026-08-13 18:30,2026-08-13,KOCAELI,2,30.0,6,9,226749,21:30,179.4,1,BEYLERİNBEYİ,0.1533068277937835,0.1925943062085867,0.1642587282364171,4.55,canli
2026-08-13 18:30,2026-08-13,KOCAELI,2,30.0,6,9,226749,21:30,179.4,2,DESESPERADOS,0.0567385683046254,0.0335215432381833,0.0327079743315403,22.85,canli
2026-08-13 18:30,2026-08-13,KOCAELI,2,30.0,6,9,226749,21:30,179.4,3,LEGACY OF HENRY,0.1156023148891316,0.1547481390852653,0.1396966754160183,5.35,canli
2026-08-13 18:30,2026-08-13,KOCAELI,2,30.0,6,9,226749,21:30,179.4,4,PATRONA HOLİ,0.1567336529631631,0.0575578003426874,0.0450227237033553,16.6,canli
2026-08-13 18:30,2026-08-13,KOCAELI,2,30.0,6,9,226749,21:30,179.4,5,WARRIOR MAN,0.106472371543288,0.0601926085627752,0.0520820357822786,14.35,canli
2026-08-13 18:30,2026-08-13,KOCAELI,2,30.0,6,9,226749,21:30,179.4,6,IRON CLEM,0.0868875762977837,0.0468705396039611,0.0419874839031291,17.8,canli
2026-08-13 18:30,2026-08-13,KOCAELI,2,30.0,6,9,226749,21:30,179.4,7,FRÜHLİNG,0.0170457118697636,0.0318459765801021,0.0419874839031291,17.8,canli
2026-08-13 18:30,2026-08-13,KOCAELI,2,30.0,6,9,226749,21:30,179.4,8,HAMMERWICH,0.0756320529487744,0.1297267042891101,0.1288581402544307,5.8,canli
2026-08-13 18:30,2026-08-13,KOCAELI,2,30.0,6,9,226749,21:30,179.4,9,UĞURLU NİLGÜN,0.0339730296485255,0.0253388769037184,0.0276294718475304,27.05,canli
2026-08-13 18:30,2026-08-13,KOCAELI,2,30.0,6,9,226749,21:30,179.4,10,MEKANSIZ KRAL,0.0271610501867258,0.0350157002138037,0.0412915587555634,18.1,canli
2026-08-13 18:30,2026-08-13,KOCAELI,2,30.0,6,9,226749,21:30,179.4,11,HAÇOVALI,0.0210451457539898,0.1214786285346465,0.1660838252168217,4.5,canli
2026-08-13 18:30,2026-08-13,KOCAELI,2,30.0,6,9,226749,21:30,179.4,12,ZELİNDA,0.0334145688227118,0.060462911183752,0.0701762641761218,10.65,canli
2026-08-13 18:30,2026-08-13,KOCAELI,2,30.0,6,9,226749,21:30,179.4,13,KIZIM RABİA,0.0605477532893144,0.0267520995936424,0.0252919530787038,29.55,canli
2026-08-13 18:30,2026-08-13,KOCAELI,2,30.0,6,9,226749,21:30,179.4,14,TERZO MILLENNIO,0.0554393756884189,0.0238941656597653,0.02292568139496,32.6,canli
2026-08-14 13:00,2026-08-14,BURSA,1,30.0,1,1,226776,13:30,29.7,1,ARDAPAŞA,0.1173597386004211,0.2204744054827302,0.223274857862203,3.35,canli
2026-08-14 13:00,2026-08-14,BURSA,1,30.0,1,1,226776,13:30,29.7,2,BEŞİRHAT,0.099876105368843,0.2462548445811934,0.2579209564959931,2.9,canli
2026-08-14 13:00,2026-08-14,BURSA,1,30.0,1,1,226776,13:30,29.7,3,FAHRİ BABA,0.18338967694725,0.1479157793885567,0.1359946861524327,5.5,canli
2026-08-14 13:00,2026-08-14,BURSA,1,30.0,1,1,226776,13:30,29.7,4,SOSAN ASLANI,0.1421127840139641,0.127981630298738,0.1226181596456361,6.1,canli
2026-08-14 13:00,2026-08-14,BURSA,1,30.0,1,1,226776,13:30,29.7,5,GÜZEL ZEHRA,0.1292857182316058,0.0884117736132762,0.0849966788452704,8.8,canli
2026-08-14 13:00,2026-08-14,BURSA,1,30.0,1,1,226776,13:30,29.7,6,ŞEKER İNCİ,0.0978479349708661,0.0457916162622997,0.0451946086911407,16.55,canli
2026-08-14 13:00,2026-08-14,BURSA,1,30.0,1,1,226776,13:30,29.7,7,YAĞMURCUM,0.1544519476156995,0.0752229032024528,0.0695786766361283,10.75,canli
2026-08-14 13:00,2026-08-14,BURSA,1,30.0,1,1,226776,13:30,29.7,8,KRENSİA,0.0103656527659408,0.0192652885986227,0.0277540175821291,26.95,canli
2026-08-14 13:00,2026-08-14,BURSA,1,30.0,1,1,226776,13:30,29.7,9,ÖZYAĞMUR,0.0219105908483323,0.0075708089664023,0.0091831893657259,81.45,canli
2026-08-14 13:00,2026-08-14,BURSA,1,30.0,1,1,226776,13:30,29.7,10,DEMİR VARGAS,0.0433998506370771,0.0211109496057276,0.02348416872334,31.85,canli
2026-08-14 13:00,2026-08-14,BURSA,1,30.0,2,2,226762,14:00,59.7,1,DAVRANTAY,0.0415196579137916,0.0963726248607549,0.105409263258248,7.1,canli
2026-08-14 13:00,2026-08-14,BURSA,1,30.0,2,2,226762,14:00,59.7,2,DOMANİÇ BEYİ,0.0271354941453149,0.0787457508175428,0.0923957739671063,8.1,canli
2026-08-14 13:00,2026-08-14,BURSA,1,30.0,2,2,226762,14:00,59.7,3,DOSTBAŞAR,0.0530227786232983,0.0702990777628985,0.0726607542848117,10.3,canli
2026-08-14 13:00,2026-08-14,BURSA,1,30.0,2,2,226762,14:00,59.7,4,GÜNEY KAFKASYALI,0.1029001735443836,0.0668575109688768,0.0610943485006988,12.25,canli
2026-08-14 13:00,2026-08-14,BURSA,1,30.0,2,2,226762,14:00,59.7,5,MERDÜMGİRİZ,0.016258320966079,0.0477261466495978,0.0603553039623839,12.4,canli
2026-08-14 13:00,2026-08-14,BURSA,1,30.0,2,2,226762,14:00,59.7,6,YEDİKAPILI,0.0214292777382706,0.0067235704725739,0.0075103438949679,99.65,canli
2026-08-14 13:00,2026-08-14,BURSA,1,30.0,2,2,226762,14:00,59.7,7,FELHAN GÜLÜ,0.1056975183916748,0.0363740850747482,0.0323285429431343,23.15,canli
2026-08-14 13:00,2026-08-14,BURSA,1,30.0,2,2,226762,14:00,59.7,8,DAYANA,0.0898305638708158,0.0724102562432891,0.068036888103051,11.0,canli
2026-08-14 13:00,2026-08-14,BURSA,1,30.0,2,2,226762,14:00,59.7,9,PRENSES BERRİN,0.0973987515358051,0.1266550627151465,0.1197449230613697,6.25,canli
2026-08-14 13:00,2026-08-14,BURSA,1,30.0,2,2,226762,14:00,59.7,10,UÇAN DULO,0.2854095732299492,0.1994465607351286,0.157559109291276,4.75,canli
2026-08-14 13:00,2026-08-14,BURSA,1,30.0,2,2,226762,14:00,59.7,11,GAMZEHALA,0.06476560518602,0.0613748496464879,0.0608459974905334,12.3,canli
2026-08-14 13:00,2026-08-14,BURSA,1,30.0,2,2,226762,14:00,59.7,12,HATUN DİDEM,0.0458825893003378,0.0332688431254289,0.0343305398685119,21.8,canli
2026-08-14 13:00,2026-08-14,BURSA,1,30.0,2,2,226762,14:00,59.7,13,HÜMAPETRA,0.0190270654785541,0.0488781243102154,0.0601129131834185,12.45,canli
2026-08-14 13:00,2026-08-14,BURSA,1,30.0,2,2,226762,14:00,59.7,14,KETRA,0.0194271620201417,0.0468820580793983,0.0573491010830315,13.05,canli
2026-08-14 13:00,2026-08-14,BURSA,1,30.0,2,2,226762,14:00,59.7,15,LEYLİM ÇELİK,0.0102954680555632,0.007985478537912,0.0102661971074562,72.9,canli
2026-08-14 13:00,2026-08-14,BURSA,1,30.0,3,3,226769,14:30,89.7,1,ASALETHAN,0.1766664468290239,0.044830262555062,0.0456457580872442,19.2,canli
2026-08-14 13:00,2026-08-14,BURSA,1,30.0,3,3,226769,14:30,89.7,2,RAZENOID,0.1427869872306818,0.0336589453826145,0.0354817228856311,24.7,canli
2026-08-14 13:00,2026-08-14,BURSA,1,30.0,3,3,226769,14:30,89.7,3,ÇİLLİ CAFER,0.4551157121223721,0.8550410593731845,0.8346652907381806,1.05,canli
2026-08-14 13:00,2026-08-14,BURSA,1,30.0,3,3,226769,14:30,89.7,4,ASABİ ÇOCUK,0.193688609153828,0.0322800935641153,0.0314121345976734,27.9,canli
2026-08-14 13:00,2026-08-14,BURSA,1,30.0,3,3,226769,14:30,89.7,5,BABA GİRAY,0.0317422446640938,0.0341896391250235,0.0527950936912704,16.6,canli
2026-08-14 13:00,2026-08-14,BURSA,1,30.0,4,4,226770,15:00,119.7,1,VAELLA,0.0803348490145956,0.0606676341061502,0.0574525095848453,12.95,canli
2026-08-14 13:00,2026-08-14,BURSA,1,30.0,4,4,226770,15:00,119.7,2,MY LIFE FIRE,0.0439353618169793,0.1225366235273504,0.1417161903092851,5.25,canli
2026-08-14 13:00,2026-08-14,BURSA,1,30.0,4,4,226770,15:00,119.7,3,WADRON,0.2904323208685105,0.105855283520767,0.0751525251640148,9.9,canli
2026-08-14 13:00,2026-08-14,BURSA,1,30.0,4,4,226770,15:00,119.7,4,ÇAPGUR,0.0847876525527318,0.3623640229436331,0.3815435892942291,1.95,canli
2026-08-14 13:00,2026-08-14,BURSA,1,30.0,4,4,226770,15:00,119.7,5,DRAGON HERO,0.4135675202169847,0.0968814684116596,0.062521848665861,11.9,canli
2026-08-14 13:00,2026-08-14,BURSA,1,30.0,4,4,226770,15:00,119.7,6,FESTIVAL BOUND,0.0686484297945104,0.207551085919776,0.2220925370518646,3.35,canli
2026-08-14 13:00,2026-08-14,BURSA,1,30.0,4,4,226770,15:00,119.7,7,SILVER CROWN,0.0182938657356875,0.0441438815706634,0.0595207999298997,12.5,canli
2026-08-14 13:00,2026-08-14,BURSA,1,30.0,5,5,226772,15:30,149.7,1,SAVE YOUR TEARS,0.2244742159000482,0.0219633674239109,0.0155281253004653,48.0,canli
2026-08-14 13:00,2026-08-14,BURSA,1,30.0,5,5,226772,15:30,149.7,2,RASİM HAN,0.2298442165466838,0.3016624641681105,0.2526610218380807,2.95,canli
2026-08-14 13:00,2026-08-14,BURSA,1,30.0,5,5,226772,15:30,149.7,3,VISERRA,0.0481505962308304,0.0503978376043781,0.0556231354046521,13.4,canli
2026-08-14 13:00,2026-08-14,BURSA,1,30.0,5,5,226772,15:30,149.7,4,TM BATAILE,0.0750557132509543,0.0882240123989779,0.0903454562936167,8.25,canli
2026-08-14 13:00,2026-08-14,BURSA,1,30.0,5,5,226772,15:30,149.7,5,FLOWING FLOOD,0.0481106456521265,0.0964856220634999,0.1112462708093042,6.7,canli
2026-08-14 13:00,2026-08-14,BURSA,1,30.0,5,5,226772,15:30,149.7,6,YEKEBALA,0.0128751390453163,0.0100951037731701,0.0139709468495283,53.35,canli
2026-08-14 13:00,2026-08-14,BURSA,1,30.0,5,5,226772,15:30,149.7,7,ERİKDALI,0.0399715006545497,0.0443531938957004,0.050877134090262,14.65,canli
2026-08-14 13:00,2026-08-14,BURSA,1,30.0,5,5,226772,15:30,149.7,8,LADY CLASSMAN,0.0705990328178173,0.1103141488037313,0.1164609397534903,6.4,canli
2026-08-14 13:00,2026-08-14,BURSA,1,30.0,5,5,226772,15:30,149.7,9,EL ALACRAN,0.0706507014909022,0.0496606419885901,0.0496900009614892,15.0,canli
2026-08-14 13:00,2026-08-14,BURSA,1,30.0,5,5,226772,15:30,149.7,10,HEVSEL,0.0648018006926256,0.1214885326474818,0.1319203565349271,5.65,canli
2026-08-14 13:00,2026-08-14,BURSA,1,30.0,5,5,226772,15:30,149.7,11,KEEP SAFE,0.032268526866292,0.0385876250446284,0.046295031951698,16.1,canli
2026-08-14 13:00,2026-08-14,BURSA,1,30.0,5,5,226772,15:30,149.7,12,TROJAN QUEEN,0.0831979108518532,0.0667674501878203,0.0653815802124858,11.4,canli
2026-08-14 13:00,2026-08-14,BURSA,1,30.0,6,6,226760,16:00,179.7,1,BAŞKATAY,0.0367602580090433,0.0349632823911235,0.0352964614514461,19.8,canli
2026-08-14 13:00,2026-08-14,BURSA,1,30.0,6,6,226760,16:00,179.7,2,BİLGETUNA,0.0675166947857944,0.056905990609322,0.0523498079954033,13.35,canli
2026-08-14 13:00,2026-08-14,BURSA,1,30.0,6,6,226760,16:00,179.7,3,BULUTYELE,0.1923830043464707,0.0790284786479427,0.0607712988468377,11.5,canli
2026-08-14 13:00,2026-08-14,BURSA,1,30.0,6,6,226760,16:00,179.7,4,GÖKFIRTINA,0.1032805490489333,0.0720265064476501,0.0618468970565163,11.3,canli
2026-08-14 13:00,2026-08-14,BURSA,1,30.0,6,6,226760,16:00,179.7,5,HIZLI MURAT,0.0268283038344248,0.045877880763501,0.0495652437403286,14.1,canli
2026-08-14 13:00,2026-08-14,BURSA,1,30.0,6,6,226760,16:00,179.7,6,HÜKÜMDAR KILICI,0.0286165221171961,0.278064255719523,0.3176681530630156,2.2,canli
2026-08-14 13:00,2026-08-14,BURSA,1,30.0,6,6,226760,16:00,179.7,7,TAŞKARA,0.0523360963243141,0.0628193359983201,0.0607712988468377,11.5,canli
2026-08-14 13:00,2026-08-14,BURSA,1,30.0,6,6,226760,16:00,179.7,8,GÜNEŞMİLA,0.1031190235097873,0.0794769519807422,0.068516660464572,10.2,canli
2026-08-14 13:00,2026-08-14,BURSA,1,30.0,6,6,226760,16:00,179.7,9,ASİLBULUT,0.1833940761879588,0.0229073581465522,0.0169628625421998,41.2,canli
2026-08-14 13:00,2026-08-14,BURSA,1,30.0,6,6,226760,16:00,179.7,10,GÜREKE HANIM,0.0472548183755064,0.0262147198220866,0.0250042911176613,27.95,canli
2026-08-14 13:00,2026-08-14,BURSA,1,30.0,6,6,226760,16:00,179.7,11,İCLAL HANIM,0.0160401501204201,0.0126377257707606,0.0142918187472113,48.9,canli
2026-08-14 13:00,2026-08-14,BURSA,1,30.0,6,6,226760,16:00,179.7,12,LADY SEVGİ,0.0325118386181228,0.0610926995928484,0.0644119757362796,10.85,canli
2026-08-14 13:00,2026-08-14,BURSA,1,30.0,6,6,226760,16:00,179.7,13,SİHİRLİDÜŞ,0.0386719139598892,0.0361576641806452,0.0362108775512245,19.3,canli
2026-08-14 13:00,2026-08-14,BURSA,1,30.0,6,6,226760,16:00,179.7,14,YOLDERE GÜZELİ,0.0178189760860076,0.0412744940822634,0.0478678038862078,14.6,canli
2026-08-14 13:00,2026-08-14,BURSA,1,30.0,6,6,226760,16:00,179.7,15,ZEYTİN DİBİ,0.0534677746761302,0.0905526558467182,0.0884645489542575,7.9,canli
2026-08-14 15:00,2026-08-14,BURSA,2,30.0,1,5,226772,15:30,29.4,1,SAVE YOUR TEARS,0.2307393320094046,0.1394090972240913,0.1099127130210171,6.8,canli
2026-08-14 15:00,2026-08-14,BURSA,2,30.0,1,5,226772,15:30,29.4,2,RASİM HAN,0.2091154720404341,0.1352597081814427,0.1091104304442214,6.85,canli
2026-08-14 15:00,2026-08-14,BURSA,2,30.0,1,5,226772,15:30,29.4,3,VISERRA,0.0494933013745225,0.0519588878249324,0.0566217006471906,13.2,canli
2026-08-14 15:00,2026-08-14,BURSA,2,30.0,1,5,226772,15:30,29.4,4,TM BATAILE,0.0766547898896253,0.0911004874635673,0.092272401054681,8.1,canli
2026-08-14 15:00,2026-08-14,BURSA,2,30.0,1,5,226772,15:30,29.4,5,FLOWING FLOOD,0.0493243213930851,0.0524758274398347,0.0572725247925606,13.05,canli
2026-08-14 15:00,2026-08-14,BURSA,2,30.0,1,5,226772,15:30,29.4,6,YEKEBALA,0.0131270332204117,0.0384684808386849,0.0574928037340705,13.0,canli
2026-08-14 15:00,2026-08-14,BURSA,2,30.0,1,5,226772,15:30,29.4,7,ERİKDALI,0.0408740253862964,0.049652517513513,0.0566217006471906,13.2,canli
2026-08-14 15:00,2026-08-14,BURSA,2,30.0,1,5,226772,15:30,29.4,8,LADY CLASSMAN,0.0723221654385838,0.0971792411172429,0.1003230132272371,7.45,canli
2026-08-14 15:00,2026-08-14,BURSA,2,30.0,1,5,226772,15:30,29.4,9,EL ALACRAN,0.0726012121507053,0.0966602016016982,0.0996541931390555,7.5,canli
2026-08-14 15:00,2026-08-14,BURSA,2,30.0,1,5,226772,15:30,29.4,10,HEVSEL,0.0664372790640931,0.0649947669176284,0.0667327186199032,11.2,canli
2026-08-14 15:00,2026-08-14,BURSA,2,30.0,1,5,226772,15:30,29.4,11,KEEP SAFE,0.0332626331851852,0.0493902634741506,0.0593179721065806,12.6,canli
2026-08-14 15:00,2026-08-14,BURSA,2,30.0,1,5,226772,15:30,29.4,12,TROJAN QUEEN,0.0860484348476526,0.1334505204032132,0.1346678285662913,5.55,canli
2026-08-14 15:00,2026-08-14,BURSA,2,30.0,2,6,226760,16:00,59.4,1,BAŞKATAY,0.0367535512096657,0.0414689489859649,0.0447851954183346,14.7,canli
2026-08-14 15:00,2026-08-14,BURSA,2,30.0,2,6,226760,16:00,59.4,2,BİLGETUNA,0.067511987497803,0.0894513460447926,0.0889651854931783,7.4,canli
2026-08-14 15:00,2026-08-14,BURSA,2,30.0,2,6,226760,16:00,59.4,3,BULUTYELE,0.192369818530443,0.1432119003301939,0.1196986132090036,5.5,canli
2026-08-14 15:00,2026-08-14,BURSA,2,30.0,2,6,226760,16:00,59.4,4,GÖKFIRTINA,0.1032777636046837,0.072830372962632,0.0664992295605575,9.9,canli
2026-08-14 15:00,2026-08-14,BURSA,2,30.0,2,6,226760,16:00,59.4,5,HIZLI MURAT,0.0268229021311966,0.0347906945708894,0.0395400824414126,16.65,canli
2026-08-14 15:00,2026-08-14,BURSA,2,30.0,2,6,226760,16:00,59.4,6,HÜKÜMDAR KILICI,0.02861312348041,0.0911817812235295,0.1061842536531483,6.2,canli
2026-08-14 15:00,2026-08-14,BURSA,2,30.0,2,6,226760,16:00,59.4,7,TAŞKARA,0.0523324861807659,0.1138384028231536,0.1196986132090036,5.5,canli
2026-08-14 15:00,2026-08-14,BURSA,2,30.0,2,6,226760,16:00,59.4,8,GÜNEŞMİLA,0.103210440684745,0.1038530406854319,0.0961083755692729,6.85,canli
2026-08-14 15:00,2026-08-14,BURSA,2,30.0,2,6,226760,16:00,59.4,9,ASİLBULUT,0.1833762400706652,0.0728074953255532,0.0598493066045018,11.0,canli
2026-08-14 15:00,2026-08-14,BURSA,2,30.0,2,6,226760,16:00,59.4,10,GÜREKE HANIM,0.0472456131447113,0.035004240075629,0.0358769685367585,18.35,canli
2026-08-14 15:00,2026-08-14,BURSA,2,30.0,2,6,226760,16:00,59.4,11,İCLAL HANIM,0.01603534933782,0.0139891963992578,0.0168805736576799,39.0,canli
2026-08-14 15:00,2026-08-14,BURSA,2,30.0,2,6,226760,16:00,59.4,12,LADY SEVGİ,0.0325078243432832,0.0388016693147962,0.0427495047175012,15.4,canli
2026-08-14 15:00,2026-08-14,BURSA,2,30.0,2,6,226760,16:00,59.4,13,SİHİRLİDÜŞ,0.0386637368683683,0.0146892916227443,0.0151169316337432,43.55,canli
2026-08-14 15:00,2026-08-14,BURSA,2,30.0,2,6,226760,16:00,59.4,14,YOLDERE GÜZELİ,0.0178149475828211,0.0447418977202666,0.0553228884579428,11.9,canli
2026-08-14 15:00,2026-08-14,BURSA,2,30.0,2,6,226760,16:00,59.4,15,ZEYTİN DİBİ,0.0534642153326174,0.0893397219151647,0.0927242778379605,7.1,canli
2026-08-14 15:00,2026-08-14,BURSA,2,30.0,3,7,226773,16:30,89.4,1,TANGÜL HANIM,0.0311378646447908,0.0252092994657655,0.0264613996186754,25.7,canli
2026-08-14 15:00,2026-08-14,BURSA,2,30.0,3,7,226773,16:30,89.4,2,BLIZZARD,0.1108505102152676,0.0955833313695238,0.079538943883036,8.55,canli
2026-08-14 15:00,2026-08-14,BURSA,2,30.0,3,7,226773,16:30,89.4,3,CHATILA DANCER,0.2478519614325356,0.1196307595723662,0.0824312691151464,8.25,canli
2026-08-14 15:00,2026-08-14,BURSA,2,30.0,3,7,226773,16:30,89.4,4,BIBURY,0.0618354067839874,0.0929332254651923,0.0894813118684155,7.6,canli
2026-08-14 15:00,2026-08-14,BURSA,2,30.0,3,7,226773,16:30,89.4,5,ALİN ECE,0.2133152165697481,0.0345892447489943,0.0227825115644877,29.85,canli
2026-08-14 15:00,2026-08-14,BURSA,2,30.0,3,7,226773,16:30,89.4,6,BIÇKIDERELİ EGE,0.0416463726894406,0.2354745835248082,0.266689400078415,2.55,canli
2026-08-14 15:00,2026-08-14,BURSA,2,30.0,3,7,226773,16:30,89.4,7,BIG HONEY,0.1769801559203449,0.064892045256977,0.0467393793951861,14.55,canli
2026-08-14 15:00,2026-08-14,BURSA,2,30.0,3,7,226773,16:30,89.4,8,GRAVITY OF LOVE,0.021015340136483,0.0595368768016503,0.0731245129247266,9.3,canli
2026-08-14 15:00,2026-08-14,BURSA,2,30.0,3,7,226773,16:30,89.4,9,HILLS OF SPIRIT,0.0594573108156581,0.09207240666615,0.0894813118684155,7.6,canli
2026-08-14 15:00,2026-08-14,BURSA,2,30.0,3,7,226773,16:30,89.4,10,BEBEĞİM OLDUN,0.0304364561234499,0.1603095393469996,0.1915656254084389,3.55,canli
2026-08-14 15:00,2026-08-14,BURSA,2,30.0,3,7,226773,16:30,89.4,11,HERO WIND,0.0054734046682937,0.0197686877815723,0.0317043342750563,21.45,canli
2026-08-14 15:00,2026-08-14,BURSA,2,30.0,4,8,226774,17:00,119.4,1,CAN EFE,0.1684429809952527,0.0418636862608912,0.0430133212838887,19.55,canli
2026-08-14 15:00,2026-08-14,BURSA,2,30.0,4,8,226774,17:00,119.4,2,EL CACİQUE,0.0277506475370895,0.0197866388118665,0.0305230646497287,27.55,canli
2026-08-14 15:00,2026-08-14,BURSA,2,30.0,4,8,226774,17:00,119.4,3,HUMAN TORCH,0.0798221003906875,0.0289336191687995,0.0350379346291677,24.0,canli
2026-08-14 15:00,2026-08-14,BURSA,2,30.0,4,8,226774,17:00,119.4,4,KLEIN,0.480061751410101,0.8317977017155935,0.8008670772381197,1.05,canli
2026-08-14 15:00,2026-08-14,BURSA,2,30.0,4,8,226774,17:00,119.4,5,PERCY JACKSON,0.1220099806764439,0.0280223010441333,0.0304126738191691,27.65,canli
2026-08-14 15:00,2026-08-14,BURSA,2,30.0,4,8,226774,17:00,119.4,6,PRENS LEVENT,0.10210228109657,0.0439544827434567,0.0514318306483196,16.35,canli
2026-08-14 15:00,2026-08-14,BURSA,2,30.0,4,8,226774,17:00,119.4,7,RICO PASHA,0.0198102578938551,0.005641570255259,0.0087140977316064,96.5,canli
2026-08-14 15:00,2026-08-14,BURSA,2,30.0,5,9,226777,17:30,149.4,1,ANEMON ÇİÇEĞİ,0.022136090596404,0.066355185378559,0.0786738012297736,9.5,canli
2026-08-14 15:00,2026-08-14,BURSA,2,30.0,5,9,226777,17:30,149.4,2,İKİGAİ,0.0690790046557092,0.1397901430542108,0.1384076132746018,5.4,canli
2026-08-14 15:00,2026-08-14,BURSA,2,30.0,5,9,226777,17:30,149.4,3,KARACAHİSAR,0.0440860902641249,0.0510342109990668,0.0528198665500247,14.15,canli
2026-08-14 15:00,2026-08-14,BURSA,2,30.0,5,9,226777,17:30,149.4,4,DEKÇİ BEY,0.1502427331607288,0.0807534870993752,0.0679455556075318,11.0,canli
2026-08-14 15:00,2026-08-14,BURSA,2,30.0,5,9,226777,17:30,149.4,5,GÜZELNİSA,0.0846981530264278,0.0450459587600128,0.0411791246106253,18.15,canli
2026-08-14 15:00,2026-08-14,BURSA,2,30.0,5,9,226777,17:30,149.4,6,ALSAKİB,0.0889906152408725,0.0617645847617933,0.0566212963396098,13.2,canli
2026-08-14 15:00,2026-08-14,BURSA,2,30.0,5,9,226777,17:30,149.4,7,SON AKSİYON,0.0833209981695674,0.0191102293382533,0.016967108097227,44.05,canli
2026-08-14 15:00,2026-08-14,BURSA,2,30.0,5,9,226777,17:30,149.4,8,DİLHUN,0.0285156989049186,0.041359445433229,0.0459939145650984,16.25,canli
2026-08-14 15:00,2026-08-14,BURSA,2,30.0,5,9,226777,17:30,149.4,9,GENÇYÜREK,0.1747245867605241,0.0683206756872114,0.0555688558872007,13.45,canli
2026-08-14 15:00,2026-08-14,BURSA,2,30.0,5,9,226777,17:30,149.4,10,BİRGEDAĞ,0.1267049954706612,0.1778459332041346,0.1590215131240106,4.7,canli
2026-08-14 15:00,2026-08-14,BURSA,2,30.0,5,9,226777,17:30,149.4,11,CÜDA,0.0187459140257227,0.0721391580379801,0.0884498357021124,8.45,canli
2026-08-14 15:00,2026-08-14,BURSA,2,30.0,5,9,226777,17:30,149.4,12,DAĞ YONCASI,0.0200268077923323,0.0213845213082077,0.0247483811815513,30.2,canli
2026-08-14 15:00,2026-08-14,BURSA,2,30.0,5,9,226777,17:30,149.4,13,SUSUZKURT,0.0344049155256722,0.0424995149740193,0.0457126062191345,16.35,canli
2026-08-14 15:00,2026-08-14,BURSA,2,30.0,5,9,226777,17:30,149.4,14,CİHAN ŞAHI,0.0477635047615988,0.0850734502598506,0.0884498357021124,8.45,canli
2026-08-14 15:00,2026-08-14,BURSA,2,30.0,5,9,226777,17:30,149.4,15,SAHAFBEY,0.0065598916447349,0.0275235017040956,0.0394406919093852,18.95,canli
2026-08-14 15:00,2026-08-14,BURSA,2,30.0,6,10,226761,18:00,179.4,1,ALKURUŞ BEYİ,0.011975932301782,0.0405411291815996,0.0525335742537619,14.25,canli
2026-08-14 15:00,2026-08-14,BURSA,2,30.0,6,10,226761,18:00,179.4,2,CİHANDERE,0.0287007500981772,0.0612356070352963,0.0686792140473493,10.9,canli
2026-08-14 15:00,2026-08-14,BURSA,2,30.0,6,10,226761,18:00,179.4,3,ÇILGINDAĞ,0.0493419577879918,0.091883750528295,0.0947599282425452,7.9,canli
2026-08-14 15:00,2026-08-14,BURSA,2,30.0,6,10,226761,18:00,179.4,4,ÇİLEKEŞ ÖMER,0.1025784547223238,0.222974887257494,0.2079453980878077,3.6,canli
2026-08-14 15:00,2026-08-14,BURSA,2,30.0,6,10,226761,18:00,179.4,5,KARAKÖPRÜ ATEŞİ,0.1045621502076911,0.0410696096926547,0.0358183460821104,20.9,canli
2026-08-14 15:00,2026-08-14,BURSA,2,30.0,6,10,226761,18:00,179.4,6,LAVEKAR,0.0092679081910053,0.0506174205182788,0.0693151326959359,10.8,canli
2026-08-14 15:00,2026-08-14,BURSA,2,30.0,6,10,226761,18:00,179.4,7,NADİDE KIZ,0.1740224111997129,0.0763896635866473,0.0621247662337018,12.05,canli
2026-08-14 15:00,2026-08-14,BURSA,2,30.0,6,10,226761,18:00,179.4,8,BEŞPINAR,0.1586971434972501,0.0428233576470776,0.0346575663479679,21.6,canli
2026-08-14 15:00,2026-08-14,BURSA,2,30.0,6,10,226761,18:00,179.4,9,HİFA GÜZELİ,0.0458214565960836,0.0587301237564588,0.0603712446061377,12.4,canli
2026-08-14 15:00,2026-08-14,BURSA,2,30.0,6,10,226761,18:00,179.4,10,KADİFE KIZ,0.0083900284944747,0.0252746427975388,0.0343396070236746,21.8,canli
2026-08-14 15:00,2026-08-14,BURSA,2,30.0,6,10,226761,18:00,179.4,11,MAHPAREM,0.0661520508176774,0.0571188328025113,0.0548427423528284,13.65,canli
2026-08-14 15:00,2026-08-14,BURSA,2,30.0,6,10,226761,18:00,179.4,12,NARENKA,0.0444044036260929,0.0670230829370876,0.0696375286619635,10.75,canli
2026-08-14 15:00,2026-08-14,BURSA,2,30.0,6,10,226761,18:00,179.4,13,ÖZYÜREK,0.0296430394880077,0.0164985536978518,0.0175111914179206,42.75,canli
2026-08-14 15:00,2026-08-14,BURSA,2,30.0,6,10,226761,18:00,179.4,14,SARAYTAY,0.0830310406773635,0.0830496469162301,0.0775754852970059,9.65,canli
2026-08-14 15:00,2026-08-14,BURSA,2,30.0,6,10,226761,18:00,179.4,15,TOKATHANIN GÜLÜ,0.0834112722943654,0.0647696916449777,0.0598882746492886,12.5,canli
2026-08-14 17:15,2026-08-14,ISTANBUL,1,30.0,1,1,226768,17:45,29.5,1,BEGİHAN,0.2413230989765689,0.1252369789814104,0.1130004086770787,6.6,canli
2026-08-14 17:15,2026-08-14,ISTANBUL,1,30.0,1,1,226768,17:45,29.5,2,DEVRİZAMAN,0.0795404092033033,0.1111005106323623,0.1222627372571671,6.1,canli
2026-08-14 17:15,2026-08-14,ISTANBUL,1,30.0,1,1,226768,17:45,29.5,3,AMCA,0.0386595765535201,0.0448530539882887,0.054438153085308,13.7,canli
2026-08-14 17:15,2026-08-14,ISTANBUL,1,30.0,1,1,226768,17:45,29.5,4,RAHİME ABLA,0.2692203608202171,0.2419638270604903,0.2193537344907999,3.4,canli
2026-08-14 17:15,2026-08-14,ISTANBUL,1,30.0,1,1,226768,17:45,29.5,5,TOROSOĞLU,0.2642719034620625,0.3243666832483731,0.2983210789074879,2.5,canli
2026-08-14 17:15,2026-08-14,ISTANBUL,1,30.0,1,1,226768,17:45,29.5,6,YEŞİL ADA,0.0248988394589966,0.0458693587246828,0.0603888823699368,12.35,canli
2026-08-14 17:15,2026-08-14,ISTANBUL,1,30.0,1,1,226768,17:45,29.5,7,KIZIM ERVA,0.0273324168195087,0.0635985353782155,0.0833299103093541,8.95,canli
2026-08-14 17:15,2026-08-14,ISTANBUL,1,30.0,1,1,226768,17:45,29.5,8,DAĞYIKAN,0.0547533947058224,0.0430110519861764,0.0489050949028668,15.25,canli
2026-08-14 17:15,2026-08-14,ISTANBUL,1,30.0,2,2,226764,18:30,74.5,1,CALL TO ARMS,0.1043307173676194,0.202391026586663,0.20225868146072,3.15,canli
2026-08-14 17:15,2026-08-14,ISTANBUL,1,30.0,2,2,226764,18:30,74.5,2,KING FERİT,0.2046846028836618,0.1268562884982114,0.1035959100164663,6.15,canli
2026-08-14 17:15,2026-08-14,ISTANBUL,1,30.0,2,2,226764,18:30,74.5,3,ŞEKER ASLAN,0.2296043994311385,0.106246447795087,0.0832829864838259,7.65,canli
2026-08-14 17:15,2026-08-14,ISTANBUL,1,30.0,2,2,226764,18:30,74.5,4,ŞAFAKATEŞ,0.2228716871468371,0.1335185262964103,0.1070781254792047,5.95,canli
2026-08-14 17:15,2026-08-14,ISTANBUL,1,30.0,2,2,226764,18:30,74.5,5,HEAVEN LIGHT,0.0843936397264482,0.0864361607278769,0.0860966008920632,7.4,canli
2026-08-14 17:15,2026-08-14,ISTANBUL,1,30.0,2,2,226764,18:30,74.5,6,STRONG HEARD,0.0319860170533596,0.1142034644734039,0.1481662433956438,4.3,canli
2026-08-14 17:15,2026-08-14,ISTANBUL,1,30.0,2,2,226764,18:30,74.5,7,ERULİNA,0.098011398276503,0.1235456737090923,0.121355208876432,5.25,canli
2026-08-14 17:15,2026-08-14,ISTANBUL,1,30.0,2,2,226764,18:30,74.5,8,MIZMIZ MYRTLE,0.0241175381144319,0.1068024119132551,0.1481662433956438,4.3,canli
2026-08-14 17:15,2026-08-14,ISTANBUL,1,30.0,3,3,226763,19:00,104.5,1,BEST LINE,0.113267431685857,0.0509650181391314,0.0445201476250417,15.9,canli
2026-08-14 17:15,2026-08-14,ISTANBUL,1,30.0,3,3,226763,19:00,104.5,2,DRAGON PRIME,0.0525886279046067,0.029165881529023,0.0298050672521332,23.75,canli
2026-08-14 17:15,2026-08-14,ISTANBUL,1,30.0,3,3,226763,19:00,104.5,3,GOLD STONE,0.0691132149424095,0.0264929252790566,0.0251017853630554,28.2,canli
2026-08-14 17:15,2026-08-14,ISTANBUL,1,30.0,3,3,226763,19:00,104.5,4,KING ÇELİK,0.1310727196585745,0.0387523330303139,0.0320303324542155,22.1,canli
2026-08-14 17:15,2026-08-14,ISTANBUL,1,30.0,3,3,226763,19:00,104.5,5,KINGS NEVER DIE,0.0568240763530357,0.0193615584237802,0.0188765425930177,37.5,canli
2026-08-14 17:15,2026-08-14,ISTANBUL,1,30.0,3,3,226763,19:00,104.5,6,KOCAGÖZ,0.0772762164271879,0.0046196445230461,0.0037854029264072,187.0,canli
2026-08-14 17:15,2026-08-14,ISTANBUL,1,30.0,3,3,226763,19:00,104.5,7,LODBROK,0.052396639163284,0.0120655266980908,0.0116330377524759,60.85,canli
2026-08-14 17:15,2026-08-14,ISTANBUL,1,30.0,3,3,226763,19:00,104.5,8,LORD OF LIGHT,0.0586961594999628,0.0436040630494551,0.0445201476250417,15.9,canli
2026-08-14 17:15,2026-08-14,ISTANBUL,1,30.0,3,3,226763,19:00,104.5,9,MAXIMO,0.1041100159806154,0.0348473092146614,0.0303156465626622,23.35,canli
2026-08-14 17:15,2026-08-14,ISTANBUL,1,30.0,3,3,226763,19:00,104.5,10,RUN FOR GÖKTUĞ,0.1117717136554455,0.5956718040168892,0.6155394323810126,1.15,canli
2026-08-14 17:15,2026-08-14,ISTANBUL,1,30.0,3,3,226763,19:00,104.5,11,WIND OF ROMANCE,0.1028656590031087,0.0369790475120875,0.0323968122305796,21.85,canli
2026-08-14 17:15,2026-08-14,ISTANBUL,1,30.0,3,3,226763,19:00,104.5,12,ADA EFSANESİ,0.0700175257259119,0.1074748885844644,0.1114756452343565,6.35,canli
2026-08-14 17:15,2026-08-14,ISTANBUL,1,30.0,4,4,226766,19:30,134.5,1,GEL OGLİM,0.2429248933788533,0.1001520512401383,0.0780375893732335,9.05,canli
2026-08-14 17:15,2026-08-14,ISTANBUL,1,30.0,4,4,226766,19:30,134.5,2,CAZATOR DE OSOS,0.0431589006391606,0.0478518219199003,0.0549603255897092,12.85,canli
2026-08-14 17:15,2026-08-14,ISTANBUL,1,30.0,4,4,226766,19:30,134.5,3,LAUREATE,0.1018175015558777,0.0562048274745712,0.0525085638533653,13.45,canli
2026-08-14 17:15,2026-08-14,ISTANBUL,1,30.0,4,4,226766,19:30,134.5,4,MAKE A FIRE,0.0855865686060615,0.0882877997873629,0.0888352432487752,7.95,canli
2026-08-14 17:15,2026-08-14,ISTANBUL,1,30.0,4,4,226766,19:30,134.5,5,TURKISH PUNCH,0.0787481508121146,0.2659671589004254,0.2942667432615681,2.4,canli
2026-08-14 17:15,2026-08-14,ISTANBUL,1,30.0,4,4,226766,19:30,134.5,6,PRINCE OF DARKNESS,0.2539524750743535,0.130509119499305,0.1023536498301106,6.9,canli
2026-08-14 17:15,2026-08-14,ISTANBUL,1,30.0,4,4,226766,19:30,134.5,7,GREY GHOST,0.0382093861211473,0.0445420831422436,0.0525085638533653,13.45,canli
2026-08-14 17:15,2026-08-14,ISTANBUL,1,30.0,4,4,226766,19:30,134.5,8,HARDOLD,0.0557442253801659,0.051600442827269,0.0558292635436967,12.65,canli
2026-08-14 17:15,2026-08-14,ISTANBUL,1,30.0,4,4,226766,19:30,134.5,9,HİDAN,0.0998578984322651,0.2148846952087839,0.220700057446176,3.2,canli
2026-08-14 17:15,2026-08-14,ISTANBUL,1,30.0,5,5,226765,20:00,164.5,1,AL TAN,0.0881418196104271,0.1012135348868769,0.1104705965670843,6.75,canli
2026-08-14 17:15,2026-08-14,ISTANBUL,1,30.0,5,5,226765,20:00,164.5,2,GALİOĞLU,0.1961284755747598,0.2393022989990837,0.2259625838872179,3.3,canli
2026-08-14 17:15,2026-08-14,ISTANBUL,1,30.0,5,5,226765,20:00,164.5,3,HANDSOME KING,0.1226494862933954,0.2416369072462496,0.257129836837179,2.9,canli
2026-08-14 17:15,2026-08-14,ISTANBUL,1,30.0,5,5,226765,20:00,164.5,4,PYTHAGOREAN THEORY,0.2425602550362213,0.1689132194915737,0.1476587181837265,5.05,canli
2026-08-14 17:15,2026-08-14,ISTANBUL,1,30.0,5,5,226765,20:00,164.5,5,RIDE THE LIGHTNING,0.0750239018992611,0.0192628400789443,0.0195972805999426,38.05,canli
2026-08-14 17:15,2026-08-14,ISTANBUL,1,30.0,5,5,226765,20:00,164.5,6,ETSUKO,0.1295461936008574,0.069871524106112,0.0674820386269519,11.05,canli
2026-08-14 17:15,2026-08-14,ISTANBUL,1,30.0,5,5,226765,20:00,164.5,7,ANSHBA,0.1242406184678626,0.1377368484783567,0.1406936843071357,5.3,canli
2026-08-14 17:15,2026-08-14,ISTANBUL,1,30.0,5,5,226765,20:00,164.5,8,RACING STAR,0.021709249517215,0.0220628267128026,0.0310052609907617,24.05,canli
2026-08-14 17:15,2026-08-14,ISTANBUL,1,30.0,6,6,226771,20:30,194.5,1,KRAL SULTAN,0.2289497196684297,0.2240064503343419,0.2035165737007308,3.35,canli
2026-08-14 17:15,2026-08-14,ISTANBUL,1,30.0,6,6,226771,20:30,194.5,2,DEMİRHAN TAYI,0.0645366591405171,0.1586840879912861,0.179415926815118,3.8,canli
2026-08-14 17:15,2026-08-14,ISTANBUL,1,30.0,6,6,226771,20:30,194.5,3,SURUÇLU MEMO,0.0753391453991789,0.0342236356770718,0.0355094021821587,19.2,canli
2026-08-14 17:15,2026-08-14,ISTANBUL,1,30.0,6,6,226771,20:30,194.5,4,SÜPER SONİK,0.2772682121344563,0.2802427811331351,0.2479201897808903,2.75,canli
2026-08-14 17:15,2026-08-14,ISTANBUL,1,30.0,6,6,226771,20:30,194.5,5,TERCAN HAN,0.0355262253271432,0.0559398527750824,0.0678388579002436,10.05,canli
2026-08-14 17:15,2026-08-14,ISTANBUL,1,30.0,6,6,226771,20:30,194.5,6,KERPETEN YALÇIN,0.2475425762732395,0.1093688705122497,0.0953539191464962,7.15,canli
2026-08-14 17:15,2026-08-14,ISTANBUL,1,30.0,6,6,226771,20:30,194.5,7,CANEYMEN,0.0497445955567418,0.0739589619032605,0.085222565237181,8.0,canli
2026-08-14 17:15,2026-08-14,ISTANBUL,1,30.0,6,6,226771,20:30,194.5,8,LOSTRA,0.0210928665002931,0.0635753596735722,0.085222565237181,8.0,canli
2026-08-14 18:31,2026-08-14,ISTANBUL,2,30.0,1,3,226763,19:00,29.0,1,BEST LINE,0.1205110982488219,0.0707110431961223,0.064269159671203,10.85,canli
2026-08-14 18:31,2026-08-14,ISTANBUL,2,30.0,1,3,226763,19:00,29.0,2,DRAGON PRIME,0.0579875417422998,0.0417945256249261,0.0441342014197818,15.8,canli
2026-08-14 18:31,2026-08-14,ISTANBUL,2,30.0,1,3,226763,19:00,29.0,4,KING ÇELİK,0.1380332788785317,0.0563762993196573,0.0487636631071715,14.3,canli
2026-08-14 18:31,2026-08-14,ISTANBUL,2,30.0,1,3,226763,19:00,29.0,5,KINGS NEVER DIE,0.0621248463923495,0.0409083294860393,0.0423902968044105,16.45,canli
2026-08-14 18:31,2026-08-14,ISTANBUL,2,30.0,1,3,226763,19:00,29.0,6,KOCAGÖZ,0.0837543726466742,0.0205167160841359,0.0188210629536451,37.05,canli
2026-08-14 18:31,2026-08-14,ISTANBUL,2,30.0,1,3,226763,19:00,29.0,7,LODBROK,0.0577232670477119,0.0190719009857682,0.0191308746895076,36.45,canli
2026-08-14 18:31,2026-08-14,ISTANBUL,2,30.0,1,3,226763,19:00,29.0,8,LORD OF LIGHT,0.0640845449874355,0.0608702101864916,0.064269159671203,10.85,canli
2026-08-14 18:31,2026-08-14,ISTANBUL,2,30.0,1,3,226763,19:00,29.0,9,MAXIMO,0.1108548284015855,0.0474751959077696,0.0429120235343109,16.25,canli
2026-08-14 18:31,2026-08-14,ISTANBUL,2,30.0,1,3,226763,19:00,29.0,10,RUN FOR GÖKTUĞ,0.1191315055572005,0.3701178119068787,0.3769299364500285,1.85,canli
2026-08-14 18:31,2026-08-14,ISTANBUL,2,30.0,1,3,226763,19:00,29.0,11,WIND OF ROMANCE,0.1094940250987371,0.1274097068441572,0.1234195367137261,5.65,canli
2026-08-14 18:31,2026-08-14,ISTANBUL,2,30.0,1,3,226763,19:00,29.0,12,ADA EFSANESİ,0.0763006909986518,0.1447482604580534,0.1549600849850117,4.5,canli
2026-08-14 18:31,2026-08-14,ISTANBUL,2,30.0,2,4,226766,19:30,59.0,1,GEL OGLİM,0.2429248933788533,0.1617406150168438,0.1316435825142787,5.45,canli
2026-08-14 18:31,2026-08-14,ISTANBUL,2,30.0,2,4,226766,19:30,59.0,2,CAZATOR DE OSOS,0.0431589006391606,0.0663873505094049,0.078841486231079,9.1,canli
2026-08-14 18:31,2026-08-14,ISTANBUL,2,30.0,2,4,226766,19:30,59.0,3,LAUREATE,0.1018175015558777,0.0416438145508808,0.0385729851990762,18.6,canli
2026-08-14 18:31,2026-08-14,ISTANBUL,2,30.0,2,4,226766,19:30,59.0,4,MAKE A FIRE,0.0855865686060615,0.1005425111877622,0.1032312985183912,6.95,canli
2026-08-14 18:31,2026-08-14,ISTANBUL,2,30.0,2,4,226766,19:30,59.0,5,TURKISH PUNCH,0.0787481508121146,0.1874936107089145,0.2049878642008054,3.5,canli
2026-08-14 18:31,2026-08-14,ISTANBUL,2,30.0,2,4,226766,19:30,59.0,6,PRINCE OF DARKNESS,0.2539524750743535,0.1134036152111984,0.0891251583481762,8.05,canli
2026-08-14 18:31,2026-08-14,ISTANBUL,2,30.0,2,4,226766,19:30,59.0,7,GREY GHOST,0.0382093861211473,0.0330025432588459,0.0385729851990762,18.6,canli
2026-08-14 18:31,2026-08-14,ISTANBUL,2,30.0,2,4,226766,19:30,59.0,8,HARDOLD,0.0557442253801659,0.0861762783472289,0.0976132686670502,7.35,canli
2026-08-14 18:31,2026-08-14,ISTANBUL,2,30.0,2,4,226766,19:30,59.0,9,HİDAN,0.0998578984322651,0.2096096612089203,0.2174113711220664,3.3,canli
2026-08-14 18:31,2026-08-14,ISTANBUL,2,30.0,3,5,226765,20:00,89.0,1,AL TAN,0.0881418196104271,0.0888780805707886,0.0962691903733301,7.75,canli
2026-08-14 18:31,2026-08-14,ISTANBUL,2,30.0,3,5,226765,20:00,89.0,2,GALİOĞLU,0.1961284755747598,0.2358382353160267,0.2227123060875548,3.35,canli
2026-08-14 18:31,2026-08-14,ISTANBUL,2,30.0,3,5,226765,20:00,89.0,3,HANDSOME KING,0.1226494862933954,0.2303691814077767,0.2446184345551832,3.05,canli
2026-08-14 18:31,2026-08-14,ISTANBUL,2,30.0,3,5,226765,20:00,89.0,4,PYTHAGOREAN THEORY,0.2425602550362213,0.1704127556948091,0.1492172450786617,5.0,canli
2026-08-14 18:31,2026-08-14,ISTANBUL,2,30.0,3,5,226765,20:00,89.0,5,RIDE THE LIGHTNING,0.0750239018992611,0.0232948590838315,0.0240285418806218,31.05,canli
2026-08-14 18:31,2026-08-14,ISTANBUL,2,30.0,3,5,226765,20:00,89.0,6,ETSUKO,0.1295461936008574,0.093976820760043,0.0926815186823985,8.05,canli
2026-08-14 18:31,2026-08-14,ISTANBUL,2,30.0,3,5,226765,20:00,89.0,7,ANSHBA,0.1242406184678626,0.1318492573100299,0.1344299505213169,5.55,canli
2026-08-14 18:31,2026-08-14,ISTANBUL,2,30.0,3,5,226765,20:00,89.0,8,RACING STAR,0.021709249517215,0.0253808098566943,0.0360428128209327,20.7,canli
2026-08-14 18:31,2026-08-14,ISTANBUL,2,30.0,4,6,226771,20:30,119.0,1,KRAL SULTAN,0.2289497196684297,0.2285052231343023,0.2088315394017612,3.25,canli
2026-08-14 18:31,2026-08-14,ISTANBUL,2,30.0,4,6,226771,20:30,119.0,2,DEMİRHAN TAYI,0.0645366591405171,0.1444122454458273,0.1635427718206563,4.15,canli
2026-08-14 18:31,2026-08-14,ISTANBUL,2,30.0,4,6,226771,20:30,119.0,3,SURUÇLU MEMO,0.0753391453991789,0.0269125407556528,0.0278156763547427,24.4,canli
2026-08-14 18:31,2026-08-14,ISTANBUL,2,30.0,4,6,226771,20:30,119.0,4,SÜPER SONİK,0.2772682121344563,0.2682464958703331,0.2381412291423593,2.85,canli
2026-08-14 18:31,2026-08-14,ISTANBUL,2,30.0,4,6,226771,20:30,119.0,5,TERCAN HAN,0.0355262253271432,0.0510236613916993,0.0619819637493812,10.95,canli
2026-08-14 18:31,2026-08-14,ISTANBUL,2,30.0,4,6,226771,20:30,119.0,6,KERPETEN YALÇIN,0.2475425762732395,0.1395289061589057,0.1234004551010407,5.5,canli
2026-08-14 18:31,2026-08-14,ISTANBUL,2,30.0,4,6,226771,20:30,119.0,7,CANEYMEN,0.0497445955567418,0.0760220932661765,0.088143182215029,7.7,canli
2026-08-14 18:31,2026-08-14,ISTANBUL,2,30.0,4,6,226771,20:30,119.0,8,LOSTRA,0.0210928665002931,0.0653488339771025,0.088143182215029,7.7,canli
2026-08-14 18:31,2026-08-14,ISTANBUL,2,30.0,5,7,226767,21:00,149.0,1,WHISPER OF VICTORY,0.2009879308380344,0.1220452617337592,0.0988201427871254,7.55,canli
2026-08-14 18:31,2026-08-14,ISTANBUL,2,30.0,5,7,226767,21:00,149.0,2,SECRET FLIGHT,0.2475921052912929,0.0280256473639207,0.0195056752429489,38.25,canli
2026-08-14 18:31,2026-08-14,ISTANBUL,2,30.0,5,7,226767,21:00,149.0,3,BOAZ,0.215125064440924,0.242008400665748,0.2016465075791343,3.7,canli
2026-08-14 18:31,2026-08-14,ISTANBUL,2,30.0,5,7,226767,21:00,149.0,4,VERMAX,0.0668566737476702,0.0604099215675638,0.0616605023175865,12.1,canli
2026-08-14 18:31,2026-08-14,ISTANBUL,2,30.0,5,7,226767,21:00,149.0,5,THE BUTCHER,0.1502195156358644,0.1301217452827454,0.1139071874874499,6.55,canli
2026-08-14 18:31,2026-08-14,ISTANBUL,2,30.0,5,7,226767,21:00,149.0,6,KAYROS,0.1036915070350553,0.2687834922881149,0.2713062101973807,2.75,canli
2026-08-14 18:31,2026-08-14,ISTANBUL,2,30.0,5,7,226767,21:00,149.0,7,DARK MONEY,0.0155272030111585,0.1486055310981477,0.2331537743883741,3.2,canli
2026-08-14 18:31,2026-08-14,ISTANBUL,2,30.0,6,8,226775,21:30,179.0,1,CEBELTUNA,0.1777061721193804,0.0870672449641865,0.0715903917580709,10.4,canli
2026-08-14 18:31,2026-08-14,ISTANBUL,2,30.0,6,8,226775,21:30,179.0,2,SAPANCA AĞASI,0.0914003679337228,0.0323785438974293,0.0289704309059898,25.7,canli
2026-08-14 18:31,2026-08-14,ISTANBUL,2,30.0,6,8,226775,21:30,179.0,3,MADEN DAĞI,0.0364915545514939,0.0413660450341359,0.0441863545569102,16.85,canli
2026-08-14 18:31,2026-08-14,ISTANBUL,2,30.0,6,8,226775,21:30,179.0,4,BAY UMUT,0.1542275891280578,0.0379287089728547,0.031022503095164,24.0,canli
2026-08-14 18:31,2026-08-14,ISTANBUL,2,30.0,6,8,226775,21:30,179.0,5,DOĞUYURT,0.1312276631278423,0.2325673632549727,0.2097295983898418,3.55,canli
2026-08-14 18:31,2026-08-14,ISTANBUL,2,30.0,6,8,226775,21:30,179.0,6,LAVİN FIRTINASI,0.0114835677493722,0.0439719782824508,0.0581671933034326,12.8,canli
2026-08-14 18:31,2026-08-14,ISTANBUL,2,30.0,6,8,226775,21:30,179.0,7,BİÇERGİLLER,0.2516399844421566,0.0481325387267711,0.0363190280138506,20.5,canli
2026-08-14 18:31,2026-08-14,ISTANBUL,2,30.0,6,8,226775,21:30,179.0,8,UMUDUNU KAYBETME,0.0800719765438381,0.2191182244463435,0.2158087171837502,3.45,canli
2026-08-14 18:31,2026-08-14,ISTANBUL,2,30.0,6,8,226775,21:30,179.0,9,ARCADİA,0.0299089429798563,0.1980400965274565,0.2326687732137307,3.2,canli
2026-08-14 18:31,2026-08-14,ISTANBUL,2,30.0,6,8,226775,21:30,179.0,10,JET ÇELİK,0.0237741621866757,0.0347814456331496,0.0399217198007473,18.65,canli
2026-08-14 18:31,2026-08-14,ISTANBUL,2,30.0,6,8,226775,21:30,179.0,11,KAPGAN KAĞAN,0.0120680192376033,0.0246478102602488,0.0316152897785111,23.55,canli
2026-08-15 13:00,2026-08-15,ANKARA,1,30.0,1,1,226787,13:30,29.3,1,RUN FOR YAVUZ,0.0609864497071988,0.0932637930808024,0.1199602171480667,6.2,canli
2026-08-15 13:00,2026-08-15,ANKARA,1,30.0,1,1,226787,13:30,29.3,3,MASTER OF RACE,0.3675459680361675,0.2508157791051896,0.2187509842111806,3.4,canli
2026-08-15 13:00,2026-08-15,ANKARA,1,30.0,1,1,226787,13:30,29.3,4,RITE OF SPRING,0.3536847541927457,0.3737520525264695,0.3380697028718246,2.2,canli
2026-08-15 13:00,2026-08-15,ANKARA,1,30.0,1,1,226787,13:30,29.3,5,WE ARE THE BEST,0.0786163950814761,0.1223292804073618,0.1502532012763665,4.95,canli
2026-08-15 13:00,2026-08-15,ANKARA,1,30.0,1,1,226787,13:30,29.3,6,NART THE WOLF,0.1391664329824116,0.1598390948801764,0.1729658944925614,4.3,canli
2026-08-15 13:00,2026-08-15,ANKARA,1,30.0,2,2,226779,14:00,59.3,1,AKSİ TAY,0.0186136439517325,0.0287823939200529,0.0395527095348829,18.85,canli
2026-08-15 13:00,2026-08-15,ANKARA,1,30.0,2,2,226779,14:00,59.3,2,LAGARİ,0.1952694013612639,0.162253989563249,0.1380682545801006,5.4,canli
2026-08-15 13:00,2026-08-15,ANKARA,1,30.0,2,2,226779,14:00,59.3,3,SILVER PUNCH,0.0324852150934768,0.0188206759572164,0.0218321690990495,34.15,canli
2026-08-15 13:00,2026-08-15,ANKARA,1,30.0,2,2,226779,14:00,59.3,5,TIME CHANGER,0.1449886880282241,0.1913409450289918,0.1775163273172722,4.2,canli
2026-08-15 13:00,2026-08-15,ANKARA,1,30.0,2,2,226779,14:00,59.3,6,BALABAN SÜMBÜLÜ,0.1121393073629084,0.0934932125464682,0.0882329674239696,8.45,canli
2026-08-15 13:00,2026-08-15,ANKARA,1,30.0,2,2,226779,14:00,59.3,7,BERRYWING,0.0253208403840806,0.0687326784733749,0.0926172142524898,8.05,canli
2026-08-15 13:00,2026-08-15,ANKARA,1,30.0,2,2,226779,14:00,59.3,8,GREAT ANGEL,0.0572726860032082,0.0239008707195434,0.0244048633300341,30.55,canli
2026-08-15 13:00,2026-08-15,ANKARA,1,30.0,2,2,226779,14:00,59.3,9,KEMALS ELF,0.0578743303433072,0.1610736794183817,0.1863921436831358,4.0,canli
2026-08-15 13:00,2026-08-15,ANKARA,1,30.0,2,2,226779,14:00,59.3,10,MAXIMAND,0.3233192212491994,0.1710310146245693,0.1285463059883695,5.8,canli
2026-08-15 13:00,2026-08-15,ANKARA,1,30.0,2,2,226779,14:00,59.3,11,PRENSES ANGEL,0.0327166662225983,0.0805705397481519,0.1028370447906956,7.25,canli
2026-08-15 13:00,2026-08-15,ANKARA,1,30.0,3,3,226785,14:30,89.3,1,VOICE OF KHAN,0.2570648150779889,0.1862076000507561,0.1773891353335506,4.2,canli
2026-08-15 13:00,2026-08-15,ANKARA,1,30.0,3,3,226785,14:30,89.3,2,FOR FREEDOM,0.1645568846132507,0.2625619416606027,0.2865516801541971,2.6,canli
2026-08-15 13:00,2026-08-15,ANKARA,1,30.0,3,3,226785,14:30,89.3,3,BORN TO TRUST,0.3452235183542355,0.4099068036690719,0.3820689068722629,1.95,canli
2026-08-15 13:00,2026-08-15,ANKARA,1,30.0,3,3,226785,14:30,89.3,4,CRACKAJACK,0.1228318851130656,0.082533354653463,0.0897631769157726,8.3,canli
2026-08-15 13:00,2026-08-15,ANKARA,1,30.0,3,3,226785,14:30,89.3,5,ROSAS DEL ROSEDAL,0.1103228968414592,0.0587902999661063,0.0642271007242166,11.6,canli
2026-08-15 13:00,2026-08-15,ANKARA,1,30.0,4,4,226786,15:00,119.3,1,FISTIK ÇAMI,0.3086692072328585,0.168417377387039,0.1358404971882244,5.5,canli
2026-08-15 13:00,2026-08-15,ANKARA,1,30.0,4,4,226786,15:00,119.3,2,SEÇİLKIZ,0.0961056224035566,0.1071890839655066,0.1052285541598921,7.1,canli
2026-08-15 13:00,2026-08-15,ANKARA,1,30.0,4,4,226786,15:00,119.3,3,ARZUDAR,0.0869081272052524,0.153571857238871,0.1556505696948405,4.8,canli
2026-08-15 13:00,2026-08-15,ANKARA,1,30.0,4,4,226786,15:00,119.3,4,HİVE SULTAN,0.126289700021894,0.0545249912905784,0.0496427066136368,15.05,canli
2026-08-15 13:00,2026-08-15,ANKARA,1,30.0,4,4,226786,15:00,119.3,5,GÜMBÜRBERK,0.1069384944688178,0.0792825161690423,0.0754669428823469,9.9,canli
2026-08-15 13:00,2026-08-15,ANKARA,1,30.0,4,4,226786,15:00,119.3,6,GÜLÜMSE BİRAZ,0.0211248798424649,0.0942453354699651,0.1214833714691438,6.15,canli
2026-08-15 13:00,2026-08-15,ANKARA,1,30.0,4,4,226786,15:00,119.3,7,ARKEN TAŞI,0.0323713184729507,0.0199202237982303,0.0224024807956592,33.35,canli
2026-08-15 13:00,2026-08-15,ANKARA,1,30.0,4,4,226786,15:00,119.3,8,BURÇİGİN,0.1391561239475731,0.1855259516684247,0.1737494731477289,4.3,canli
2026-08-15 13:00,2026-08-15,ANKARA,1,30.0,4,4,226786,15:00,119.3,9,SENANİSA,0.0261379482664877,0.0180864994670046,0.0210753944861843,35.45,canli
2026-08-15 13:00,2026-08-15,ANKARA,1,30.0,4,4,226786,15:00,119.3,10,SEVDA MEVSİMİ,0.049169763654774,0.0992889323896044,0.1098709903728286,6.8,canli
2026-08-15 13:00,2026-08-15,ANKARA,1,30.0,4,4,226786,15:00,119.3,11,GÜLLÜ BAHÇE,0.0071288144833698,0.0199472311557332,0.0295890191895142,25.25,canli
2026-08-15 13:00,2026-08-15,ANKARA,1,30.0,5,5,226784,15:30,149.3,1,NEVŞEHİR BEYİ,0.0611890591579107,0.0818948180717022,0.0995398091944121,7.45,canli
2026-08-15 13:00,2026-08-15,ANKARA,1,30.0,5,5,226784,15:30,149.3,2,ATABEYLİ,0.3037409156473001,0.2697003008760474,0.2557143374132311,2.9,canli
2026-08-15 13:00,2026-08-15,ANKARA,1,30.0,5,5,226784,15:30,149.3,3,GİRDABIN OĞLU,0.0860649705484073,0.0842489116123111,0.0963079972075805,7.7,canli
2026-08-15 13:00,2026-08-15,ANKARA,1,30.0,5,5,226784,15:30,149.3,4,SIKIDOST,0.3758049427145979,0.4685328741244082,0.4362185755872766,1.7,canli
2026-08-15 13:00,2026-08-15,ANKARA,1,30.0,5,5,226784,15:30,149.3,5,CEZZAR BEY,0.0446808824379285,0.0133466037324003,0.01605133286793,46.2,canli
2026-08-15 13:00,2026-08-15,ANKARA,1,30.0,5,5,226784,15:30,149.3,6,EPARVEN,0.0442275162829265,0.0298568180768585,0.0370785789249185,20.0,canli
2026-08-15 13:00,2026-08-15,ANKARA,1,30.0,5,5,226784,15:30,149.3,7,HAZBALIK,0.0842917132109289,0.0524196735062721,0.059089368804651,12.55,canli
2026-08-15 13:00,2026-08-15,ANKARA,1,30.0,6,6,226783,16:00,179.3,1,ANTIGONIA,0.0350031015795355,0.0753836448045548,0.1071249233771796,6.85,canli
2026-08-15 13:00,2026-08-15,ANKARA,1,30.0,6,6,226783,16:00,179.3,2,HAROLDCOOPER,0.3949886722929324,0.6855636232573243,0.6115047709447335,1.2,canli
2026-08-15 13:00,2026-08-15,ANKARA,1,30.0,6,6,226783,16:00,179.3,3,HAYRETBİŞEY,0.0728630338802397,0.0173036801558444,0.0185070800790335,39.65,canli
2026-08-15 13:00,2026-08-15,ANKARA,1,30.0,6,6,226783,16:00,179.3,4,RADAGIA,0.0217105466572841,0.0202305681718908,0.0297087338110801,24.7,canli
2026-08-15 13:00,2026-08-15,ANKARA,1,30.0,6,6,226783,16:00,179.3,5,SLUICIFER,0.0151985057906533,0.026902421427023,0.0440724159239447,16.65,canli
2026-08-15 13:00,2026-08-15,ANKARA,1,30.0,6,6,226783,16:00,179.3,6,VICTORY OF TOMO,0.0314678551395735,0.0127513864319738,0.0165271559714792,44.4,canli
2026-08-15 13:00,2026-08-15,ANKARA,1,30.0,6,6,226783,16:00,179.3,7,YURIBOYKA,0.0154154062068213,0.0069933049501582,0.0104307850054538,70.35,canli
2026-08-15 13:00,2026-08-15,ANKARA,1,30.0,6,6,226783,16:00,179.3,8,GÜVENİKA,0.069040743435992,0.0445779224337109,0.0514951386058722,14.25,canli
2026-08-15 13:00,2026-08-15,ANKARA,1,30.0,6,6,226783,16:00,179.3,9,HIDDEN ISLAND,0.0199626561039393,0.0142477761427015,0.0208764075429212,35.15,canli
2026-08-15 13:00,2026-08-15,ANKARA,1,30.0,6,6,226783,16:00,179.3,10,MAJESTUOSA,0.1751570198299336,0.0528236826463259,0.0487578554906099,15.05,canli
2026-08-15 13:00,2026-08-15,ANKARA,1,30.0,6,6,226783,16:00,179.3,11,SPEED QUEEN,0.1491924590830951,0.0432219895784917,0.0409947332476916,17.9,canli
2026-08-15 16:15,2026-08-15,IZMIR,1,30.0,1,1,226781,16:45,29.5,1,ERDAĞI,0.3754118164019166,0.3519188528092454,0.2925003458785956,2.55,canli
2026-08-15 16:15,2026-08-15,IZMIR,1,30.0,1,1,226781,16:45,29.5,2,KOŞDADAŞ,0.0999694886096986,0.0477555415422858,0.046910432829586,15.9,canli
2026-08-15 16:15,2026-08-15,IZMIR,1,30.0,1,1,226781,16:45,29.5,3,OTAY,0.0662709358360797,0.1051881272903029,0.1147501356908336,6.5,canli
2026-08-15 16:15,2026-08-15,IZMIR,1,30.0,1,1,226781,16:45,29.5,4,SİYAH SANCAK,0.0495924524315914,0.0516251599499802,0.0578198358132107,12.9,canli
2026-08-15 16:15,2026-08-15,IZMIR,1,30.0,1,1,226781,16:45,29.5,5,ALTIN ESMER,0.0635276815537801,0.069942171990375,0.0757234397959816,9.85,canli
2026-08-15 16:15,2026-08-15,IZMIR,1,30.0,1,1,226781,16:45,29.5,6,ALTIN KÜPELİ,0.0508976846188037,0.0880351168027182,0.1001175680524052,7.45,canli
2026-08-15 16:15,2026-08-15,IZMIR,1,30.0,1,1,226781,16:45,29.5,7,EFSANEVİTAY,0.0181727317156762,0.0437399736217387,0.0585000691757191,12.75,canli
2026-08-15 16:15,2026-08-15,IZMIR,1,30.0,1,1,226781,16:45,29.5,8,VİÇE HANIM,0.0780123513042573,0.0799686968620252,0.0838062788753279,8.9,canli
2026-08-15 16:15,2026-08-15,IZMIR,1,30.0,1,1,226781,16:45,29.5,9,YİĞİT NUR,0.0620050703430334,0.1096578926358984,0.1212806312179542,6.15,canli
2026-08-15 16:15,2026-08-15,IZMIR,1,30.0,1,1,226781,16:45,29.5,10,ZAFER YILDIZI,0.1361397871851626,0.0521684664954297,0.0485912626703855,15.35,canli
2026-08-15 16:15,2026-08-15,IZMIR,1,30.0,2,2,226799,17:15,59.5,1,BEŞİR ÇAVUŞ,0.0958695594656527,0.1889710075735821,0.2063899615679211,3.6,canli
2026-08-15 16:15,2026-08-15,IZMIR,1,30.0,2,2,226799,17:15,59.5,2,UZUN TAY,0.1248748749644026,0.0890262942773404,0.0900610741387292,8.25,canli
2026-08-15 16:15,2026-08-15,IZMIR,1,30.0,2,2,226799,17:15,59.5,3,İLAYTAY,0.407428600340588,0.4100222659288395,0.3538113626878647,2.1,canli
2026-08-15 16:15,2026-08-15,IZMIR,1,30.0,2,2,226799,17:15,59.5,4,KAYALARIN ŞAHI,0.3315201284920043,0.1818868708524434,0.1580859280094714,4.7,canli
2026-08-15 16:15,2026-08-15,IZMIR,1,30.0,2,2,226799,17:15,59.5,5,MERTCAN TAY,0.0255443194149169,0.0193296824359806,0.0246845136758975,30.1,canli
2026-08-15 16:15,2026-08-15,IZMIR,1,30.0,2,2,226799,17:15,59.5,6,AĞAM URFALI,0.0147625173224353,0.1107638789318139,0.1669671599201159,4.45,canli
2026-08-15 16:15,2026-08-15,IZMIR,1,30.0,3,3,226782,18:00,104.5,1,HIRÇIN DADAŞ,0.0760812547358828,0.094170728087592,0.1023755939576075,6.35,canli
2026-08-15 16:15,2026-08-15,IZMIR,1,30.0,3,3,226782,18:00,104.5,2,SÜLEYMAN AĞA,0.1875380438156205,0.1766247485324958,0.1666884670848226,3.9,canli
2026-08-15 16:15,2026-08-15,IZMIR,1,30.0,3,3,226782,18:00,104.5,3,YİĞİDİM EFE,0.0759280884914131,0.1196784006206764,0.1313303074001632,4.95,canli
2026-08-15 16:15,2026-08-15,IZMIR,1,30.0,3,3,226782,18:00,104.5,5,AYANA,0.1655230381811374,0.1321648088340958,0.1262301012875355,5.15,canli
2026-08-15 16:15,2026-08-15,IZMIR,1,30.0,3,3,226782,18:00,104.5,6,DİLDA HATUN,0.0526276722173099,0.1079858224092598,0.1262301012875355,5.15,canli
2026-08-15 16:15,2026-08-15,IZMIR,1,30.0,3,3,226782,18:00,104.5,7,EGESUM,0.0605233319812281,0.0636048872023385,0.0710475433476292,9.15,canli
2026-08-15 16:15,2026-08-15,IZMIR,1,30.0,3,3,226782,18:00,104.5,8,EVGENİYA,0.0890148047458866,0.0428301253713126,0.0439246636237032,14.8,canli
2026-08-15 16:15,2026-08-15,IZMIR,1,30.0,3,3,226782,18:00,104.5,9,HASGÖKÇE,0.2927637658315212,0.2629404789422288,0.2321732220110028,2.8,canli
2026-08-15 16:15,2026-08-15,IZMIR,1,30.0,4,4,226791,18:30,134.5,1,SAİTAMA,0.0345380255837501,0.0435858947358847,0.0513065049168207,14.55,canli
2026-08-15 16:15,2026-08-15,IZMIR,1,30.0,4,4,226791,18:30,134.5,2,KRAL AYVALIK,0.1711476122039872,0.152113974719836,0.1298277646156072,5.75,canli
2026-08-15 16:15,2026-08-15,IZMIR,1,30.0,4,4,226791,18:30,134.5,3,LADY ONAT,0.2484909653067961,0.1133387940849213,0.0863016932415886,8.65,canli
2026-08-15 16:15,2026-08-15,IZMIR,1,30.0,4,4,226791,18:30,134.5,4,SMYRNA POWER,0.0983987712373875,0.0723169869815694,0.0675574340759947,11.05,canli
2026-08-15 16:15,2026-08-15,IZMIR,1,30.0,4,4,226791,18:30,134.5,5,KUZEYİN KRALI,0.1032796334734238,0.0910378953649251,0.0853153881759704,8.75,canli
2026-08-15 16:15,2026-08-15,IZMIR,1,30.0,4,4,226791,18:30,134.5,6,NO BRAKES,0.1318499835264313,0.1585415295391624,0.1449533294251925,5.15,canli
2026-08-15 16:15,2026-08-15,IZMIR,1,30.0,4,4,226791,18:30,134.5,7,FIREBLADE,0.0557451169255877,0.0782266537170697,0.0848306416522433,8.8,canli
2026-08-15 16:15,2026-08-15,IZMIR,1,30.0,4,4,226791,18:30,134.5,8,YOU GOT THIS,0.0622219754934025,0.0662709888211894,0.0691212635684945,10.8,canli
2026-08-15 16:15,2026-08-15,IZMIR,1,30.0,4,4,226791,18:30,134.5,9,PİYASA,0.0507455656036037,0.1660197057166086,0.1938986094908419,3.85,canli
2026-08-15 16:15,2026-08-15,IZMIR,1,30.0,4,4,226791,18:30,134.5,10,ALFA KAAN,0.0149076312371409,0.0189530779501266,0.0261017358929979,28.6,canli
2026-08-15 16:15,2026-08-15,IZMIR,1,30.0,4,4,226791,18:30,134.5,11,GÜLFEM HATUN,0.0115933168277677,0.0059821529617176,0.0081274866253646,91.85,canli
2026-08-15 16:15,2026-08-15,IZMIR,1,30.0,4,4,226791,18:30,134.5,12,NİMET ABLAM,0.0094777676025357,0.022993554466226,0.0359763685079393,20.75,canli
2026-08-15 16:15,2026-08-15,IZMIR,1,30.0,4,4,226791,18:30,134.5,13,LOVE IN MELİSA,0.0076036349781853,0.0106187909407623,0.0166817798109439,44.75,canli
2026-08-15 16:15,2026-08-15,IZMIR,1,30.0,5,5,226790,19:00,164.5,1,BOB VALDES,0.0725516498839813,0.1370038365039738,0.1524605531213935,4.9,canli
2026-08-15 16:15,2026-08-15,IZMIR,1,30.0,5,5,226790,19:00,164.5,2,DANCE OF WIND,0.2584202091194525,0.2093186501049916,0.1737341186732159,4.3,canli
2026-08-15 16:15,2026-08-15,IZMIR,1,30.0,5,5,226790,19:00,164.5,3,JANN POLL,0.0791739254297981,0.1753460848022571,0.1940407039726826,3.85,canli
2026-08-15 16:15,2026-08-15,IZMIR,1,30.0,5,5,226790,19:00,164.5,4,ÖNDERBEYİM,0.1301423114425567,0.099407289266843,0.0933820887868535,8.0,canli
2026-08-15 16:15,2026-08-15,IZMIR,1,30.0,5,5,226790,19:00,164.5,5,KHIOS,0.3086669638387381,0.2049590198367694,0.1624036326727888,4.6,canli
2026-08-15 16:15,2026-08-15,IZMIR,1,30.0,5,5,226790,19:00,164.5,6,QUEEN SEV,0.1281531091006721,0.0574667658762205,0.0522417279926453,14.3,canli
2026-08-15 16:15,2026-08-15,IZMIR,1,30.0,5,5,226790,19:00,164.5,7,SALONIKATOR,0.0228918311848009,0.1164983536089443,0.1717371747804203,4.35,canli
2026-08-15 16:15,2026-08-15,IZMIR,1,30.0,6,6,226794,19:30,194.5,1,ASİLİKOM,0.0958745706270941,0.1265471187935561,0.1345643905819367,5.55,canli
2026-08-15 16:15,2026-08-15,IZMIR,1,30.0,6,6,226794,19:30,194.5,2,COLOUR OF LIGHT,0.1424136621346338,0.052767784898596,0.0478738697262659,15.6,canli
2026-08-15 16:15,2026-08-15,IZMIR,1,30.0,6,6,226794,19:30,194.5,3,DRAGON RUNNER,0.1613932507301251,0.3408555965709434,0.3394692580589766,2.2,canli
2026-08-15 16:15,2026-08-15,IZMIR,1,30.0,6,6,226794,19:30,194.5,4,MR MONK,0.1505468423967905,0.1769769361265846,0.1716856017769537,4.35,canli
2026-08-15 16:15,2026-08-15,IZMIR,1,30.0,6,6,226794,19:30,194.5,5,HARVEY WALLBANGER,0.1380847649471238,0.1040610683444338,0.0995776490306331,7.5,canli
2026-08-15 16:15,2026-08-15,IZMIR,1,30.0,6,6,226794,19:30,194.5,6,EAGLE KHAN,0.060697608511054,0.0573583305873486,0.0649419450199781,11.5,canli
2026-08-15 16:15,2026-08-15,IZMIR,1,30.0,6,6,226794,19:30,194.5,7,FALCON OF MUTAFLAR,0.1611148583682934,0.0431489083530113,0.0374352064024936,19.95,canli
2026-08-15 16:15,2026-08-15,IZMIR,1,30.0,6,6,226794,19:30,194.5,8,MÜNÜRTOR,0.089874442284885,0.098284256325526,0.104452079402762,7.15,canli
2026-08-15 17:31,2026-08-15,IZMIR,2,30.0,1,3,226782,18:00,29.0,1,HIRÇIN DADAŞ,0.0760812547358828,0.0328062806455363,0.0350262629227128,18.3,canli
2026-08-15 17:31,2026-08-15,IZMIR,2,30.0,1,3,226782,18:00,29.0,2,SÜLEYMAN AĞA,0.1875380438156205,0.1281481416564724,0.1220915450448848,5.25,canli
2026-08-15 17:31,2026-08-15,IZMIR,2,30.0,1,3,226782,18:00,29.0,3,YİĞİDİM EFE,0.0759280884914131,0.031000550807692,0.0330402377054456,19.4,canli
2026-08-15 17:31,2026-08-15,IZMIR,2,30.0,1,3,226782,18:00,29.0,5,AYANA,0.1655230381811374,0.1454366888262002,0.1424401358856989,4.5,canli
2026-08-15 17:31,2026-08-15,IZMIR,2,30.0,1,3,226782,18:00,29.0,6,DİLDA HATUN,0.0526276722173099,0.1188296687289214,0.1424401358856989,4.5,canli
2026-08-15 17:31,2026-08-15,IZMIR,2,30.0,1,3,226782,18:00,29.0,7,EGESUM,0.0605233319812281,0.0589745298231391,0.0671183886372403,9.55,canli
2026-08-15 17:31,2026-08-15,IZMIR,2,30.0,1,3,226782,18:00,29.0,8,EVGENİYA,0.0890148047458866,0.0851588861223265,0.0915686587836636,7.0,canli
2026-08-15 17:31,2026-08-15,IZMIR,2,30.0,1,3,226782,18:00,29.0,9,HASGÖKÇE,0.2927637658315212,0.3996452533897119,0.3662746351346545,1.75,canli
2026-08-15 17:31,2026-08-15,IZMIR,2,30.0,2,4,226791,18:30,59.0,1,SAİTAMA,0.0345380255837501,0.0359330142169066,0.041339580425589,18.1,canli
2026-08-15 17:31,2026-08-15,IZMIR,2,30.0,2,4,226791,18:30,59.0,2,KRAL AYVALIK,0.1711476122039872,0.1577395887499636,0.1336154295898503,5.6,canli
2026-08-15 17:31,2026-08-15,IZMIR,2,30.0,2,4,226791,18:30,59.0,3,LADY ONAT,0.2484909653067961,0.1055325144911526,0.0791795138310224,9.45,canli
2026-08-15 17:31,2026-08-15,IZMIR,2,30.0,2,4,226791,18:30,59.0,4,SMYRNA POWER,0.0983987712373875,0.0687896161189352,0.0634107123477255,11.8,canli
2026-08-15 17:31,2026-08-15,IZMIR,2,30.0,2,4,226791,18:30,59.0,5,KUZEYİN KRALI,0.1032796334734238,0.1112838148351517,0.1046498469514911,7.15,canli
2026-08-15 17:31,2026-08-15,IZMIR,2,30.0,2,4,226791,18:30,59.0,6,NO BRAKES,0.1318499835264313,0.1106846337427909,0.0978099876736159,7.65,canli
2026-08-15 17:31,2026-08-15,IZMIR,2,30.0,2,4,226791,18:30,59.0,7,FIREBLADE,0.0557451169255877,0.0835943903882506,0.0901501693618267,8.3,canli
2026-08-15 17:31,2026-08-15,IZMIR,2,30.0,2,4,226791,18:30,59.0,8,YOU GOT THIS,0.0622219754934025,0.0955481920405232,0.1011143791490758,7.4,canli
2026-08-15 17:31,2026-08-15,IZMIR,2,30.0,2,4,226791,18:30,59.0,9,PİYASA,0.0507455656036037,0.1639587207132053,0.1894294697982687,3.95,canli
2026-08-15 17:31,2026-08-15,IZMIR,2,30.0,2,4,226791,18:30,59.0,10,ALFA KAAN,0.0149076312371409,0.0215077838377501,0.0295749567471605,25.3,canli
2026-08-15 17:31,2026-08-15,IZMIR,2,30.0,2,4,226791,18:30,59.0,11,GÜLFEM HATUN,0.0115933168277677,0.0070280781696953,0.0095561482209854,78.3,canli
2026-08-15 17:31,2026-08-15,IZMIR,2,30.0,2,4,226791,18:30,59.0,12,NİMET ABLAM,0.0094777676025357,0.0300296754253118,0.0473573674495671,15.8,canli
2026-08-15 17:31,2026-08-15,IZMIR,2,30.0,2,4,226791,18:30,59.0,13,LOVE IN MELİSA,0.0076036349781853,0.0083699772703628,0.0128124384538212,58.4,canli
2026-08-15 17:31,2026-08-15,IZMIR,2,30.0,3,5,226790,19:00,89.0,1,BOB VALDES,0.0725505816003951,0.1264613734367297,0.1410838113421885,5.3,canli
2026-08-15 17:31,2026-08-15,IZMIR,2,30.0,3,5,226790,19:00,89.0,2,DANCE OF WIND,0.258413310065186,0.197228711444857,0.1643393846403515,4.55,canli
2026-08-15 17:31,2026-08-15,IZMIR,2,30.0,3,5,226790,19:00,89.0,3,JANN POLL,0.0792485047053818,0.1681137240263886,0.1869360500283998,4.0,canli
2026-08-15 17:31,2026-08-15,IZMIR,2,30.0,3,5,226790,19:00,89.0,4,ÖNDERBEYİM,0.130124420097197,0.1042645148188981,0.0990389669024635,7.55,canli
2026-08-15 17:31,2026-08-15,IZMIR,2,30.0,3,5,226790,19:00,89.0,5,KHIOS,0.3086304372308392,0.2268087271434077,0.1823766341740486,4.1,canli
2026-08-15 17:31,2026-08-15,IZMIR,2,30.0,3,5,226790,19:00,89.0,6,QUEEN SEV,0.1281467273073693,0.0650084071265757,0.060059775109526,12.45,canli
2026-08-15 17:31,2026-08-15,IZMIR,2,30.0,3,5,226790,19:00,89.0,7,SALONIKATOR,0.0228860189936315,0.1121145420031428,0.166165377803022,4.5,canli
2026-08-15 17:31,2026-08-15,IZMIR,2,30.0,4,6,226794,19:30,119.0,1,ASİLİKOM,0.118051825206098,0.1937270348055694,0.2059753495301121,3.6,canli
2026-08-15 17:31,2026-08-15,IZMIR,2,30.0,4,6,226794,19:30,119.0,2,COLOUR OF LIGHT,0.1932828964065761,0.0511170599924616,0.0438764058170653,16.9,canli
2026-08-15 17:31,2026-08-15,IZMIR,2,30.0,4,6,226794,19:30,119.0,4,MR MONK,0.1827454539558571,0.4010564884611053,0.4008168963829209,1.85,canli
2026-08-15 17:31,2026-08-15,IZMIR,2,30.0,4,6,226794,19:30,119.0,5,HARVEY WALLBANGER,0.1560846220277795,0.1102563985528591,0.1051789018877168,7.05,canli
2026-08-15 17:31,2026-08-15,IZMIR,2,30.0,4,6,226794,19:30,119.0,6,EAGLE KHAN,0.0585714263234958,0.0454797872720694,0.0524036224952935,14.15,canli
2026-08-15 17:31,2026-08-15,IZMIR,2,30.0,4,6,226794,19:30,119.0,7,FALCON OF MUTAFLAR,0.1790375444677051,0.1088480376282755,0.1002042240957302,7.4,canli
2026-08-15 17:31,2026-08-15,IZMIR,2,30.0,4,6,226794,19:30,119.0,8,MÜNÜRTOR,0.1122262316124882,0.0895151932876594,0.0915445997911609,8.1,canli
2026-08-15 17:31,2026-08-15,IZMIR,2,30.0,5,7,226780,20:00,149.0,1,ZAZA ENES,0.4516751209895484,0.1496353693996218,0.1100142101914715,6.1,canli
2026-08-15 17:31,2026-08-15,IZMIR,2,30.0,5,7,226780,20:00,149.0,2,KURUŞHAN,0.091201700566585,0.5200252153769629,0.5368693457343809,1.25,canli
2026-08-15 17:31,2026-08-15,IZMIR,2,30.0,5,7,226780,20:00,149.0,3,MR ALAÇAT,0.0159855627515339,0.0354468799392584,0.0454974021808797,14.75,canli
2026-08-15 17:31,2026-08-15,IZMIR,2,30.0,5,7,226780,20:00,149.0,4,MUKATOVİÇ,0.0334283979262993,0.0530973229999003,0.0604582596547726,11.1,canli
2026-08-15 17:31,2026-08-15,IZMIR,2,30.0,5,7,226780,20:00,149.0,5,OĞLUM KADİR,0.0321636330052275,0.0475830340523969,0.0543390026046944,12.35,canli
2026-08-15 17:31,2026-08-15,IZMIR,2,30.0,5,7,226780,20:00,149.0,6,ADI YAŞASIN,0.11145991906622,0.0441639398234188,0.0400648765473418,16.75,canli
2026-08-15 17:31,2026-08-15,IZMIR,2,30.0,5,7,226780,20:00,149.0,7,ATAKÖY GÜZELİ,0.0916343251261034,0.0308481522564624,0.028617768962387,23.45,canli
2026-08-15 17:31,2026-08-15,IZMIR,2,30.0,5,7,226780,20:00,149.0,8,DİŞLİBAŞAK,0.0495581356399627,0.0513520594652847,0.0543390026046944,12.35,canli
2026-08-15 17:31,2026-08-15,IZMIR,2,30.0,5,7,226780,20:00,149.0,9,ERENDİZ,0.0250922439419833,0.0089057781046341,0.0099938448573041,67.15,canli
2026-08-15 17:31,2026-08-15,IZMIR,2,30.0,5,7,226780,20:00,149.0,10,MRS MALİBU,0.0761763889633609,0.0466815578108187,0.0454974021808797,14.75,canli
2026-08-15 17:31,2026-08-15,IZMIR,2,30.0,5,7,226780,20:00,149.0,11,SELMİNKIZ,0.0216245720231749,0.0122606907712405,0.0143088844811935,46.9,canli
2026-08-15 17:31,2026-08-15,IZMIR,2,30.0,6,8,226800,20:30,179.0,1,SÖĞÜT EFESİ,0.0254521716430621,0.010730551264853,0.0112003653767765,66.55,canli
2026-08-15 17:31,2026-08-15,IZMIR,2,30.0,6,8,226800,20:30,179.0,2,REYHAN GELİN,0.023286887715298,0.0215569277889492,0.0234766713645504,31.75,canli
2026-08-15 17:31,2026-08-15,IZMIR,2,30.0,6,8,226800,20:30,179.0,3,SERİNTEPE,0.0891217763709768,0.0227959005727898,0.0194617314836678,38.3,canli
2026-08-15 17:31,2026-08-15,IZMIR,2,30.0,6,8,226800,20:30,179.0,4,BUZ DEVİ,0.0933487605814539,0.0834472217600442,0.0741675936143759,10.05,canli
2026-08-15 17:31,2026-08-15,IZMIR,2,30.0,6,8,226800,20:30,179.0,5,ŞİFNE EFESİ,0.0394897790181672,0.0397178432020563,0.0401824429015891,18.55,canli
2026-08-15 17:31,2026-08-15,IZMIR,2,30.0,6,8,226800,20:30,179.0,6,TÜRKAN HANIM,0.0341463955523921,0.0507744771914007,0.0532417368446055,14.0,canli
2026-08-15 17:31,2026-08-15,IZMIR,2,30.0,6,8,226800,20:30,179.0,7,CANYAMAN,0.2264111718676714,0.0441098047041378,0.0325495334421169,22.9,canli
2026-08-15 17:31,2026-08-15,IZMIR,2,30.0,6,8,226800,20:30,179.0,8,ULU YAŞAR,0.1222220588106351,0.0495026861953779,0.0410680063815139,18.15,canli
2026-08-15 17:31,2026-08-15,IZMIR,2,30.0,6,8,226800,20:30,179.0,9,AKYEL ABİ,0.1233052755118957,0.2079776766776097,0.1818010526401166,4.1,canli
2026-08-15 17:31,2026-08-15,IZMIR,2,30.0,6,8,226800,20:30,179.0,10,COŞKUNTAY,0.0321175840266489,0.0803389191557669,0.0866725948633113,8.6,canli
2026-08-15 17:31,2026-08-15,IZMIR,2,30.0,6,8,226800,20:30,179.0,11,SARSALA,0.0298705035152109,0.0584735666497671,0.0631681623580066,11.8,canli
2026-08-15 17:31,2026-08-15,IZMIR,2,30.0,6,8,226800,20:30,179.0,12,FREE BLOOD,0.1081926183554376,0.0745890208980068,0.0642572686055584,11.6,canli
2026-08-15 17:31,2026-08-15,IZMIR,2,30.0,6,8,226800,20:30,179.0,13,ŞANLI ANKA,0.008970127722235,0.0378971264617125,0.0501942300218503,14.85,canli
2026-08-15 17:31,2026-08-15,IZMIR,2,30.0,6,8,226800,20:30,179.0,14,KIVIRCIK MEMET,0.0149017631211657,0.0190580679413165,0.0224175734082549,33.25,canli
2026-08-15 17:31,2026-08-15,IZMIR,2,30.0,6,8,226800,20:30,179.0,15,GÜN IŞITAN,0.0235530153142567,0.1914723935262023,0.2258740350983266,3.3,canli
2026-08-15 17:31,2026-08-15,IZMIR,2,30.0,6,8,226800,20:30,179.0,16,DATCA,0.0056101108734925,0.0075578160100087,0.0102670015953784,72.6,canli
2026-08-15 17:45,2026-08-15,IZMIR,2,15.0,1,3,226782,18:00,14.5,1,HIRÇIN DADAŞ,0.07608125473588283,0.0275351742968423,0.029550388514276573,22.4,canli
2026-08-15 17:45,2026-08-15,IZMIR,2,15.0,1,3,226782,18:00,14.5,2,SÜLEYMAN AĞA,0.18753804381562056,0.2572793558748758,0.2545879625845366,2.6,canli
2026-08-15 17:45,2026-08-15,IZMIR,2,15.0,1,3,226782,18:00,14.5,3,YİĞİDİM EFE,0.07592808849141319,0.032014677063769086,0.03456546750495015,19.15,canli
2026-08-15 17:45,2026-08-15,IZMIR,2,15.0,1,3,226782,18:00,14.5,5,AYANA,0.16552303818113748,0.11424630764607308,0.112191305545728,5.9,canli
2026-08-15 17:45,2026-08-15,IZMIR,2,15.0,1,3,226782,18:00,14.5,6,DİLDA HATUN,0.05262767221730994,0.09334543436497458,0.112191305545728,5.9,canli
2026-08-15 17:45,2026-08-15,IZMIR,2,15.0,1,3,226782,18:00,14.5,7,EGESUM,0.06052333198122818,0.036249566964264394,0.04098629738203067,16.15,canli
2026-08-15 17:45,2026-08-15,IZMIR,2,15.0,1,3,226782,18:00,14.5,8,EVGENİYA,0.08901480474588662,0.06279724044778966,0.0675437451754893,9.8,canli
2026-08-15 17:45,2026-08-15,IZMIR,2,15.0,1,3,226782,18:00,14.5,9,HASGÖKÇE,0.29276376583152125,0.3765322433414111,0.3483835277472606,1.9,canli
2026-08-15 17:45,2026-08-15,IZMIR,2,15.0,2,4,226791,18:30,44.5,1,SAİTAMA,0.03453802558375012,0.029743485203830824,0.03394511149997706,22.0,canli
2026-08-15 17:45,2026-08-15,IZMIR,2,15.0,2,4,226791,18:30,44.5,2,KRAL AYVALIK,0.17114761220398722,0.15169829962200437,0.1287573194826716,5.8,canli
2026-08-15 17:45,2026-08-15,IZMIR,2,15.0,2,4,226791,18:30,44.5,3,LADY ONAT,0.24849096530679618,0.0894447030364418,0.06667789758924064,11.2,canli
2026-08-15 17:45,2026-08-15,IZMIR,2,15.0,2,4,226791,18:30,44.5,4,SMYRNA POWER,0.09839877123738756,0.06703672214242462,0.061974477427344,12.05,canli
2026-08-15 17:45,2026-08-15,IZMIR,2,15.0,2,4,226791,18:30,44.5,5,KUZEYİN KRALI,0.10327963347342381,0.09783001303969686,0.09163097582815892,8.15,canli
2026-08-15 17:45,2026-08-15,IZMIR,2,15.0,2,4,226791,18:30,44.5,6,NO BRAKES,0.1318499835264313,0.15380510836898895,0.13958737439242902,5.35,canli
2026-08-15 17:45,2026-08-15,IZMIR,2,15.0,2,4,226791,18:30,44.5,7,FIREBLADE,0.055745116925587715,0.13235603055441936,0.1478796936632664,5.05,canli
2026-08-15 17:45,2026-08-15,IZMIR,2,15.0,2,4,226791,18:30,44.5,8,YOU GOT THIS,0.062221975493402526,0.08203816615372765,0.08633438762999945,8.65,canli
2026-08-15 17:45,2026-08-15,IZMIR,2,15.0,2,4,226791,18:30,44.5,9,PİYASA,0.05074556560360373,0.13984575835187757,0.16060052752677315,4.65,canli
2026-08-15 17:45,2026-08-15,IZMIR,2,15.0,2,4,226791,18:30,44.5,10,ALFA KAAN,0.014907631237140976,0.0181356379166158,0.02476923558870631,30.15,canli
2026-08-15 17:45,2026-08-15,IZMIR,2,15.0,2,4,226791,18:30,44.5,11,GÜLFEM HATUN,0.011593316827767796,0.0067198085126092795,0.009151868296562444,81.6,canli
2026-08-15 17:45,2026-08-15,IZMIR,2,15.0,2,4,226791,18:30,44.5,12,NİMET ABLAM,0.009477767602535759,0.024741615559274996,0.03869390948183913,19.3,canli
2026-08-15 17:45,2026-08-15,IZMIR,2,15.0,2,4,226791,18:30,44.5,13,LOVE IN MELİSA,0.007603634978185309,0.00660465153808783,0.009997221593032065,74.7,canli
2026-08-15 17:45,2026-08-15,IZMIR,2,15.0,3,5,226790,19:00,74.5,1,BOB VALDES,0.07255058160039514,0.11778751380208763,0.13210056202666018,5.65,canli
2026-08-15 17:45,2026-08-15,IZMIR,2,15.0,3,5,226790,19:00,74.5,2,DANCE OF WIND,0.25841331006518603,0.18196016128876003,0.152320035806251,4.9,canli
2026-08-15 17:45,2026-08-15,IZMIR,2,15.0,3,5,226790,19:00,74.5,3,JANN POLL,0.0792485047053818,0.1588234470917598,0.17770670844062617,4.2,canli
2026-08-15 17:45,2026-08-15,IZMIR,2,15.0,3,5,226790,19:00,74.5,4,ÖNDERBEYİM,0.130124420097197,0.10710533359059109,0.10294733454491448,7.25,canli
2026-08-15 17:45,2026-08-15,IZMIR,2,15.0,3,5,226790,19:00,74.5,5,KHIOS,0.30863043723083927,0.25012239639862954,0.20448443163030958,3.65,canli
2026-08-15 17:45,2026-08-15,IZMIR,2,15.0,3,5,226790,19:00,74.5,6,QUEEN SEV,0.12814672730736934,0.08084288387150428,0.0765505820975005,9.75,canli
2026-08-15 17:45,2026-08-15,IZMIR,2,15.0,3,5,226790,19:00,74.5,7,SALONIKATOR,0.022886018993631515,0.10335826395666754,0.15389034545373814,4.85,canli
2026-08-15 17:45,2026-08-15,IZMIR,2,15.0,4,6,226794,19:30,104.5,1,ASİLİKOM,0.11805182520609803,0.1774561596742203,0.18775280784712178,3.95,canli
2026-08-15 17:45,2026-08-15,IZMIR,2,15.0,4,6,226794,19:30,104.5,2,COLOUR OF LIGHT,0.19328289640657617,0.04704511230589508,0.04019640059599627,18.45,canli
2026-08-15 17:45,2026-08-15,IZMIR,2,15.0,4,6,226794,19:30,104.5,4,MR MONK,0.18274545395585712,0.43380035074815293,0.4362491711741948,1.7,canli
2026-08-15 17:45,2026-08-15,IZMIR,2,15.0,4,6,226794,19:30,104.5,5,HARVEY WALLBANGER,0.15608462202777953,0.10944441680877787,0.10445402690086356,7.1,canli
2026-08-15 17:45,2026-08-15,IZMIR,2,15.0,4,6,226794,19:30,104.5,6,EAGLE KHAN,0.058571426323495816,0.04185126639031566,0.04800152692531594,15.45,canli
2026-08-15 17:45,2026-08-15,IZMIR,2,15.0,4,6,226794,19:30,104.5,7,FALCON OF MUTAFLAR,0.17903754446770517,0.10808016793722411,0.09954679073773573,7.45,canli
2026-08-15 17:45,2026-08-15,IZMIR,2,15.0,4,6,226794,19:30,104.5,8,MÜNÜRTOR,0.11222623161248821,0.08232252613541399,0.08379927581877189,8.85,canli
2026-08-15 17:45,2026-08-15,IZMIR,2,15.0,5,7,226780,20:00,134.5,1,ZAZA ENES,0.45167512098954843,0.1454474650362279,0.10662001199561387,6.2,canli
2026-08-15 17:45,2026-08-15,IZMIR,2,15.0,5,7,226780,20:00,134.5,2,KURUŞHAN,0.09120170056658504,0.5134552539017374,0.5288352594982448,1.25,canli
2026-08-15 17:45,2026-08-15,IZMIR,2,15.0,5,7,226780,20:00,134.5,3,MR ALAÇAT,0.015985562751533986,0.03825391811652043,0.04914825831768075,13.45,canli
2026-08-15 17:45,2026-08-15,IZMIR,2,15.0,5,7,226780,20:00,134.5,4,MUKATOVİÇ,0.03342839792629934,0.051313067866757676,0.05824176866720758,11.35,canli
2026-08-15 17:45,2026-08-15,IZMIR,2,15.0,5,7,226780,20:00,134.5,5,OĞLUM KADİR,0.03216363300522754,0.050536204898884635,0.0577331069321228,11.45,canli
2026-08-15 17:45,2026-08-15,IZMIR,2,15.0,5,7,226780,20:00,134.5,6,ADI YAŞASIN,0.11145991906622003,0.045574392938181614,0.041315254648300374,16.0,canli
2026-08-15 17:45,2026-08-15,IZMIR,2,15.0,5,7,226780,20:00,134.5,7,ATAKÖY GÜZELİ,0.09163432512610346,0.029965921399275657,0.027716732678105073,23.85,canli
2026-08-15 17:45,2026-08-15,IZMIR,2,15.0,5,7,226780,20:00,134.5,8,DİŞLİBAŞAK,0.049558135639962746,0.054539149316532656,0.0577331069321228,11.45,canli
2026-08-15 17:45,2026-08-15,IZMIR,2,15.0,5,7,226780,20:00,134.5,9,ERENDİZ,0.025092243941983325,0.008638331183151635,0.009664387052234005,68.4,canli
2026-08-15 17:45,2026-08-15,IZMIR,2,15.0,5,7,226780,20:00,134.5,10,MRS MALİBU,0.07617638896336096,0.05037827005103779,0.04914825831768075,13.45,canli
2026-08-15 17:45,2026-08-15,IZMIR,2,15.0,5,7,226780,20:00,134.5,11,SELMİNKIZ,0.021624572023174957,0.011898025291692631,0.013843854960687038,47.75,canli
2026-08-15 17:45,2026-08-15,IZMIR,2,15.0,6,8,226800,20:30,164.5,1,SÖĞÜT EFESİ,0.025452171643062158,0.010561510238534638,0.01102641023010055,67.65,canli
2026-08-15 17:45,2026-08-15,IZMIR,2,15.0,6,8,226800,20:30,164.5,2,REYHAN GELİN,0.02328688771529807,0.021233057298353366,0.023129818668722553,32.25,canli
2026-08-15 17:45,2026-08-15,IZMIR,2,15.0,6,8,226800,20:30,164.5,3,SERİNTEPE,0.08912177637097683,0.022455167989763665,0.01917574941044479,38.9,canli
2026-08-15 17:45,2026-08-15,IZMIR,2,15.0,6,8,226800,20:30,164.5,4,BUZ DEVİ,0.09334876058145393,0.08344070558222323,0.07422255244440819,10.05,canli
2026-08-15 17:45,2026-08-15,IZMIR,2,15.0,6,8,226800,20:30,164.5,5,ŞİFNE EFESİ,0.03948977901816724,0.03910537336890392,0.039572236183888714,18.85,canli
2026-08-15 17:45,2026-08-15,IZMIR,2,15.0,6,8,226800,20:30,164.5,6,TÜRKAN HANIM,0.034146395552392114,0.051300371890074886,0.05385824202644782,13.85,canli
2026-08-15 17:45,2026-08-15,IZMIR,2,15.0,6,8,226800,20:30,164.5,7,CANYAMAN,0.22641117186767143,0.04346624568404227,0.03208329686306677,23.25,canli
2026-08-15 17:45,2026-08-15,IZMIR,2,15.0,6,8,226800,20:30,164.5,8,ULU YAŞAR,0.12222205881063512,0.05490277739299948,0.0457629847893437,16.3,canli
2026-08-15 17:45,2026-08-15,IZMIR,2,15.0,6,8,226800,20:30,164.5,9,AKYEL ABİ,0.12330527551189571,0.20554601820132323,0.1797437715822415,4.15,canli
2026-08-15 17:45,2026-08-15,IZMIR,2,15.0,6,8,226800,20:30,164.5,10,COŞKUNTAY,0.03211758402664891,0.0794425104069448,0.08573984506509223,8.7,canli
2026-08-15 17:45,2026-08-15,IZMIR,2,15.0,6,8,226800,20:30,164.5,11,SARSALA,0.029870503515210926,0.058708782803090054,0.06348397038862147,11.75,canli
2026-08-15 17:45,2026-08-15,IZMIR,2,15.0,6,8,226800,20:30,164.5,12,FREE BLOOD,0.10819261835543761,0.07489435916371724,0.06458325991916038,11.55,canli
2026-08-15 17:45,2026-08-15,IZMIR,2,15.0,6,8,226800,20:30,164.5,13,ŞANLI ANKA,0.008970127722235008,0.03728930171122574,0.04939977828253658,15.1,canli
2026-08-15 17:45,2026-08-15,IZMIR,2,15.0,6,8,226800,20:30,164.5,14,KIVIRCIK MEMET,0.01490176312116573,0.018757620460461595,0.02206913171793794,33.8,canli
2026-08-15 17:45,2026-08-15,IZMIR,2,15.0,6,8,226800,20:30,164.5,15,GÜN IŞITAN,0.023553015314256704,0.1914574419419841,0.22604140971706133,3.3,canli
2026-08-15 17:45,2026-08-15,IZMIR,2,15.0,6,8,226800,20:30,164.5,16,DATCA,0.005610110873492579,0.007438755866357721,0.010107542710925507,73.8,canli
