yaris_id,tarih_dt,sehir,pist,mesafe,ikramiye,kosu_grubu,kosu_cinsi,hipodrom,zemin,yas_kategori,ikramiye_tl,kosu_sira,tarih
349913375,2024-07-01,Bursa,Kum,1200,217000.0,2 Yaşlı İngilizler,Maiden /TR,Bursa,Kum,2 Yaşlı İngilizler,217000.0,0,2024-07-01
931781963,2024-07-01,Bursa,Çim,1500,192000.0,3 Yaşlı İngilizler,ŞARTLI 4 /,Bursa,Çim,3 Yaşlı İngilizler,192000.0,0,2024-07-01
389731122,2024-07-01,Bursa,Çim,2000,192000.0,3 Yaşlı İngilizler,Handikap 15 /H2,Bursa,Çim,3 Yaşlı İngilizler,192000.0,0,2024-07-01
999044248,2024-07-01,Bursa,Çim,1300,240000.0,3 ve Yukarı İngilizler,ŞARTLI 5 /D,Bursa,Çim,3 ve Yukarı İngilizler,240000.0,0,2024-07-01
254278620,2024-07-01,Bursa,Çim,1500,240000.0,3 ve Yukarı İngilizler,Handikap 16 /H2/Y-2,Bursa,Çim,3 ve Yukarı İngilizler,240000.0,0,2024-07-01
859932260,2024-07-01,Bursa,Kum,1300,192000.0,3 Yaşlı Araplar,ŞARTLI 4 /DHÖ,Bursa,Kum,3 Yaşlı Araplar,192000.0,0,2024-07-01
12559287,2024-07-01,Bursa,Çim,1400,192000.0,4 Yaşlı Araplar,ŞARTLI 4 /DHÖW,Bursa,Çim,4 Yaşlı Araplar,192000.0,0,2024-07-01
358465670,2024-07-01,Bursa,Çim,2400,192000.0,4 ve Yukarı Araplar,ŞARTLI 4 /DHÖW,Bursa,Çim,4 ve Yukarı Araplar,192000.0,0,2024-07-01
343459086,2024-07-01,Bursa,Çim,1800,163000.0,4 ve Yukarı Araplar,Handikap 14 /DHÖ/H2/D,Bursa,Çim,4 ve Yukarı Araplar,163000.0,0,2024-07-01
698108080,2024-07-01,Elazığ,Kum,1600,88000.0,3 Yaşlı İngilizler,ŞARTLI 2 /,Elazığ,Kum,3 Yaşlı İngilizler,88000.0,0,2024-07-01
250779347,2024-07-01,Elazığ,Kum,1200,175000.0,3 Yaşlı İngilizler,Handikap 16 /H3,Elazığ,Kum,3 Yaşlı İngilizler,175000.0,0,2024-07-01
609530925,2024-07-01,Elazığ,Kum,2000,114500.0,3 ve Yukarı İngilizler,Handikap 14 /H3,Elazığ,Kum,3 ve Yukarı İngilizler,114500.0,0,2024-07-01
908689510,2024-07-01,Elazığ,Kum,1200,160000.0,3 Yaşlı Araplar,Maiden /DHÖW/D,Elazığ,Kum,3 Yaşlı Araplar,160000.0,0,2024-07-01
646702430,2024-07-01,Elazığ,Kum,1700,114500.0,4 Yaşlı Araplar,Handikap 14 /DHÖW/H3,Elazığ,Kum,4 Yaşlı Araplar,114500.0,0,2024-07-01
774849605,2024-07-01,Elazığ,Kum,2000,140000.0,4 ve Yukarı Araplar,ŞARTLI 4 /DHÖ/D,Elazığ,Kum,4 ve Yukarı Araplar,140000.0,0,2024-07-01
276825788,2024-07-01,Elazığ,Kum,1900,114500.0,4 ve Yukarı Araplar,Handikap 14 /DHÖW/H3,Elazığ,Kum,4 ve Yukarı Araplar,114500.0,0,2024-07-01
984571227,2024-07-02,Ankara,Kum,1200,240000.0,2 Yaşlı İngilizler,Maiden /,Ankara,Kum,2 Yaşlı İngilizler,240000.0,0,2024-07-02
181106328,2024-07-02,Ankara,Kum,2100,236500.0,3 Yaşlı İngilizler,ŞARTLI 4 /D,Ankara,Kum,3 Yaşlı İngilizler,236500.0,0,2024-07-02
471514874,2024-07-02,Ankara,Çim,2200,216000.0,3 Yaşlı İngilizler,SATIŞ 2 /,Ankara,Çim,3 Yaşlı İngilizler,216000.0,0,2024-07-02
725257703,2024-07-02,Ankara,Kum,2000,236500.0,3 ve Yukarı İngilizler,ŞARTLI 4 /,Ankara,Kum,3 ve Yukarı İngilizler,236500.0,0,2024-07-02
880945481,2024-07-02,Ankara,Çim,1900,313000.0,3 ve Yukarı İngilizler,Handikap 17 /H1,Ankara,Çim,3 ve Yukarı İngilizler,313000.0,0,2024-07-02
359250722,2024-07-02,Ankara,Çim,1900,390000.0,4 Yaşlı Araplar,KV-7 /DHÖW,Ankara,Çim,4 Yaşlı Araplar,390000.0,0,2024-07-02
348035767,2024-07-02,Ankara,Çim,1900,236500.0,4 Yaşlı Araplar,Handikap 15 /DHÖ/H1/D,Ankara,Çim,4 Yaşlı Araplar,236500.0,0,2024-07-02
384607476,2024-07-02,Ankara,Kum,2100,236500.0,4 ve Yukarı Araplar,ŞARTLI 4 /DHÖW/Y-1,Ankara,Kum,4 ve Yukarı Araplar,236500.0,0,2024-07-02
738929403,2024-07-02,Ankara,Çim,1200,280000.0,4 ve Yukarı Araplar,Handikap 16 /DHÖW/H1,Ankara,Çim,4 ve Yukarı Araplar,280000.0,0,2024-07-02
356232044,2024-07-02,Kocaeli,Kum,1200,217000.0,2 Yaşlı İngilizler,Maiden /,Kocaeli,Kum,2 Yaşlı İngilizler,217000.0,0,2024-07-02
687787536,2024-07-02,Kocaeli,Kum,1500,192000.0,3 Yaşlı İngilizler,ŞARTLI 4 /D,Kocaeli,Kum,3 Yaşlı İngilizler,192000.0,0,2024-07-02
426188454,2024-07-02,Kocaeli,Kum,1900,192000.0,3 Yaşlı İngilizler,Handikap 15 /H2,Kocaeli,Kum,3 Yaşlı İngilizler,192000.0,0,2024-07-02
439792619,2024-07-02,Kocaeli,Kum,2000,192000.0,3 ve Yukarı İngilizler,ŞARTLI 4 /Y-2,Kocaeli,Kum,3 ve Yukarı İngilizler,192000.0,0,2024-07-02
561853680,2024-07-02,Kocaeli,Kum,1500,240000.0,3 ve Yukarı İngilizler,Handikap 16 /H2,Kocaeli,Kum,3 ve Yukarı İngilizler,240000.0,0,2024-07-02
869528357,2024-07-02,Kocaeli,Kum,1200,129000.0,3 Yaşlı Araplar,ŞARTLI 2 /DHÖW/D,Kocaeli,Kum,3 Yaşlı Araplar,129000.0,0,2024-07-02
962719214,2024-07-02,Kocaeli,Kum,1400,384000.0,4 Yaşlı Araplar,KV-8 /DHÖW,Kocaeli,Kum,4 Yaşlı Araplar,384000.0,0,2024-07-02
78787609,2024-07-02,Kocaeli,Kum,1500,129000.0,4 ve Yukarı Araplar,ŞARTLI 2 /DHÖW,Kocaeli,Kum,4 ve Yukarı Araplar,129000.0,0,2024-07-02
191491837,2024-07-02,Kocaeli,Kum,1700,163000.0,4 ve Yukarı Araplar,Handikap 14 /DHÖW/H2,Kocaeli,Kum,4 ve Yukarı Araplar,163000.0,0,2024-07-02
140403008,2024-07-03,İstanbul,Çim,2100,186500.0,3 Yaşlı İngilizler,ŞARTLI 3 /,İstanbul,Çim,3 Yaşlı İngilizler,186500.0,0,2024-07-03
561713687,2024-07-03,İstanbul,Sentetik,1500,216000.0,3 Yaşlı İngilizler,SATIŞ 2 /,İstanbul,Sentetik,3 Yaşlı İngilizler,216000.0,0,2024-07-03
331373572,2024-07-03,İstanbul,Çim,1900,453000.0,3 ve Yukarı İngilizler,KV-8 /,İstanbul,Çim,3 ve Yukarı İngilizler,453000.0,0,2024-07-03
974316671,2024-07-03,İstanbul,Çim,1600,313000.0,3 ve Yukarı İngilizler,Handikap 17 /H1,İstanbul,Çim,3 ve Yukarı İngilizler,313000.0,0,2024-07-03
812214915,2024-07-03,İstanbul,Çim,1300,320000.0,3 Yaşlı Araplar,ŞARTLI 1 /DHÖW,İstanbul,Çim,3 Yaşlı Araplar,320000.0,0,2024-07-03
50232757,2024-07-03,İstanbul,Sentetik,2000,236500.0,4 Yaşlı Araplar,ŞARTLI 4 /DHÖW/D,İstanbul,Sentetik,4 Yaşlı Araplar,236500.0,0,2024-07-03
878733816,2024-07-03,İstanbul,Sentetik,1400,328000.0,4 ve Yukarı Araplar,KV-6 /DHÖW,İstanbul,Sentetik,4 ve Yukarı Araplar,328000.0,0,2024-07-03
871870921,2024-07-03,İstanbul,Çim,2100,453000.0,4 ve Yukarı Araplar,Kısa Vade Handikap 24 /DHÖW/H1,İstanbul,Çim,4 ve Yukarı Araplar,453000.0,0,2024-07-03
143665527,2024-07-03,Elazığ,Kum,1200,160000.0,2 Yaşlı İngilizler,Maiden /D,Elazığ,Kum,2 Yaşlı İngilizler,160000.0,0,2024-07-03
261839981,2024-07-03,Elazığ,Kum,1200,140000.0,3 Yaşlı İngilizler,ŞARTLI 4 /D,Elazığ,Kum,3 Yaşlı İngilizler,140000.0,0,2024-07-03
78926779,2024-07-03,Elazığ,Kum,1900,140000.0,3 ve Yukarı İngilizler,ŞARTLI 4 /,Elazığ,Kum,3 ve Yukarı İngilizler,140000.0,0,2024-07-03
102163561,2024-07-03,Elazığ,Kum,1600,114500.0,3 ve Yukarı İngilizler,Handikap 14 /H3,Elazığ,Kum,3 ve Yukarı İngilizler,114500.0,0,2024-07-03
427572083,2024-07-03,Elazığ,Kum,1200,88000.0,3 Yaşlı Araplar,ŞARTLI 2 /DHÖ,Elazığ,Kum,3 Yaşlı Araplar,88000.0,0,2024-07-03
144689882,2024-07-03,Elazığ,Kum,1600,175000.0,4 Yaşlı Araplar,ŞARTLI 5 /DHÖW,Elazığ,Kum,4 Yaşlı Araplar,175000.0,0,2024-07-03
511363500,2024-07-03,Elazığ,Kum,2000,114500.0,4 ve Yukarı Araplar,ŞARTLI 3 /DHÖW,Elazığ,Kum,4 ve Yukarı Araplar,114500.0,0,2024-07-03
943159627,2024-07-04,Ankara,Kum,1300,143000.0,2 Yaşlı İngilizler,ŞARTLI 2 /,Ankara,Kum,2 Yaşlı İngilizler,143000.0,0,2024-07-04
912808393,2024-07-04,Ankara,Kum,2200,236500.0,3 Yaşlı İngilizler,ŞARTLI 4 /,Ankara,Kum,3 Yaşlı İngilizler,236500.0,0,2024-07-04
373848632,2024-07-04,Ankara,Çim,1400,236500.0,3 Yaşlı İngilizler,Handikap 15 /H1,Ankara,Çim,3 Yaşlı İngilizler,236500.0,0,2024-07-04
868786106,2024-07-04,Ankara,Kum,2100,253000.0,3 ve Yukarı İngilizler,SATIŞ 3 /,Ankara,Kum,3 ve Yukarı İngilizler,253000.0,0,2024-07-04
549571613,2024-07-04,Ankara,Kum,1500,328000.0,3 ve Yukarı İngilizler,Handikap 21 /H1,Ankara,Kum,3 ve Yukarı İngilizler,328000.0,0,2024-07-04
309732922,2024-07-04,Ankara,Kum,1200,240000.0,3 Yaşlı Araplar,Maiden /DHÖW/D,Ankara,Kum,3 Yaşlı Araplar,240000.0,0,2024-07-04
461010974,2024-07-04,Ankara,Kum,1400,280000.0,4 Yaşlı Araplar,Handikap 16 /DHÖW/H1,Ankara,Kum,4 Yaşlı Araplar,280000.0,0,2024-07-04
246950604,2024-07-04,Ankara,Çim,1900,280000.0,4 ve Yukarı Araplar,ŞARTLI 5 /DHÖW,Ankara,Çim,4 ve Yukarı Araplar,280000.0,0,2024-07-04
26493959,2024-07-04,Kocaeli,Kum,1200,217000.0,2 Yaşlı İngilizler,Maiden /D,Kocaeli,Kum,2 Yaşlı İngilizler,217000.0,0,2024-07-04
448585009,2024-07-04,Kocaeli,Kum,1900,163000.0,3 Yaşlı İngilizler,ŞARTLI 3 /,Kocaeli,Kum,3 Yaşlı İngilizler,163000.0,0,2024-07-04
587663645,2024-07-04,Kocaeli,Kum,1200,192000.0,3 Yaşlı İngilizler,Handikap 15 /H2/D,Kocaeli,Kum,3 Yaşlı İngilizler,192000.0,0,2024-07-04
232512062,2024-07-04,Kocaeli,Kum,1900,163000.0,3 ve Yukarı İngilizler,Handikap 14 /H2,Kocaeli,Kum,3 ve Yukarı İngilizler,163000.0,0,2024-07-04
204251640,2024-07-04,Kocaeli,Kum,1200,192000.0,3 Yaşlı Araplar,ŞARTLI 4 /DHÖW,Kocaeli,Kum,3 Yaşlı Araplar,192000.0,0,2024-07-04
882968702,2024-07-04,Kocaeli,Kum,2000,163000.0,4 Yaşlı Araplar,Handikap 14 /DHÖW/H2,Kocaeli,Kum,4 Yaşlı Araplar,163000.0,0,2024-07-04
981523726,2024-07-04,Kocaeli,Kum,2000,285000.0,4 ve Yukarı Araplar,KV-6 /DHÖ,Kocaeli,Kum,4 ve Yukarı Araplar,285000.0,0,2024-07-04
442832148,2024-07-04,Kocaeli,Kum,1200,163000.0,4 ve Yukarı Araplar,Handikap 14 /DHÖW/H2,Kocaeli,Kum,4 ve Yukarı Araplar,163000.0,0,2024-07-04
994269964,2024-07-05,Bursa,Çim,1200,240000.0,2 Yaşlı İngilizler,ŞARTLI 5 /,Bursa,Çim,2 Yaşlı İngilizler,240000.0,0,2024-07-05
950965191,2024-07-05,Bursa,Çim,2200,192000.0,3 Yaşlı İngilizler,ŞARTLI 4 /,Bursa,Çim,3 Yaşlı İngilizler,192000.0,0,2024-07-05
971209035,2024-07-05,Bursa,Çim,1400,240000.0,3 Yaşlı İngilizler,Handikap 16 /H2,Bursa,Çim,3 Yaşlı İngilizler,240000.0,0,2024-07-05
993972031,2024-07-05,Bursa,Kum,1900,129000.0,3 ve Yukarı İngilizler,ŞARTLI 2 /,Bursa,Kum,3 ve Yukarı İngilizler,129000.0,0,2024-07-05
25870740,2024-07-05,Bursa,Çim,2000,240000.0,3 ve Yukarı İngilizler,Handikap 16 /H2,Bursa,Çim,3 ve Yukarı İngilizler,240000.0,0,2024-07-05
737955858,2024-07-05,Bursa,Çim,1300,217000.0,3 Yaşlı Araplar,Maiden /DHÖW,Bursa,Çim,3 Yaşlı Araplar,217000.0,0,2024-07-05
633484386,2024-07-05,Bursa,Çim,1300,192000.0,4 ve Yukarı Araplar,ŞARTLI 4 /DHÖW/TR,Bursa,Çim,4 ve Yukarı Araplar,192000.0,0,2024-07-05
277277165,2024-07-05,Bursa,Çim,2200,192000.0,4 ve Yukarı Araplar,Handikap 15 /DHÖW/H2,Bursa,Çim,4 ve Yukarı Araplar,192000.0,0,2024-07-05
793891600,2024-07-05,İstanbul,Sentetik,1200,240000.0,2 Yaşlı İngilizler,Maiden /,İstanbul,Sentetik,2 Yaşlı İngilizler,240000.0,0,2024-07-05
14389426,2024-07-05,İstanbul,Çim,1600,236500.0,3 Yaşlı İngilizler,ŞARTLI 4 /,İstanbul,Çim,3 Yaşlı İngilizler,236500.0,0,2024-07-05
584307264,2024-07-05,İstanbul,Çim,1300,186500.0,3 Yaşlı İngilizler,Handikap 14 /H1,İstanbul,Çim,3 Yaşlı İngilizler,186500.0,0,2024-07-05
589046457,2024-07-05,İstanbul,Çim,2100,390000.0,3 ve Yukarı İngilizler,KV-7 /D,İstanbul,Çim,3 ve Yukarı İngilizler,390000.0,0,2024-07-05
464797194,2024-07-05,İstanbul,Çim,2100,236500.0,3 ve Yukarı İngilizler,Handikap 15 /H1,İstanbul,Çim,3 ve Yukarı İngilizler,236500.0,0,2024-07-05
253085133,2024-07-05,İstanbul,Çim,1200,545000.0,3 Yaşlı Araplar,KV-9 /DHÖW,İstanbul,Çim,3 Yaşlı Araplar,545000.0,0,2024-07-05
798870043,2024-07-05,İstanbul,Sentetik,1400,186500.0,4 Yaşlı Araplar,ŞARTLI 3 /DHÖW,İstanbul,Sentetik,4 Yaşlı Araplar,186500.0,0,2024-07-05
917671959,2024-07-05,İstanbul,Çim,2400,236500.0,4 ve Yukarı Araplar,ŞARTLI 4 /DHÖW,İstanbul,Çim,4 ve Yukarı Araplar,236500.0,0,2024-07-05
922493193,2024-07-05,İstanbul,Çim,1600,236500.0,4 ve Yukarı Araplar,Handikap 15 /DHÖW/H1/D,İstanbul,Çim,4 ve Yukarı Araplar,236500.0,0,2024-07-05
14965697,2024-07-06,Ankara,Kum,1200,240000.0,2 Yaşlı İngilizler,Maiden /D,Ankara,Kum,2 Yaşlı İngilizler,240000.0,0,2024-07-06
613355612,2024-07-06,Ankara,Çim,1900,236500.0,3 Yaşlı İngilizler,ŞARTLI 4 /,Ankara,Çim,3 Yaşlı İngilizler,236500.0,0,2024-07-06
314090012,2024-07-06,Ankara,Kum,1300,186500.0,3 Yaşlı İngilizler,Handikap 14 /H1,Ankara,Kum,3 Yaşlı İngilizler,186500.0,0,2024-07-06
835629916,2024-07-06,Ankara,Kum,1600,236500.0,3 ve Yukarı İngilizler,ŞARTLI 4 /,Ankara,Kum,3 ve Yukarı İngilizler,236500.0,0,2024-07-06
148295140,2024-07-06,Ankara,Çim,1600,236500.0,3 ve Yukarı İngilizler,Handikap 15 /H1/D,Ankara,Çim,3 ve Yukarı İngilizler,236500.0,0,2024-07-06
261432471,2024-07-06,Ankara,Çim,1400,186500.0,3 Yaşlı Araplar,ŞARTLI 3 /DHÖ,Ankara,Çim,3 Yaşlı Araplar,186500.0,0,2024-07-06
525059170,2024-07-06,Ankara,Çim,1200,390000.0,4 ve Yukarı Araplar,KV-7 /DHÖW,Ankara,Çim,4 ve Yukarı Araplar,390000.0,0,2024-07-06
86105351,2024-07-06,Ankara,Çim,1300,280000.0,4 ve Yukarı Araplar,Handikap 16 /DHÖ/H1/D,Ankara,Çim,4 ve Yukarı Araplar,280000.0,0,2024-07-06
516062327,2024-07-06,İzmir,Çim,2000,217000.0,3 Yaşlı İngilizler,Maiden /,İzmir,Çim,3 Yaşlı İngilizler,217000.0,0,2024-07-06
529385413,2024-07-06,İzmir,Kum,1400,163000.0,3 Yaşlı İngilizler,ŞARTLI 3 /D,İzmir,Kum,3 Yaşlı İngilizler,163000.0,0,2024-07-06
147775669,2024-07-06,İzmir,Çim,1200,240000.0,3 Yaşlı İngilizler,Handikap 16 /H2,İzmir,Çim,3 Yaşlı İngilizler,240000.0,0,2024-07-06
358207268,2024-07-06,İzmir,Çim,1700,384000.0,3 ve Yukarı İngilizler,KV-8 /,İzmir,Çim,3 ve Yukarı İngilizler,384000.0,0,2024-07-06
560701241,2024-07-06,İzmir,Çim,1300,163000.0,3 ve Yukarı İngilizler,ŞARTLI 3 /,İzmir,Çim,3 ve Yukarı İngilizler,163000.0,0,2024-07-06
640407388,2024-07-06,İzmir,Kum,1400,163000.0,3 Yaşlı Araplar,ŞARTLI 3 /DHÖW,İzmir,Kum,3 Yaşlı Araplar,163000.0,0,2024-07-06
764372663,2024-07-06,İzmir,Çim,1300,163000.0,4 Yaşlı Araplar,Handikap 14 /DHÖW/H2/D,İzmir,Çim,4 Yaşlı Araplar,163000.0,0,2024-07-06
221092609,2024-07-06,İzmir,Çim,2400,163000.0,4 ve Yukarı Araplar,ŞARTLI 3 /DHÖW,İzmir,Çim,4 ve Yukarı Araplar,163000.0,0,2024-07-06
970998330,2024-07-06,Diyarbakır,Kum,1200,114500.0,2 Yaşlı İngilizler,ŞARTLI 3 /,Diyarbakır,Kum,2 Yaşlı İngilizler,114500.0,0,2024-07-06
47337543,2024-07-06,Diyarbakır,Kum,1200,82000.0,3 Yaşlı İngilizler,Handikap 13 /H3,Diyarbakır,Kum,3 Yaşlı İngilizler,82000.0,0,2024-07-06
970998330,2024-07-06,Diyarbakır,Kum,1200,114500.0,3 ve Yukarı İngilizler,ŞARTLI 3 /,Diyarbakır,Kum,3 ve Yukarı İngilizler,114500.0,0,2024-07-06
847655422,2024-07-06,Diyarbakır,Kum,1900,140000.0,3 ve Yukarı İngilizler,Handikap 15 /H3,Diyarbakır,Kum,3 ve Yukarı İngilizler,140000.0,0,2024-07-06
781257449,2024-07-06,Diyarbakır,Kum,1200,160000.0,3 Yaşlı Araplar,ŞARTLI 19 /DHÖW,Diyarbakır,Kum,3 Yaşlı Araplar,160000.0,0,2024-07-06
94995160,2024-07-06,Diyarbakır,Kum,1900,140000.0,4 Yaşlı Araplar,Handikap 15 /DHÖ/H3/D,Diyarbakır,Kum,4 Yaşlı Araplar,140000.0,0,2024-07-06
520402934,2024-07-07,İstanbul,Çim,1200,980000.0,2 Yaşlı İngilizler,G 3 /,İstanbul,Çim,2 Yaşlı İngilizler,980000.0,0,2024-07-07
522911886,2024-07-07,İstanbul,Çim,1200,186500.0,2 Yaşlı İngilizler,ŞARTLI 3 /,İstanbul,Çim,2 Yaşlı İngilizler,186500.0,0,2024-07-07
109078160,2024-07-07,İstanbul,Çim,1900,280000.0,3 Yaşlı İngilizler,Handikap 16 /H1,İstanbul,Çim,3 Yaşlı İngilizler,280000.0,0,2024-07-07
193088902,2024-07-07,İstanbul,Çim,2200,236500.0,3 ve Yukarı İngilizler,ŞARTLI 4 /,İstanbul,Çim,3 ve Yukarı İngilizler,236500.0,0,2024-07-07
324057618,2024-07-07,İstanbul,Sentetik,1400,236500.0,3 ve Yukarı İngilizler,Handikap 15 /H1,İstanbul,Sentetik,3 ve Yukarı İngilizler,236500.0,0,2024-07-07
471683506,2024-07-07,İstanbul,Sentetik,1200,240000.0,3 Yaşlı Araplar,Maiden /DHÖ,İstanbul,Sentetik,3 Yaşlı Araplar,240000.0,0,2024-07-07
315944092,2024-07-07,İstanbul,Çim,2100,186500.0,4 Yaşlı Araplar,Handikap 14 /DHÖW/H1,İstanbul,Çim,4 Yaşlı Araplar,186500.0,0,2024-07-07
465784965,2024-07-07,İstanbul,Çim,1200,328000.0,4 ve Yukarı Araplar,Handikap 21 /DHÖW/H1,İstanbul,Çim,4 ve Yukarı Araplar,328000.0,0,2024-07-07
141733196,2024-07-07,İzmir,Çim,1200,217000.0,2 Yaşlı İngilizler,Maiden /,İzmir,Çim,2 Yaşlı İngilizler,217000.0,0,2024-07-07
676567681,2024-07-07,İzmir,Çim,1800,192000.0,3 Yaşlı İngilizler,ŞARTLI 4 /,İzmir,Çim,3 Yaşlı İngilizler,192000.0,0,2024-07-07
45413074,2024-07-07,İzmir,Çim,1300,240000.0,3 ve Yukarı İngilizler,ŞARTLI 5 /D,İzmir,Çim,3 ve Yukarı İngilizler,240000.0,0,2024-07-07
432500774,2024-07-07,İzmir,Çim,1200,240000.0,3 ve Yukarı İngilizler,Handikap 16 /H2,İzmir,Çim,3 ve Yukarı İngilizler,240000.0,0,2024-07-07
147574089,2024-07-07,İzmir,Çim,1200,192000.0,3 Yaşlı Araplar,ŞARTLI 4 /DHÖW/D,İzmir,Çim,3 Yaşlı Araplar,192000.0,0,2024-07-07
428940114,2024-07-07,İzmir,Kum,1400,240000.0,4 Yaşlı Araplar,ŞARTLI 5 /DHÖW,İzmir,Kum,4 Yaşlı Araplar,240000.0,0,2024-07-07
930108310,2024-07-07,İzmir,Çim,1300,163000.0,4 ve Yukarı Araplar,ŞARTLI 3 /DHÖW/D,İzmir,Çim,4 ve Yukarı Araplar,163000.0,0,2024-07-07
802961366,2024-07-07,İzmir,Çim,1900,285000.0,4 ve Yukarı Araplar,Handikap 21 /DHT/H2,İzmir,Çim,4 ve Yukarı Araplar,285000.0,0,2024-07-07
232287135,2024-07-08,Bursa,Çim,1200,273000.0,2 Yaşlı İngilizler,ŞARTLI 1 /D,Bursa,Çim,2 Yaşlı İngilizler,273000.0,0,2024-07-08
248720667,2024-07-08,Bursa,Kum,1300,192000.0,3 Yaşlı İngilizler,ŞARTLI 4 /,Bursa,Kum,3 Yaşlı İngilizler,192000.0,0,2024-07-08
793213951,2024-07-08,Bursa,Kum,2100,192000.0,3 Yaşlı İngilizler,Handikap 15 /H2,Bursa,Kum,3 Yaşlı İngilizler,192000.0,0,2024-07-08
132897534,2024-07-08,Bursa,Çim,2000,384000.0,3 ve Yukarı İngilizler,KV-8 /,Bursa,Çim,3 ve Yukarı İngilizler,384000.0,0,2024-07-08
150146707,2024-07-08,Bursa,Kum,1800,192000.0,3 ve Yukarı İngilizler,Handikap 15 /H2/Y-2,Bursa,Kum,3 ve Yukarı İngilizler,192000.0,0,2024-07-08
237128463,2024-07-08,Bursa,Çim,1300,192000.0,3 Yaşlı Araplar,ŞARTLI 4 /DHÖW,Bursa,Çim,3 Yaşlı Araplar,192000.0,0,2024-07-08
750942887,2024-07-08,Bursa,Kum,1800,240000.0,4 ve Yukarı Araplar,ŞARTLI 5 /DHÖ,Bursa,Kum,4 ve Yukarı Araplar,240000.0,0,2024-07-08
288993678,2024-07-08,Bursa,Kum,2000,163000.0,4 ve Yukarı Araplar,Handikap 14 /DHÖW/H2/D,Bursa,Kum,4 ve Yukarı Araplar,163000.0,0,2024-07-08
132018938,2024-07-08,Elazığ,Kum,1200,88000.0,2 Yaşlı İngilizler,ŞARTLI 2 /D,Elazığ,Kum,2 Yaşlı İngilizler,88000.0,0,2024-07-08
97598560,2024-07-08,Elazığ,Kum,1900,160000.0,3 Yaşlı İngilizler,Maiden /,Elazığ,Kum,3 Yaşlı İngilizler,160000.0,0,2024-07-08
208380961,2024-07-08,Elazığ,Kum,1700,114500.0,3 Yaşlı İngilizler,Handikap 14 /H3/TR,Elazığ,Kum,3 Yaşlı İngilizler,114500.0,0,2024-07-08
13050068,2024-07-08,Elazığ,Kum,1600,140000.0,3 ve Yukarı İngilizler,Handikap 15 /H3/D,Elazığ,Kum,3 ve Yukarı İngilizler,140000.0,0,2024-07-08
570096033,2024-07-08,Elazığ,Kum,2000,202000.0,4 Yaşlı Araplar,KV-6 /DHÖ,Elazığ,Kum,4 Yaşlı Araplar,202000.0,0,2024-07-08
676260127,2024-07-08,Elazığ,Kum,1700,140000.0,4 ve Yukarı Araplar,ŞARTLI 4 /DHÖW,Elazığ,Kum,4 ve Yukarı Araplar,140000.0,0,2024-07-08
375835692,2024-07-08,Elazığ,Kum,1700,114500.0,4 ve Yukarı Araplar,Handikap 14 /DHÖW/H3/D,Elazığ,Kum,4 ve Yukarı Araplar,114500.0,0,2024-07-08
813781014,2024-07-09,Ankara,Kum,1200,280000.0,2 Yaşlı İngilizler,ŞARTLI 5 /,Ankara,Kum,2 Yaşlı İngilizler,280000.0,0,2024-07-09
867918423,2024-07-09,Ankara,Çim,1400,240000.0,3 Yaşlı İngilizler,Maiden /,Ankara,Çim,3 Yaşlı İngilizler,240000.0,0,2024-07-09
813781014,2024-07-09,Ankara,Kum,1200,280000.0,3 Yaşlı İngilizler,ŞARTLI 5 /,Ankara,Kum,3 Yaşlı İngilizler,280000.0,0,2024-07-09
594302118,2024-07-09,Ankara,Çim,2200,236500.0,3 ve Yukarı İngilizler,ŞARTLI 4 /D,Ankara,Çim,3 ve Yukarı İngilizler,236500.0,0,2024-07-09
787577874,2024-07-09,Ankara,Kum,1400,236500.0,3 ve Yukarı İngilizler,Handikap 15 /H1/Y-2,Ankara,Kum,3 ve Yukarı İngilizler,236500.0,0,2024-07-09
502023842,2024-07-09,Ankara,Kum,1200,328000.0,3 Yaşlı Araplar,KV-6 /DHÖW,Ankara,Kum,3 Yaşlı Araplar,328000.0,0,2024-07-09
500488232,2024-07-09,Ankara,Çim,1400,280000.0,4 Yaşlı Araplar,ŞARTLI 5 /DHÖW,Ankara,Çim,4 Yaşlı Araplar,280000.0,0,2024-07-09
48177654,2024-07-09,Ankara,Kum,2100,280000.0,4 Yaşlı Araplar,Handikap 16 /DHÖW/H1,Ankara,Kum,4 Yaşlı Araplar,280000.0,0,2024-07-09
73295495,2024-07-09,Ankara,Çim,2200,236500.0,4 ve Yukarı Araplar,Handikap 15 /DHÖW/H1/D,Ankara,Çim,4 ve Yukarı Araplar,236500.0,0,2024-07-09
701807900,2024-07-09,Kocaeli,Kum,1200,129000.0,2 Yaşlı İngilizler,ŞARTLI 2 /D,Kocaeli,Kum,2 Yaşlı İngilizler,129000.0,0,2024-07-09
106096718,2024-07-09,Kocaeli,Kum,1400,285000.0,3 Yaşlı İngilizler,KV-6 /,Kocaeli,Kum,3 Yaşlı İngilizler,285000.0,0,2024-07-09
274272,2024-07-09,Kocaeli,Kum,1200,240000.0,3 Yaşlı İngilizler,Handikap 16 /H2,Kocaeli,Kum,3 Yaşlı İngilizler,240000.0,0,2024-07-09
39132577,2024-07-09,Kocaeli,Kum,1900,129000.0,3 ve Yukarı İngilizler,ŞARTLI 2 /,Kocaeli,Kum,3 ve Yukarı İngilizler,129000.0,0,2024-07-09
906843057,2024-07-09,Kocaeli,Kum,2000,274000.0,3 ve Yukarı İngilizler,Handikap 17 /H2,Kocaeli,Kum,3 ve Yukarı İngilizler,274000.0,0,2024-07-09
976458157,2024-07-09,Kocaeli,Kum,1400,217000.0,3 Yaşlı Araplar,Maiden /DHÖW,Kocaeli,Kum,3 Yaşlı Araplar,217000.0,0,2024-07-09
876442324,2024-07-09,Kocaeli,Kum,1700,192000.0,4 Yaşlı Araplar,Handikap 15 /DHT/H2/Y-1,Kocaeli,Kum,4 Yaşlı Araplar,192000.0,0,2024-07-09
973133916,2024-07-09,Kocaeli,Kum,1400,192000.0,4 ve Yukarı Araplar,Handikap 15 /DHÖW/H2/D,Kocaeli,Kum,4 ve Yukarı Araplar,192000.0,0,2024-07-09
487021945,2024-07-10,İstanbul,Çim,1200,240000.0,2 Yaşlı İngilizler,Maiden /,İstanbul,Çim,2 Yaşlı İngilizler,240000.0,0,2024-07-10
540788617,2024-07-10,İstanbul,Sentetik,2200,236500.0,3 Yaşlı İngilizler,ŞARTLI 4 /,İstanbul,Sentetik,3 Yaşlı İngilizler,236500.0,0,2024-07-10
740099265,2024-07-10,İstanbul,Çim,1400,288000.0,3 ve Yukarı İngilizler,SATIŞ 4 /,İstanbul,Çim,3 ve Yukarı İngilizler,288000.0,0,2024-07-10
784449899,2024-07-10,İstanbul,Sentetik,2000,280000.0,3 ve Yukarı İngilizler,Handikap 16 /H1,İstanbul,Sentetik,3 ve Yukarı İngilizler,280000.0,0,2024-07-10
850378473,2024-07-10,İstanbul,Çim,1400,186500.0,3 Yaşlı Araplar,ŞARTLI 3 /DHÖW,İstanbul,Çim,3 Yaşlı Araplar,186500.0,0,2024-07-10
884316494,2024-07-10,İstanbul,Sentetik,1500,545000.0,4 Yaşlı Araplar,KV-9 /DHÖW,İstanbul,Sentetik,4 Yaşlı Araplar,545000.0,0,2024-07-10
195826921,2024-07-10,İstanbul,Çim,1400,280000.0,4 Yaşlı Araplar,Handikap 16 /DHÖW/H1/Y-1,İstanbul,Çim,4 Yaşlı Araplar,280000.0,0,2024-07-10
969798903,2024-07-10,İstanbul,Çim,1600,236500.0,4 ve Yukarı Araplar,ŞARTLI 4 /DHÖW,İstanbul,Çim,4 ve Yukarı Araplar,236500.0,0,2024-07-10
44509822,2024-07-10,İstanbul,Çim,1900,236500.0,4 ve Yukarı Araplar,Handikap 15 /DHÖW/H1,İstanbul,Çim,4 ve Yukarı Araplar,236500.0,0,2024-07-10
351757205,2024-07-10,Elazığ,Kum,1200,160000.0,2 Yaşlı İngilizler,Maiden /,Elazığ,Kum,2 Yaşlı İngilizler,160000.0,0,2024-07-10
704828196,2024-07-10,Elazığ,Kum,1900,175000.0,3 Yaşlı İngilizler,Handikap 16 /H3,Elazığ,Kum,3 Yaşlı İngilizler,175000.0,0,2024-07-10
635284376,2024-07-10,Elazığ,Kum,1600,114500.0,3 ve Yukarı İngilizler,ŞARTLI 3 /,Elazığ,Kum,3 ve Yukarı İngilizler,114500.0,0,2024-07-10
110843576,2024-07-10,Elazığ,Kum,1200,114500.0,3 Yaşlı Araplar,ŞARTLI 3 /DHÖW/D,Elazığ,Kum,3 Yaşlı Araplar,114500.0,0,2024-07-10
313401981,2024-07-10,Elazığ,Kum,1200,140000.0,4 Yaşlı Araplar,Handikap 15 /DHÖW/H3,Elazığ,Kum,4 Yaşlı Araplar,140000.0,0,2024-07-10
15004847,2024-07-10,Elazığ,Kum,1600,88000.0,4 ve Yukarı Araplar,ŞARTLI 2 /DHÖW,Elazığ,Kum,4 ve Yukarı Araplar,88000.0,0,2024-07-10
561831683,2024-07-10,Elazığ,Kum,1900,175000.0,4 ve Yukarı Araplar,Handikap 16 /DHÖW/H3,Elazığ,Kum,4 ve Yukarı Araplar,175000.0,0,2024-07-10
422552622,2024-07-11,Ankara,Çim,1300,240000.0,2 Yaşlı İngilizler,Maiden /,Ankara,Çim,2 Yaşlı İngilizler,240000.0,0,2024-07-11
485379954,2024-07-11,Ankara,Çim,2200,186500.0,3 Yaşlı İngilizler,Handikap 14 /H1,Ankara,Çim,3 Yaşlı İngilizler,186500.0,0,2024-07-11
366507849,2024-07-11,Ankara,Çim,1000,236500.0,3 ve Yukarı İngilizler,ŞARTLI 4 /,Ankara,Çim,3 ve Yukarı İngilizler,236500.0,0,2024-07-11
354193069,2024-07-11,Ankara,Kum,2100,280000.0,3 ve Yukarı İngilizler,Handikap 16 /H1/D,Ankara,Kum,3 ve Yukarı İngilizler,280000.0,0,2024-07-11
300419212,2024-07-11,Ankara,Çim,1400,236500.0,3 Yaşlı Araplar,ŞARTLI 4 /DHÖW/D,Ankara,Çim,3 Yaşlı Araplar,236500.0,0,2024-07-11
556365583,2024-07-11,Ankara,Kum,2000,328000.0,4 Yaşlı Araplar,KV-6 /DHÖW/D,Ankara,Kum,4 Yaşlı Araplar,328000.0,0,2024-07-11
403914725,2024-07-11,Ankara,Çim,1600,186500.0,4 Yaşlı Araplar,ŞARTLI 3 /DHÖW,Ankara,Çim,4 Yaşlı Araplar,186500.0,0,2024-07-11
831654741,2024-07-11,Ankara,Çim,1900,180000.0,4 ve Yukarı Araplar,SATIŞ 1 /DHÖW,Ankara,Çim,4 ve Yukarı Araplar,180000.0,0,2024-07-11
400436148,2024-07-11,Ankara,Çim,1900,280000.0,4 ve Yukarı Araplar,Handikap 16 /DHÖW/H1,Ankara,Çim,4 ve Yukarı Araplar,280000.0,0,2024-07-11
903417767,2024-07-11,Kocaeli,Kum,1200,273000.0,2 Yaşlı İngilizler,ŞARTLI 1 /,Kocaeli,Kum,2 Yaşlı İngilizler,273000.0,0,2024-07-11
844509521,2024-07-11,Kocaeli,Kum,1900,192000.0,3 Yaşlı İngilizler,ŞARTLI 4 /D,Kocaeli,Kum,3 Yaşlı İngilizler,192000.0,0,2024-07-11
638634550,2024-07-11,Kocaeli,Kum,1900,177000.0,3 Yaşlı İngilizler,SATIŞ 2 /,Kocaeli,Kum,3 Yaşlı İngilizler,177000.0,0,2024-07-11
790404949,2024-07-11,Kocaeli,Kum,1200,192000.0,3 ve Yukarı İngilizler,ŞARTLI 4 /,Kocaeli,Kum,3 ve Yukarı İngilizler,192000.0,0,2024-07-11
331999000,2024-07-11,Kocaeli,Kum,1200,163000.0,3 Yaşlı Araplar,ŞARTLI 3 /DHÖW/D,Kocaeli,Kum,3 Yaşlı Araplar,163000.0,0,2024-07-11
534147319,2024-07-11,Kocaeli,Kum,1900,192000.0,4 Yaşlı Araplar,ŞARTLI 4 /DHÖW,Kocaeli,Kum,4 Yaşlı Araplar,192000.0,0,2024-07-11
14916905,2024-07-11,Kocaeli,Kum,1500,240000.0,4 ve Yukarı Araplar,ŞARTLI 5 /DHÖW,Kocaeli,Kum,4 ve Yukarı Araplar,240000.0,0,2024-07-11
132780463,2024-07-11,Kocaeli,Kum,1900,240000.0,4 ve Yukarı Araplar,Handikap 16 /DHÖW/H2,Kocaeli,Kum,4 ve Yukarı Araplar,240000.0,0,2024-07-11
618442181,2024-07-12,Bursa,Çim,1700,217000.0,3 Yaşlı İngilizler,Maiden /D,Bursa,Çim,3 Yaşlı İngilizler,217000.0,0,2024-07-12
302360700,2024-07-12,Bursa,Kum,1900,192000.0,3 Yaşlı İngilizler,ŞARTLI 4 /,Bursa,Kum,3 Yaşlı İngilizler,192000.0,0,2024-07-12
361032985,2024-07-12,Bursa,Çim,2200,192000.0,3 ve Yukarı İngilizler,ŞARTLI 4 /Y-1,Bursa,Çim,3 ve Yukarı İngilizler,192000.0,0,2024-07-12
11679465,2024-07-12,Bursa,Kum,1300,240000.0,3 ve Yukarı İngilizler,Handikap 16 /H2,Bursa,Kum,3 ve Yukarı İngilizler,240000.0,0,2024-07-12
782841499,2024-07-12,Bursa,Çim,1300,177000.0,4 Yaşlı Araplar,SATIŞ 2 /DHÖW,Bursa,Çim,4 Yaşlı Araplar,177000.0,0,2024-07-12
542184953,2024-07-12,Bursa,Çim,2200,590000.0,4 ve Yukarı Araplar,G 3 /DHÖ,Bursa,Çim,4 ve Yukarı Araplar,590000.0,0,2024-07-12
67414270,2024-07-12,Bursa,Çim,1500,163000.0,4 ve Yukarı Araplar,ŞARTLI 3 /DHÖW/D,Bursa,Çim,4 ve Yukarı Araplar,163000.0,0,2024-07-12
664081004,2024-07-12,Bursa,Kum,1900,163000.0,4 ve Yukarı Araplar,Handikap 14 /DHÖW/H2,Bursa,Kum,4 ve Yukarı Araplar,163000.0,0,2024-07-12
850642518,2024-07-12,İstanbul,Sentetik,1200,280000.0,2 Yaşlı İngilizler,ŞARTLI 5 /TR,İstanbul,Sentetik,2 Yaşlı İngilizler,280000.0,0,2024-07-12
647254554,2024-07-12,İstanbul,Çim,1400,280000.0,3 Yaşlı İngilizler,ŞARTLI 5 /D,İstanbul,Çim,3 Yaşlı İngilizler,280000.0,0,2024-07-12
277753816,2024-07-12,İstanbul,Sentetik,2100,186500.0,3 Yaşlı İngilizler,Handikap 14 /H1/D,İstanbul,Sentetik,3 Yaşlı İngilizler,186500.0,0,2024-07-12
51562568,2024-07-12,İstanbul,Sentetik,1500,280000.0,3 ve Yukarı İngilizler,ŞARTLI 5 /Y-3,İstanbul,Sentetik,3 ve Yukarı İngilizler,280000.0,0,2024-07-12
840216198,2024-07-12,İstanbul,Sentetik,2000,253000.0,3 ve Yukarı İngilizler,SATIŞ 3 /,İstanbul,Sentetik,3 ve Yukarı İngilizler,253000.0,0,2024-07-12
740605650,2024-07-12,İstanbul,Çim,1200,240000.0,3 Yaşlı Araplar,Maiden /DHÖ/D,İstanbul,Çim,3 Yaşlı Araplar,240000.0,0,2024-07-12
187699606,2024-07-12,İstanbul,Çim,1200,390000.0,4 Yaşlı Araplar,KV-7 /DHÖW,İstanbul,Çim,4 Yaşlı Araplar,390000.0,0,2024-07-12
70649779,2024-07-12,İstanbul,Çim,1600,186500.0,4 Yaşlı Araplar,ŞARTLI 3 /DHÖW,İstanbul,Çim,4 Yaşlı Araplar,186500.0,0,2024-07-12
31357068,2024-07-13,Ankara,Çim,1300,236500.0,2 Yaşlı İngilizler,ŞARTLI 4 /,Ankara,Çim,2 Yaşlı İngilizler,236500.0,0,2024-07-13
661931336,2024-07-13,Ankara,Çim,1900,236500.0,3 Yaşlı İngilizler,ŞARTLI 4 /D,Ankara,Çim,3 Yaşlı İngilizler,236500.0,0,2024-07-13
805429011,2024-07-13,Ankara,Çim,1900,1400000.0,3 ve Yukarı İngilizler,G 2 /,Ankara,Çim,3 ve Yukarı İngilizler,1400000.0,0,2024-07-13
977050290,2024-07-13,Ankara,Çim,2400,236500.0,3 ve Yukarı İngilizler,ŞARTLI 4 /,Ankara,Çim,3 ve Yukarı İngilizler,236500.0,0,2024-07-13
39445019,2024-07-13,Ankara,Çim,1400,390000.0,3 ve Yukarı İngilizler,Kısa Vade Handikap 22 /H1,Ankara,Çim,3 ve Yukarı İngilizler,390000.0,0,2024-07-13
610421840,2024-07-13,Ankara,Çim,1200,240000.0,3 Yaşlı Araplar,Maiden /DHÖW/TR,Ankara,Çim,3 Yaşlı Araplar,240000.0,0,2024-07-13
172039966,2024-07-13,Ankara,Çim,1200,280000.0,4 Yaşlı Araplar,Handikap 16 /DHÖW/H1,Ankara,Çim,4 Yaşlı Araplar,280000.0,0,2024-07-13
742610405,2024-07-13,Ankara,Kum,2100,1950000.0,4 ve Yukarı Araplar,G 1 /DHT,Ankara,Kum,4 ve Yukarı Araplar,1950000.0,0,2024-07-13
867445247,2024-07-13,İzmir,Çim,1200,240000.0,2 Yaşlı İngilizler,ŞARTLI 5 /,İzmir,Çim,2 Yaşlı İngilizler,240000.0,0,2024-07-13
875433624,2024-07-13,İzmir,Çim,1900,163000.0,3 Yaşlı İngilizler,Handikap 14 /H2/D,İzmir,Çim,3 Yaşlı İngilizler,163000.0,0,2024-07-13
618447161,2024-07-13,İzmir,Çim,2400,240000.0,3 ve Yukarı İngilizler,ŞARTLI 5 /,İzmir,Çim,3 ve Yukarı İngilizler,240000.0,0,2024-07-13
967272854,2024-07-13,İzmir,Kum,1600,285000.0,3 ve Yukarı İngilizler,Handikap 21 /H2,İzmir,Kum,3 ve Yukarı İngilizler,285000.0,0,2024-07-13
255241324,2024-07-13,İzmir,Çim,1200,217000.0,3 Yaşlı Araplar,Maiden /DHÖW,İzmir,Çim,3 Yaşlı Araplar,217000.0,0,2024-07-13
614465857,2024-07-13,İzmir,Çim,1300,384000.0,4 Yaşlı Araplar,KV-8 /DHÖW,İzmir,Çim,4 Yaşlı Araplar,384000.0,0,2024-07-13
682479055,2024-07-13,İzmir,Kum,1400,192000.0,4 ve Yukarı Araplar,ŞARTLI 4 /DHÖW,İzmir,Kum,4 ve Yukarı Araplar,192000.0,0,2024-07-13
377016008,2024-07-13,İzmir,Çim,1300,240000.0,4 ve Yukarı Araplar,Handikap 16 /DHÖW/H2,İzmir,Çim,4 ve Yukarı Araplar,240000.0,0,2024-07-13
413306725,2024-07-13,Diyarbakır,Kum,1200,160000.0,2 Yaşlı İngilizler,ŞARTLI 19 /D,Diyarbakır,Kum,2 Yaşlı İngilizler,160000.0,0,2024-07-13
478377779,2024-07-13,Diyarbakır,Kum,1900,114500.0,3 Yaşlı İngilizler,ŞARTLI 3 /D,Diyarbakır,Kum,3 Yaşlı İngilizler,114500.0,0,2024-07-13
454044183,2024-07-13,Diyarbakır,Kum,1800,140000.0,3 Yaşlı İngilizler,Handikap 15 /H3,Diyarbakır,Kum,3 Yaşlı İngilizler,140000.0,0,2024-07-13
859534938,2024-07-13,Diyarbakır,Kum,1700,140000.0,3 ve Yukarı İngilizler,ŞARTLI 4 /Y-1,Diyarbakır,Kum,3 ve Yukarı İngilizler,140000.0,0,2024-07-13
846147503,2024-07-13,Diyarbakır,Kum,1200,88000.0,3 Yaşlı Araplar,ŞARTLI 2 /DHÖW,Diyarbakır,Kum,3 Yaşlı Araplar,88000.0,0,2024-07-13
579068036,2024-07-13,Diyarbakır,Kum,2000,175000.0,4 ve Yukarı Araplar,ŞARTLI 5 /DHÖW,Diyarbakır,Kum,4 ve Yukarı Araplar,175000.0,0,2024-07-13
643269416,2024-07-14,İstanbul,Çim,1200,320000.0,2 Yaşlı İngilizler,ŞARTLI 1 /,İstanbul,Çim,2 Yaşlı İngilizler,320000.0,0,2024-07-14
211709797,2024-07-14,İstanbul,Sentetik,1200,236500.0,3 Yaşlı İngilizler,ŞARTLI 4 /,İstanbul,Sentetik,3 Yaşlı İngilizler,236500.0,0,2024-07-14
154460852,2024-07-14,İstanbul,Sentetik,1500,186500.0,3 Yaşlı İngilizler,Handikap 14 /H1,İstanbul,Sentetik,3 Yaşlı İngilizler,186500.0,0,2024-07-14
120710817,2024-07-14,İstanbul,Sentetik,1500,1950000.0,3 ve Yukarı İngilizler,G 1 /,İstanbul,Sentetik,3 ve Yukarı İngilizler,1950000.0,0,2024-07-14
309828373,2024-07-14,İstanbul,Çim,1600,280000.0,3 ve Yukarı İngilizler,Handikap 16 /H1/D,İstanbul,Çim,3 ve Yukarı İngilizler,280000.0,0,2024-07-14
386237034,2024-07-14,İstanbul,Çim,1200,390000.0,3 Yaşlı Araplar,KV-7 /DHT/D,İstanbul,Çim,3 Yaşlı Araplar,390000.0,0,2024-07-14
86355868,2024-07-14,İstanbul,Çim,1600,186500.0,4 Yaşlı Araplar,Handikap 14 /DHÖW/H1/D,İstanbul,Çim,4 Yaşlı Araplar,186500.0,0,2024-07-14
769890763,2024-07-14,İstanbul,Sentetik,1500,236500.0,4 ve Yukarı Araplar,Handikap 15 /DHÖW/H1,İstanbul,Sentetik,4 ve Yukarı Araplar,236500.0,0,2024-07-14
28699124,2024-07-14,İzmir,Kum,1200,192000.0,3 Yaşlı İngilizler,Handikap 15 /H2,İzmir,Kum,3 Yaşlı İngilizler,192000.0,0,2024-07-14
239539086,2024-07-14,İzmir,Kum,2100,240000.0,3 ve Yukarı İngilizler,ŞARTLI 5 /,İzmir,Kum,3 ve Yukarı İngilizler,240000.0,0,2024-07-14
497069931,2024-07-14,İzmir,Çim,1900,163000.0,3 ve Yukarı İngilizler,Handikap 14 /H2/Y-2,İzmir,Çim,3 ve Yukarı İngilizler,163000.0,0,2024-07-14
192506117,2024-07-14,İzmir,Kum,1200,217000.0,3 Yaşlı Araplar,Maiden /DHÖW,İzmir,Kum,3 Yaşlı Araplar,217000.0,0,2024-07-14
771361798,2024-07-14,İzmir,Çim,1200,192000.0,3 Yaşlı Araplar,ŞARTLI 4 /DHÖ,İzmir,Çim,3 Yaşlı Araplar,192000.0,0,2024-07-14
876748020,2024-07-14,İzmir,Çim,1200,240000.0,4 Yaşlı Araplar,ŞARTLI 5 /DHÖW,İzmir,Çim,4 Yaşlı Araplar,240000.0,0,2024-07-14
431258974,2024-07-14,İzmir,Kum,2100,285000.0,4 ve Yukarı Araplar,KV-6 /DHÖ,İzmir,Kum,4 ve Yukarı Araplar,285000.0,0,2024-07-14
294242972,2024-07-14,İzmir,Kum,2000,240000.0,4 ve Yukarı Araplar,Handikap 16 /DHÖW/H2,İzmir,Kum,4 ve Yukarı Araplar,240000.0,0,2024-07-14
109798376,2024-07-15,Bursa,Çim,1300,217000.0,2 Yaşlı İngilizler,Maiden /,Bursa,Çim,2 Yaşlı İngilizler,217000.0,0,2024-07-15
517100632,2024-07-15,Bursa,Kum,1400,384000.0,3 Yaşlı İngilizler,KV-8 /D,Bursa,Kum,3 Yaşlı İngilizler,384000.0,0,2024-07-15
928817284,2024-07-15,Bursa,Çim,1800,192000.0,3 Yaşlı İngilizler,Handikap 15 /H2,Bursa,Çim,3 Yaşlı İngilizler,192000.0,0,2024-07-15
755853406,2024-07-15,Bursa,Kum,2100,240000.0,3 ve Yukarı İngilizler,ŞARTLI 5 /Y-1,Bursa,Kum,3 ve Yukarı İngilizler,240000.0,0,2024-07-15
986258285,2024-07-15,Bursa,Çim,1300,163000.0,3 ve Yukarı İngilizler,Handikap 14 /H2,Bursa,Çim,3 ve Yukarı İngilizler,163000.0,0,2024-07-15
613156085,2024-07-15,Bursa,Kum,1300,192000.0,3 Yaşlı Araplar,ŞARTLI 4 /DHÖW/D,Bursa,Kum,3 Yaşlı Araplar,192000.0,0,2024-07-15
517040405,2024-07-15,Bursa,Çim,1500,285000.0,4 Yaşlı Araplar,KV-6 /DHT/D,Bursa,Çim,4 Yaşlı Araplar,285000.0,0,2024-07-15
675868603,2024-07-15,Bursa,Kum,1800,240000.0,4 Yaşlı Araplar,Handikap 16 /DHÖW/H2,Bursa,Kum,4 Yaşlı Araplar,240000.0,0,2024-07-15
226590792,2024-07-15,Bursa,Çim,1500,192000.0,4 ve Yukarı Araplar,Handikap 15 /DHÖW/H2,Bursa,Çim,4 ve Yukarı Araplar,192000.0,0,2024-07-15
381734402,2024-07-15,Elazığ,Kum,1200,175000.0,3 Yaşlı İngilizler,ŞARTLI 5 /,Elazığ,Kum,3 Yaşlı İngilizler,175000.0,0,2024-07-15
204985053,2024-07-15,Elazığ,Kum,1800,202000.0,3 ve Yukarı İngilizler,KV-6 /,Elazığ,Kum,3 ve Yukarı İngilizler,202000.0,0,2024-07-15
188005199,2024-07-15,Elazığ,Kum,1900,140000.0,3 ve Yukarı İngilizler,Handikap 15 /H3,Elazığ,Kum,3 ve Yukarı İngilizler,140000.0,0,2024-07-15
526920026,2024-07-15,Elazığ,Kum,1200,160000.0,3 Yaşlı Araplar,Maiden /DHÖW,Elazığ,Kum,3 Yaşlı Araplar,160000.0,0,2024-07-15
565526949,2024-07-15,Elazığ,Kum,1700,88000.0,4 Yaşlı Araplar,ŞARTLI 2 /DHÖW,Elazığ,Kum,4 Yaşlı Araplar,88000.0,0,2024-07-15
823702806,2024-07-15,Elazığ,Kum,1200,114500.0,4 ve Yukarı Araplar,ŞARTLI 3 /DHÖW/D,Elazığ,Kum,4 ve Yukarı Araplar,114500.0,0,2024-07-15
567925694,2024-07-15,Elazığ,Kum,1800,114500.0,4 ve Yukarı Araplar,Handikap 14 /DHÖW/H3,Elazığ,Kum,4 ve Yukarı Araplar,114500.0,0,2024-07-15
475315871,2024-07-16,Ankara,Çim,1300,240000.0,2 Yaşlı İngilizler,Maiden /D,Ankara,Çim,2 Yaşlı İngilizler,240000.0,0,2024-07-16
421398564,2024-07-16,Ankara,Kum,2100,980000.0,3 ve Yukarı İngilizler,G 3 /,Ankara,Kum,3 ve Yukarı İngilizler,980000.0,0,2024-07-16
921596505,2024-07-16,Ankara,Çim,1400,390000.0,3 ve Yukarı İngilizler,KV-7 /D,Ankara,Çim,3 ve Yukarı İngilizler,390000.0,0,2024-07-16
964162882,2024-07-16,Ankara,Çim,1600,186500.0,3 ve Yukarı İngilizler,Handikap 14 /H1,Ankara,Çim,3 ve Yukarı İngilizler,186500.0,0,2024-07-16
362116594,2024-07-16,Ankara,Kum,1300,236500.0,3 Yaşlı Araplar,ŞARTLI 4 /DHÖW,Ankara,Kum,3 Yaşlı Araplar,236500.0,0,2024-07-16
207050385,2024-07-16,Ankara,Çim,2200,236500.0,4 Yaşlı Araplar,Handikap 15 /DHÖW/H1,Ankara,Çim,4 Yaşlı Araplar,236500.0,0,2024-07-16
627847388,2024-07-16,Ankara,Kum,1400,280000.0,4 ve Yukarı Araplar,ŞARTLI 5 /DHÖW,Ankara,Kum,4 ve Yukarı Araplar,280000.0,0,2024-07-16
393552337,2024-07-16,Ankara,Çim,1400,236500.0,4 ve Yukarı Araplar,Handikap 15 /DHÖW/H1,Ankara,Çim,4 ve Yukarı Araplar,236500.0,0,2024-07-16
166701529,2024-07-16,Kocaeli,Kum,1200,192000.0,2 Yaşlı İngilizler,ŞARTLI 4 /,Kocaeli,Kum,2 Yaşlı İngilizler,192000.0,0,2024-07-16
785646692,2024-07-16,Kocaeli,Kum,1800,217000.0,3 Yaşlı İngilizler,Maiden /,Kocaeli,Kum,3 Yaşlı İngilizler,217000.0,0,2024-07-16
157413383,2024-07-16,Kocaeli,Kum,2000,285000.0,3 Yaşlı İngilizler,KV-6 /,Kocaeli,Kum,3 Yaşlı İngilizler,285000.0,0,2024-07-16
427208600,2024-07-16,Kocaeli,Kum,2000,240000.0,3 ve Yukarı İngilizler,ŞARTLI 5 /D,Kocaeli,Kum,3 ve Yukarı İngilizler,240000.0,0,2024-07-16
426102598,2024-07-16,Kocaeli,Kum,1200,163000.0,3 ve Yukarı İngilizler,Handikap 14 /H2,Kocaeli,Kum,3 ve Yukarı İngilizler,163000.0,0,2024-07-16
852093932,2024-07-16,Kocaeli,Kum,1200,240000.0,4 Yaşlı Araplar,ŞARTLI 5 /DHÖW,Kocaeli,Kum,4 Yaşlı Araplar,240000.0,0,2024-07-16
542754721,2024-07-16,Kocaeli,Kum,1800,163000.0,4 Yaşlı Araplar,Handikap 14 /DHÖW/H2/D,Kocaeli,Kum,4 Yaşlı Araplar,163000.0,0,2024-07-16
517461095,2024-07-16,Kocaeli,Kum,1500,192000.0,4 ve Yukarı Araplar,Handikap 15 /DHÖW/H2,Kocaeli,Kum,4 ve Yukarı Araplar,192000.0,0,2024-07-16
97167827,2024-07-17,İstanbul,Çim,1200,240000.0,2 Yaşlı İngilizler,Maiden /D,İstanbul,Çim,2 Yaşlı İngilizler,240000.0,0,2024-07-17
182733007,2024-07-17,İstanbul,Çim,2100,280000.0,3 Yaşlı İngilizler,ŞARTLI 5 /,İstanbul,Çim,3 Yaşlı İngilizler,280000.0,0,2024-07-17
851520088,2024-07-17,İstanbul,Sentetik,2000,280000.0,3 ve Yukarı İngilizler,ŞARTLI 5 /D,İstanbul,Sentetik,3 ve Yukarı İngilizler,280000.0,0,2024-07-17
365324328,2024-07-17,İstanbul,Çim,1600,236500.0,3 ve Yukarı İngilizler,ŞARTLI 4 /,İstanbul,Çim,3 ve Yukarı İngilizler,236500.0,0,2024-07-17
693571186,2024-07-17,İstanbul,Çim,1300,236500.0,3 ve Yukarı İngilizler,Handikap 15 /H1,İstanbul,Çim,3 ve Yukarı İngilizler,236500.0,0,2024-07-17
2107349,2024-07-17,İstanbul,Sentetik,1300,280000.0,3 Yaşlı Araplar,ŞARTLI 5 /DHÖW/D,İstanbul,Sentetik,3 Yaşlı Araplar,280000.0,0,2024-07-17
242270494,2024-07-17,İstanbul,Çim,1900,253000.0,4 Yaşlı Araplar,SATIŞ 3 /DHÖW,İstanbul,Çim,4 Yaşlı Araplar,253000.0,0,2024-07-17
698296545,2024-07-17,İstanbul,Sentetik,1400,390000.0,4 ve Yukarı Araplar,Kısa Vade Handikap 22 /DHÖW/H1,İstanbul,Sentetik,4 ve Yukarı Araplar,390000.0,0,2024-07-17
863935851,2024-07-17,Elazığ,Kum,2000,114500.0,3 ve Yukarı İngilizler,ŞARTLI 3 /,Elazığ,Kum,3 ve Yukarı İngilizler,114500.0,0,2024-07-17
12194280,2024-07-17,Elazığ,Kum,1600,175000.0,3 ve Yukarı İngilizler,Handikap 16 /H3,Elazığ,Kum,3 ve Yukarı İngilizler,175000.0,0,2024-07-17
162262477,2024-07-17,Elazığ,Kum,1200,160000.0,3 Yaşlı Araplar,Maiden /DHÖW/D,Elazığ,Kum,3 Yaşlı Araplar,160000.0,0,2024-07-17
320223042,2024-07-17,Elazığ,Kum,1200,140000.0,3 Yaşlı Araplar,ŞARTLI 4 /DHT,Elazığ,Kum,3 Yaşlı Araplar,140000.0,0,2024-07-17
139765321,2024-07-17,Elazığ,Kum,2000,114500.0,4 Yaşlı Araplar,Handikap 14 /DHÖW/H3,Elazığ,Kum,4 Yaşlı Araplar,114500.0,0,2024-07-17
209672712,2024-07-17,Elazığ,Kum,2000,435000.0,4 ve Yukarı Araplar,G 3 /DHT,Elazığ,Kum,4 ve Yukarı Araplar,435000.0,0,2024-07-17
805005487,2024-07-17,Elazığ,Kum,1200,114500.0,4 ve Yukarı Araplar,Handikap 14 /DHÖW/H3,Elazığ,Kum,4 ve Yukarı Araplar,114500.0,0,2024-07-17
973528427,2024-07-18,Ankara,Çim,1200,328000.0,2 Yaşlı İngilizler,KV-6 /D,Ankara,Çim,2 Yaşlı İngilizler,328000.0,0,2024-07-18
987741172,2024-07-18,Ankara,Çim,1200,328000.0,3 Yaşlı İngilizler,KV-6 /,Ankara,Çim,3 Yaşlı İngilizler,328000.0,0,2024-07-18
415239375,2024-07-18,Ankara,Kum,2100,186500.0,3 Yaşlı İngilizler,Handikap 14 /H1,Ankara,Kum,3 Yaşlı İngilizler,186500.0,0,2024-07-18
718840571,2024-07-18,Ankara,Çim,1900,390000.0,3 ve Yukarı İngilizler,Kısa Vade Handikap 22 /H1,Ankara,Çim,3 ve Yukarı İngilizler,390000.0,0,2024-07-18
500231434,2024-07-18,Ankara,Kum,1400,240000.0,3 Yaşlı Araplar,Maiden /DHÖW,Ankara,Kum,3 Yaşlı Araplar,240000.0,0,2024-07-18
636210085,2024-07-18,Ankara,Çim,1400,1400000.0,3 Yaşlı Araplar,G 2 /DH,Ankara,Çim,3 Yaşlı Araplar,1400000.0,0,2024-07-18
862263891,2024-07-18,Ankara,Çim,2200,236500.0,4 Yaşlı Araplar,ŞARTLI 4 /DHÖW,Ankara,Çim,4 Yaşlı Araplar,236500.0,0,2024-07-18
493543373,2024-07-18,Ankara,Kum,2000,313000.0,4 ve Yukarı Araplar,Handikap 17 /DHÖW/H1,Ankara,Kum,4 ve Yukarı Araplar,313000.0,0,2024-07-18
2138995,2024-07-18,Kocaeli,Kum,1400,217000.0,2 Yaşlı İngilizler,Maiden /D,Kocaeli,Kum,2 Yaşlı İngilizler,217000.0,0,2024-07-18
676846877,2024-07-18,Kocaeli,Kum,2000,240000.0,3 Yaşlı İngilizler,Handikap 16 /H2,Kocaeli,Kum,3 Yaşlı İngilizler,240000.0,0,2024-07-18
647422161,2024-07-18,Kocaeli,Kum,1900,240000.0,3 ve Yukarı İngilizler,ŞARTLI 5 /,Kocaeli,Kum,3 ve Yukarı İngilizler,240000.0,0,2024-07-18
344096572,2024-07-18,Kocaeli,Kum,1200,240000.0,3 ve Yukarı İngilizler,Handikap 16 /H2/D,Kocaeli,Kum,3 ve Yukarı İngilizler,240000.0,0,2024-07-18
812901156,2024-07-18,Kocaeli,Kum,1400,163000.0,3 Yaşlı Araplar,ŞARTLI 3 /DHÖ,Kocaeli,Kum,3 Yaşlı Araplar,163000.0,0,2024-07-18
576038198,2024-07-18,Kocaeli,Kum,1500,177000.0,4 Yaşlı Araplar,SATIŞ 2 /DHÖW,Kocaeli,Kum,4 Yaşlı Araplar,177000.0,0,2024-07-18
212324430,2024-07-18,Kocaeli,Kum,1800,163000.0,4 ve Yukarı Araplar,Handikap 14 /DHÖ/H2/D,Kocaeli,Kum,4 ve Yukarı Araplar,163000.0,0,2024-07-18
413137775,2024-07-19,Bursa,Çim,1200,331000.0,2 Yaşlı İngilizler,KV-7 /,Bursa,Çim,2 Yaşlı İngilizler,331000.0,0,2024-07-19
838040927,2024-07-19,Bursa,Çim,1300,192000.0,3 Yaşlı İngilizler,Handikap 15 /H2,Bursa,Çim,3 Yaşlı İngilizler,192000.0,0,2024-07-19
97204438,2024-07-19,Bursa,Çim,1400,900000.0,3 ve Yukarı İngilizler,G 2 /,Bursa,Çim,3 ve Yukarı İngilizler,900000.0,0,2024-07-19
709690936,2024-07-19,Bursa,Çim,1500,192000.0,3 ve Yukarı İngilizler,ŞARTLI 4 /,Bursa,Çim,3 ve Yukarı İngilizler,192000.0,0,2024-07-19
69410790,2024-07-19,Bursa,Çim,2200,240000.0,3 ve Yukarı İngilizler,Handikap 16 /H2/D,Bursa,Çim,3 ve Yukarı İngilizler,240000.0,0,2024-07-19
514806714,2024-07-19,Bursa,Çim,1400,217000.0,3 Yaşlı Araplar,Maiden /DHÖW,Bursa,Çim,3 Yaşlı Araplar,217000.0,0,2024-07-19
62224339,2024-07-19,Bursa,Kum,1400,331000.0,4 ve Yukarı Araplar,KV-7 /DHT,Bursa,Kum,4 ve Yukarı Araplar,331000.0,0,2024-07-19
873302890,2024-07-19,Bursa,Çim,2000,240000.0,4 ve Yukarı Araplar,Handikap 16 /DHÖW/H2,Bursa,Çim,4 ve Yukarı Araplar,240000.0,0,2024-07-19
121204410,2024-07-19,İstanbul,Çim,1200,390000.0,2 Yaşlı İngilizler,KV-7 /D,İstanbul,Çim,2 Yaşlı İngilizler,390000.0,0,2024-07-19
994843145,2024-07-19,İstanbul,Çim,2200,216000.0,3 Yaşlı İngilizler,SATIŞ 2 /,İstanbul,Çim,3 Yaşlı İngilizler,216000.0,0,2024-07-19
6393878,2024-07-19,İstanbul,Çim,1900,186500.0,3 Yaşlı İngilizler,Handikap 14 /H1,İstanbul,Çim,3 Yaşlı İngilizler,186500.0,0,2024-07-19
959658743,2024-07-19,İstanbul,Çim,1200,453000.0,3 ve Yukarı İngilizler,KV-8 /,İstanbul,Çim,3 ve Yukarı İngilizler,453000.0,0,2024-07-19
715549927,2024-07-19,İstanbul,Çim,1200,240000.0,3 Yaşlı Araplar,Maiden /DHÖW,İstanbul,Çim,3 Yaşlı Araplar,240000.0,0,2024-07-19
358897958,2024-07-19,İstanbul,Çim,1400,328000.0,3 Yaşlı Araplar,KV-6 /DHÖW,İstanbul,Çim,3 Yaşlı Araplar,328000.0,0,2024-07-19
287269405,2024-07-19,İstanbul,Sentetik,2000,280000.0,4 Yaşlı Araplar,Handikap 16 /DHÖW/H1,İstanbul,Sentetik,4 Yaşlı Araplar,280000.0,0,2024-07-19
750348384,2024-07-19,İstanbul,Çim,2100,280000.0,4 ve Yukarı Araplar,ŞARTLI 5 /DHÖW/Y-3,İstanbul,Çim,4 ve Yukarı Araplar,280000.0,0,2024-07-19
764579922,2024-07-20,Ankara,Çim,1200,1400000.0,2 Yaşlı İngilizler,G 2 /,Ankara,Çim,2 Yaşlı İngilizler,1400000.0,0,2024-07-20
279651127,2024-07-20,Ankara,Kum,1500,186500.0,3 Yaşlı İngilizler,ŞARTLI 3 /D,Ankara,Kum,3 Yaşlı İngilizler,186500.0,0,2024-07-20
505684169,2024-07-20,Ankara,Kum,2000,186500.0,3 ve Yukarı İngilizler,Handikap 14 /H1,Ankara,Kum,3 ve Yukarı İngilizler,186500.0,0,2024-07-20
249150657,2024-07-20,Ankara,Kum,1200,320000.0,3 Yaşlı Araplar,ŞARTLI 1 /DHÖW,Ankara,Kum,3 Yaşlı Araplar,320000.0,0,2024-07-20
275678809,2024-07-20,Ankara,Çim,1300,236500.0,3 Yaşlı Araplar,ŞARTLI 4 /DHÖW,Ankara,Çim,3 Yaşlı Araplar,236500.0,0,2024-07-20
572167554,2024-07-20,Ankara,Kum,2100,390000.0,4 Yaşlı Araplar,KV-7 /DHÖW,Ankara,Kum,4 Yaşlı Araplar,390000.0,0,2024-07-20
680395171,2024-07-20,Ankara,Çim,2200,390000.0,4 ve Yukarı Araplar,KV-7 /DHÖW,Ankara,Çim,4 ve Yukarı Araplar,390000.0,0,2024-07-20
413528667,2024-07-20,Ankara,Kum,1400,390000.0,4 ve Yukarı Araplar,Kısa Vade Handikap 22 /DHÖW/H1,Ankara,Kum,4 ve Yukarı Araplar,390000.0,0,2024-07-20
773379925,2024-07-20,İzmir,Çim,1200,273000.0,2 Yaşlı İngilizler,ŞARTLI 1 /,İzmir,Çim,2 Yaşlı İngilizler,273000.0,0,2024-07-20
687485395,2024-07-20,İzmir,Çim,1300,240000.0,3 Yaşlı İngilizler,ŞARTLI 5 /,İzmir,Çim,3 Yaşlı İngilizler,240000.0,0,2024-07-20
428304674,2024-07-20,İzmir,Çim,1900,240000.0,3 Yaşlı İngilizler,Handikap 16 /H2,İzmir,Çim,3 Yaşlı İngilizler,240000.0,0,2024-07-20
744226623,2024-07-20,İzmir,Çim,1300,163000.0,3 ve Yukarı İngilizler,Handikap 14 /H2/D,İzmir,Çim,3 ve Yukarı İngilizler,163000.0,0,2024-07-20
522822181,2024-07-20,İzmir,Çim,2000,331000.0,4 Yaşlı Araplar,KV-7 /DHT,İzmir,Çim,4 Yaşlı Araplar,331000.0,0,2024-07-20
527355238,2024-07-20,İzmir,Çim,1300,240000.0,4 Yaşlı Araplar,Handikap 16 /DHÖW/H2,İzmir,Çim,4 Yaşlı Araplar,240000.0,0,2024-07-20
971070453,2024-07-20,İzmir,Çim,1300,163000.0,4 ve Yukarı Araplar,ŞARTLI 3 /DHÖW,İzmir,Çim,4 ve Yukarı Araplar,163000.0,0,2024-07-20
204675226,2024-07-20,İzmir,Kum,1200,153000.0,4 ve Yukarı Araplar,SATIŞ 1 /DHÖW,İzmir,Kum,4 ve Yukarı Araplar,153000.0,0,2024-07-20
922818570,2024-07-20,Diyarbakır,Kum,1200,160000.0,2 Yaşlı İngilizler,ŞARTLI 19 /,Diyarbakır,Kum,2 Yaşlı İngilizler,160000.0,0,2024-07-20
176156304,2024-07-20,Diyarbakır,Kum,2000,114500.0,3 Yaşlı İngilizler,ŞARTLI 3 /,Diyarbakır,Kum,3 Yaşlı İngilizler,114500.0,0,2024-07-20
517604827,2024-07-20,Diyarbakır,Kum,1900,88000.0,3 ve Yukarı İngilizler,ŞARTLI 2 /D,Diyarbakır,Kum,3 ve Yukarı İngilizler,88000.0,0,2024-07-20
746691723,2024-07-20,Diyarbakır,Kum,2000,114500.0,4 Yaşlı Araplar,ŞARTLI 3 /DHÖW/Y-1,Diyarbakır,Kum,4 Yaşlı Araplar,114500.0,0,2024-07-20
155812079,2024-07-20,Diyarbakır,Kum,1900,88000.0,4 ve Yukarı Araplar,ŞARTLI 2 /DHÖW/D,Diyarbakır,Kum,4 ve Yukarı Araplar,88000.0,0,2024-07-20
279915992,2024-07-20,Diyarbakır,Kum,1700,140000.0,4 ve Yukarı Araplar,Handikap 15 /DHÖW/H3,Diyarbakır,Kum,4 ve Yukarı Araplar,140000.0,0,2024-07-20
101739921,2024-07-21,İstanbul,Çim,1200,453000.0,2 Yaşlı İngilizler,KV-8 /,İstanbul,Çim,2 Yaşlı İngilizler,453000.0,0,2024-07-21
95404421,2024-07-21,İstanbul,Sentetik,2100,1400000.0,3 Yaşlı İngilizler,G 2 /,İstanbul,Sentetik,3 Yaşlı İngilizler,1400000.0,0,2024-07-21
14963086,2024-07-21,İstanbul,Çim,2100,980000.0,3 Yaşlı İngilizler,G 3 /TR/D,İstanbul,Çim,3 Yaşlı İngilizler,980000.0,0,2024-07-21
419836629,2024-07-21,İstanbul,Sentetik,2000,390000.0,3 ve Yukarı İngilizler,KV-7 /,İstanbul,Sentetik,3 ve Yukarı İngilizler,390000.0,0,2024-07-21
853044427,2024-07-21,İstanbul,Sentetik,1200,320000.0,3 Yaşlı Araplar,ŞARTLI 1 /DHÖW/D,İstanbul,Sentetik,3 Yaşlı Araplar,320000.0,0,2024-07-21
24841448,2024-07-21,İstanbul,Çim,1900,236500.0,4 Yaşlı Araplar,ŞARTLI 4 /DHÖW/Y-2,İstanbul,Çim,4 Yaşlı Araplar,236500.0,0,2024-07-21
704699781,2024-07-21,İstanbul,Sentetik,2200,328000.0,4 ve Yukarı Araplar,KV-6 /DHÖW,İstanbul,Sentetik,4 ve Yukarı Araplar,328000.0,0,2024-07-21
396427647,2024-07-21,İstanbul,Çim,1600,236500.0,4 ve Yukarı Araplar,Handikap 15 /DHÖW/H1,İstanbul,Çim,4 ve Yukarı Araplar,236500.0,0,2024-07-21
237709850,2024-07-21,İzmir,Kum,1200,217000.0,2 Yaşlı İngilizler,Maiden /,İzmir,Kum,2 Yaşlı İngilizler,217000.0,0,2024-07-21
183429828,2024-07-21,İzmir,Kum,1200,192000.0,2 Yaşlı İngilizler,ŞARTLI 4 /,İzmir,Kum,2 Yaşlı İngilizler,192000.0,0,2024-07-21
10208851,2024-07-21,İzmir,Kum,2200,192000.0,3 Yaşlı İngilizler,ŞARTLI 4 /,İzmir,Kum,3 Yaşlı İngilizler,192000.0,0,2024-07-21
637438337,2024-07-21,İzmir,Çim,1300,192000.0,3 Yaşlı İngilizler,Handikap 15 /H2,İzmir,Çim,3 Yaşlı İngilizler,192000.0,0,2024-07-21
183429828,2024-07-21,İzmir,Çim,1200,192000.0,3 ve Yukarı İngilizler,ŞARTLI 4 /,İzmir,Çim,3 ve Yukarı İngilizler,192000.0,0,2024-07-21
418378899,2024-07-21,İzmir,Çim,1900,192000.0,4 Yaşlı Araplar,ŞARTLI 4 /DHÖW/Y-1,İzmir,Çim,4 Yaşlı Araplar,192000.0,0,2024-07-21
824516029,2024-07-21,İzmir,Çim,1700,384000.0,4 ve Yukarı Araplar,KV-8 /DHÖW,İzmir,Çim,4 ve Yukarı Araplar,384000.0,0,2024-07-21
602335895,2024-07-21,İzmir,Çim,2000,240000.0,4 ve Yukarı Araplar,Handikap 16 /DHÖW/H2,İzmir,Çim,4 ve Yukarı Araplar,240000.0,0,2024-07-21
105679760,2024-07-22,Bursa,Çim,1200,217000.0,2 Yaşlı İngilizler,Maiden /D,Bursa,Çim,2 Yaşlı İngilizler,217000.0,0,2024-07-22
339042006,2024-07-22,Bursa,Çim,2000,384000.0,3 Yaşlı İngilizler,KV-8 /,Bursa,Çim,3 Yaşlı İngilizler,384000.0,0,2024-07-22
867288306,2024-07-22,Bursa,Çim,1400,163000.0,3 Yaşlı İngilizler,ŞARTLI 3 /,Bursa,Çim,3 Yaşlı İngilizler,163000.0,0,2024-07-22
33597510,2024-07-22,Bursa,Kum,1400,240000.0,3 Yaşlı İngilizler,Handikap 16 /H2,Bursa,Kum,3 Yaşlı İngilizler,240000.0,0,2024-07-22
78418032,2024-07-22,Bursa,Çim,1500,177000.0,3 ve Yukarı İngilizler,SATIŞ 2 /,Bursa,Çim,3 ve Yukarı İngilizler,177000.0,0,2024-07-22
650321715,2024-07-22,Bursa,Çim,2200,163000.0,3 ve Yukarı İngilizler,Handikap 14 /H2,Bursa,Çim,3 ve Yukarı İngilizler,163000.0,0,2024-07-22
503518198,2024-07-22,Bursa,Çim,1400,240000.0,3 Yaşlı Araplar,ŞARTLI 5 /DHÖW,Bursa,Çim,3 Yaşlı Araplar,240000.0,0,2024-07-22
776119226,2024-07-22,Bursa,Çim,1200,331000.0,4 ve Yukarı Araplar,KV-7 /DHÖW,Bursa,Çim,4 ve Yukarı Araplar,331000.0,0,2024-07-22
954929745,2024-07-22,Bursa,Kum,1300,240000.0,4 ve Yukarı Araplar,Handikap 16 /DHÖW/H2,Bursa,Kum,4 ve Yukarı Araplar,240000.0,0,2024-07-22
694182171,2024-07-22,Elazığ,Kum,1200,140000.0,2 Yaşlı İngilizler,ŞARTLI 4 /,Elazığ,Kum,2 Yaşlı İngilizler,140000.0,0,2024-07-22
370200643,2024-07-22,Elazığ,Kum,1600,160000.0,3 Yaşlı İngilizler,Maiden /,Elazığ,Kum,3 Yaşlı İngilizler,160000.0,0,2024-07-22
449173462,2024-07-22,Elazığ,Kum,2000,238000.0,3 Yaşlı İngilizler,KV-7 /,Elazığ,Kum,3 Yaşlı İngilizler,238000.0,0,2024-07-22
332111696,2024-07-22,Elazığ,Kum,1600,175000.0,3 ve Yukarı İngilizler,ŞARTLI 5 /D,Elazığ,Kum,3 ve Yukarı İngilizler,175000.0,0,2024-07-22
444145482,2024-07-22,Elazığ,Kum,1200,140000.0,4 Yaşlı Araplar,ŞARTLI 4 /DHT,Elazığ,Kum,4 Yaşlı Araplar,140000.0,0,2024-07-22
881496838,2024-07-22,Elazığ,Kum,2000,140000.0,4 ve Yukarı Araplar,ŞARTLI 4 /DHÖW/TR,Elazığ,Kum,4 ve Yukarı Araplar,140000.0,0,2024-07-22
942596314,2024-07-22,Elazığ,Kum,1900,175000.0,4 ve Yukarı Araplar,Handikap 16 /DHÖW/H3/D,Elazığ,Kum,4 ve Yukarı Araplar,175000.0,0,2024-07-22
702068470,2024-07-23,Ankara,Çim,1300,320000.0,2 Yaşlı İngilizler,ŞARTLI 1 /,Ankara,Çim,2 Yaşlı İngilizler,320000.0,0,2024-07-23
624269613,2024-07-23,Ankara,Kum,1300,186500.0,2 Yaşlı İngilizler,ŞARTLI 3 /,Ankara,Kum,2 Yaşlı İngilizler,186500.0,0,2024-07-23
405381847,2024-07-23,Ankara,Çim,1400,280000.0,3 Yaşlı İngilizler,Handikap 16 /H1,Ankara,Çim,3 Yaşlı İngilizler,280000.0,0,2024-07-23
281620562,2024-07-23,Ankara,Kum,1200,280000.0,3 ve Yukarı İngilizler,ŞARTLI 5 /,Ankara,Kum,3 ve Yukarı İngilizler,280000.0,0,2024-07-23
91740634,2024-07-23,Ankara,Çim,1900,186500.0,3 ve Yukarı İngilizler,Handikap 14 /H1/D,Ankara,Çim,3 ve Yukarı İngilizler,186500.0,0,2024-07-23
656699015,2024-07-23,Ankara,Kum,1500,453000.0,4 Yaşlı Araplar,KV-8 /DHT,Ankara,Kum,4 Yaşlı Araplar,453000.0,0,2024-07-23
294977112,2024-07-23,Ankara,Kum,2000,236500.0,4 Yaşlı Araplar,Handikap 15 /DHÖW/H1,Ankara,Kum,4 Yaşlı Araplar,236500.0,0,2024-07-23
353845537,2024-07-23,Ankara,Çim,1600,236500.0,4 ve Yukarı Araplar,ŞARTLI 4 /DHÖ,Ankara,Çim,4 ve Yukarı Araplar,236500.0,0,2024-07-23
729908136,2024-07-23,Kocaeli,Kum,1400,163000.0,3 Yaşlı İngilizler,Handikap 14 /H2,Kocaeli,Kum,3 Yaşlı İngilizler,163000.0,0,2024-07-23
568743439,2024-07-23,Kocaeli,Kum,1400,163000.0,3 ve Yukarı İngilizler,ŞARTLI 3 /D,Kocaeli,Kum,3 ve Yukarı İngilizler,163000.0,0,2024-07-23
952697616,2024-07-23,Kocaeli,Kum,1800,240000.0,3 ve Yukarı İngilizler,Handikap 16 /H2,Kocaeli,Kum,3 ve Yukarı İngilizler,240000.0,0,2024-07-23
837218426,2024-07-23,Kocaeli,Kum,1200,217000.0,3 Yaşlı Araplar,Maiden /DHÖW/D,Kocaeli,Kum,3 Yaşlı Araplar,217000.0,0,2024-07-23
441179597,2024-07-23,Kocaeli,Kum,1200,285000.0,3 Yaşlı Araplar,KV-6 /DHÖW,Kocaeli,Kum,3 Yaşlı Araplar,285000.0,0,2024-07-23
796285106,2024-07-23,Kocaeli,Kum,2000,240000.0,4 Yaşlı Araplar,Handikap 16 /DHÖW/H2,Kocaeli,Kum,4 Yaşlı Araplar,240000.0,0,2024-07-23
631017996,2024-07-23,Kocaeli,Kum,1200,163000.0,4 ve Yukarı Araplar,ŞARTLI 3 /DHÖW/D,Kocaeli,Kum,4 ve Yukarı Araplar,163000.0,0,2024-07-23
239392354,2024-07-24,İstanbul,Sentetik,1300,240000.0,2 Yaşlı İngilizler,Maiden /,İstanbul,Sentetik,2 Yaşlı İngilizler,240000.0,0,2024-07-24
883052343,2024-07-24,İstanbul,Çim,1400,980000.0,3 Yaşlı İngilizler,G 3 /,İstanbul,Çim,3 Yaşlı İngilizler,980000.0,0,2024-07-24
438670372,2024-07-24,İstanbul,Çim,1600,280000.0,3 Yaşlı İngilizler,Handikap 16 /H1,İstanbul,Çim,3 Yaşlı İngilizler,280000.0,0,2024-07-24
775590448,2024-07-24,İstanbul,Çim,1900,390000.0,3 ve Yukarı İngilizler,Kısa Vade Handikap 22 /H1,İstanbul,Çim,3 ve Yukarı İngilizler,390000.0,0,2024-07-24
858719496,2024-07-24,İstanbul,Çim,1300,186500.0,3 Yaşlı Araplar,ŞARTLI 3 /DHÖ,İstanbul,Çim,3 Yaşlı Araplar,186500.0,0,2024-07-24
364205403,2024-07-24,İstanbul,Çim,2100,236500.0,4 Yaşlı Araplar,ŞARTLI 4 /DHÖW/D,İstanbul,Çim,4 Yaşlı Araplar,236500.0,0,2024-07-24
903534454,2024-07-24,İstanbul,Sentetik,1500,186500.0,4 Yaşlı Araplar,Handikap 14 /DHÖW/H1,İstanbul,Sentetik,4 Yaşlı Araplar,186500.0,0,2024-07-24
400396848,2024-07-24,İstanbul,Çim,1600,216000.0,4 ve Yukarı Araplar,SATIŞ 2 /DHÖW,İstanbul,Çim,4 ve Yukarı Araplar,216000.0,0,2024-07-24
92346779,2024-07-24,İstanbul,Çim,2200,313000.0,4 ve Yukarı Araplar,Handikap 17 /DHÖ/H1,İstanbul,Çim,4 ve Yukarı Araplar,313000.0,0,2024-07-24
916651896,2024-07-24,Elazığ,Kum,1200,160000.0,2 Yaşlı İngilizler,Maiden /,Elazığ,Kum,2 Yaşlı İngilizler,160000.0,0,2024-07-24
1827701,2024-07-24,Elazığ,Kum,1700,140000.0,3 Yaşlı İngilizler,ŞARTLI 4 /,Elazığ,Kum,3 Yaşlı İngilizler,140000.0,0,2024-07-24
444919096,2024-07-24,Elazığ,Kum,1200,114500.0,3 ve Yukarı İngilizler,ŞARTLI 3 /,Elazığ,Kum,3 ve Yukarı İngilizler,114500.0,0,2024-07-24
830121623,2024-07-24,Elazığ,Kum,2000,175000.0,3 ve Yukarı İngilizler,Handikap 16 /H3,Elazığ,Kum,3 ve Yukarı İngilizler,175000.0,0,2024-07-24
971773642,2024-07-24,Elazığ,Kum,1900,175000.0,4 Yaşlı Araplar,ŞARTLI 5 /DHÖ/D,Elazığ,Kum,4 Yaşlı Araplar,175000.0,0,2024-07-24
696264767,2024-07-24,Elazığ,Kum,1700,114500.0,4 ve Yukarı Araplar,ŞARTLI 3 /DHÖ/Y-2,Elazığ,Kum,4 ve Yukarı Araplar,114500.0,0,2024-07-24
537770580,2024-07-24,Elazığ,Kum,2000,194000.0,4 ve Yukarı Araplar,Handikap 17 /DHÖW/H3,Elazığ,Kum,4 ve Yukarı Araplar,194000.0,0,2024-07-24
71384867,2024-07-25,Ankara,Kum,1400,240000.0,2 Yaşlı İngilizler,Maiden /,Ankara,Kum,2 Yaşlı İngilizler,240000.0,0,2024-07-25
678133390,2024-07-25,Ankara,Kum,1300,186500.0,2 Yaşlı İngilizler,ŞARTLI 3 /D,Ankara,Kum,2 Yaşlı İngilizler,186500.0,0,2024-07-25
312681495,2024-07-25,Ankara,Kum,2000,328000.0,3 Yaşlı İngilizler,KV-6 /,Ankara,Kum,3 Yaşlı İngilizler,328000.0,0,2024-07-25
12517364,2024-07-25,Ankara,Çim,1900,280000.0,3 Yaşlı İngilizler,Handikap 16 /H1,Ankara,Çim,3 Yaşlı İngilizler,280000.0,0,2024-07-25
47172926,2024-07-25,Ankara,Kum,1500,280000.0,3 ve Yukarı İngilizler,Handikap 16 /H1,Ankara,Kum,3 ve Yukarı İngilizler,280000.0,0,2024-07-25
2797165,2024-07-25,Ankara,Kum,1300,280000.0,3 Yaşlı Araplar,ŞARTLI 5 /DHÖW/D,Ankara,Kum,3 Yaşlı Araplar,280000.0,0,2024-07-25
942503490,2024-07-25,Ankara,Kum,1500,186500.0,4 Yaşlı Araplar,Handikap 14 /DHÖ/H1,Ankara,Kum,4 Yaşlı Araplar,186500.0,0,2024-07-25
886946457,2024-07-25,Ankara,Kum,2000,216000.0,4 ve Yukarı Araplar,SATIŞ 2 /DHÖW,Ankara,Kum,4 ve Yukarı Araplar,216000.0,0,2024-07-25
511918525,2024-07-25,Ankara,Çim,2400,280000.0,4 ve Yukarı Araplar,Handikap 16 /DHÖW/H1,Ankara,Çim,4 ve Yukarı Araplar,280000.0,0,2024-07-25
394947257,2024-07-25,Kocaeli,Kum,1200,217000.0,2 Yaşlı İngilizler,Maiden /,Kocaeli,Kum,2 Yaşlı İngilizler,217000.0,0,2024-07-25
552845114,2024-07-25,Kocaeli,Kum,1500,192000.0,3 Yaşlı İngilizler,ŞARTLI 4 /,Kocaeli,Kum,3 Yaşlı İngilizler,192000.0,0,2024-07-25
827935451,2024-07-25,Kocaeli,Kum,1700,240000.0,3 Yaşlı İngilizler,Handikap 16 /H2/D,Kocaeli,Kum,3 Yaşlı İngilizler,240000.0,0,2024-07-25
85548752,2024-07-25,Kocaeli,Kum,1400,240000.0,3 ve Yukarı İngilizler,ŞARTLI 5 /,Kocaeli,Kum,3 ve Yukarı İngilizler,240000.0,0,2024-07-25
678765619,2024-07-25,Kocaeli,Kum,1700,163000.0,3 ve Yukarı İngilizler,Handikap 14 /H2,Kocaeli,Kum,3 ve Yukarı İngilizler,163000.0,0,2024-07-25
605534341,2024-07-25,Kocaeli,Kum,1200,192000.0,3 Yaşlı Araplar,ŞARTLI 4 /DHÖW/D,Kocaeli,Kum,3 Yaşlı Araplar,192000.0,0,2024-07-25
205919010,2024-07-25,Kocaeli,Kum,1900,331000.0,4 Yaşlı Araplar,KV-7 /DHÖW,Kocaeli,Kum,4 Yaşlı Araplar,331000.0,0,2024-07-25
249677262,2024-07-25,Kocaeli,Kum,1400,440000.0,4 ve Yukarı Araplar,KV-9 /DHT,Kocaeli,Kum,4 ve Yukarı Araplar,440000.0,0,2024-07-25
593292448,2024-07-25,Kocaeli,Kum,2000,163000.0,4 ve Yukarı Araplar,Handikap 14 /DHÖW/H2,Kocaeli,Kum,4 ve Yukarı Araplar,163000.0,0,2024-07-25
914002915,2024-07-26,Bursa,Çim,1300,163000.0,2 Yaşlı İngilizler,ŞARTLI 3 /,Bursa,Çim,2 Yaşlı İngilizler,163000.0,0,2024-07-26
636780781,2024-07-26,Bursa,Çim,1800,192000.0,3 Yaşlı İngilizler,ŞARTLI 4 /,Bursa,Çim,3 Yaşlı İngilizler,192000.0,0,2024-07-26
818735328,2024-07-26,Bursa,Çim,1400,163000.0,3 Yaşlı İngilizler,ŞARTLI 3 /D,Bursa,Çim,3 Yaşlı İngilizler,163000.0,0,2024-07-26
690633532,2024-07-26,Bursa,Kum,1200,285000.0,3 ve Yukarı İngilizler,KV-6 /,Bursa,Kum,3 ve Yukarı İngilizler,285000.0,0,2024-07-26
285018672,2024-07-26,Bursa,Kum,2000,163000.0,3 ve Yukarı İngilizler,Handikap 14 /H2,Bursa,Kum,3 ve Yukarı İngilizler,163000.0,0,2024-07-26
744529921,2024-07-26,Bursa,Kum,1400,217000.0,3 Yaşlı Araplar,Maiden /DHÖW,Bursa,Kum,3 Yaşlı Araplar,217000.0,0,2024-07-26
754343424,2024-07-26,Bursa,Çim,1400,240000.0,4 Yaşlı Araplar,Handikap 16 /DHÖW/H2,Bursa,Çim,4 Yaşlı Araplar,240000.0,0,2024-07-26
922779533,2024-07-26,Bursa,Çim,1800,192000.0,4 ve Yukarı Araplar,ŞARTLI 4 /DHÖW,Bursa,Çim,4 ve Yukarı Araplar,192000.0,0,2024-07-26
204686644,2024-07-26,İstanbul,Sentetik,1300,186500.0,2 Yaşlı İngilizler,ŞARTLI 3 /,İstanbul,Sentetik,2 Yaşlı İngilizler,186500.0,0,2024-07-26
632810373,2024-07-26,İstanbul,Çim,1900,240000.0,3 Yaşlı İngilizler,Maiden /,İstanbul,Çim,3 Yaşlı İngilizler,240000.0,0,2024-07-26
299845926,2024-07-26,İstanbul,Sentetik,2000,236500.0,3 Yaşlı İngilizler,Handikap 15 /H1,İstanbul,Sentetik,3 Yaşlı İngilizler,236500.0,0,2024-07-26
407784507,2024-07-26,İstanbul,Çim,2400,453000.0,3 ve Yukarı İngilizler,KV-8 /,İstanbul,Çim,3 ve Yukarı İngilizler,453000.0,0,2024-07-26
853345779,2024-07-26,İstanbul,Çim,1400,216000.0,3 Yaşlı Araplar,SATIŞ 2 /DHÖW,İstanbul,Çim,3 Yaşlı Araplar,216000.0,0,2024-07-26
148209824,2024-07-26,İstanbul,Sentetik,1500,280000.0,4 Yaşlı Araplar,ŞARTLI 5 /DHÖW/D,İstanbul,Sentetik,4 Yaşlı Araplar,280000.0,0,2024-07-26
366840987,2024-07-26,İstanbul,Çim,1400,390000.0,4 ve Yukarı Araplar,KV-7 /DHÖ,İstanbul,Çim,4 ve Yukarı Araplar,390000.0,0,2024-07-26
726763146,2024-07-26,İstanbul,Sentetik,2000,280000.0,4 ve Yukarı Araplar,Handikap 16 /DHÖW/H1,İstanbul,Sentetik,4 ve Yukarı Araplar,280000.0,0,2024-07-26
737805736,2024-07-27,Ankara,Kum,1300,328000.0,2 Yaşlı İngilizler,KV-6 /,Ankara,Kum,2 Yaşlı İngilizler,328000.0,0,2024-07-27
126963498,2024-07-27,Ankara,Çim,1900,240000.0,3 Yaşlı İngilizler,Maiden /,Ankara,Çim,3 Yaşlı İngilizler,240000.0,0,2024-07-27
96856512,2024-07-27,Ankara,Çim,1900,328000.0,3 Yaşlı İngilizler,KV-6 /,Ankara,Çim,3 Yaşlı İngilizler,328000.0,0,2024-07-27
571288007,2024-07-27,Ankara,Çim,1400,180000.0,3 Yaşlı İngilizler,SATIŞ 1 /,Ankara,Çim,3 Yaşlı İngilizler,180000.0,0,2024-07-27
963782819,2024-07-27,Ankara,Kum,2200,280000.0,3 ve Yukarı İngilizler,ŞARTLI 5 /,Ankara,Kum,3 ve Yukarı İngilizler,280000.0,0,2024-07-27
392738480,2024-07-27,Ankara,Çim,1200,186500.0,3 ve Yukarı İngilizler,ŞARTLI 3 /D,Ankara,Çim,3 ve Yukarı İngilizler,186500.0,0,2024-07-27
112413237,2024-07-27,Ankara,Çim,2200,236500.0,4 Yaşlı Araplar,ŞARTLI 4 /DHÖW/Y-2/D,Ankara,Çim,4 Yaşlı Araplar,236500.0,0,2024-07-27
846297603,2024-07-27,Ankara,Çim,1600,280000.0,4 Yaşlı Araplar,Handikap 16 /DHÖW/H1,Ankara,Çim,4 Yaşlı Araplar,280000.0,0,2024-07-27
681264496,2024-07-27,Ankara,Kum,2000,280000.0,4 ve Yukarı Araplar,ŞARTLI 5 /DHÖW,Ankara,Kum,4 ve Yukarı Araplar,280000.0,0,2024-07-27
313382947,2024-07-27,İzmir,Çim,1200,192000.0,2 Yaşlı İngilizler,ŞARTLI 4 /D,İzmir,Çim,2 Yaşlı İngilizler,192000.0,0,2024-07-27
42861570,2024-07-27,İzmir,Çim,2000,331000.0,3 Yaşlı İngilizler,KV-7 /,İzmir,Çim,3 Yaşlı İngilizler,331000.0,0,2024-07-27
538189092,2024-07-27,İzmir,Kum,1900,240000.0,3 Yaşlı İngilizler,Handikap 16 /H2,İzmir,Kum,3 Yaşlı İngilizler,240000.0,0,2024-07-27
632183714,2024-07-27,İzmir,Kum,1600,285000.0,3 ve Yukarı İngilizler,KV-6 /,İzmir,Kum,3 ve Yukarı İngilizler,285000.0,0,2024-07-27
76216006,2024-07-27,İzmir,Çim,1300,192000.0,3 ve Yukarı İngilizler,Handikap 15 /H2,İzmir,Çim,3 ve Yukarı İngilizler,192000.0,0,2024-07-27
709517991,2024-07-27,İzmir,Çim,1200,217000.0,3 Yaşlı Araplar,Maiden /DHÖW,İzmir,Çim,3 Yaşlı Araplar,217000.0,0,2024-07-27
341959080,2024-07-27,İzmir,Çim,1700,192000.0,4 ve Yukarı Araplar,ŞARTLI 4 /DHÖW/D,İzmir,Çim,4 ve Yukarı Araplar,192000.0,0,2024-07-27
979765399,2024-07-27,İzmir,Çim,1200,274000.0,4 ve Yukarı Araplar,Handikap 17 /DHÖW/H2,İzmir,Çim,4 ve Yukarı Araplar,274000.0,0,2024-07-27
115428196,2024-07-27,Diyarbakır,Kum,1200,140000.0,2 Yaşlı İngilizler,ŞARTLI 4 /,Diyarbakır,Kum,2 Yaşlı İngilizler,140000.0,0,2024-07-27
190757368,2024-07-27,Diyarbakır,Kum,1700,160000.0,3 Yaşlı İngilizler,ŞARTLI 19 /,Diyarbakır,Kum,3 Yaşlı İngilizler,160000.0,0,2024-07-27
147616436,2024-07-27,Diyarbakır,Kum,1200,175000.0,3 Yaşlı İngilizler,ŞARTLI 5 /,Diyarbakır,Kum,3 Yaşlı İngilizler,175000.0,0,2024-07-27
905075851,2024-07-27,Diyarbakır,Kum,1700,114500.0,3 ve Yukarı İngilizler,Handikap 14 /H3/Y-2,Diyarbakır,Kum,3 ve Yukarı İngilizler,114500.0,0,2024-07-27
672110236,2024-07-27,Diyarbakır,Kum,1700,88000.0,4 Yaşlı Araplar,ŞARTLI 2 /DHÖW/D,Diyarbakır,Kum,4 Yaşlı Araplar,88000.0,0,2024-07-27
109503926,2024-07-27,Diyarbakır,Kum,2000,82000.0,4 ve Yukarı Araplar,Handikap 13 /DHÖW/H3,Diyarbakır,Kum,4 ve Yukarı Araplar,82000.0,0,2024-07-27
22750475,2024-07-28,İstanbul,Çim,1300,186500.0,2 Yaşlı İngilizler,ŞARTLI 3 /TR,İstanbul,Çim,2 Yaşlı İngilizler,186500.0,0,2024-07-28
130508662,2024-07-28,İstanbul,Çim,1400,236500.0,3 Yaşlı İngilizler,ŞARTLI 4 /,İstanbul,Çim,3 Yaşlı İngilizler,236500.0,0,2024-07-28
708145169,2024-07-28,İstanbul,Çim,2000,2250000.0,3 ve Yukarı İngilizler,G 1 /,İstanbul,Çim,3 ve Yukarı İngilizler,2250000.0,0,2024-07-28
176794,2024-07-28,İstanbul,Çim,1900,186500.0,3 ve Yukarı İngilizler,ŞARTLI 3 /,İstanbul,Çim,3 ve Yukarı İngilizler,186500.0,0,2024-07-28
627408693,2024-07-28,İstanbul,Sentetik,1500,328000.0,3 ve Yukarı İngilizler,Handikap 21 /H1,İstanbul,Sentetik,3 ve Yukarı İngilizler,328000.0,0,2024-07-28
640124770,2024-07-28,İstanbul,Sentetik,1400,240000.0,3 Yaşlı Araplar,Maiden /DHÖW/TR,İstanbul,Sentetik,3 Yaşlı Araplar,240000.0,0,2024-07-28
978342932,2024-07-28,İstanbul,Çim,2400,1950000.0,4 Yaşlı Araplar,G 1 /DHT,İstanbul,Çim,4 Yaşlı Araplar,1950000.0,0,2024-07-28
65105778,2024-07-28,İstanbul,Çim,1600,236500.0,4 Yaşlı Araplar,Handikap 15 /DHÖW/H1,İstanbul,Çim,4 Yaşlı Araplar,236500.0,0,2024-07-28
95300571,2024-07-28,İzmir,Çim,1200,273000.0,2 Yaşlı İngilizler,ŞARTLI 1 /D,İzmir,Çim,2 Yaşlı İngilizler,273000.0,0,2024-07-28
51161951,2024-07-28,İzmir,Çim,1200,163000.0,2 Yaşlı İngilizler,ŞARTLI 3 /TR,İzmir,Çim,2 Yaşlı İngilizler,163000.0,0,2024-07-28
934310581,2024-07-28,İzmir,Kum,1600,240000.0,3 Yaşlı İngilizler,ŞARTLI 5 /,İzmir,Kum,3 Yaşlı İngilizler,240000.0,0,2024-07-28
57505266,2024-07-28,İzmir,Kum,1400,285000.0,3 ve Yukarı İngilizler,KV-6 /D,İzmir,Kum,3 ve Yukarı İngilizler,285000.0,0,2024-07-28
534507248,2024-07-28,İzmir,Kum,2000,192000.0,3 ve Yukarı İngilizler,Handikap 15 /H2,İzmir,Kum,3 ve Yukarı İngilizler,192000.0,0,2024-07-28
905734795,2024-07-28,İzmir,Çim,1200,285000.0,3 Yaşlı Araplar,KV-6 /DHT,İzmir,Çim,3 Yaşlı Araplar,285000.0,0,2024-07-28
389639821,2024-07-28,İzmir,Kum,1600,163000.0,4 Yaşlı Araplar,ŞARTLI 3 /DHÖW/D,İzmir,Kum,4 Yaşlı Araplar,163000.0,0,2024-07-28
440640913,2024-07-28,İzmir,Kum,1400,274000.0,4 ve Yukarı Araplar,Handikap 17 /DHÖW/H2,İzmir,Kum,4 ve Yukarı Araplar,274000.0,0,2024-07-28
585661909,2024-07-29,Bursa,Kum,1300,217000.0,2 Yaşlı İngilizler,Maiden /,Bursa,Kum,2 Yaşlı İngilizler,217000.0,0,2024-07-29
509310543,2024-07-29,Bursa,Kum,1300,240000.0,2 Yaşlı İngilizler,ŞARTLI 5 /,Bursa,Kum,2 Yaşlı İngilizler,240000.0,0,2024-07-29
389579262,2024-07-29,Bursa,Kum,2000,192000.0,3 Yaşlı İngilizler,Handikap 15 /H2/D,Bursa,Kum,3 Yaşlı İngilizler,192000.0,0,2024-07-29
458147261,2024-07-29,Bursa,Kum,1800,192000.0,3 ve Yukarı İngilizler,ŞARTLI 4 /,Bursa,Kum,3 ve Yukarı İngilizler,192000.0,0,2024-07-29
282549965,2024-07-29,Bursa,Kum,2100,153000.0,3 ve Yukarı İngilizler,SATIŞ 1 /,Bursa,Kum,3 ve Yukarı İngilizler,153000.0,0,2024-07-29
472060312,2024-07-29,Bursa,Kum,1200,384000.0,3 Yaşlı Araplar,KV-8 /DHT,Bursa,Kum,3 Yaşlı Araplar,384000.0,0,2024-07-29
127138164,2024-07-29,Bursa,Kum,1400,163000.0,3 Yaşlı Araplar,ŞARTLI 3 /DHÖW,Bursa,Kum,3 Yaşlı Araplar,163000.0,0,2024-07-29
184586269,2024-07-29,Bursa,Kum,1400,285000.0,4 Yaşlı Araplar,KV-6 /DHÖW,Bursa,Kum,4 Yaşlı Araplar,285000.0,0,2024-07-29
195673452,2024-07-29,Bursa,Kum,1900,192000.0,4 ve Yukarı Araplar,Handikap 15 /DHÖW/H2,Bursa,Kum,4 ve Yukarı Araplar,192000.0,0,2024-07-29
584682977,2024-07-29,Elazığ,Kum,1500,330000.0,3 ve Yukarı İngilizler,KV-9 /,Elazığ,Kum,3 ve Yukarı İngilizler,330000.0,0,2024-07-29
261243278,2024-07-29,Elazığ,Kum,1900,114500.0,3 ve Yukarı İngilizler,Handikap 14 /H3/D,Elazığ,Kum,3 ve Yukarı İngilizler,114500.0,0,2024-07-29
639527040,2024-07-29,Elazığ,Kum,1200,160000.0,3 Yaşlı Araplar,Maiden /DHÖ,Elazığ,Kum,3 Yaşlı Araplar,160000.0,0,2024-07-29
58292216,2024-07-29,Elazığ,Kum,1200,82000.0,3 Yaşlı Araplar,Handikap 13 /DHÖW/H3,Elazığ,Kum,3 Yaşlı Araplar,82000.0,0,2024-07-29
214192387,2024-07-29,Elazığ,Kum,1900,175000.0,4 Yaşlı Araplar,ŞARTLI 5 /DHÖW,Elazığ,Kum,4 Yaşlı Araplar,175000.0,0,2024-07-29
177504312,2024-07-29,Elazığ,Kum,1200,114500.0,4 Yaşlı Araplar,Handikap 14 /DHÖW/H3/D,Elazığ,Kum,4 Yaşlı Araplar,114500.0,0,2024-07-29
35839754,2024-07-29,Elazığ,Kum,1200,88000.0,4 ve Yukarı Araplar,ŞARTLI 2 /DHÖW,Elazığ,Kum,4 ve Yukarı Araplar,88000.0,0,2024-07-29
554117695,2024-07-30,Ankara,Kum,1200,320000.0,2 Yaşlı İngilizler,ŞARTLI 1 /,Ankara,Kum,2 Yaşlı İngilizler,320000.0,0,2024-07-30
264801452,2024-07-30,Ankara,Kum,2000,186500.0,3 Yaşlı İngilizler,ŞARTLI 3 /,Ankara,Kum,3 Yaşlı İngilizler,186500.0,0,2024-07-30
789789890,2024-07-30,Ankara,Kum,1400,280000.0,3 Yaşlı İngilizler,Handikap 16 /H1,Ankara,Kum,3 Yaşlı İngilizler,280000.0,0,2024-07-30
330900165,2024-07-30,Ankara,Çim,1600,328000.0,3 ve Yukarı İngilizler,KV-6 /,Ankara,Çim,3 ve Yukarı İngilizler,328000.0,0,2024-07-30
37250498,2024-07-30,Ankara,Kum,2000,186500.0,3 ve Yukarı İngilizler,ŞARTLI 3 /D,Ankara,Kum,3 ve Yukarı İngilizler,186500.0,0,2024-07-30
533017875,2024-07-30,Ankara,Kum,1200,453000.0,3 Yaşlı Araplar,KV-8 /DHÖW,Ankara,Kum,3 Yaşlı Araplar,453000.0,0,2024-07-30
722900926,2024-07-30,Ankara,Çim,1200,236500.0,4 Yaşlı Araplar,ŞARTLI 4 /DHÖW,Ankara,Çim,4 Yaşlı Araplar,236500.0,0,2024-07-30
310659105,2024-07-30,Ankara,Çim,1600,236500.0,4 Yaşlı Araplar,Handikap 15 /DHÖW/H1/D,Ankara,Çim,4 Yaşlı Araplar,236500.0,0,2024-07-30
188591834,2024-07-30,Ankara,Çim,1400,328000.0,4 ve Yukarı Araplar,Handikap 21 /DHÖ/H1,Ankara,Çim,4 ve Yukarı Araplar,328000.0,0,2024-07-30
276930451,2024-07-30,Kocaeli,Kum,1400,163000.0,2 Yaşlı İngilizler,ŞARTLI 3 /TR,Kocaeli,Kum,2 Yaşlı İngilizler,163000.0,0,2024-07-30
775559230,2024-07-30,Kocaeli,Kum,1900,331000.0,3 Yaşlı İngilizler,KV-7 /D,Kocaeli,Kum,3 Yaşlı İngilizler,331000.0,0,2024-07-30
173021703,2024-07-30,Kocaeli,Kum,2000,153000.0,3 ve Yukarı İngilizler,SATIŞ 1 /,Kocaeli,Kum,3 ve Yukarı İngilizler,153000.0,0,2024-07-30
941168154,2024-07-30,Kocaeli,Kum,1400,192000.0,3 ve Yukarı İngilizler,Handikap 15 /H2,Kocaeli,Kum,3 ve Yukarı İngilizler,192000.0,0,2024-07-30
787601883,2024-07-30,Kocaeli,Kum,1200,217000.0,3 Yaşlı Araplar,Maiden /DHÖW,Kocaeli,Kum,3 Yaşlı Araplar,217000.0,0,2024-07-30
293729144,2024-07-30,Kocaeli,Kum,1900,192000.0,4 ve Yukarı Araplar,ŞARTLI 4 /DHÖW,Kocaeli,Kum,4 ve Yukarı Araplar,192000.0,0,2024-07-30
18772743,2024-07-30,Kocaeli,Kum,1400,163000.0,4 ve Yukarı Araplar,Handikap 14 /DHÖ/H2/Y-2,Kocaeli,Kum,4 ve Yukarı Araplar,163000.0,0,2024-07-30
228059610,2024-07-31,İstanbul,Çim,1300,240000.0,2 Yaşlı İngilizler,Maiden /,İstanbul,Çim,2 Yaşlı İngilizler,240000.0,0,2024-07-31
316972888,2024-07-31,İstanbul,Sentetik,2100,180000.0,3 Yaşlı İngilizler,SATIŞ 1 /,İstanbul,Sentetik,3 Yaşlı İngilizler,180000.0,0,2024-07-31
652601911,2024-07-31,İstanbul,Çim,2400,236500.0,3 Yaşlı İngilizler,Handikap 15 /H1,İstanbul,Çim,3 Yaşlı İngilizler,236500.0,0,2024-07-31
13998893,2024-07-31,İstanbul,Çim,1400,186500.0,3 ve Yukarı İngilizler,ŞARTLI 3 /,İstanbul,Çim,3 ve Yukarı İngilizler,186500.0,0,2024-07-31
510736666,2024-07-31,İstanbul,Çim,2400,453000.0,3 ve Yukarı İngilizler,Kısa Vade Handikap 24 /H1/D,İstanbul,Çim,3 ve Yukarı İngilizler,453000.0,0,2024-07-31
412921642,2024-07-31,İstanbul,Sentetik,1400,280000.0,3 Yaşlı Araplar,ŞARTLI 5 /DHÖW,İstanbul,Sentetik,3 Yaşlı Araplar,280000.0,0,2024-07-31
163208536,2024-07-31,İstanbul,Çim,1400,186500.0,4 Yaşlı Araplar,ŞARTLI 3 /DHÖW,İstanbul,Çim,4 Yaşlı Araplar,186500.0,0,2024-07-31
931919636,2024-07-31,İstanbul,Çim,1900,280000.0,4 Yaşlı Araplar,Handikap 16 /DHÖW/H1,İstanbul,Çim,4 Yaşlı Araplar,280000.0,0,2024-07-31
21768157,2024-07-31,İstanbul,Sentetik,1300,280000.0,4 ve Yukarı Araplar,ŞARTLI 5 /DHÖW,İstanbul,Sentetik,4 ve Yukarı Araplar,280000.0,0,2024-07-31
32865511,2024-07-31,Elazığ,Kum,1200,160000.0,2 Yaşlı İngilizler,Maiden /D,Elazığ,Kum,2 Yaşlı İngilizler,160000.0,0,2024-07-31
516205831,2024-07-31,Elazığ,Kum,1600,114500.0,3 Yaşlı İngilizler,ŞARTLI 3 /D,Elazığ,Kum,3 Yaşlı İngilizler,114500.0,0,2024-07-31
467488238,2024-07-31,Elazığ,Kum,1200,140000.0,3 Yaşlı İngilizler,Handikap 15 /H3,Elazığ,Kum,3 Yaşlı İngilizler,140000.0,0,2024-07-31
241044497,2024-07-31,Elazığ,Kum,1800,140000.0,3 ve Yukarı İngilizler,ŞARTLI 4 /Y-1,Elazığ,Kum,3 ve Yukarı İngilizler,140000.0,0,2024-07-31
701200285,2024-07-31,Elazığ,Kum,1200,175000.0,3 Yaşlı Araplar,ŞARTLI 5 /DHÖW,Elazığ,Kum,3 Yaşlı Araplar,175000.0,0,2024-07-31
375946620,2024-07-31,Elazığ,Kum,1200,238000.0,4 ve Yukarı Araplar,KV-7 /DHT,Elazığ,Kum,4 ve Yukarı Araplar,238000.0,0,2024-07-31
314479189,2024-07-31,Elazığ,Kum,1600,175000.0,4 ve Yukarı Araplar,Handikap 16 /DHÖ/H3,Elazığ,Kum,4 ve Yukarı Araplar,175000.0,0,2024-07-31
383692985,2024-08-01,Ankara,Çim,1200,240000.0,2 Yaşlı İngilizler,Maiden /,Ankara,Çim,2 Yaşlı İngilizler,240000.0,0,2024-08-01
375177655,2024-08-01,Ankara,Kum,1300,328000.0,3 Yaşlı İngilizler,KV-6 /,Ankara,Kum,3 Yaşlı İngilizler,328000.0,0,2024-08-01
667919834,2024-08-01,Ankara,Çim,1200,186500.0,3 Yaşlı İngilizler,Handikap 14 /H1/D,Ankara,Çim,3 Yaşlı İngilizler,186500.0,0,2024-08-01
373199572,2024-08-01,Ankara,Çim,1900,280000.0,3 ve Yukarı İngilizler,ŞARTLI 5 /,Ankara,Çim,3 ve Yukarı İngilizler,280000.0,0,2024-08-01
596372354,2024-08-01,Ankara,Çim,2400,236500.0,3 ve Yukarı İngilizler,Handikap 15 /H1,Ankara,Çim,3 ve Yukarı İngilizler,236500.0,0,2024-08-01
469337934,2024-08-01,Ankara,Kum,1400,186500.0,3 Yaşlı Araplar,ŞARTLI 3 /DHÖW,Ankara,Kum,3 Yaşlı Araplar,186500.0,0,2024-08-01
567224419,2024-08-01,Ankara,Çim,1600,143000.0,4 Yaşlı Araplar,ŞARTLI 2 /DHÖW,Ankara,Çim,4 Yaşlı Araplar,143000.0,0,2024-08-01
258825846,2024-08-01,Ankara,Çim,2200,180000.0,4 Yaşlı Araplar,SATIŞ 1 /DHÖW,Ankara,Çim,4 Yaşlı Araplar,180000.0,0,2024-08-01
329549678,2024-08-01,Ankara,Çim,1400,280000.0,4 ve Yukarı Araplar,Handikap 16 /DHÖW/H1/D,Ankara,Çim,4 ve Yukarı Araplar,280000.0,0,2024-08-01
710552737,2024-08-01,Kocaeli,Kum,1200,192000.0,2 Yaşlı İngilizler,ŞARTLI 4 /D,Kocaeli,Kum,2 Yaşlı İngilizler,192000.0,0,2024-08-01
358701169,2024-08-01,Kocaeli,Kum,1700,217000.0,3 Yaşlı İngilizler,Maiden /D,Kocaeli,Kum,3 Yaşlı İngilizler,217000.0,0,2024-08-01
10089709,2024-08-01,Kocaeli,Kum,2000,163000.0,3 Yaşlı İngilizler,Handikap 14 /H2,Kocaeli,Kum,3 Yaşlı İngilizler,163000.0,0,2024-08-01
420160589,2024-08-01,Kocaeli,Kum,1800,163000.0,3 ve Yukarı İngilizler,ŞARTLI 3 /,Kocaeli,Kum,3 ve Yukarı İngilizler,163000.0,0,2024-08-01
986867976,2024-08-01,Kocaeli,Kum,1400,129000.0,3 Yaşlı Araplar,ŞARTLI 2 /DHÖW,Kocaeli,Kum,3 Yaşlı Araplar,129000.0,0,2024-08-01
447920630,2024-08-01,Kocaeli,Kum,1200,192000.0,4 Yaşlı Araplar,Handikap 15 /DHÖW/H2,Kocaeli,Kum,4 Yaşlı Araplar,192000.0,0,2024-08-01
85123765,2024-08-01,Kocaeli,Kum,1400,192000.0,4 ve Yukarı Araplar,ŞARTLI 4 /DHÖW/Y-2,Kocaeli,Kum,4 ve Yukarı Araplar,192000.0,0,2024-08-01
783783742,2024-08-01,Kocaeli,Kum,2000,285000.0,4 ve Yukarı Araplar,Handikap 21 /DHÖW/H2,Kocaeli,Kum,4 ve Yukarı Araplar,285000.0,0,2024-08-01
295139298,2024-08-02,Bursa,Kum,1400,163000.0,3 Yaşlı İngilizler,ŞARTLI 3 /,Bursa,Kum,3 Yaşlı İngilizler,163000.0,0,2024-08-02
263392390,2024-08-02,Bursa,Çim,2000,240000.0,3 Yaşlı İngilizler,Handikap 16 /H2,Bursa,Çim,3 Yaşlı İngilizler,240000.0,0,2024-08-02
433072104,2024-08-02,Bursa,Çim,1800,331000.0,3 ve Yukarı İngilizler,KV-7 /,Bursa,Çim,3 ve Yukarı İngilizler,331000.0,0,2024-08-02
232837487,2024-08-02,Bursa,Çim,1500,192000.0,3 ve Yukarı İngilizler,Handikap 15 /H2,Bursa,Çim,3 ve Yukarı İngilizler,192000.0,0,2024-08-02
22111286,2024-08-02,Bursa,Çim,1300,217000.0,3 Yaşlı Araplar,Maiden /DHÖW/D,Bursa,Çim,3 Yaşlı Araplar,217000.0,0,2024-08-02
199574432,2024-08-02,Bursa,Çim,2000,331000.0,4 Yaşlı Araplar,KV-7 /DHÖW,Bursa,Çim,4 Yaşlı Araplar,331000.0,0,2024-08-02
912007251,2024-08-02,Bursa,Çim,1500,153000.0,4 ve Yukarı Araplar,SATIŞ 1 /DHÖW,Bursa,Çim,4 ve Yukarı Araplar,153000.0,0,2024-08-02
26897020,2024-08-02,Bursa,Çim,1300,163000.0,4 ve Yukarı Araplar,Handikap 14 /DHT/H2/D,Bursa,Çim,4 ve Yukarı Araplar,163000.0,0,2024-08-02
927270846,2024-08-02,İstanbul,Çim,1200,320000.0,2 Yaşlı İngilizler,ŞARTLI 1 /,İstanbul,Çim,2 Yaşlı İngilizler,320000.0,0,2024-08-02
60714065,2024-08-02,İstanbul,Sentetik,1500,280000.0,3 Yaşlı İngilizler,ŞARTLI 5 /,İstanbul,Sentetik,3 Yaşlı İngilizler,280000.0,0,2024-08-02
470347891,2024-08-02,İstanbul,Çim,1400,280000.0,3 ve Yukarı İngilizler,ŞARTLI 5 /D,İstanbul,Çim,3 ve Yukarı İngilizler,280000.0,0,2024-08-02
901427811,2024-08-02,İstanbul,Çim,1400,453000.0,3 ve Yukarı İngilizler,Kısa Vade Handikap 24 /H1,İstanbul,Çim,3 ve Yukarı İngilizler,453000.0,0,2024-08-02
444020250,2024-08-02,İstanbul,Çim,1400,280000.0,3 Yaşlı Araplar,ŞARTLI 5 /DHÖW/D,İstanbul,Çim,3 Yaşlı Araplar,280000.0,0,2024-08-02
806875661,2024-08-02,İstanbul,Çim,1900,186500.0,4 ve Yukarı Araplar,ŞARTLI 3 /DHÖ,İstanbul,Çim,4 ve Yukarı Araplar,186500.0,0,2024-08-02
835860456,2024-08-02,İstanbul,Sentetik,1400,313000.0,4 ve Yukarı Araplar,Handikap 17 /DHÖW/H1,İstanbul,Sentetik,4 ve Yukarı Araplar,313000.0,0,2024-08-02
639986793,2024-08-02,İstanbul,Çim,1900,453000.0,4 ve Yukarı Araplar,Kısa Vade Handikap 24 /DHT/H1,İstanbul,Çim,4 ve Yukarı Araplar,453000.0,0,2024-08-02
586852834,2024-08-03,Ankara,Çim,1400,328000.0,2 Yaşlı İngilizler,KV-6 /,Ankara,Çim,2 Yaşlı İngilizler,328000.0,0,2024-08-03
422696280,2024-08-03,Ankara,Çim,2800,453000.0,3 ve Yukarı İngilizler,KV-8 /,Ankara,Çim,3 ve Yukarı İngilizler,453000.0,0,2024-08-03
501658033,2024-08-03,Ankara,Kum,1300,236500.0,3 ve Yukarı İngilizler,Handikap 15 /H1/D,Ankara,Kum,3 ve Yukarı İngilizler,236500.0,0,2024-08-03
444174805,2024-08-03,Ankara,Çim,1400,240000.0,3 Yaşlı Araplar,Maiden /DHÖW,Ankara,Çim,3 Yaşlı Araplar,240000.0,0,2024-08-03
177077894,2024-08-03,Ankara,Çim,1400,236500.0,3 Yaşlı Araplar,ŞARTLI 4 /DHÖW,Ankara,Çim,3 Yaşlı Araplar,236500.0,0,2024-08-03
284532632,2024-08-03,Ankara,Kum,2000,280000.0,4 Yaşlı Araplar,ŞARTLI 5 /DHT/D,Ankara,Kum,4 Yaşlı Araplar,280000.0,0,2024-08-03
368910315,2024-08-03,Ankara,Çim,1900,186500.0,4 Yaşlı Araplar,Handikap 14 /DHÖW/H1,Ankara,Çim,4 Yaşlı Araplar,186500.0,0,2024-08-03
347427216,2024-08-03,Ankara,Kum,1400,236500.0,4 ve Yukarı Araplar,ŞARTLI 4 /DHÖW/Y-2/D,Ankara,Kum,4 ve Yukarı Araplar,236500.0,0,2024-08-03
823027368,2024-08-03,İzmir,Çim,1300,285000.0,3 Yaşlı İngilizler,KV-6 /D,İzmir,Çim,3 Yaşlı İngilizler,285000.0,0,2024-08-03
847288035,2024-08-03,İzmir,Çim,2000,240000.0,3 ve Yukarı İngilizler,ŞARTLI 5 /Y-1,İzmir,Çim,3 ve Yukarı İngilizler,240000.0,0,2024-08-03
208403960,2024-08-03,İzmir,Çim,1900,177000.0,3 ve Yukarı İngilizler,SATIŞ 2 /,İzmir,Çim,3 ve Yukarı İngilizler,177000.0,0,2024-08-03
193760829,2024-08-03,İzmir,Kum,1400,217000.0,3 Yaşlı Araplar,Maiden /DHÖW,İzmir,Kum,3 Yaşlı Araplar,217000.0,0,2024-08-03
285306300,2024-08-03,İzmir,Kum,1200,163000.0,3 Yaşlı Araplar,ŞARTLI 3 /DHÖW/D,İzmir,Kum,3 Yaşlı Araplar,163000.0,0,2024-08-03
985716254,2024-08-03,İzmir,Çim,1200,192000.0,4 Yaşlı Araplar,ŞARTLI 4 /DHÖW,İzmir,Çim,4 Yaşlı Araplar,192000.0,0,2024-08-03
907736952,2024-08-03,İzmir,Kum,2000,240000.0,4 ve Yukarı Araplar,ŞARTLI 5 /DHÖW/TR,İzmir,Kum,4 ve Yukarı Araplar,240000.0,0,2024-08-03
240150339,2024-08-03,İzmir,Kum,2100,192000.0,4 ve Yukarı Araplar,Handikap 15 /DHÖW/H2/D,İzmir,Kum,4 ve Yukarı Araplar,192000.0,0,2024-08-03
336595616,2024-08-03,Diyarbakır,Kum,1200,88000.0,2 Yaşlı İngilizler,ŞARTLI 2 /D,Diyarbakır,Kum,2 Yaşlı İngilizler,88000.0,0,2024-08-03
141192759,2024-08-03,Diyarbakır,Kum,1700,114500.0,3 Yaşlı İngilizler,Handikap 14 /H3,Diyarbakır,Kum,3 Yaşlı İngilizler,114500.0,0,2024-08-03
459060458,2024-08-03,Diyarbakır,Kum,1200,175000.0,3 ve Yukarı İngilizler,ŞARTLI 5 /,Diyarbakır,Kum,3 ve Yukarı İngilizler,175000.0,0,2024-08-03
94138140,2024-08-03,Diyarbakır,Kum,1900,114500.0,3 ve Yukarı İngilizler,Handikap 14 /H3/D,Diyarbakır,Kum,3 ve Yukarı İngilizler,114500.0,0,2024-08-03
116057877,2024-08-03,Diyarbakır,Kum,1200,160000.0,3 Yaşlı Araplar,ŞARTLI 19 /DHT,Diyarbakır,Kum,3 Yaşlı Araplar,160000.0,0,2024-08-03
717726157,2024-08-03,Diyarbakır,Kum,1700,114500.0,4 ve Yukarı Araplar,ŞARTLI 3 /DHÖW,Diyarbakır,Kum,4 ve Yukarı Araplar,114500.0,0,2024-08-03
561522409,2024-08-04,İstanbul,Çim,1200,980000.0,2 Yaşlı İngilizler,G 3 /D,İstanbul,Çim,2 Yaşlı İngilizler,980000.0,0,2024-08-04
27612842,2024-08-04,İstanbul,Çim,1200,980000.0,2 Yaşlı İngilizler,G 3 /E,İstanbul,Çim,2 Yaşlı İngilizler,980000.0,0,2024-08-04
866781818,2024-08-04,İstanbul,Çim,1900,280000.0,3 Yaşlı İngilizler,ŞARTLI 5 /,İstanbul,Çim,3 Yaşlı İngilizler,280000.0,0,2024-08-04
914476673,2024-08-04,İstanbul,Sentetik,1400,236500.0,3 Yaşlı İngilizler,Handikap 15 /H1,İstanbul,Sentetik,3 Yaşlı İngilizler,236500.0,0,2024-08-04
747649058,2024-08-04,İstanbul,Sentetik,1200,453000.0,3 ve Yukarı İngilizler,KV-8 /,İstanbul,Sentetik,3 ve Yukarı İngilizler,453000.0,0,2024-08-04
554024714,2024-08-04,İstanbul,Sentetik,1300,320000.0,3 Yaşlı Araplar,ŞARTLI 1 /DHÖW,İstanbul,Sentetik,3 Yaşlı Araplar,320000.0,0,2024-08-04
899968924,2024-08-04,İstanbul,Çim,1600,1950000.0,3 Yaşlı Araplar,G 1 /DHT,İstanbul,Çim,3 Yaşlı Araplar,1950000.0,0,2024-08-04
490437278,2024-08-04,İstanbul,Çim,1400,280000.0,4 ve Yukarı Araplar,Handikap 16 /DHÖW/H1/Y-2,İstanbul,Çim,4 ve Yukarı Araplar,280000.0,0,2024-08-04
656352735,2024-08-04,İzmir,Çim,1200,217000.0,2 Yaşlı İngilizler,Maiden /,İzmir,Çim,2 Yaşlı İngilizler,217000.0,0,2024-08-04
710396430,2024-08-04,İzmir,Çim,1200,240000.0,2 Yaşlı İngilizler,ŞARTLI 5 /,İzmir,Çim,2 Yaşlı İngilizler,240000.0,0,2024-08-04
675111567,2024-08-04,İzmir,Çim,1200,163000.0,3 Yaşlı İngilizler,Handikap 14 /H2,İzmir,Çim,3 Yaşlı İngilizler,163000.0,0,2024-08-04
951359289,2024-08-04,İzmir,Çim,1900,192000.0,3 ve Yukarı İngilizler,ŞARTLI 4 /Y-1/D,İzmir,Çim,3 ve Yukarı İngilizler,192000.0,0,2024-08-04
33650870,2024-08-04,İzmir,Çim,1800,192000.0,3 ve Yukarı İngilizler,Handikap 15 /H2,İzmir,Çim,3 ve Yukarı İngilizler,192000.0,0,2024-08-04
550539836,2024-08-04,İzmir,Kum,1200,192000.0,3 Yaşlı Araplar,ŞARTLI 4 /DHÖW,İzmir,Kum,3 Yaşlı Araplar,192000.0,0,2024-08-04
325323191,2024-08-04,İzmir,Kum,1900,384000.0,4 Yaşlı Araplar,KV-8 /DHÖW,İzmir,Kum,4 Yaşlı Araplar,384000.0,0,2024-08-04
726360090,2024-08-04,İzmir,Çim,1900,192000.0,4 ve Yukarı Araplar,ŞARTLI 4 /DHÖW,İzmir,Çim,4 ve Yukarı Araplar,192000.0,0,2024-08-04
520001697,2024-08-05,Bursa,Çim,1200,273000.0,2 Yaşlı İngilizler,ŞARTLI 1 /,Bursa,Çim,2 Yaşlı İngilizler,273000.0,0,2024-08-05
669223007,2024-08-05,Bursa,Çim,1200,240000.0,2 Yaşlı İngilizler,ŞARTLI 5 /D,Bursa,Çim,2 Yaşlı İngilizler,240000.0,0,2024-08-05
411828622,2024-08-05,Bursa,Çim,1300,192000.0,3 Yaşlı İngilizler,ŞARTLI 4 /TR,Bursa,Çim,3 Yaşlı İngilizler,192000.0,0,2024-08-05
120499953,2024-08-05,Bursa,Çim,2000,240000.0,3 Yaşlı İngilizler,Handikap 16 /H2/D,Bursa,Çim,3 Yaşlı İngilizler,240000.0,0,2024-08-05
888879918,2024-08-05,Bursa,Çim,2000,163000.0,3 ve Yukarı İngilizler,ŞARTLI 3 /,Bursa,Çim,3 ve Yukarı İngilizler,163000.0,0,2024-08-05
865362603,2024-08-05,Bursa,Kum,1400,192000.0,3 ve Yukarı İngilizler,Handikap 15 /H2,Bursa,Kum,3 ve Yukarı İngilizler,192000.0,0,2024-08-05
474810756,2024-08-05,Bursa,Çim,1200,331000.0,3 Yaşlı Araplar,KV-7 /DHÖW,Bursa,Çim,3 Yaşlı Araplar,331000.0,0,2024-08-05
896606387,2024-08-05,Bursa,Kum,2000,192000.0,4 ve Yukarı Araplar,ŞARTLI 4 /DHÖW/Y-1,Bursa,Kum,4 ve Yukarı Araplar,192000.0,0,2024-08-05
704796150,2024-08-05,Elazığ,Kum,1200,140000.0,2 Yaşlı İngilizler,ŞARTLI 4 /,Elazığ,Kum,2 Yaşlı İngilizler,140000.0,0,2024-08-05
466919441,2024-08-05,Elazığ,Kum,1900,160000.0,3 Yaşlı İngilizler,Maiden /D,Elazığ,Kum,3 Yaşlı İngilizler,160000.0,0,2024-08-05
902827067,2024-08-05,Elazığ,Kum,1600,88000.0,3 ve Yukarı İngilizler,ŞARTLI 2 /,Elazığ,Kum,3 ve Yukarı İngilizler,88000.0,0,2024-08-05
550492815,2024-08-05,Elazığ,Kum,1200,140000.0,3 ve Yukarı İngilizler,Handikap 15 /H3,Elazığ,Kum,3 ve Yukarı İngilizler,140000.0,0,2024-08-05
316163388,2024-08-05,Elazığ,Kum,1500,88000.0,3 Yaşlı Araplar,ŞARTLI 2 /DHÖW/D,Elazığ,Kum,3 Yaşlı Araplar,88000.0,0,2024-08-05
142308077,2024-08-05,Elazığ,Kum,1900,114500.0,4 ve Yukarı Araplar,ŞARTLI 3 /DHÖW,Elazığ,Kum,4 ve Yukarı Araplar,114500.0,0,2024-08-05
524253078,2024-08-05,Elazığ,Kum,1200,114500.0,4 ve Yukarı Araplar,Handikap 14 /DHT/H3/D,Elazığ,Kum,4 ve Yukarı Araplar,114500.0,0,2024-08-05
251788370,2024-08-06,Ankara,Çim,1400,236500.0,2 Yaşlı İngilizler,ŞARTLI 4 /D,Ankara,Çim,2 Yaşlı İngilizler,236500.0,0,2024-08-06
701114694,2024-08-06,Ankara,Çim,1600,280000.0,3 Yaşlı İngilizler,ŞARTLI 5 /,Ankara,Çim,3 Yaşlı İngilizler,280000.0,0,2024-08-06
918802245,2024-08-06,Ankara,Çim,1400,280000.0,3 ve Yukarı İngilizler,Handikap 16 /H1/Y-2,Ankara,Çim,3 ve Yukarı İngilizler,280000.0,0,2024-08-06
221055409,2024-08-06,Ankara,Çim,1300,320000.0,3 Yaşlı Araplar,ŞARTLI 1 /DHÖW,Ankara,Çim,3 Yaşlı Araplar,320000.0,0,2024-08-06
711986553,2024-08-06,Ankara,Çim,1400,328000.0,3 Yaşlı Araplar,KV-6 /DHÖW/D,Ankara,Çim,3 Yaşlı Araplar,328000.0,0,2024-08-06
341520560,2024-08-06,Ankara,Çim,1900,280000.0,4 Yaşlı Araplar,ŞARTLI 5 /DHÖW,Ankara,Çim,4 Yaşlı Araplar,280000.0,0,2024-08-06
882491881,2024-08-06,Ankara,Kum,1300,280000.0,4 Yaşlı Araplar,Handikap 16 /DHÖW/H1/D,Ankara,Kum,4 Yaşlı Araplar,280000.0,0,2024-08-06
62856235,2024-08-06,Ankara,Kum,1600,236500.0,4 ve Yukarı Araplar,ŞARTLI 4 /DHÖW,Ankara,Kum,4 ve Yukarı Araplar,236500.0,0,2024-08-06
225882312,2024-08-06,Ankara,Kum,2200,280000.0,4 ve Yukarı Araplar,Handikap 16 /DHÖW/H1,Ankara,Kum,4 ve Yukarı Araplar,280000.0,0,2024-08-06
444064689,2024-08-06,Kocaeli,Kum,1200,273000.0,2 Yaşlı İngilizler,ŞARTLI 1 /D,Kocaeli,Kum,2 Yaşlı İngilizler,273000.0,0,2024-08-06
751385713,2024-08-06,Kocaeli,Kum,1500,192000.0,3 Yaşlı İngilizler,Handikap 15 /H2,Kocaeli,Kum,3 Yaşlı İngilizler,192000.0,0,2024-08-06
341847271,2024-08-06,Kocaeli,Kum,1900,285000.0,3 ve Yukarı İngilizler,KV-6 /,Kocaeli,Kum,3 ve Yukarı İngilizler,285000.0,0,2024-08-06
477893113,2024-08-06,Kocaeli,Kum,2000,192000.0,3 ve Yukarı İngilizler,Handikap 15 /H2/D,Kocaeli,Kum,3 ve Yukarı İngilizler,192000.0,0,2024-08-06
899577242,2024-08-06,Kocaeli,Kum,1400,240000.0,3 Yaşlı Araplar,ŞARTLI 5 /DHT,Kocaeli,Kum,3 Yaşlı Araplar,240000.0,0,2024-08-06
949712606,2024-08-06,Kocaeli,Kum,1200,192000.0,4 Yaşlı Araplar,ŞARTLI 4 /DHÖW/D,Kocaeli,Kum,4 Yaşlı Araplar,192000.0,0,2024-08-06
576780434,2024-08-06,Kocaeli,Kum,2000,192000.0,4 Yaşlı Araplar,Handikap 15 /DHÖW/H2,Kocaeli,Kum,4 Yaşlı Araplar,192000.0,0,2024-08-06
908608855,2024-08-06,Kocaeli,Kum,1800,153000.0,4 ve Yukarı Araplar,SATIŞ 1 /DHÖW,Kocaeli,Kum,4 ve Yukarı Araplar,153000.0,0,2024-08-06
269613509,2024-08-07,İstanbul,Sentetik,1200,240000.0,2 Yaşlı İngilizler,Maiden /D,İstanbul,Sentetik,2 Yaşlı İngilizler,240000.0,0,2024-08-07
425275528,2024-08-07,İstanbul,Sentetik,1500,328000.0,3 Yaşlı İngilizler,KV-6 /D,İstanbul,Sentetik,3 Yaşlı İngilizler,328000.0,0,2024-08-07
159422153,2024-08-07,İstanbul,Sentetik,1200,236500.0,3 ve Yukarı İngilizler,ŞARTLI 4 /,İstanbul,Sentetik,3 ve Yukarı İngilizler,236500.0,0,2024-08-07
286432958,2024-08-07,İstanbul,Sentetik,2200,313000.0,3 ve Yukarı İngilizler,Handikap 17 /H1,İstanbul,Sentetik,3 ve Yukarı İngilizler,313000.0,0,2024-08-07
42688552,2024-08-07,İstanbul,Çim,1200,280000.0,3 Yaşlı Araplar,ŞARTLI 5 /DHÖW,İstanbul,Çim,3 Yaşlı Araplar,280000.0,0,2024-08-07
416607356,2024-08-07,İstanbul,Sentetik,2200,390000.0,4 Yaşlı Araplar,KV-7 /DHÖW,İstanbul,Sentetik,4 Yaşlı Araplar,390000.0,0,2024-08-07
502468702,2024-08-07,İstanbul,Çim,1600,236500.0,4 ve Yukarı Araplar,ŞARTLI 4 /DHÖW/D,İstanbul,Çim,4 ve Yukarı Araplar,236500.0,0,2024-08-07
262554649,2024-08-07,İstanbul,Çim,1900,280000.0,4 ve Yukarı Araplar,Handikap 16 /DHÖW/H1,İstanbul,Çim,4 ve Yukarı Araplar,280000.0,0,2024-08-07
565729636,2024-08-07,Elazığ,Kum,1200,114500.0,2 Yaşlı İngilizler,ŞARTLI 3 /D,Elazığ,Kum,2 Yaşlı İngilizler,114500.0,0,2024-08-07
398309401,2024-08-07,Elazığ,Kum,1900,140000.0,3 Yaşlı İngilizler,ŞARTLI 4 /,Elazığ,Kum,3 Yaşlı İngilizler,140000.0,0,2024-08-07
820467624,2024-08-07,Elazığ,Kum,2000,82000.0,3 ve Yukarı İngilizler,Handikap 13 /H3,Elazığ,Kum,3 ve Yukarı İngilizler,82000.0,0,2024-08-07
991688307,2024-08-07,Elazığ,Kum,1200,160000.0,3 Yaşlı Araplar,Maiden /DHÖW/D,Elazığ,Kum,3 Yaşlı Araplar,160000.0,0,2024-08-07
946245198,2024-08-07,Elazığ,Kum,1700,114500.0,4 Yaşlı Araplar,Handikap 14 /DHÖW/H3,Elazığ,Kum,4 Yaşlı Araplar,114500.0,0,2024-08-07
383938794,2024-08-07,Elazığ,Kum,1800,238000.0,4 ve Yukarı Araplar,KV-7 /DHÖW,Elazığ,Kum,4 ve Yukarı Araplar,238000.0,0,2024-08-07
579745397,2024-08-07,Elazığ,Kum,1900,140000.0,4 ve Yukarı Araplar,Handikap 15 /DHÖW/H3,Elazığ,Kum,4 ve Yukarı Araplar,140000.0,0,2024-08-07
116509029,2024-08-08,Ankara,Çim,1200,320000.0,2 Yaşlı İngilizler,ŞARTLI 1 /D,Ankara,Çim,2 Yaşlı İngilizler,320000.0,0,2024-08-08
272504953,2024-08-08,Ankara,Kum,1500,390000.0,3 Yaşlı İngilizler,KV-7 /D,Ankara,Kum,3 Yaşlı İngilizler,390000.0,0,2024-08-08
482173995,2024-08-08,Ankara,Çim,1300,236500.0,3 Yaşlı İngilizler,Handikap 15 /H1,Ankara,Çim,3 Yaşlı İngilizler,236500.0,0,2024-08-08
157333824,2024-08-08,Ankara,Kum,1200,313000.0,3 ve Yukarı İngilizler,Handikap 17 /H1,Ankara,Kum,3 ve Yukarı İngilizler,313000.0,0,2024-08-08
148543343,2024-08-08,Ankara,Kum,1200,216000.0,3 Yaşlı Araplar,SATIŞ 2 /DHÖW,Ankara,Kum,3 Yaşlı Araplar,216000.0,0,2024-08-08
428484935,2024-08-08,Ankara,Çim,1400,126000.0,3 Yaşlı Araplar,Handikap 13 /DHÖW/H2,Ankara,Çim,3 Yaşlı Araplar,126000.0,0,2024-08-08
42867340,2024-08-08,Ankara,Çim,2200,280000.0,4 Yaşlı Araplar,Handikap 16 /DHÖW/H1/D,Ankara,Çim,4 Yaşlı Araplar,280000.0,0,2024-08-08
188262647,2024-08-08,Ankara,Çim,2200,186500.0,4 ve Yukarı Araplar,ŞARTLI 3 /DHÖW,Ankara,Çim,4 ve Yukarı Araplar,186500.0,0,2024-08-08
267163344,2024-08-08,Kocaeli,Kum,1400,331000.0,2 Yaşlı İngilizler,KV-7 /,Kocaeli,Kum,2 Yaşlı İngilizler,331000.0,0,2024-08-08
654987137,2024-08-08,Kocaeli,Kum,1900,240000.0,3 Yaşlı İngilizler,ŞARTLI 5 /,Kocaeli,Kum,3 Yaşlı İngilizler,240000.0,0,2024-08-08
797901055,2024-08-08,Kocaeli,Kum,1400,384000.0,3 ve Yukarı İngilizler,KV-8 /,Kocaeli,Kum,3 ve Yukarı İngilizler,384000.0,0,2024-08-08
501695765,2024-08-08,Kocaeli,Kum,1500,240000.0,3 ve Yukarı İngilizler,ŞARTLI 5 /D,Kocaeli,Kum,3 ve Yukarı İngilizler,240000.0,0,2024-08-08
664846946,2024-08-08,Kocaeli,Kum,1200,273000.0,3 Yaşlı Araplar,ŞARTLI 1 /DHÖW/D,Kocaeli,Kum,3 Yaşlı Araplar,273000.0,0,2024-08-08
463333717,2024-08-08,Kocaeli,Kum,1500,177000.0,3 Yaşlı Araplar,SATIŞ 2 /DHÖW,Kocaeli,Kum,3 Yaşlı Araplar,177000.0,0,2024-08-08
800953748,2024-08-08,Kocaeli,Kum,1800,192000.0,4 ve Yukarı Araplar,Handikap 15 /DHÖW/H2,Kocaeli,Kum,4 ve Yukarı Araplar,192000.0,0,2024-08-08
79855193,2024-08-09,Bursa,Çim,1300,217000.0,2 Yaşlı İngilizler,Maiden /,Bursa,Çim,2 Yaşlı İngilizler,217000.0,0,2024-08-09
592048288,2024-08-09,Bursa,Kum,1300,331000.0,3 Yaşlı İngilizler,KV-7 /,Bursa,Kum,3 Yaşlı İngilizler,331000.0,0,2024-08-09
199569207,2024-08-09,Bursa,Kum,2000,240000.0,3 Yaşlı İngilizler,Handikap 16 /H2,Bursa,Kum,3 Yaşlı İngilizler,240000.0,0,2024-08-09
35776764,2024-08-09,Bursa,Kum,1400,163000.0,3 ve Yukarı İngilizler,ŞARTLI 3 /,Bursa,Kum,3 ve Yukarı İngilizler,163000.0,0,2024-08-09
575642556,2024-08-09,Bursa,Çim,1400,285000.0,3 ve Yukarı İngilizler,Handikap 21 /H2,Bursa,Çim,3 ve Yukarı İngilizler,285000.0,0,2024-08-09
270845164,2024-08-09,Bursa,Kum,1400,163000.0,4 Yaşlı Araplar,Handikap 14 /DHÖW/H2,Bursa,Kum,4 Yaşlı Araplar,163000.0,0,2024-08-09
316412234,2024-08-09,Bursa,Kum,1900,240000.0,4 ve Yukarı Araplar,ŞARTLI 5 /DHÖW/D,Bursa,Kum,4 ve Yukarı Araplar,240000.0,0,2024-08-09
123419661,2024-08-09,Bursa,Çim,2200,163000.0,4 ve Yukarı Araplar,Handikap 14 /DHÖW/H2/TR,Bursa,Çim,4 ve Yukarı Araplar,163000.0,0,2024-08-09
268745244,2024-08-09,İstanbul,Sentetik,1400,390000.0,2 Yaşlı İngilizler,KV-7 /,İstanbul,Sentetik,2 Yaşlı İngilizler,390000.0,0,2024-08-09
388457025,2024-08-09,İstanbul,Sentetik,2100,280000.0,3 Yaşlı İngilizler,ŞARTLI 5 /,İstanbul,Sentetik,3 Yaşlı İngilizler,280000.0,0,2024-08-09
788382114,2024-08-09,İstanbul,Çim,1600,280000.0,3 ve Yukarı İngilizler,Handikap 16 /H1,İstanbul,Çim,3 ve Yukarı İngilizler,280000.0,0,2024-08-09
134999013,2024-08-09,İstanbul,Çim,1400,240000.0,3 Yaşlı Araplar,Maiden /DHÖW,İstanbul,Çim,3 Yaşlı Araplar,240000.0,0,2024-08-09
786813001,2024-08-09,İstanbul,Sentetik,1400,390000.0,3 Yaşlı Araplar,KV-7 /DHÖW/D,İstanbul,Sentetik,3 Yaşlı Araplar,390000.0,0,2024-08-09
535270702,2024-08-09,İstanbul,Çim,2200,280000.0,4 Yaşlı Araplar,Handikap 16 /DHÖW/H1/D,İstanbul,Çim,4 Yaşlı Araplar,280000.0,0,2024-08-09
957306864,2024-08-09,İstanbul,Çim,1400,280000.0,4 ve Yukarı Araplar,ŞARTLI 5 /DHÖ,İstanbul,Çim,4 ve Yukarı Araplar,280000.0,0,2024-08-09
710463404,2024-08-09,İstanbul,Sentetik,2000,390000.0,4 ve Yukarı Araplar,Kısa Vade Handikap 22 /DHÖW/H1,İstanbul,Sentetik,4 ve Yukarı Araplar,390000.0,0,2024-08-09
978364212,2024-08-10,Ankara,Çim,1200,186500.0,2 Yaşlı İngilizler,ŞARTLI 3 /,Ankara,Çim,2 Yaşlı İngilizler,186500.0,0,2024-08-10
666318428,2024-08-10,Ankara,Kum,1500,186500.0,3 Yaşlı İngilizler,ŞARTLI 3 /,Ankara,Kum,3 Yaşlı İngilizler,186500.0,0,2024-08-10
571410394,2024-08-10,Ankara,Çim,1900,236500.0,3 Yaşlı İngilizler,Handikap 15 /H1,Ankara,Çim,3 Yaşlı İngilizler,236500.0,0,2024-08-10
55612254,2024-08-10,Ankara,Çim,1900,180000.0,3 ve Yukarı İngilizler,SATIŞ 1 /D,Ankara,Çim,3 ve Yukarı İngilizler,180000.0,0,2024-08-10
222322547,2024-08-10,Ankara,Kum,2200,280000.0,3 ve Yukarı İngilizler,Handikap 16 /H1,Ankara,Kum,3 ve Yukarı İngilizler,280000.0,0,2024-08-10
56819297,2024-08-10,Ankara,Kum,1200,320000.0,3 Yaşlı Araplar,ŞARTLI 1 /DHÖW/D,Ankara,Kum,3 Yaşlı Araplar,320000.0,0,2024-08-10
624887075,2024-08-10,Ankara,Kum,1300,280000.0,4 Yaşlı Araplar,ŞARTLI 5 /DHÖW,Ankara,Kum,4 Yaşlı Araplar,280000.0,0,2024-08-10
157899697,2024-08-10,Ankara,Kum,2100,453000.0,4 ve Yukarı Araplar,KV-8 /DHÖW,Ankara,Kum,4 ve Yukarı Araplar,453000.0,0,2024-08-10
290132819,2024-08-10,Ankara,Kum,1500,236500.0,4 ve Yukarı Araplar,Handikap 15 /DHÖW/H1,Ankara,Kum,4 ve Yukarı Araplar,236500.0,0,2024-08-10
862838112,2024-08-10,İzmir,Kum,1400,285000.0,2 Yaşlı İngilizler,KV-6 /,İzmir,Kum,2 Yaşlı İngilizler,285000.0,0,2024-08-10
433102948,2024-08-10,İzmir,Kum,2000,217000.0,3 Yaşlı İngilizler,ŞARTLI 19 /,İzmir,Kum,3 Yaşlı İngilizler,217000.0,0,2024-08-10
401557882,2024-08-10,İzmir,Çim,1300,192000.0,3 Yaşlı İngilizler,ŞARTLI 4 /,İzmir,Çim,3 Yaşlı İngilizler,192000.0,0,2024-08-10
602889551,2024-08-10,İzmir,Çim,1800,192000.0,3 Yaşlı İngilizler,Handikap 15 /H2,İzmir,Çim,3 Yaşlı İngilizler,192000.0,0,2024-08-10
390594132,2024-08-10,İzmir,Kum,2000,384000.0,3 ve Yukarı İngilizler,KV-8 /,İzmir,Kum,3 ve Yukarı İngilizler,384000.0,0,2024-08-10
919195245,2024-08-10,İzmir,Çim,1200,273000.0,3 Yaşlı Araplar,ŞARTLI 1 /DHÖW,İzmir,Çim,3 Yaşlı Araplar,273000.0,0,2024-08-10
180238187,2024-08-10,İzmir,Çim,2000,240000.0,4 Yaşlı Araplar,Handikap 16 /DHÖ/H2,İzmir,Çim,4 Yaşlı Araplar,240000.0,0,2024-08-10
207900476,2024-08-10,İzmir,Çim,1300,192000.0,4 ve Yukarı Araplar,Handikap 15 /DHT/H2,İzmir,Çim,4 ve Yukarı Araplar,192000.0,0,2024-08-10
10326091,2024-08-10,Diyarbakır,Kum,1200,160000.0,2 Yaşlı İngilizler,ŞARTLI 19 /,Diyarbakır,Kum,2 Yaşlı İngilizler,160000.0,0,2024-08-10
639541757,2024-08-10,Diyarbakır,Kum,1200,114500.0,3 Yaşlı İngilizler,Handikap 14 /H3,Diyarbakır,Kum,3 Yaşlı İngilizler,114500.0,0,2024-08-10
627118675,2024-08-10,Diyarbakır,Kum,2000,114500.0,3 ve Yukarı İngilizler,ŞARTLI 3 /,Diyarbakır,Kum,3 ve Yukarı İngilizler,114500.0,0,2024-08-10
822185161,2024-08-10,Diyarbakır,Kum,1200,114500.0,3 Yaşlı Araplar,ŞARTLI 3 /DHÖW,Diyarbakır,Kum,3 Yaşlı Araplar,114500.0,0,2024-08-10
343838433,2024-08-10,Diyarbakır,Kum,2000,114500.0,4 Yaşlı Araplar,Handikap 14 /DHÖW/H3,Diyarbakır,Kum,4 Yaşlı Araplar,114500.0,0,2024-08-10
431762523,2024-08-10,Diyarbakır,Kum,1700,114500.0,4 ve Yukarı Araplar,Handikap 14 /DHÖW/H3/D,Diyarbakır,Kum,4 ve Yukarı Araplar,114500.0,0,2024-08-10
213085312,2024-08-11,İstanbul,Sentetik,1500,240000.0,2 Yaşlı İngilizler,Maiden /,İstanbul,Sentetik,2 Yaşlı İngilizler,240000.0,0,2024-08-11
213000093,2024-08-11,İstanbul,Çim,1200,236500.0,2 Yaşlı İngilizler,ŞARTLI 4 /,İstanbul,Çim,2 Yaşlı İngilizler,236500.0,0,2024-08-11
248841271,2024-08-11,İstanbul,Çim,2200,980000.0,3 Yaşlı İngilizler,G 3 /,İstanbul,Çim,3 Yaşlı İngilizler,980000.0,0,2024-08-11
411131960,2024-08-11,İstanbul,Çim,1900,236500.0,3 ve Yukarı İngilizler,ŞARTLI 4 /Y-3,İstanbul,Çim,3 ve Yukarı İngilizler,236500.0,0,2024-08-11
673828529,2024-08-11,İstanbul,Sentetik,1500,313000.0,3 ve Yukarı İngilizler,Handikap 17 /H1/D,İstanbul,Sentetik,3 ve Yukarı İngilizler,313000.0,0,2024-08-11
799187942,2024-08-11,İstanbul,Çim,1400,186500.0,3 Yaşlı Araplar,Handikap 14 /DHÖW/H2,İstanbul,Çim,3 Yaşlı Araplar,186500.0,0,2024-08-11
673380046,2024-08-11,İstanbul,Çim,2100,390000.0,4 Yaşlı Araplar,KV-7 /DHÖW,İstanbul,Çim,4 Yaşlı Araplar,390000.0,0,2024-08-11
150969479,2024-08-11,İstanbul,Sentetik,2200,236500.0,4 ve Yukarı Araplar,ŞARTLI 4 /DHÖW,İstanbul,Sentetik,4 ve Yukarı Araplar,236500.0,0,2024-08-11
961727036,2024-08-11,İstanbul,Çim,1900,236500.0,4 ve Yukarı Araplar,Handikap 15 /DHÖW/H1/D,İstanbul,Çim,4 ve Yukarı Araplar,236500.0,0,2024-08-11
125970204,2024-08-11,İzmir,Kum,1400,217000.0,2 Yaşlı İngilizler,Maiden /,İzmir,Kum,2 Yaşlı İngilizler,217000.0,0,2024-08-11
408264862,2024-08-11,İzmir,Çim,1200,129000.0,2 Yaşlı İngilizler,ŞARTLI 2 /TR,İzmir,Çim,2 Yaşlı İngilizler,129000.0,0,2024-08-11
716924919,2024-08-11,İzmir,Çim,1800,192000.0,3 Yaşlı İngilizler,ŞARTLI 4 /D,İzmir,Çim,3 Yaşlı İngilizler,192000.0,0,2024-08-11
42794697,2024-08-11,İzmir,Çim,1300,192000.0,3 ve Yukarı İngilizler,ŞARTLI 4 /,İzmir,Çim,3 ve Yukarı İngilizler,192000.0,0,2024-08-11
677568265,2024-08-11,İzmir,Kum,1600,163000.0,3 ve Yukarı İngilizler,Handikap 14 /H2,İzmir,Kum,3 ve Yukarı İngilizler,163000.0,0,2024-08-11
613261160,2024-08-11,İzmir,Çim,1200,285000.0,3 Yaşlı Araplar,KV-6 /DHÖW/D,İzmir,Çim,3 Yaşlı Araplar,285000.0,0,2024-08-11
480470400,2024-08-11,İzmir,Kum,1400,192000.0,4 ve Yukarı Araplar,ŞARTLI 4 /DHÖW,İzmir,Kum,4 ve Yukarı Araplar,192000.0,0,2024-08-11
470727986,2024-08-11,İzmir,Çim,2000,192000.0,4 ve Yukarı Araplar,Handikap 15 /DHÖ/H2,İzmir,Çim,4 ve Yukarı Araplar,192000.0,0,2024-08-11
433142756,2024-08-12,Bursa,Çim,1400,240000.0,2 Yaşlı İngilizler,ŞARTLI 5 /,Bursa,Çim,2 Yaşlı İngilizler,240000.0,0,2024-08-12
650854460,2024-08-12,Bursa,Çim,2000,217000.0,3 Yaşlı İngilizler,Maiden /,Bursa,Çim,3 Yaşlı İngilizler,217000.0,0,2024-08-12
93343970,2024-08-12,Bursa,Kum,1900,240000.0,3 Yaşlı İngilizler,ŞARTLI 5 /,Bursa,Kum,3 Yaşlı İngilizler,240000.0,0,2024-08-12
13653915,2024-08-12,Bursa,Çim,1400,192000.0,3 Yaşlı İngilizler,Handikap 15 /H2,Bursa,Çim,3 Yaşlı İngilizler,192000.0,0,2024-08-12
92342751,2024-08-12,Bursa,Çim,1500,285000.0,3 ve Yukarı İngilizler,KV-6 /D,Bursa,Çim,3 ve Yukarı İngilizler,285000.0,0,2024-08-12
633540236,2024-08-12,Bursa,Çim,1300,163000.0,3 ve Yukarı İngilizler,ŞARTLI 3 /,Bursa,Çim,3 ve Yukarı İngilizler,163000.0,0,2024-08-12
427127297,2024-08-12,Bursa,Çim,1500,590000.0,4 ve Yukarı Araplar,G 3 /DHT,Bursa,Çim,4 ve Yukarı Araplar,590000.0,0,2024-08-12
592349604,2024-08-12,Bursa,Kum,1400,192000.0,4 ve Yukarı Araplar,ŞARTLI 4 /DHÖW,Bursa,Kum,4 ve Yukarı Araplar,192000.0,0,2024-08-12
735730725,2024-08-12,Elazığ,Kum,2000,175000.0,3 Yaşlı İngilizler,Handikap 16 /H3,Elazığ,Kum,3 Yaşlı İngilizler,175000.0,0,2024-08-12
828590712,2024-08-12,Elazığ,Kum,1900,88000.0,3 ve Yukarı İngilizler,ŞARTLI 2 /D,Elazığ,Kum,3 ve Yukarı İngilizler,88000.0,0,2024-08-12
545953782,2024-08-12,Elazığ,Kum,1500,160000.0,3 Yaşlı Araplar,Maiden /DHÖ,Elazığ,Kum,3 Yaşlı Araplar,160000.0,0,2024-08-12
300425048,2024-08-12,Elazığ,Kum,1200,114500.0,3 Yaşlı Araplar,Handikap 14 /DHT/H3,Elazığ,Kum,3 Yaşlı Araplar,114500.0,0,2024-08-12
146365326,2024-08-12,Elazığ,Kum,1600,140000.0,4 Yaşlı Araplar,ŞARTLI 4 /DHÖW,Elazığ,Kum,4 Yaşlı Araplar,140000.0,0,2024-08-12
212181871,2024-08-12,Elazığ,Kum,2000,114500.0,4 ve Yukarı Araplar,ŞARTLI 3 /DHÖW/Y-1/D,Elazığ,Kum,4 ve Yukarı Araplar,114500.0,0,2024-08-12
565027316,2024-08-12,Elazığ,Kum,1700,82000.0,4 ve Yukarı Araplar,Handikap 13 /DHÖW/H3,Elazığ,Kum,4 ve Yukarı Araplar,82000.0,0,2024-08-12
462068706,2024-08-13,Ankara,Kum,1400,186500.0,2 Yaşlı İngilizler,ŞARTLI 3 /,Ankara,Kum,2 Yaşlı İngilizler,186500.0,0,2024-08-13
960910692,2024-08-13,Ankara,Çim,2400,280000.0,3 Yaşlı İngilizler,ŞARTLI 5 /,Ankara,Çim,3 Yaşlı İngilizler,280000.0,0,2024-08-13
876834005,2024-08-13,Ankara,Çim,1900,236500.0,3 Yaşlı İngilizler,Handikap 15 /H1/D,Ankara,Çim,3 Yaşlı İngilizler,236500.0,0,2024-08-13
514795635,2024-08-13,Ankara,Kum,2100,328000.0,3 ve Yukarı İngilizler,KV-6 /,Ankara,Kum,3 ve Yukarı İngilizler,328000.0,0,2024-08-13
714373684,2024-08-13,Ankara,Kum,1200,240000.0,3 Yaşlı Araplar,Maiden /DHÖW,Ankara,Kum,3 Yaşlı Araplar,240000.0,0,2024-08-13
10977601,2024-08-13,Ankara,Kum,1400,216000.0,4 Yaşlı Araplar,SATIŞ 2 /DHÖW,Ankara,Kum,4 Yaşlı Araplar,216000.0,0,2024-08-13
681890525,2024-08-13,Ankara,Çim,1300,143000.0,4 ve Yukarı Araplar,ŞARTLI 2 /DHÖW,Ankara,Çim,4 ve Yukarı Araplar,143000.0,0,2024-08-13
56149254,2024-08-13,Ankara,Çim,1900,313000.0,4 ve Yukarı Araplar,Handikap 17 /DHÖ/H1,Ankara,Çim,4 ve Yukarı Araplar,313000.0,0,2024-08-13
727127873,2024-08-13,Kocaeli,Kum,1400,217000.0,2 Yaşlı İngilizler,Maiden /,Kocaeli,Kum,2 Yaşlı İngilizler,217000.0,0,2024-08-13
476141969,2024-08-13,Kocaeli,Kum,1400,240000.0,3 Yaşlı İngilizler,ŞARTLI 5 /,Kocaeli,Kum,3 Yaşlı İngilizler,240000.0,0,2024-08-13
758263045,2024-08-13,Kocaeli,Kum,1200,274000.0,3 ve Yukarı İngilizler,Handikap 17 /H2,Kocaeli,Kum,3 ve Yukarı İngilizler,274000.0,0,2024-08-13
168008383,2024-08-13,Kocaeli,Kum,1500,240000.0,3 Yaşlı Araplar,ŞARTLI 5 /DHÖW/D,Kocaeli,Kum,3 Yaşlı Araplar,240000.0,0,2024-08-13
414313706,2024-08-13,Kocaeli,Kum,1800,240000.0,4 Yaşlı Araplar,ŞARTLI 5 /DHÖ,Kocaeli,Kum,4 Yaşlı Araplar,240000.0,0,2024-08-13
376183032,2024-08-13,Kocaeli,Kum,1900,331000.0,4 ve Yukarı Araplar,KV-7 /DHÖW/D,Kocaeli,Kum,4 ve Yukarı Araplar,331000.0,0,2024-08-13
555579157,2024-08-13,Kocaeli,Kum,1200,192000.0,4 ve Yukarı Araplar,Handikap 15 /DHÖW/H2,Kocaeli,Kum,4 ve Yukarı Araplar,192000.0,0,2024-08-13
734481261,2024-08-14,İstanbul,Çim,1300,186500.0,2 Yaşlı İngilizler,ŞARTLI 3 /D,İstanbul,Çim,2 Yaşlı İngilizler,186500.0,0,2024-08-14
829673554,2024-08-14,İstanbul,Çim,1400,240000.0,3 Yaşlı İngilizler,Maiden /,İstanbul,Çim,3 Yaşlı İngilizler,240000.0,0,2024-08-14
473277992,2024-08-14,İstanbul,Çim,1600,280000.0,3 Yaşlı İngilizler,ŞARTLI 5 /D,İstanbul,Çim,3 Yaşlı İngilizler,280000.0,0,2024-08-14
974542721,2024-08-14,İstanbul,Çim,1400,236500.0,3 Yaşlı İngilizler,Handikap 15 /H1,İstanbul,Çim,3 Yaşlı İngilizler,236500.0,0,2024-08-14
740363924,2024-08-14,İstanbul,Sentetik,2000,453000.0,3 ve Yukarı İngilizler,KV-8 /,İstanbul,Sentetik,3 ve Yukarı İngilizler,453000.0,0,2024-08-14
976868986,2024-08-14,İstanbul,Çim,2200,313000.0,3 ve Yukarı İngilizler,Handikap 17 /H1,İstanbul,Çim,3 ve Yukarı İngilizler,313000.0,0,2024-08-14
360113336,2024-08-14,İstanbul,Çim,1600,216000.0,4 Yaşlı Araplar,SATIŞ 2 /DHÖW,İstanbul,Çim,4 Yaşlı Araplar,216000.0,0,2024-08-14
338630772,2024-08-14,İstanbul,Sentetik,2200,280000.0,4 Yaşlı Araplar,Handikap 16 /DHÖW/H1,İstanbul,Sentetik,4 Yaşlı Araplar,280000.0,0,2024-08-14
819120795,2024-08-14,Elazığ,Kum,1200,160000.0,2 Yaşlı İngilizler,Maiden /TR,Elazığ,Kum,2 Yaşlı İngilizler,160000.0,0,2024-08-14
872917957,2024-08-14,Elazığ,Kum,1600,175000.0,3 Yaşlı İngilizler,ŞARTLI 5 /,Elazığ,Kum,3 Yaşlı İngilizler,175000.0,0,2024-08-14
806135865,2024-08-14,Elazığ,Kum,1900,175000.0,3 ve Yukarı İngilizler,ŞARTLI 5 /,Elazığ,Kum,3 ve Yukarı İngilizler,175000.0,0,2024-08-14
939494210,2024-08-14,Elazığ,Kum,1200,114500.0,3 ve Yukarı İngilizler,Handikap 14 /H3/D,Elazığ,Kum,3 ve Yukarı İngilizler,114500.0,0,2024-08-14
626998303,2024-08-14,Elazığ,Kum,1500,114500.0,3 Yaşlı Araplar,ŞARTLI 3 /DHÖW,Elazığ,Kum,3 Yaşlı Araplar,114500.0,0,2024-08-14
431013798,2024-08-14,Elazığ,Kum,1900,114500.0,4 Yaşlı Araplar,ŞARTLI 3 /DHÖW,Elazığ,Kum,4 Yaşlı Araplar,114500.0,0,2024-08-14
592129711,2024-08-14,Elazığ,Kum,1200,175000.0,4 ve Yukarı Araplar,ŞARTLI 5 /DHÖ,Elazığ,Kum,4 ve Yukarı Araplar,175000.0,0,2024-08-14
577912403,2024-08-14,Elazığ,Kum,2000,175000.0,4 ve Yukarı Araplar,Handikap 16 /DHÖW/H3,Elazığ,Kum,4 ve Yukarı Araplar,175000.0,0,2024-08-14
935771288,2024-08-15,Ankara,Çim,1600,240000.0,2 Yaşlı İngilizler,Maiden /,Ankara,Çim,2 Yaşlı İngilizler,240000.0,0,2024-08-15
743870484,2024-08-15,Ankara,Çim,1600,280000.0,3 Yaşlı İngilizler,ŞARTLI 5 /D,Ankara,Çim,3 Yaşlı İngilizler,280000.0,0,2024-08-15
72131483,2024-08-15,Ankara,Kum,2000,280000.0,3 Yaşlı İngilizler,Handikap 16 /H1,Ankara,Kum,3 Yaşlı İngilizler,280000.0,0,2024-08-15
5337390,2024-08-15,Ankara,Kum,1500,236500.0,3 ve Yukarı İngilizler,ŞARTLI 4 /,Ankara,Kum,3 ve Yukarı İngilizler,236500.0,0,2024-08-15
917722309,2024-08-15,Ankara,Çim,1400,253000.0,3 ve Yukarı İngilizler,SATIŞ 3 /,Ankara,Çim,3 ve Yukarı İngilizler,253000.0,0,2024-08-15
643150082,2024-08-15,Ankara,Çim,1400,453000.0,4 Yaşlı Araplar,KV-8 /DHT,Ankara,Çim,4 Yaşlı Araplar,453000.0,0,2024-08-15
830305137,2024-08-15,Ankara,Kum,2200,280000.0,4 Yaşlı Araplar,Handikap 16 /DHÖW/H1,Ankara,Kum,4 Yaşlı Araplar,280000.0,0,2024-08-15
687879317,2024-08-15,Ankara,Çim,2200,236500.0,4 ve Yukarı Araplar,ŞARTLI 4 /DHÖW/D,Ankara,Çim,4 ve Yukarı Araplar,236500.0,0,2024-08-15
464226499,2024-08-15,Ankara,Çim,1600,280000.0,4 ve Yukarı Araplar,Handikap 16 /DHÖW/H1/Y-2,Ankara,Çim,4 ve Yukarı Araplar,280000.0,0,2024-08-15
830908712,2024-08-15,Kocaeli,Kum,1200,192000.0,2 Yaşlı İngilizler,ŞARTLI 4 /,Kocaeli,Kum,2 Yaşlı İngilizler,192000.0,0,2024-08-15
156558369,2024-08-15,Kocaeli,Kum,1400,153000.0,3 Yaşlı İngilizler,SATIŞ 1 /,Kocaeli,Kum,3 Yaşlı İngilizler,153000.0,0,2024-08-15
704227000,2024-08-15,Kocaeli,Kum,1800,192000.0,3 Yaşlı İngilizler,Handikap 15 /H2,Kocaeli,Kum,3 Yaşlı İngilizler,192000.0,0,2024-08-15
381103217,2024-08-15,Kocaeli,Kum,1800,163000.0,3 ve Yukarı İngilizler,ŞARTLI 3 /D,Kocaeli,Kum,3 ve Yukarı İngilizler,163000.0,0,2024-08-15
805600461,2024-08-15,Kocaeli,Kum,1500,217000.0,3 Yaşlı Araplar,Maiden /DHÖ,Kocaeli,Kum,3 Yaşlı Araplar,217000.0,0,2024-08-15
572059975,2024-08-15,Kocaeli,Kum,2000,163000.0,4 Yaşlı Araplar,ŞARTLI 3 /DHÖW/Y-1/D,Kocaeli,Kum,4 Yaşlı Araplar,163000.0,0,2024-08-15
840996906,2024-08-15,Kocaeli,Kum,1500,240000.0,4 Yaşlı Araplar,Handikap 16 /DHÖW/H2,Kocaeli,Kum,4 Yaşlı Araplar,240000.0,0,2024-08-15
245609625,2024-08-15,Kocaeli,Kum,1200,285000.0,4 ve Yukarı Araplar,KV-6 /DHÖW,Kocaeli,Kum,4 ve Yukarı Araplar,285000.0,0,2024-08-15
622656,2024-08-16,Bursa,Kum,1400,163000.0,2 Yaşlı İngilizler,ŞARTLI 3 /,Bursa,Kum,2 Yaşlı İngilizler,163000.0,0,2024-08-16
222159221,2024-08-16,Bursa,Çim,1400,384000.0,3 Yaşlı İngilizler,KV-8 /D,Bursa,Çim,3 Yaşlı İngilizler,384000.0,0,2024-08-16
905179696,2024-08-16,Bursa,Kum,1400,192000.0,3 Yaşlı İngilizler,Handikap 15 /H2,Bursa,Kum,3 Yaşlı İngilizler,192000.0,0,2024-08-16
494141142,2024-08-16,Bursa,Kum,2000,440000.0,3 ve Yukarı İngilizler,KV-9 /,Bursa,Kum,3 ve Yukarı İngilizler,440000.0,0,2024-08-16
575766126,2024-08-16,Bursa,Çim,2400,192000.0,3 ve Yukarı İngilizler,Handikap 15 /H2,Bursa,Çim,3 ve Yukarı İngilizler,192000.0,0,2024-08-16
820952344,2024-08-16,Bursa,Çim,1200,217000.0,3 Yaşlı Araplar,Maiden /DHÖW,Bursa,Çim,3 Yaşlı Araplar,217000.0,0,2024-08-16
16881421,2024-08-16,Bursa,Çim,2200,240000.0,4 ve Yukarı Araplar,ŞARTLI 5 /DHÖW,Bursa,Çim,4 ve Yukarı Araplar,240000.0,0,2024-08-16
791947288,2024-08-16,Bursa,Çim,1700,274000.0,4 ve Yukarı Araplar,Handikap 17 /DHÖ/H2,Bursa,Çim,4 ve Yukarı Araplar,274000.0,0,2024-08-16
801210366,2024-08-16,İstanbul,Çim,1300,320000.0,2 Yaşlı İngilizler,ŞARTLI 1 /,İstanbul,Çim,2 Yaşlı İngilizler,320000.0,0,2024-08-16
883079642,2024-08-16,İstanbul,Çim,1900,288000.0,3 Yaşlı İngilizler,SATIŞ 4 /,İstanbul,Çim,3 Yaşlı İngilizler,288000.0,0,2024-08-16
950930931,2024-08-16,İstanbul,Çim,1200,186500.0,3 Yaşlı İngilizler,Handikap 14 /H1/D,İstanbul,Çim,3 Yaşlı İngilizler,186500.0,0,2024-08-16
214471425,2024-08-16,İstanbul,Çim,2400,1400000.0,3 ve Yukarı İngilizler,G 2 /,İstanbul,Çim,3 ve Yukarı İngilizler,1400000.0,0,2024-08-16
343506145,2024-08-16,İstanbul,Çim,1200,328000.0,3 ve Yukarı İngilizler,KV-6 /,İstanbul,Çim,3 ve Yukarı İngilizler,328000.0,0,2024-08-16
402137796,2024-08-16,İstanbul,Sentetik,1400,313000.0,3 ve Yukarı İngilizler,Handikap 17 /H1,İstanbul,Sentetik,3 ve Yukarı İngilizler,313000.0,0,2024-08-16
680183578,2024-08-16,İstanbul,Sentetik,1200,186500.0,3 Yaşlı Araplar,ŞARTLI 3 /DHÖW,İstanbul,Sentetik,3 Yaşlı Araplar,186500.0,0,2024-08-16
440580347,2024-08-16,İstanbul,Çim,1900,236500.0,4 Yaşlı Araplar,Handikap 15 /DHÖW/H1,İstanbul,Çim,4 Yaşlı Araplar,236500.0,0,2024-08-16
25803253,2024-08-16,İstanbul,Çim,2100,236500.0,4 ve Yukarı Araplar,ŞARTLI 4 /DHÖW,İstanbul,Çim,4 ve Yukarı Araplar,236500.0,0,2024-08-16
386158919,2024-08-17,Ankara,Çim,1300,1950000.0,2 Yaşlı İngilizler,G 1 /,Ankara,Çim,2 Yaşlı İngilizler,1950000.0,0,2024-08-17
88083292,2024-08-17,Ankara,Çim,1600,240000.0,3 Yaşlı İngilizler,Maiden /,Ankara,Çim,3 Yaşlı İngilizler,240000.0,0,2024-08-17
498851276,2024-08-17,Ankara,Kum,1200,280000.0,3 Yaşlı İngilizler,Handikap 16 /H1,Ankara,Kum,3 Yaşlı İngilizler,280000.0,0,2024-08-17
479573355,2024-08-17,Ankara,Çim,1600,1950000.0,3 ve Yukarı İngilizler,G 1 /D,Ankara,Çim,3 ve Yukarı İngilizler,1950000.0,0,2024-08-17
535371990,2024-08-17,Ankara,Çim,1600,236500.0,3 ve Yukarı İngilizler,ŞARTLI 4 /,Ankara,Çim,3 ve Yukarı İngilizler,236500.0,0,2024-08-17
282304643,2024-08-17,Ankara,Çim,1900,280000.0,3 ve Yukarı İngilizler,Handikap 16 /H1,Ankara,Çim,3 ve Yukarı İngilizler,280000.0,0,2024-08-17
320526097,2024-08-17,Ankara,Kum,1300,236500.0,3 Yaşlı Araplar,ŞARTLI 4 /DHÖ,Ankara,Kum,3 Yaşlı Araplar,236500.0,0,2024-08-17
773336000,2024-08-17,Ankara,Çim,1400,186500.0,4 Yaşlı Araplar,Handikap 14 /DHÖW/H1,Ankara,Çim,4 Yaşlı Araplar,186500.0,0,2024-08-17
187729705,2024-08-17,Ankara,Çim,1600,328000.0,4 ve Yukarı Araplar,KV-6 /DHT,Ankara,Çim,4 ve Yukarı Araplar,328000.0,0,2024-08-17
441901712,2024-08-17,İzmir,Çim,1800,285000.0,3 Yaşlı İngilizler,KV-6 /,İzmir,Çim,3 Yaşlı İngilizler,285000.0,0,2024-08-17
444249400,2024-08-17,İzmir,Kum,1600,163000.0,3 Yaşlı İngilizler,Handikap 14 /H2,İzmir,Kum,3 Yaşlı İngilizler,163000.0,0,2024-08-17
447875784,2024-08-17,İzmir,Çim,2000,163000.0,3 ve Yukarı İngilizler,ŞARTLI 3 /,İzmir,Çim,3 ve Yukarı İngilizler,163000.0,0,2024-08-17
681878037,2024-08-17,İzmir,Çim,1200,163000.0,3 ve Yukarı İngilizler,Handikap 14 /H2,İzmir,Çim,3 ve Yukarı İngilizler,163000.0,0,2024-08-17
316086425,2024-08-17,İzmir,Çim,1200,217000.0,3 Yaşlı Araplar,Maiden /DHÖW,İzmir,Çim,3 Yaşlı Araplar,217000.0,0,2024-08-17
458780706,2024-08-17,İzmir,Çim,1800,163000.0,4 Yaşlı Araplar,ŞARTLI 3 /DHÖW/Y-1/D,İzmir,Çim,4 Yaşlı Araplar,163000.0,0,2024-08-17
553862156,2024-08-17,İzmir,Çim,1200,240000.0,4 ve Yukarı Araplar,ŞARTLI 5 /DHÖW,İzmir,Çim,4 ve Yukarı Araplar,240000.0,0,2024-08-17
996362956,2024-08-17,İzmir,Kum,1900,240000.0,4 ve Yukarı Araplar,Handikap 16 /DHÖ/H2,İzmir,Kum,4 ve Yukarı Araplar,240000.0,0,2024-08-17
48946854,2024-08-17,Diyarbakır,Kum,1200,114500.0,2 Yaşlı İngilizler,ŞARTLI 3 /,Diyarbakır,Kum,2 Yaşlı İngilizler,114500.0,0,2024-08-17
832836347,2024-08-17,Diyarbakır,Kum,1900,140000.0,3 Yaşlı İngilizler,ŞARTLI 4 /,Diyarbakır,Kum,3 Yaşlı İngilizler,140000.0,0,2024-08-17
478989025,2024-08-17,Diyarbakır,Kum,1200,88000.0,3 ve Yukarı İngilizler,ŞARTLI 2 /,Diyarbakır,Kum,3 ve Yukarı İngilizler,88000.0,0,2024-08-17
189088728,2024-08-17,Diyarbakır,Kum,1900,114500.0,3 ve Yukarı İngilizler,Handikap 14 /H3,Diyarbakır,Kum,3 ve Yukarı İngilizler,114500.0,0,2024-08-17
782191895,2024-08-17,Diyarbakır,Kum,1200,160000.0,3 Yaşlı Araplar,ŞARTLI 19 /DHÖW/D,Diyarbakır,Kum,3 Yaşlı Araplar,160000.0,0,2024-08-17
501841281,2024-08-17,Diyarbakır,Kum,1200,82000.0,3 Yaşlı Araplar,Handikap 13 /DHÖW/H3,Diyarbakır,Kum,3 Yaşlı Araplar,82000.0,0,2024-08-17
232867526,2024-08-18,İstanbul,Çim,1400,186500.0,2 Yaşlı İngilizler,ŞARTLI 3 /,İstanbul,Çim,2 Yaşlı İngilizler,186500.0,0,2024-08-18
462883490,2024-08-18,İstanbul,Çim,1600,280000.0,3 Yaşlı İngilizler,ŞARTLI 5 /,İstanbul,Çim,3 Yaşlı İngilizler,280000.0,0,2024-08-18
930798452,2024-08-18,İstanbul,Çim,1600,2200000.0,3 ve Yukarı İngilizler,G 1 /,İstanbul,Çim,3 ve Yukarı İngilizler,2200000.0,0,2024-08-18
282178113,2024-08-18,İstanbul,Çim,1200,453000.0,3 ve Yukarı İngilizler,KV-8 /D,İstanbul,Çim,3 ve Yukarı İngilizler,453000.0,0,2024-08-18
938423523,2024-08-18,İstanbul,Çim,1900,453000.0,3 ve Yukarı İngilizler,KV-8 /,İstanbul,Çim,3 ve Yukarı İngilizler,453000.0,0,2024-08-18
598704926,2024-08-18,İstanbul,Sentetik,1500,240000.0,3 Yaşlı Araplar,Maiden /DHÖW,İstanbul,Sentetik,3 Yaşlı Araplar,240000.0,0,2024-08-18
573416130,2024-08-18,İstanbul,Çim,1400,280000.0,4 ve Yukarı Araplar,Handikap 16 /DHÖW/H1,İstanbul,Çim,4 ve Yukarı Araplar,280000.0,0,2024-08-18
983078988,2024-08-18,İstanbul,Sentetik,1500,453000.0,4 ve Yukarı Araplar,Kısa Vade Handikap 24 /DHT/H1,İstanbul,Sentetik,4 ve Yukarı Araplar,453000.0,0,2024-08-18
651620119,2024-08-18,İzmir,Kum,1200,273000.0,2 Yaşlı İngilizler,ŞARTLI 1 /,İzmir,Kum,2 Yaşlı İngilizler,273000.0,0,2024-08-18
636692087,2024-08-18,İzmir,Kum,2100,240000.0,3 Yaşlı İngilizler,ŞARTLI 5 /,İzmir,Kum,3 Yaşlı İngilizler,240000.0,0,2024-08-18
637801432,2024-08-18,İzmir,Çim,1300,240000.0,3 Yaşlı İngilizler,Handikap 16 /H2,İzmir,Çim,3 Yaşlı İngilizler,240000.0,0,2024-08-18
390135439,2024-08-18,İzmir,Kum,1900,129000.0,3 ve Yukarı İngilizler,ŞARTLI 2 /,İzmir,Kum,3 ve Yukarı İngilizler,129000.0,0,2024-08-18
226524596,2024-08-18,İzmir,Çim,2400,240000.0,3 ve Yukarı İngilizler,Handikap 16 /H2,İzmir,Çim,3 ve Yukarı İngilizler,240000.0,0,2024-08-18
528635537,2024-08-18,İzmir,Çim,1200,192000.0,3 Yaşlı Araplar,ŞARTLI 4 /DHÖW,İzmir,Çim,3 Yaşlı Araplar,192000.0,0,2024-08-18
494867321,2024-08-18,İzmir,Çim,1300,163000.0,4 Yaşlı Araplar,ŞARTLI 3 /DHÖW,İzmir,Çim,4 Yaşlı Araplar,163000.0,0,2024-08-18
119404449,2024-08-18,İzmir,Çim,1900,331000.0,4 ve Yukarı Araplar,KV-7 /DHÖW,İzmir,Çim,4 ve Yukarı Araplar,331000.0,0,2024-08-18
760863312,2024-08-19,Bursa,Çim,1200,163000.0,2 Yaşlı İngilizler,ŞARTLI 3 /D,Bursa,Çim,2 Yaşlı İngilizler,163000.0,0,2024-08-19
368235942,2024-08-19,Bursa,Çim,2000,285000.0,3 ve Yukarı İngilizler,KV-6 /,Bursa,Çim,3 ve Yukarı İngilizler,285000.0,0,2024-08-19
178529137,2024-08-19,Bursa,Kum,1900,192000.0,3 ve Yukarı İngilizler,ŞARTLI 4 /,Bursa,Kum,3 ve Yukarı İngilizler,192000.0,0,2024-08-19
257062448,2024-08-19,Bursa,Kum,1300,217000.0,3 Yaşlı Araplar,Maiden /DHÖW,Bursa,Kum,3 Yaşlı Araplar,217000.0,0,2024-08-19
598614306,2024-08-19,Bursa,Çim,1400,163000.0,3 Yaşlı Araplar,ŞARTLI 3 /DHÖW,Bursa,Çim,3 Yaşlı Araplar,163000.0,0,2024-08-19
165180584,2024-08-19,Bursa,Çim,1300,285000.0,4 Yaşlı Araplar,KV-6 /DHT,Bursa,Çim,4 Yaşlı Araplar,285000.0,0,2024-08-19
88047432,2024-08-19,Bursa,Çim,1700,163000.0,4 ve Yukarı Araplar,ŞARTLI 3 /DHÖW,Bursa,Çim,4 ve Yukarı Araplar,163000.0,0,2024-08-19
950858344,2024-08-19,Bursa,Çim,2000,192000.0,4 ve Yukarı Araplar,Handikap 15 /DHÖW/H2/D,Bursa,Çim,4 ve Yukarı Araplar,192000.0,0,2024-08-19
655992813,2024-08-19,Elazığ,Kum,1500,114500.0,2 Yaşlı İngilizler,ŞARTLI 3 /,Elazığ,Kum,2 Yaşlı İngilizler,114500.0,0,2024-08-19
575039432,2024-08-19,Elazığ,Kum,1900,160000.0,3 Yaşlı İngilizler,Maiden /,Elazığ,Kum,3 Yaşlı İngilizler,160000.0,0,2024-08-19
426896092,2024-08-19,Elazığ,Kum,1200,238000.0,3 ve Yukarı İngilizler,KV-7 /,Elazığ,Kum,3 ve Yukarı İngilizler,238000.0,0,2024-08-19
10193590,2024-08-19,Elazığ,Kum,1900,140000.0,3 ve Yukarı İngilizler,Handikap 15 /H3,Elazığ,Kum,3 ve Yukarı İngilizler,140000.0,0,2024-08-19
273658096,2024-08-19,Elazığ,Kum,1200,88000.0,4 Yaşlı Araplar,ŞARTLI 2 /DHÖW/D,Elazığ,Kum,4 Yaşlı Araplar,88000.0,0,2024-08-19
873138288,2024-08-19,Elazığ,Kum,1800,140000.0,4 ve Yukarı Araplar,ŞARTLI 4 /DHÖW,Elazığ,Kum,4 ve Yukarı Araplar,140000.0,0,2024-08-19
111275756,2024-08-20,Ankara,Kum,1400,240000.0,2 Yaşlı İngilizler,Maiden /,Ankara,Kum,2 Yaşlı İngilizler,240000.0,0,2024-08-20
114007746,2024-08-20,Ankara,Kum,1200,236500.0,2 Yaşlı İngilizler,ŞARTLI 4 /D,Ankara,Kum,2 Yaşlı İngilizler,236500.0,0,2024-08-20
754384537,2024-08-20,Ankara,Kum,1300,253000.0,3 Yaşlı İngilizler,SATIŞ 3 /,Ankara,Kum,3 Yaşlı İngilizler,253000.0,0,2024-08-20
595500649,2024-08-20,Ankara,Çim,1900,328000.0,3 ve Yukarı İngilizler,KV-6 /,Ankara,Çim,3 ve Yukarı İngilizler,328000.0,0,2024-08-20
541657060,2024-08-20,Ankara,Çim,1300,313000.0,3 ve Yukarı İngilizler,Handikap 17 /H1,Ankara,Çim,3 ve Yukarı İngilizler,313000.0,0,2024-08-20
692363641,2024-08-20,Ankara,Çim,1400,390000.0,3 Yaşlı Araplar,KV-7 /DHÖW,Ankara,Çim,3 Yaşlı Araplar,390000.0,0,2024-08-20
878876837,2024-08-20,Ankara,Çim,2200,1400000.0,4 ve Yukarı Araplar,G 2 /DH,Ankara,Çim,4 ve Yukarı Araplar,1400000.0,0,2024-08-20
747669792,2024-08-20,Ankara,Kum,2000,186500.0,4 ve Yukarı Araplar,ŞARTLI 3 /DHÖW,Ankara,Kum,4 ve Yukarı Araplar,186500.0,0,2024-08-20
934731237,2024-08-20,Kocaeli,Kum,1400,163000.0,2 Yaşlı İngilizler,ŞARTLI 3 /D,Kocaeli,Kum,2 Yaşlı İngilizler,163000.0,0,2024-08-20
431994813,2024-08-20,Kocaeli,Kum,1500,217000.0,3 Yaşlı İngilizler,Maiden /,Kocaeli,Kum,3 Yaşlı İngilizler,217000.0,0,2024-08-20
530539456,2024-08-20,Kocaeli,Kum,1400,285000.0,3 Yaşlı İngilizler,KV-6 /D,Kocaeli,Kum,3 Yaşlı İngilizler,285000.0,0,2024-08-20
236486972,2024-08-20,Kocaeli,Kum,1500,192000.0,3 ve Yukarı İngilizler,ŞARTLI 4 /Y-1,Kocaeli,Kum,3 ve Yukarı İngilizler,192000.0,0,2024-08-20
551481995,2024-08-20,Kocaeli,Kum,1800,240000.0,3 ve Yukarı İngilizler,Handikap 16 /H2,Kocaeli,Kum,3 ve Yukarı İngilizler,240000.0,0,2024-08-20
952529088,2024-08-20,Kocaeli,Kum,1400,192000.0,3 Yaşlı Araplar,ŞARTLI 4 /DHÖ,Kocaeli,Kum,3 Yaşlı Araplar,192000.0,0,2024-08-20
168003341,2024-08-20,Kocaeli,Kum,1700,163000.0,4 ve Yukarı Araplar,ŞARTLI 3 /DHÖW,Kocaeli,Kum,4 ve Yukarı Araplar,163000.0,0,2024-08-20
481873961,2024-08-21,İstanbul,Çim,1400,240000.0,2 Yaşlı İngilizler,Maiden /,İstanbul,Çim,2 Yaşlı İngilizler,240000.0,0,2024-08-21
203808303,2024-08-21,İstanbul,Sentetik,1400,186500.0,3 Yaşlı İngilizler,ŞARTLI 3 /,İstanbul,Sentetik,3 Yaşlı İngilizler,186500.0,0,2024-08-21
376415915,2024-08-21,İstanbul,Sentetik,2000,236500.0,3 ve Yukarı İngilizler,ŞARTLI 4 /,İstanbul,Sentetik,3 ve Yukarı İngilizler,236500.0,0,2024-08-21
71861340,2024-08-21,İstanbul,Çim,1900,180000.0,3 ve Yukarı İngilizler,SATIŞ 1 /,İstanbul,Çim,3 ve Yukarı İngilizler,180000.0,0,2024-08-21
952131661,2024-08-21,İstanbul,Çim,1400,1400000.0,3 Yaşlı Araplar,G 2 /DHT,İstanbul,Çim,3 Yaşlı Araplar,1400000.0,0,2024-08-21
794277568,2024-08-21,İstanbul,Çim,1600,236500.0,3 Yaşlı Araplar,ŞARTLI 4 /DHÖW,İstanbul,Çim,3 Yaşlı Araplar,236500.0,0,2024-08-21
575192806,2024-08-21,İstanbul,Çim,1600,186500.0,4 Yaşlı Araplar,Handikap 14 /DHÖW/H1,İstanbul,Çim,4 Yaşlı Araplar,186500.0,0,2024-08-21
465742259,2024-08-21,İstanbul,Sentetik,1500,280000.0,4 ve Yukarı Araplar,ŞARTLI 5 /DHÖW,İstanbul,Sentetik,4 ve Yukarı Araplar,280000.0,0,2024-08-21
434636019,2024-08-21,İstanbul,Çim,1900,280000.0,4 ve Yukarı Araplar,Handikap 16 /DHÖW/H1,İstanbul,Çim,4 ve Yukarı Araplar,280000.0,0,2024-08-21
730370028,2024-08-21,Elazığ,Kum,1600,160000.0,3 Yaşlı İngilizler,Maiden /D,Elazığ,Kum,3 Yaşlı İngilizler,160000.0,0,2024-08-21
28058138,2024-08-21,Elazığ,Kum,1900,82000.0,3 Yaşlı İngilizler,Handikap 13 /H3,Elazığ,Kum,3 Yaşlı İngilizler,82000.0,0,2024-08-21
653500253,2024-08-21,Elazığ,Kum,1800,114500.0,3 ve Yukarı İngilizler,ŞARTLI 3 /,Elazığ,Kum,3 ve Yukarı İngilizler,114500.0,0,2024-08-21
43577620,2024-08-21,Elazığ,Kum,1200,140000.0,3 ve Yukarı İngilizler,Handikap 15 /H3,Elazığ,Kum,3 ve Yukarı İngilizler,140000.0,0,2024-08-21
607427017,2024-08-21,Elazığ,Kum,1200,114500.0,3 Yaşlı Araplar,Handikap 14 /DHÖ/H3/D,Elazığ,Kum,3 Yaşlı Araplar,114500.0,0,2024-08-21
498358309,2024-08-21,Elazığ,Kum,1800,175000.0,4 Yaşlı Araplar,Handikap 16 /DHÖ/H3,Elazığ,Kum,4 Yaşlı Araplar,175000.0,0,2024-08-21
222742823,2024-08-21,Elazığ,Kum,1600,114500.0,4 ve Yukarı Araplar,ŞARTLI 3 /DHÖW/D,Elazığ,Kum,4 ve Yukarı Araplar,114500.0,0,2024-08-21
750968772,2024-08-22,Ankara,Çim,1300,240000.0,2 Yaşlı İngilizler,Maiden /,Ankara,Çim,2 Yaşlı İngilizler,240000.0,0,2024-08-22
97071501,2024-08-22,Ankara,Çim,1300,328000.0,2 Yaşlı İngilizler,KV-6 /D,Ankara,Çim,2 Yaşlı İngilizler,328000.0,0,2024-08-22
41283305,2024-08-22,Ankara,Kum,2100,390000.0,3 Yaşlı İngilizler,KV-7 /,Ankara,Kum,3 Yaşlı İngilizler,390000.0,0,2024-08-22
676494076,2024-08-22,Ankara,Çim,1400,236500.0,3 Yaşlı İngilizler,ŞARTLI 4 /,Ankara,Çim,3 Yaşlı İngilizler,236500.0,0,2024-08-22
646734804,2024-08-22,Ankara,Çim,1900,236500.0,3 ve Yukarı İngilizler,ŞARTLI 4 /Y-1/D,Ankara,Çim,3 ve Yukarı İngilizler,236500.0,0,2024-08-22
482744001,2024-08-22,Ankara,Kum,1400,980000.0,3 Yaşlı Araplar,G 3 /DHT,Ankara,Kum,3 Yaşlı Araplar,980000.0,0,2024-08-22
341414259,2024-08-22,Ankara,Kum,1500,186500.0,4 Yaşlı Araplar,ŞARTLI 3 /DHÖ/D,Ankara,Kum,4 Yaşlı Araplar,186500.0,0,2024-08-22
852946216,2024-08-22,Ankara,Çim,2200,280000.0,4 Yaşlı Araplar,Handikap 16 /DHÖW/H1,Ankara,Çim,4 Yaşlı Araplar,280000.0,0,2024-08-22
314409818,2024-08-22,Ankara,Çim,1600,180000.0,4 ve Yukarı Araplar,SATIŞ 1 /DHÖW,Ankara,Çim,4 ve Yukarı Araplar,180000.0,0,2024-08-22
995426272,2024-08-22,Kocaeli,Kum,1400,177000.0,2 Yaşlı İngilizler,SATIŞ 2 /,Kocaeli,Kum,2 Yaşlı İngilizler,177000.0,0,2024-08-22
275056439,2024-08-22,Kocaeli,Kum,1400,192000.0,3 Yaşlı İngilizler,Handikap 15 /H2,Kocaeli,Kum,3 Yaşlı İngilizler,192000.0,0,2024-08-22
83943674,2024-08-22,Kocaeli,Kum,2000,163000.0,3 ve Yukarı İngilizler,ŞARTLI 3 /,Kocaeli,Kum,3 ve Yukarı İngilizler,163000.0,0,2024-08-22
469705357,2024-08-22,Kocaeli,Kum,1400,192000.0,3 ve Yukarı İngilizler,Handikap 15 /H2/Y-1/D,Kocaeli,Kum,3 ve Yukarı İngilizler,192000.0,0,2024-08-22
168897255,2024-08-22,Kocaeli,Kum,1400,217000.0,3 Yaşlı Araplar,Maiden /DHÖW/D,Kocaeli,Kum,3 Yaşlı Araplar,217000.0,0,2024-08-22
444966212,2024-08-22,Kocaeli,Kum,1200,129000.0,3 Yaşlı Araplar,ŞARTLI 2 /DHÖW,Kocaeli,Kum,3 Yaşlı Araplar,129000.0,0,2024-08-22
202026223,2024-08-22,Kocaeli,Kum,1400,163000.0,4 Yaşlı Araplar,ŞARTLI 3 /DHÖW,Kocaeli,Kum,4 Yaşlı Araplar,163000.0,0,2024-08-22
575450593,2024-08-22,Kocaeli,Kum,1900,192000.0,4 ve Yukarı Araplar,Handikap 15 /DHÖW/H2,Kocaeli,Kum,4 ve Yukarı Araplar,192000.0,0,2024-08-22
834835959,2024-08-23,Bursa,Çim,1200,163000.0,2 Yaşlı İngilizler,ŞARTLI 3 /,Bursa,Çim,2 Yaşlı İngilizler,163000.0,0,2024-08-23
625537960,2024-08-23,Bursa,Çim,2000,240000.0,3 Yaşlı İngilizler,ŞARTLI 5 /,Bursa,Çim,3 Yaşlı İngilizler,240000.0,0,2024-08-23
313531513,2024-08-23,Bursa,Kum,1300,192000.0,3 ve Yukarı İngilizler,ŞARTLI 4 /,Bursa,Kum,3 ve Yukarı İngilizler,192000.0,0,2024-08-23
768591902,2024-08-23,Bursa,Çim,1700,163000.0,3 ve Yukarı İngilizler,Handikap 14 /H2,Bursa,Çim,3 ve Yukarı İngilizler,163000.0,0,2024-08-23
956421647,2024-08-23,Bursa,Çim,1300,273000.0,3 Yaşlı Araplar,ŞARTLI 1 /DHÖW,Bursa,Çim,3 Yaşlı Araplar,273000.0,0,2024-08-23
807665872,2024-08-23,Bursa,Çim,1200,384000.0,3 Yaşlı Araplar,KV-8 /DHT,Bursa,Çim,3 Yaşlı Araplar,384000.0,0,2024-08-23
338862849,2024-08-23,Bursa,Çim,1800,163000.0,4 Yaşlı Araplar,Handikap 14 /DHÖW/H2,Bursa,Çim,4 Yaşlı Araplar,163000.0,0,2024-08-23
529823827,2024-08-23,Bursa,Kum,1400,274000.0,4 ve Yukarı Araplar,Handikap 17 /DHÖW/H2,Bursa,Kum,4 ve Yukarı Araplar,274000.0,0,2024-08-23
854934360,2024-08-23,İstanbul,Çim,1300,320000.0,2 Yaşlı İngilizler,ŞARTLI 1 /D,İstanbul,Çim,2 Yaşlı İngilizler,320000.0,0,2024-08-23
182137905,2024-08-23,İstanbul,Sentetik,1400,186500.0,2 Yaşlı İngilizler,ŞARTLI 3 /,İstanbul,Sentetik,2 Yaşlı İngilizler,186500.0,0,2024-08-23
280377653,2024-08-23,İstanbul,Sentetik,1500,453000.0,3 Yaşlı İngilizler,KV-8 /,İstanbul,Sentetik,3 Yaşlı İngilizler,453000.0,0,2024-08-23
110224301,2024-08-23,İstanbul,Sentetik,2200,280000.0,3 Yaşlı İngilizler,Handikap 16 /H1,İstanbul,Sentetik,3 Yaşlı İngilizler,280000.0,0,2024-08-23
314647934,2024-08-23,İstanbul,Çim,1400,236500.0,3 ve Yukarı İngilizler,Handikap 15 /H1,İstanbul,Çim,3 ve Yukarı İngilizler,236500.0,0,2024-08-23
593998344,2024-08-23,İstanbul,Sentetik,1300,280000.0,3 Yaşlı Araplar,ŞARTLI 5 /DHÖW,İstanbul,Sentetik,3 Yaşlı Araplar,280000.0,0,2024-08-23
4912282,2024-08-23,İstanbul,Sentetik,1400,236500.0,4 Yaşlı Araplar,ŞARTLI 4 /DHÖ,İstanbul,Sentetik,4 Yaşlı Araplar,236500.0,0,2024-08-23
458033147,2024-08-23,İstanbul,Çim,1600,328000.0,4 ve Yukarı Araplar,KV-6 /DHÖW,İstanbul,Çim,4 ve Yukarı Araplar,328000.0,0,2024-08-23
614851969,2024-08-23,İstanbul,Sentetik,1200,236500.0,4 ve Yukarı Araplar,Handikap 15 /DHÖ/H1,İstanbul,Sentetik,4 ve Yukarı Araplar,236500.0,0,2024-08-23
46091647,2024-08-24,Ankara,Çim,1400,320000.0,2 Yaşlı İngilizler,ŞARTLI 1 /,Ankara,Çim,2 Yaşlı İngilizler,320000.0,0,2024-08-24
176006614,2024-08-24,Ankara,Kum,1300,240000.0,3 Yaşlı İngilizler,ŞARTLI 19 /,Ankara,Kum,3 Yaşlı İngilizler,240000.0,0,2024-08-24
249386516,2024-08-24,Ankara,Çim,1600,236500.0,3 Yaşlı İngilizler,Handikap 15 /H1,Ankara,Çim,3 Yaşlı İngilizler,236500.0,0,2024-08-24
14609293,2024-08-24,Ankara,Çim,1400,453000.0,3 ve Yukarı İngilizler,KV-8 /,Ankara,Çim,3 ve Yukarı İngilizler,453000.0,0,2024-08-24
654579383,2024-08-24,Ankara,Kum,1400,280000.0,3 ve Yukarı İngilizler,Handikap 16 /H1,Ankara,Kum,3 ve Yukarı İngilizler,280000.0,0,2024-08-24
675561544,2024-08-24,Ankara,Çim,1400,253000.0,3 Yaşlı Araplar,SATIŞ 3 /DHÖW,Ankara,Çim,3 Yaşlı Araplar,253000.0,0,2024-08-24
357634116,2024-08-24,Ankara,Çim,1300,186500.0,3 Yaşlı Araplar,Handikap 14 /DHÖW/H2/D,Ankara,Çim,3 Yaşlı Araplar,186500.0,0,2024-08-24
264052315,2024-08-24,Ankara,Çim,1900,143000.0,4 ve Yukarı Araplar,ŞARTLI 2 /DHÖW,Ankara,Çim,4 ve Yukarı Araplar,143000.0,0,2024-08-24
423356365,2024-08-24,Ankara,Kum,2000,328000.0,4 ve Yukarı Araplar,Handikap 21 /DHÖW/H1,Ankara,Kum,4 ve Yukarı Araplar,328000.0,0,2024-08-24
738136368,2024-08-24,İzmir,Çim,1200,331000.0,2 Yaşlı İngilizler,KV-7 /,İzmir,Çim,2 Yaşlı İngilizler,331000.0,0,2024-08-24
618571124,2024-08-24,İzmir,Çim,1900,217000.0,3 Yaşlı İngilizler,ŞARTLI 19 /,İzmir,Çim,3 Yaşlı İngilizler,217000.0,0,2024-08-24
712507347,2024-08-24,İzmir,Çim,1300,163000.0,3 Yaşlı İngilizler,ŞARTLI 3 /,İzmir,Çim,3 Yaşlı İngilizler,163000.0,0,2024-08-24
110316760,2024-08-24,İzmir,Kum,1900,192000.0,3 Yaşlı İngilizler,Handikap 15 /H2,İzmir,Kum,3 Yaşlı İngilizler,192000.0,0,2024-08-24
652451017,2024-08-24,İzmir,Çim,1900,285000.0,3 ve Yukarı İngilizler,KV-6 /,İzmir,Çim,3 ve Yukarı İngilizler,285000.0,0,2024-08-24
732192852,2024-08-24,İzmir,Kum,2100,192000.0,3 ve Yukarı İngilizler,Handikap 15 /H2/D,İzmir,Kum,3 ve Yukarı İngilizler,192000.0,0,2024-08-24
783428071,2024-08-24,İzmir,Kum,1200,217000.0,3 Yaşlı Araplar,Maiden /DHÖW,İzmir,Kum,3 Yaşlı Araplar,217000.0,0,2024-08-24
654964695,2024-08-24,İzmir,Çim,2000,240000.0,4 Yaşlı Araplar,ŞARTLI 5 /DHÖW,İzmir,Çim,4 Yaşlı Araplar,240000.0,0,2024-08-24
628203365,2024-08-24,Diyarbakır,Kum,1700,88000.0,3 Yaşlı İngilizler,ŞARTLI 2 /D,Diyarbakır,Kum,3 Yaşlı İngilizler,88000.0,0,2024-08-24
342091904,2024-08-24,Diyarbakır,Kum,1800,175000.0,3 ve Yukarı İngilizler,ŞARTLI 5 /,Diyarbakır,Kum,3 ve Yukarı İngilizler,175000.0,0,2024-08-24
312009225,2024-08-24,Diyarbakır,Kum,1200,140000.0,3 ve Yukarı İngilizler,Handikap 15 /H3,Diyarbakır,Kum,3 ve Yukarı İngilizler,140000.0,0,2024-08-24
833461739,2024-08-24,Diyarbakır,Kum,1200,160000.0,3 Yaşlı Araplar,ŞARTLI 19 /DHÖW,Diyarbakır,Kum,3 Yaşlı Araplar,160000.0,0,2024-08-24
651441170,2024-08-24,Diyarbakır,Kum,1200,114500.0,4 ve Yukarı Araplar,ŞARTLI 3 /DHÖW,Diyarbakır,Kum,4 ve Yukarı Araplar,114500.0,0,2024-08-24
939057781,2024-08-24,Diyarbakır,Kum,1700,114500.0,4 ve Yukarı Araplar,Handikap 14 /DHÖW/H3/Y-2,Diyarbakır,Kum,4 ve Yukarı Araplar,114500.0,0,2024-08-24
586870148,2024-08-25,İstanbul,Sentetik,1100,320000.0,2 Yaşlı İngilizler,ŞARTLI 1 /,İstanbul,Sentetik,2 Yaşlı İngilizler,320000.0,0,2024-08-25
482143814,2024-08-25,İstanbul,Sentetik,1200,236500.0,2 Yaşlı İngilizler,ŞARTLI 4 /D,İstanbul,Sentetik,2 Yaşlı İngilizler,236500.0,0,2024-08-25
119103124,2024-08-25,İstanbul,Çim,1900,390000.0,3 Yaşlı İngilizler,KV-7 /,İstanbul,Çim,3 Yaşlı İngilizler,390000.0,0,2024-08-25
758275717,2024-08-25,İstanbul,Çim,2100,280000.0,3 Yaşlı İngilizler,Handikap 16 /H1,İstanbul,Çim,3 Yaşlı İngilizler,280000.0,0,2024-08-25
393866824,2024-08-25,İstanbul,Sentetik,1500,328000.0,3 ve Yukarı İngilizler,KV-6 /,İstanbul,Sentetik,3 ve Yukarı İngilizler,328000.0,0,2024-08-25
203524811,2024-08-25,İstanbul,Sentetik,1500,236500.0,3 ve Yukarı İngilizler,Handikap 15 /H1/Y-1,İstanbul,Sentetik,3 ve Yukarı İngilizler,236500.0,0,2024-08-25
931543066,2024-08-25,İstanbul,Çim,1400,390000.0,3 Yaşlı Araplar,KV-7 /DHÖ/D,İstanbul,Çim,3 Yaşlı Araplar,390000.0,0,2024-08-25
566081432,2024-08-25,İstanbul,Çim,1200,236500.0,3 Yaşlı Araplar,Handikap 15 /DHÖ/H2,İstanbul,Çim,3 Yaşlı Araplar,236500.0,0,2024-08-25
162839941,2024-08-25,İstanbul,Çim,1900,453000.0,4 ve Yukarı Araplar,KV-8 /DHT/D,İstanbul,Çim,4 ve Yukarı Araplar,453000.0,0,2024-08-25
618267073,2024-08-25,İzmir,Çim,1200,217000.0,2 Yaşlı İngilizler,Maiden /,İzmir,Çim,2 Yaşlı İngilizler,217000.0,0,2024-08-25
132281420,2024-08-25,İzmir,Kum,1200,285000.0,2 Yaşlı İngilizler,KV-6 /D,İzmir,Kum,2 Yaşlı İngilizler,285000.0,0,2024-08-25
88404472,2024-08-25,İzmir,Çim,1800,163000.0,3 Yaşlı İngilizler,Handikap 14 /H2/D,İzmir,Çim,3 Yaşlı İngilizler,163000.0,0,2024-08-25
459645551,2024-08-25,İzmir,Kum,1400,240000.0,3 ve Yukarı İngilizler,ŞARTLI 5 /Y-2,İzmir,Kum,3 ve Yukarı İngilizler,240000.0,0,2024-08-25
945653708,2024-08-25,İzmir,Kum,2200,240000.0,3 ve Yukarı İngilizler,Handikap 16 /H2,İzmir,Kum,3 ve Yukarı İngilizler,240000.0,0,2024-08-25
760907410,2024-08-25,İzmir,Çim,1900,129000.0,4 Yaşlı Araplar,ŞARTLI 2 /DHÖW,İzmir,Çim,4 Yaşlı Araplar,129000.0,0,2024-08-25
492774218,2024-08-25,İzmir,Kum,1400,384000.0,4 ve Yukarı Araplar,KV-8 /DHÖW,İzmir,Kum,4 ve Yukarı Araplar,384000.0,0,2024-08-25
152587968,2024-08-25,İzmir,Kum,1200,240000.0,4 ve Yukarı Araplar,Handikap 16 /DHÖW/H2,İzmir,Kum,4 ve Yukarı Araplar,240000.0,0,2024-08-25
393643904,2024-08-26,Bursa,Çim,1400,217000.0,2 Yaşlı İngilizler,Maiden /,Bursa,Çim,2 Yaşlı İngilizler,217000.0,0,2024-08-26
452908593,2024-08-26,Bursa,Kum,1300,331000.0,2 Yaşlı İngilizler,KV-7 /,Bursa,Kum,2 Yaşlı İngilizler,331000.0,0,2024-08-26
389457282,2024-08-26,Bursa,Çim,2200,163000.0,3 Yaşlı İngilizler,Handikap 14 /H2,Bursa,Çim,3 Yaşlı İngilizler,163000.0,0,2024-08-26
682285882,2024-08-26,Bursa,Çim,1200,240000.0,3 ve Yukarı İngilizler,ŞARTLI 5 /,Bursa,Çim,3 ve Yukarı İngilizler,240000.0,0,2024-08-26
235249405,2024-08-26,Bursa,Kum,2100,192000.0,3 ve Yukarı İngilizler,Handikap 15 /H2,Bursa,Kum,3 ve Yukarı İngilizler,192000.0,0,2024-08-26
336476425,2024-08-26,Bursa,Kum,1400,240000.0,3 Yaşlı Araplar,ŞARTLI 5 /DHÖ,Bursa,Kum,3 Yaşlı Araplar,240000.0,0,2024-08-26
191781726,2024-08-26,Bursa,Kum,2000,129000.0,4 Yaşlı Araplar,ŞARTLI 2 /DHÖW,Bursa,Kum,4 Yaşlı Araplar,129000.0,0,2024-08-26
472815038,2024-08-26,Bursa,Kum,2000,240000.0,4 ve Yukarı Araplar,Handikap 16 /DHÖW/H2,Bursa,Kum,4 ve Yukarı Araplar,240000.0,0,2024-08-26
653168676,2024-08-26,Elazığ,Kum,1200,114500.0,2 Yaşlı İngilizler,ŞARTLI 3 /D,Elazığ,Kum,2 Yaşlı İngilizler,114500.0,0,2024-08-26
219037836,2024-08-26,Elazığ,Kum,1200,88000.0,3 Yaşlı İngilizler,ŞARTLI 2 /,Elazığ,Kum,3 Yaşlı İngilizler,88000.0,0,2024-08-26
970141784,2024-08-26,Elazığ,Kum,1800,140000.0,3 ve Yukarı İngilizler,Handikap 15 /H3/Y-2/D,Elazığ,Kum,3 ve Yukarı İngilizler,140000.0,0,2024-08-26
90974285,2024-08-26,Elazığ,Kum,1200,160000.0,3 Yaşlı Araplar,Maiden /DHÖW/TR,Elazığ,Kum,3 Yaşlı Araplar,160000.0,0,2024-08-26
800864426,2024-08-26,Elazığ,Kum,1200,175000.0,4 Yaşlı Araplar,Handikap 16 /DHÖW/H3,Elazığ,Kum,4 Yaşlı Araplar,175000.0,0,2024-08-26
207892771,2024-08-26,Elazığ,Kum,2000,238000.0,4 ve Yukarı Araplar,KV-7 /DHÖ,Elazığ,Kum,4 ve Yukarı Araplar,238000.0,0,2024-08-26
79750568,2024-08-26,Elazığ,Kum,1700,114500.0,4 ve Yukarı Araplar,Handikap 14 /DHÖW/H3,Elazığ,Kum,4 ve Yukarı Araplar,114500.0,0,2024-08-26
579747635,2024-08-27,Ankara,Kum,1200,328000.0,2 Yaşlı İngilizler,KV-6 /,Ankara,Kum,2 Yaşlı İngilizler,328000.0,0,2024-08-27
606943308,2024-08-27,Ankara,Çim,1600,453000.0,3 Yaşlı İngilizler,KV-8 /,Ankara,Çim,3 Yaşlı İngilizler,453000.0,0,2024-08-27
567724192,2024-08-27,Ankara,Çim,1900,186500.0,3 Yaşlı İngilizler,ŞARTLI 3 /TR,Ankara,Çim,3 Yaşlı İngilizler,186500.0,0,2024-08-27
779405264,2024-08-27,Ankara,Çim,1400,280000.0,3 ve Yukarı İngilizler,Handikap 16 /H1/D,Ankara,Çim,3 ve Yukarı İngilizler,280000.0,0,2024-08-27
90453280,2024-08-27,Ankara,Çim,1200,240000.0,3 Yaşlı Araplar,Maiden /DHÖW,Ankara,Çim,3 Yaşlı Araplar,240000.0,0,2024-08-27
517006557,2024-08-27,Ankara,Kum,1200,186500.0,3 Yaşlı Araplar,Handikap 14 /DHÖW/H2,Ankara,Kum,3 Yaşlı Araplar,186500.0,0,2024-08-27
746450568,2024-08-27,Ankara,Çim,1400,186500.0,4 ve Yukarı Araplar,ŞARTLI 3 /DHÖ,Ankara,Çim,4 ve Yukarı Araplar,186500.0,0,2024-08-27
512169946,2024-08-27,Ankara,Çim,2200,236500.0,4 ve Yukarı Araplar,Handikap 15 /DHÖW/H1,Ankara,Çim,4 ve Yukarı Araplar,236500.0,0,2024-08-27
728147180,2024-08-27,Kocaeli,Kum,1200,217000.0,2 Yaşlı İngilizler,Maiden /D,Kocaeli,Kum,2 Yaşlı İngilizler,217000.0,0,2024-08-27
612183617,2024-08-27,Kocaeli,Kum,1200,192000.0,3 Yaşlı İngilizler,ŞARTLI 4 /,Kocaeli,Kum,3 Yaşlı İngilizler,192000.0,0,2024-08-27
332067701,2024-08-27,Kocaeli,Kum,1400,163000.0,3 Yaşlı İngilizler,Handikap 14 /H2/D,Kocaeli,Kum,3 Yaşlı İngilizler,163000.0,0,2024-08-27
827031490,2024-08-27,Kocaeli,Kum,1800,240000.0,3 ve Yukarı İngilizler,ŞARTLI 5 /,Kocaeli,Kum,3 ve Yukarı İngilizler,240000.0,0,2024-08-27
571301282,2024-08-27,Kocaeli,Kum,1400,163000.0,3 ve Yukarı İngilizler,Handikap 14 /H2,Kocaeli,Kum,3 ve Yukarı İngilizler,163000.0,0,2024-08-27
68569725,2024-08-27,Kocaeli,Kum,1500,285000.0,4 Yaşlı Araplar,KV-6 /DHT,Kocaeli,Kum,4 Yaşlı Araplar,285000.0,0,2024-08-27
88735858,2024-08-27,Kocaeli,Kum,1800,240000.0,4 ve Yukarı Araplar,ŞARTLI 5 /DHÖW,Kocaeli,Kum,4 ve Yukarı Araplar,240000.0,0,2024-08-27
289165243,2024-08-27,Kocaeli,Kum,1500,240000.0,4 ve Yukarı Araplar,Handikap 16 /DHÖW/H2/Y-1/D,Kocaeli,Kum,4 ve Yukarı Araplar,240000.0,0,2024-08-27
814662548,2024-08-28,İstanbul,Sentetik,1300,328000.0,2 Yaşlı İngilizler,KV-6 /,İstanbul,Sentetik,2 Yaşlı İngilizler,328000.0,0,2024-08-28
695409558,2024-08-28,İstanbul,Çim,1900,236500.0,3 Yaşlı İngilizler,ŞARTLI 4 /D,İstanbul,Çim,3 Yaşlı İngilizler,236500.0,0,2024-08-28
663059505,2024-08-28,İstanbul,Çim,2200,280000.0,3 ve Yukarı İngilizler,ŞARTLI 5 /,İstanbul,Çim,3 ve Yukarı İngilizler,280000.0,0,2024-08-28
367519926,2024-08-28,İstanbul,Çim,1900,236500.0,3 ve Yukarı İngilizler,Handikap 15 /H1,İstanbul,Çim,3 ve Yukarı İngilizler,236500.0,0,2024-08-28
938157570,2024-08-28,İstanbul,Çim,1300,240000.0,3 Yaşlı Araplar,Maiden/Satış /DHÖW,İstanbul,Çim,3 Yaşlı Araplar,240000.0,0,2024-08-28
621394108,2024-08-28,İstanbul,Çim,1400,453000.0,4 Yaşlı Araplar,KV-8 /DHT,İstanbul,Çim,4 Yaşlı Araplar,453000.0,0,2024-08-28
801195826,2024-08-28,İstanbul,Sentetik,1300,236500.0,4 Yaşlı Araplar,Handikap 15 /DHÖW/H1,İstanbul,Sentetik,4 Yaşlı Araplar,236500.0,0,2024-08-28
396289913,2024-08-28,İstanbul,Çim,1900,280000.0,4 ve Yukarı Araplar,ŞARTLI 5 /DHÖW,İstanbul,Çim,4 ve Yukarı Araplar,280000.0,0,2024-08-28
822926780,2024-08-28,Elazığ,Kum,1200,160000.0,2 Yaşlı İngilizler,Maiden /,Elazığ,Kum,2 Yaşlı İngilizler,160000.0,0,2024-08-28
618320280,2024-08-28,Elazığ,Kum,1700,175000.0,3 Yaşlı İngilizler,Handikap 16 /H3,Elazığ,Kum,3 Yaşlı İngilizler,175000.0,0,2024-08-28
208893672,2024-08-28,Elazığ,Kum,1200,88000.0,3 ve Yukarı İngilizler,ŞARTLI 2 /,Elazığ,Kum,3 ve Yukarı İngilizler,88000.0,0,2024-08-28
553223156,2024-08-28,Elazığ,Kum,1200,202000.0,3 Yaşlı Araplar,KV-6 /DHÖW,Elazığ,Kum,3 Yaşlı Araplar,202000.0,0,2024-08-28
438357761,2024-08-28,Elazığ,Kum,1800,140000.0,4 Yaşlı Araplar,ŞARTLI 4 /DHÖW,Elazığ,Kum,4 Yaşlı Araplar,140000.0,0,2024-08-28
730637016,2024-08-28,Elazığ,Kum,1700,175000.0,4 ve Yukarı Araplar,ŞARTLI 5 /DHÖW,Elazığ,Kum,4 ve Yukarı Araplar,175000.0,0,2024-08-28
481038386,2024-08-28,Elazığ,Kum,1200,140000.0,4 ve Yukarı Araplar,Handikap 15 /DHÖ/H3,Elazığ,Kum,4 ve Yukarı Araplar,140000.0,0,2024-08-28
639544929,2024-08-29,Ankara,Çim,1400,240000.0,2 Yaşlı İngilizler,Maiden /D,Ankara,Çim,2 Yaşlı İngilizler,240000.0,0,2024-08-29
291127598,2024-08-29,Ankara,Kum,1500,390000.0,3 Yaşlı İngilizler,KV-7 /,Ankara,Kum,3 Yaşlı İngilizler,390000.0,0,2024-08-29
300095195,2024-08-29,Ankara,Çim,2200,280000.0,3 Yaşlı İngilizler,Handikap 16 /H1,Ankara,Çim,3 Yaşlı İngilizler,280000.0,0,2024-08-29
685049334,2024-08-29,Ankara,Kum,1400,453000.0,3 ve Yukarı İngilizler,KV-8 /D,Ankara,Kum,3 ve Yukarı İngilizler,453000.0,0,2024-08-29
804583331,2024-08-29,Ankara,Çim,2200,236500.0,3 ve Yukarı İngilizler,ŞARTLI 4 /Y-2,Ankara,Çim,3 ve Yukarı İngilizler,236500.0,0,2024-08-29
33983748,2024-08-29,Ankara,Çim,1200,186500.0,3 Yaşlı Araplar,Handikap 14 /DHÖW/H2,Ankara,Çim,3 Yaşlı Araplar,186500.0,0,2024-08-29
480318837,2024-08-29,Ankara,Çim,1900,328000.0,4 ve Yukarı Araplar,KV-6 /DHÖ,Ankara,Çim,4 ve Yukarı Araplar,328000.0,0,2024-08-29
805579440,2024-08-29,Ankara,Kum,2000,236500.0,4 ve Yukarı Araplar,Handikap 15 /DHÖW/H1,Ankara,Kum,4 ve Yukarı Araplar,236500.0,0,2024-08-29
133653501,2024-08-29,Kocaeli,Kum,1500,240000.0,2 Yaşlı İngilizler,ŞARTLI 5 /,Kocaeli,Kum,2 Yaşlı İngilizler,240000.0,0,2024-08-29
720358967,2024-08-29,Kocaeli,Kum,1800,192000.0,3 Yaşlı İngilizler,ŞARTLI 4 /,Kocaeli,Kum,3 Yaşlı İngilizler,192000.0,0,2024-08-29
113969711,2024-08-29,Kocaeli,Kum,1900,331000.0,3 ve Yukarı İngilizler,KV-7 /D,Kocaeli,Kum,3 ve Yukarı İngilizler,331000.0,0,2024-08-29
517092001,2024-08-29,Kocaeli,Kum,1400,177000.0,3 ve Yukarı İngilizler,SATIŞ 2 /,Kocaeli,Kum,3 ve Yukarı İngilizler,177000.0,0,2024-08-29
436070603,2024-08-29,Kocaeli,Kum,1200,217000.0,3 Yaşlı Araplar,Maiden /DHÖW,Kocaeli,Kum,3 Yaşlı Araplar,217000.0,0,2024-08-29
797123728,2024-08-29,Kocaeli,Kum,1200,192000.0,3 Yaşlı Araplar,ŞARTLI 4 /DHÖW/D,Kocaeli,Kum,3 Yaşlı Araplar,192000.0,0,2024-08-29
932741380,2024-08-29,Kocaeli,Kum,1400,240000.0,4 ve Yukarı Araplar,Handikap 16 /DHT/H2,Kocaeli,Kum,4 ve Yukarı Araplar,240000.0,0,2024-08-29
431663929,2024-08-30,Bursa,Kum,1400,217000.0,2 Yaşlı İngilizler,Maiden /,Bursa,Kum,2 Yaşlı İngilizler,217000.0,0,2024-08-30
434208362,2024-08-30,Bursa,Çim,1200,285000.0,3 Yaşlı İngilizler,KV-6 /,Bursa,Çim,3 Yaşlı İngilizler,285000.0,0,2024-08-30
713467892,2024-08-30,Bursa,Kum,2100,192000.0,3 Yaşlı İngilizler,ŞARTLI 4 /,Bursa,Kum,3 Yaşlı İngilizler,192000.0,0,2024-08-30
373401670,2024-08-30,Bursa,Kum,1400,590000.0,3 ve Yukarı İngilizler,G 3 /,Bursa,Kum,3 ve Yukarı İngilizler,590000.0,0,2024-08-30
370223727,2024-08-30,Bursa,Çim,2000,153000.0,3 ve Yukarı İngilizler,SATIŞ 1 /,Bursa,Çim,3 ve Yukarı İngilizler,153000.0,0,2024-08-30
207966667,2024-08-30,Bursa,Çim,1400,240000.0,3 ve Yukarı İngilizler,Handikap 16 /H2,Bursa,Çim,3 ve Yukarı İngilizler,240000.0,0,2024-08-30
498945777,2024-08-30,Bursa,Çim,2000,285000.0,4 Yaşlı Araplar,KV-6 /DHT/D,Bursa,Çim,4 Yaşlı Araplar,285000.0,0,2024-08-30
889910261,2024-08-30,Bursa,Kum,1900,192000.0,4 ve Yukarı Araplar,ŞARTLI 4 /DHÖW,Bursa,Kum,4 ve Yukarı Araplar,192000.0,0,2024-08-30
327106143,2024-08-30,Bursa,Çim,1300,240000.0,4 ve Yukarı Araplar,Handikap 16 /DHÖW/H2,Bursa,Çim,4 ve Yukarı Araplar,240000.0,0,2024-08-30
541582655,2024-08-30,İstanbul,Çim,1400,545000.0,2 Yaşlı İngilizler,KV-9 /D,İstanbul,Çim,2 Yaşlı İngilizler,545000.0,0,2024-08-30
60087696,2024-08-30,İstanbul,Çim,1200,280000.0,2 Yaşlı İngilizler,ŞARTLI 5 /,İstanbul,Çim,2 Yaşlı İngilizler,280000.0,0,2024-08-30
222653714,2024-08-30,İstanbul,Çim,1600,240000.0,3 Yaşlı İngilizler,ŞARTLI 19 /,İstanbul,Çim,3 Yaşlı İngilizler,240000.0,0,2024-08-30
394267790,2024-08-30,İstanbul,Çim,1000,453000.0,3 ve Yukarı İngilizler,KV-8 /,İstanbul,Çim,3 ve Yukarı İngilizler,453000.0,0,2024-08-30
626599718,2024-08-30,İstanbul,Çim,1400,328000.0,3 ve Yukarı İngilizler,Handikap 21 /H1,İstanbul,Çim,3 ve Yukarı İngilizler,328000.0,0,2024-08-30
879093892,2024-08-30,İstanbul,Çim,1600,240000.0,3 Yaşlı Araplar,Maiden /DHÖW,İstanbul,Çim,3 Yaşlı Araplar,240000.0,0,2024-08-30
664257030,2024-08-30,İstanbul,Sentetik,1200,216000.0,3 Yaşlı Araplar,SATIŞ 2 /DHÖW,İstanbul,Sentetik,3 Yaşlı Araplar,216000.0,0,2024-08-30
908549341,2024-08-30,İstanbul,Sentetik,2200,280000.0,4 ve Yukarı Araplar,Handikap 16 /DHÖW/H1,İstanbul,Sentetik,4 ve Yukarı Araplar,280000.0,0,2024-08-30
868510423,2024-08-31,Ankara,Çim,1400,280000.0,2 Yaşlı İngilizler,ŞARTLI 5 /EBF,Ankara,Çim,2 Yaşlı İngilizler,280000.0,0,2024-08-31
57555236,2024-08-31,Ankara,Kum,1300,236500.0,3 Yaşlı İngilizler,Handikap 15 /H1,Ankara,Kum,3 Yaşlı İngilizler,236500.0,0,2024-08-31
167819559,2024-08-31,Ankara,Çim,1600,186500.0,3 ve Yukarı İngilizler,ŞARTLI 3 /,Ankara,Çim,3 ve Yukarı İngilizler,186500.0,0,2024-08-31
304167151,2024-08-31,Ankara,Kum,2100,236500.0,3 ve Yukarı İngilizler,Handikap 15 /H1,Ankara,Kum,3 ve Yukarı İngilizler,236500.0,0,2024-08-31
407939319,2024-08-31,Ankara,Kum,1500,240000.0,3 Yaşlı Araplar,Maiden /DHÖ,Ankara,Kum,3 Yaşlı Araplar,240000.0,0,2024-08-31
721138311,2024-08-31,Ankara,Kum,1500,1400000.0,4 Yaşlı Araplar,G 2 /DH,Ankara,Kum,4 Yaşlı Araplar,1400000.0,0,2024-08-31
596320776,2024-08-31,Ankara,Çim,1200,280000.0,4 Yaşlı Araplar,ŞARTLI 5 /DHÖW,Ankara,Çim,4 Yaşlı Araplar,280000.0,0,2024-08-31
243451731,2024-08-31,Ankara,Çim,1600,313000.0,4 ve Yukarı Araplar,Handikap 17 /DHÖW/H1,Ankara,Çim,4 ve Yukarı Araplar,313000.0,0,2024-08-31
954124124,2024-08-31,İzmir,Çim,1200,192000.0,2 Yaşlı İngilizler,ŞARTLI 4 /,İzmir,Çim,2 Yaşlı İngilizler,192000.0,0,2024-08-31
941395227,2024-08-31,İzmir,Çim,1300,384000.0,3 Yaşlı İngilizler,KV-8 /,İzmir,Çim,3 Yaşlı İngilizler,384000.0,0,2024-08-31
252379243,2024-08-31,İzmir,Kum,1600,192000.0,3 Yaşlı İngilizler,ŞARTLI 4 /,İzmir,Kum,3 Yaşlı İngilizler,192000.0,0,2024-08-31
425761203,2024-08-31,İzmir,Çim,1300,240000.0,3 ve Yukarı İngilizler,ŞARTLI 5 /,İzmir,Çim,3 ve Yukarı İngilizler,240000.0,0,2024-08-31
406331676,2024-08-31,İzmir,Çim,1200,217000.0,3 Yaşlı Araplar,Maiden /DHÖ,İzmir,Çim,3 Yaşlı Araplar,217000.0,0,2024-08-31
148761824,2024-08-31,İzmir,Çim,1800,440000.0,4 Yaşlı Araplar,KV-9 /DHT,İzmir,Çim,4 Yaşlı Araplar,440000.0,0,2024-08-31
851597150,2024-08-31,İzmir,Kum,2000,240000.0,4 ve Yukarı Araplar,ŞARTLI 5 /DHÖW/Y-1,İzmir,Kum,4 ve Yukarı Araplar,240000.0,0,2024-08-31
138766887,2024-08-31,İzmir,Çim,1200,240000.0,4 ve Yukarı Araplar,Handikap 16 /DHÖW/H2/TR,İzmir,Çim,4 ve Yukarı Araplar,240000.0,0,2024-08-31
20792300,2024-08-31,Diyarbakır,Kum,1200,88000.0,2 Yaşlı İngilizler,ŞARTLI 2 /D,Diyarbakır,Kum,2 Yaşlı İngilizler,88000.0,0,2024-08-31
161951461,2024-08-31,Diyarbakır,Kum,1200,160000.0,3 Yaşlı İngilizler,ŞARTLI 19 /,Diyarbakır,Kum,3 Yaşlı İngilizler,160000.0,0,2024-08-31
455009778,2024-08-31,Diyarbakır,Kum,2000,140000.0,3 Yaşlı İngilizler,Handikap 15 /H3,Diyarbakır,Kum,3 Yaşlı İngilizler,140000.0,0,2024-08-31
773292494,2024-08-31,Diyarbakır,Kum,1200,140000.0,3 ve Yukarı İngilizler,ŞARTLI 4 /D,Diyarbakır,Kum,3 ve Yukarı İngilizler,140000.0,0,2024-08-31
829315792,2024-08-31,Diyarbakır,Kum,1200,140000.0,3 Yaşlı Araplar,ŞARTLI 4 /DHÖW,Diyarbakır,Kum,3 Yaşlı Araplar,140000.0,0,2024-08-31
897548025,2024-08-31,Diyarbakır,Kum,1700,277000.0,4 ve Yukarı Araplar,KV-8 /DHÖW,Diyarbakır,Kum,4 ve Yukarı Araplar,277000.0,0,2024-08-31
313277595,2024-09-01,İstanbul,Çim,1400,1400000.0,2 Yaşlı İngilizler,G 2 /,İstanbul,Çim,2 Yaşlı İngilizler,1400000.0,0,2024-09-01
775694179,2024-09-01,İstanbul,Çim,2400,1400000.0,3 Yaşlı İngilizler,G 2 /TR,İstanbul,Çim,3 Yaşlı İngilizler,1400000.0,0,2024-09-01
47659215,2024-09-01,İstanbul,Sentetik,2000,280000.0,3 Yaşlı İngilizler,ŞARTLI 5 /,İstanbul,Sentetik,3 Yaşlı İngilizler,280000.0,0,2024-09-01
936735954,2024-09-01,İstanbul,Sentetik,1300,236500.0,3 ve Yukarı İngilizler,ŞARTLI 4 /D,İstanbul,Sentetik,3 ve Yukarı İngilizler,236500.0,0,2024-09-01
410195383,2024-09-01,İstanbul,Çim,2400,390000.0,3 ve Yukarı İngilizler,Kısa Vade Handikap 22 /H1,İstanbul,Çim,3 ve Yukarı İngilizler,390000.0,0,2024-09-01
498819927,2024-09-01,İstanbul,Çim,1200,320000.0,3 Yaşlı Araplar,ŞARTLI 1 /DHÖW,İstanbul,Çim,3 Yaşlı Araplar,320000.0,0,2024-09-01
332457704,2024-09-01,İstanbul,Sentetik,2000,453000.0,4 Yaşlı Araplar,KV-8 /DHÖW,İstanbul,Sentetik,4 Yaşlı Araplar,453000.0,0,2024-09-01
66135769,2024-09-01,İstanbul,Sentetik,1500,280000.0,4 ve Yukarı Araplar,Handikap 16 /DHÖW/H1/D,İstanbul,Sentetik,4 ve Yukarı Araplar,280000.0,0,2024-09-01
819290309,2024-09-01,Adana,Çim,1200,217000.0,2 Yaşlı İngilizler,Maiden /,Adana,Çim,2 Yaşlı İngilizler,217000.0,0,2024-09-01
772702882,2024-09-01,Adana,Çim,1200,163000.0,2 Yaşlı İngilizler,ŞARTLI 3 /D,Adana,Çim,2 Yaşlı İngilizler,163000.0,0,2024-09-01
542338337,2024-09-01,Adana,Çim,1300,163000.0,3 Yaşlı İngilizler,ŞARTLI 3 /,Adana,Çim,3 Yaşlı İngilizler,163000.0,0,2024-09-01
207109490,2024-09-01,Adana,Kum,1400,192000.0,3 Yaşlı İngilizler,Handikap 15 /H2,Adana,Kum,3 Yaşlı İngilizler,192000.0,0,2024-09-01
9192539,2024-09-01,Adana,Kum,1400,163000.0,3 ve Yukarı İngilizler,ŞARTLI 3 /,Adana,Kum,3 ve Yukarı İngilizler,163000.0,0,2024-09-01
58106855,2024-09-01,Adana,Çim,2000,274000.0,3 ve Yukarı İngilizler,Handikap 17 /H2,Adana,Çim,3 ve Yukarı İngilizler,274000.0,0,2024-09-01
562369014,2024-09-01,Adana,Çim,1200,163000.0,3 Yaşlı Araplar,ŞARTLI 3 /DHÖ,Adana,Çim,3 Yaşlı Araplar,163000.0,0,2024-09-01
528590549,2024-09-01,Adana,Çim,1900,285000.0,4 Yaşlı Araplar,KV-6 /DHT,Adana,Çim,4 Yaşlı Araplar,285000.0,0,2024-09-01
307899275,2024-09-02,Bursa,Çim,1300,285000.0,2 Yaşlı İngilizler,KV-6 /D,Bursa,Çim,2 Yaşlı İngilizler,285000.0,0,2024-09-02
147032015,2024-09-02,Bursa,Çim,1400,217000.0,3 Yaşlı İngilizler,Maiden /,Bursa,Çim,3 Yaşlı İngilizler,217000.0,0,2024-09-02
120857585,2024-09-02,Bursa,Kum,1800,192000.0,3 Yaşlı İngilizler,Handikap 15 /H2,Bursa,Kum,3 Yaşlı İngilizler,192000.0,0,2024-09-02
249235737,2024-09-02,Bursa,Çim,1800,240000.0,3 ve Yukarı İngilizler,ŞARTLI 5 /,Bursa,Çim,3 ve Yukarı İngilizler,240000.0,0,2024-09-02
133137763,2024-09-02,Bursa,Kum,1200,192000.0,3 ve Yukarı İngilizler,Handikap 15 /H2,Bursa,Kum,3 ve Yukarı İngilizler,192000.0,0,2024-09-02
421916408,2024-09-02,Bursa,Çim,1400,177000.0,3 Yaşlı Araplar,SATIŞ 2 /DHÖW,Bursa,Çim,3 Yaşlı Araplar,177000.0,0,2024-09-02
171751842,2024-09-02,Bursa,Çim,1300,240000.0,4 ve Yukarı Araplar,ŞARTLI 5 /DHÖ,Bursa,Çim,4 ve Yukarı Araplar,240000.0,0,2024-09-02
155327197,2024-09-02,Bursa,Kum,1300,240000.0,4 ve Yukarı Araplar,Handikap 16 /DHÖW/H2/D,Bursa,Kum,4 ve Yukarı Araplar,240000.0,0,2024-09-02
405621811,2024-09-02,Elazığ,Kum,1200,175000.0,2 Yaşlı İngilizler,ŞARTLI 5 /,Elazığ,Kum,2 Yaşlı İngilizler,175000.0,0,2024-09-02
2244896,2024-09-02,Elazığ,Kum,1200,160000.0,3 Yaşlı İngilizler,Maiden /,Elazığ,Kum,3 Yaşlı İngilizler,160000.0,0,2024-09-02
778821327,2024-09-02,Elazığ,Kum,1800,140000.0,3 Yaşlı İngilizler,ŞARTLI 4 /,Elazığ,Kum,3 Yaşlı İngilizler,140000.0,0,2024-09-02
252331319,2024-09-02,Elazığ,Kum,1900,330000.0,3 ve Yukarı İngilizler,KV-9 /,Elazığ,Kum,3 ve Yukarı İngilizler,330000.0,0,2024-09-02
633050635,2024-09-02,Elazığ,Kum,1900,140000.0,3 ve Yukarı İngilizler,Handikap 15 /H3,Elazığ,Kum,3 ve Yukarı İngilizler,140000.0,0,2024-09-02
28004584,2024-09-02,Elazığ,Kum,1200,114500.0,3 Yaşlı Araplar,ŞARTLI 3 /DHÖW,Elazığ,Kum,3 Yaşlı Araplar,114500.0,0,2024-09-02
655831569,2024-09-02,Elazığ,Kum,1900,140000.0,4 ve Yukarı Araplar,Handikap 15 /DHÖW/H3,Elazığ,Kum,4 ve Yukarı Araplar,140000.0,0,2024-09-02
364305200,2024-09-03,Ankara,Kum,1200,320000.0,2 Yaşlı İngilizler,ŞARTLI 1 /,Ankara,Kum,2 Yaşlı İngilizler,320000.0,0,2024-09-03
477378536,2024-09-03,Ankara,Çim,2200,453000.0,3 Yaşlı İngilizler,KV-8 /,Ankara,Çim,3 Yaşlı İngilizler,453000.0,0,2024-09-03
146436029,2024-09-03,Ankara,Kum,2100,280000.0,3 Yaşlı İngilizler,Handikap 16 /H1/D,Ankara,Kum,3 Yaşlı İngilizler,280000.0,0,2024-09-03
627012727,2024-09-03,Ankara,Çim,1000,280000.0,3 ve Yukarı İngilizler,ŞARTLI 5 /,Ankara,Çim,3 ve Yukarı İngilizler,280000.0,0,2024-09-03
429871312,2024-09-03,Ankara,Çim,2400,313000.0,3 ve Yukarı İngilizler,Handikap 17 /H1,Ankara,Çim,3 ve Yukarı İngilizler,313000.0,0,2024-09-03
606408837,2024-09-03,Ankara,Çim,1600,280000.0,3 Yaşlı Araplar,ŞARTLI 5 /DHÖW,Ankara,Çim,3 Yaşlı Araplar,280000.0,0,2024-09-03
828818972,2024-09-03,Ankara,Kum,1400,186500.0,3 Yaşlı Araplar,Handikap 14 /DHÖW/H2/D,Ankara,Kum,3 Yaşlı Araplar,186500.0,0,2024-09-03
842338570,2024-09-03,Ankara,Kum,1500,280000.0,4 ve Yukarı Araplar,ŞARTLI 5 /DHÖW,Ankara,Kum,4 ve Yukarı Araplar,280000.0,0,2024-09-03
708642623,2024-09-03,Kocaeli,Kum,1500,217000.0,2 Yaşlı İngilizler,Maiden /,Kocaeli,Kum,2 Yaşlı İngilizler,217000.0,0,2024-09-03
382103074,2024-09-03,Kocaeli,Kum,1200,217000.0,3 Yaşlı İngilizler,ŞARTLI 19 /,Kocaeli,Kum,3 Yaşlı İngilizler,217000.0,0,2024-09-03
820966799,2024-09-03,Kocaeli,Kum,1800,240000.0,3 Yaşlı İngilizler,Handikap 16 /H2/D,Kocaeli,Kum,3 Yaşlı İngilizler,240000.0,0,2024-09-03
412586632,2024-09-03,Kocaeli,Kum,1500,331000.0,3 ve Yukarı İngilizler,KV-7 /,Kocaeli,Kum,3 ve Yukarı İngilizler,331000.0,0,2024-09-03
350205543,2024-09-03,Kocaeli,Kum,1500,240000.0,3 ve Yukarı İngilizler,Handikap 16 /H2,Kocaeli,Kum,3 ve Yukarı İngilizler,240000.0,0,2024-09-03
884964412,2024-09-03,Kocaeli,Kum,1400,163000.0,3 Yaşlı Araplar,ŞARTLI 3 /DHÖW,Kocaeli,Kum,3 Yaşlı Araplar,163000.0,0,2024-09-03
187950579,2024-09-03,Kocaeli,Kum,2000,163000.0,4 Yaşlı Araplar,ŞARTLI 3 /DHÖW/Y-2,Kocaeli,Kum,4 Yaşlı Araplar,163000.0,0,2024-09-03
619376065,2024-09-03,Kocaeli,Kum,1400,192000.0,4 ve Yukarı Araplar,ŞARTLI 4 /DHÖ,Kocaeli,Kum,4 ve Yukarı Araplar,192000.0,0,2024-09-03
524988885,2024-09-03,Kocaeli,Kum,1900,192000.0,4 ve Yukarı Araplar,Handikap 15 /DHÖW/H2/D,Kocaeli,Kum,4 ve Yukarı Araplar,192000.0,0,2024-09-03
12509667,2024-09-04,İstanbul,Sentetik,1300,240000.0,2 Yaşlı İngilizler,Maiden /,İstanbul,Sentetik,2 Yaşlı İngilizler,240000.0,0,2024-09-04
267637362,2024-09-04,İstanbul,Sentetik,1200,280000.0,3 Yaşlı İngilizler,Handikap 16 /H1,İstanbul,Sentetik,3 Yaşlı İngilizler,280000.0,0,2024-09-04
494601508,2024-09-04,İstanbul,Çim,1600,216000.0,3 ve Yukarı İngilizler,SATIŞ 2 /D,İstanbul,Çim,3 ve Yukarı İngilizler,216000.0,0,2024-09-04
505277706,2024-09-04,İstanbul,Sentetik,2000,328000.0,3 ve Yukarı İngilizler,Handikap 21 /H1,İstanbul,Sentetik,3 ve Yukarı İngilizler,328000.0,0,2024-09-04
646617497,2024-09-04,İstanbul,Çim,1400,453000.0,3 Yaşlı Araplar,KV-8 /DHT,İstanbul,Çim,3 Yaşlı Araplar,453000.0,0,2024-09-04
325982384,2024-09-04,İstanbul,Çim,2400,280000.0,4 Yaşlı Araplar,ŞARTLI 5 /DHÖ,İstanbul,Çim,4 Yaşlı Araplar,280000.0,0,2024-09-04
959212944,2024-09-04,İstanbul,Sentetik,2000,236500.0,4 ve Yukarı Araplar,ŞARTLI 4 /DHÖ,İstanbul,Sentetik,4 ve Yukarı Araplar,236500.0,0,2024-09-04
5954500,2024-09-04,İstanbul,Çim,1400,328000.0,4 ve Yukarı Araplar,Handikap 21 /DHÖW/H1,İstanbul,Çim,4 ve Yukarı Araplar,328000.0,0,2024-09-04
622333195,2024-09-04,Elazığ,Kum,1200,160000.0,2 Yaşlı İngilizler,Maiden /D,Elazığ,Kum,2 Yaşlı İngilizler,160000.0,0,2024-09-04
832425078,2024-09-04,Elazığ,Kum,1800,175000.0,3 Yaşlı İngilizler,Handikap 16 /H3/D,Elazığ,Kum,3 Yaşlı İngilizler,175000.0,0,2024-09-04
177845950,2024-09-04,Elazığ,Kum,1600,140000.0,3 ve Yukarı İngilizler,ŞARTLI 4 /,Elazığ,Kum,3 ve Yukarı İngilizler,140000.0,0,2024-09-04
797172482,2024-09-04,Elazığ,Kum,1200,82000.0,3 ve Yukarı İngilizler,Handikap 13 /H3,Elazığ,Kum,3 ve Yukarı İngilizler,82000.0,0,2024-09-04
996388193,2024-09-04,Elazığ,Kum,1200,114500.0,3 Yaşlı Araplar,ŞARTLI 3 /DHT/D,Elazığ,Kum,3 Yaşlı Araplar,114500.0,0,2024-09-04
592364204,2024-09-04,Elazığ,Kum,1600,82000.0,4 Yaşlı Araplar,Handikap 13 /DHÖW/H3,Elazığ,Kum,4 Yaşlı Araplar,82000.0,0,2024-09-04
720938945,2024-09-04,Elazığ,Kum,1800,114500.0,4 ve Yukarı Araplar,ŞARTLI 3 /DHÖW,Elazığ,Kum,4 ve Yukarı Araplar,114500.0,0,2024-09-04
815611375,2024-09-05,Ankara,Kum,1400,280000.0,2 Yaşlı İngilizler,ŞARTLI 5 /D,Ankara,Kum,2 Yaşlı İngilizler,280000.0,0,2024-09-05
206151915,2024-09-05,Ankara,Çim,1400,216000.0,3 Yaşlı İngilizler,SATIŞ 2 /,Ankara,Çim,3 Yaşlı İngilizler,216000.0,0,2024-09-05
119782303,2024-09-05,Ankara,Kum,2000,280000.0,3 ve Yukarı İngilizler,ŞARTLI 5 /Y-3,Ankara,Kum,3 ve Yukarı İngilizler,280000.0,0,2024-09-05
472749216,2024-09-05,Ankara,Çim,1200,320000.0,3 Yaşlı Araplar,ŞARTLI 1 /DHÖW,Ankara,Çim,3 Yaşlı Araplar,320000.0,0,2024-09-05
68358601,2024-09-05,Ankara,Çim,1400,1400000.0,3 Yaşlı Araplar,G 2 /DH,Ankara,Çim,3 Yaşlı Araplar,1400000.0,0,2024-09-05
422677021,2024-09-05,Ankara,Kum,2000,236500.0,4 Yaşlı Araplar,ŞARTLI 4 /DHÖW,Ankara,Kum,4 Yaşlı Araplar,236500.0,0,2024-09-05
875878756,2024-09-05,Ankara,Kum,1400,390000.0,4 ve Yukarı Araplar,KV-7 /DHÖW/D,Ankara,Kum,4 ve Yukarı Araplar,390000.0,0,2024-09-05
772727277,2024-09-05,Ankara,Kum,1500,280000.0,4 ve Yukarı Araplar,Handikap 16 /DHÖW/H1,Ankara,Kum,4 ve Yukarı Araplar,280000.0,0,2024-09-05
760589282,2024-09-05,İzmir,Çim,1300,217000.0,3 Yaşlı İngilizler,ŞARTLI 19 /,İzmir,Çim,3 Yaşlı İngilizler,217000.0,0,2024-09-05
650011368,2024-09-05,İzmir,Kum,1900,384000.0,3 Yaşlı İngilizler,KV-8 /,İzmir,Kum,3 Yaşlı İngilizler,384000.0,0,2024-09-05
649892829,2024-09-05,İzmir,Kum,1400,153000.0,3 Yaşlı İngilizler,SATIŞ 1 /,İzmir,Kum,3 Yaşlı İngilizler,153000.0,0,2024-09-05
97316088,2024-09-05,İzmir,Çim,1300,240000.0,3 ve Yukarı İngilizler,Handikap 16 /H2,İzmir,Çim,3 ve Yukarı İngilizler,240000.0,0,2024-09-05
993336337,2024-09-05,İzmir,Çim,1200,217000.0,3 Yaşlı Araplar,Maiden /DHÖW/D,İzmir,Çim,3 Yaşlı Araplar,217000.0,0,2024-09-05
167250781,2024-09-05,İzmir,Kum,1400,285000.0,3 Yaşlı Araplar,KV-6 /DHÖW,İzmir,Kum,3 Yaşlı Araplar,285000.0,0,2024-09-05
490822490,2024-09-05,İzmir,Kum,1600,129000.0,4 ve Yukarı Araplar,ŞARTLI 2 /DHÖW,İzmir,Kum,4 ve Yukarı Araplar,129000.0,0,2024-09-05
337299642,2024-09-05,İzmir,Çim,1900,240000.0,4 ve Yukarı Araplar,Handikap 16 /DHÖW/H2,İzmir,Çim,4 ve Yukarı Araplar,240000.0,0,2024-09-05
742934164,2024-09-06,Bursa,Çim,1300,217000.0,2 Yaşlı İngilizler,Maiden /D,Bursa,Çim,2 Yaşlı İngilizler,217000.0,0,2024-09-06
303487280,2024-09-06,Bursa,Çim,1200,240000.0,3 Yaşlı İngilizler,Handikap 16 /H2,Bursa,Çim,3 Yaşlı İngilizler,240000.0,0,2024-09-06
344417944,2024-09-06,Bursa,Çim,2000,163000.0,3 ve Yukarı İngilizler,ŞARTLI 3 /D,Bursa,Çim,3 ve Yukarı İngilizler,163000.0,0,2024-09-06
877258721,2024-09-06,Bursa,Kum,1400,129000.0,3 ve Yukarı İngilizler,ŞARTLI 2 /,Bursa,Kum,3 ve Yukarı İngilizler,129000.0,0,2024-09-06
3954651,2024-09-06,Bursa,Çim,1300,240000.0,3 Yaşlı Araplar,ŞARTLI 5 /DHÖW,Bursa,Çim,3 Yaşlı Araplar,240000.0,0,2024-09-06
547377145,2024-09-06,Bursa,Çim,1700,163000.0,4 Yaşlı Araplar,Handikap 14 /DHÖW/H2/D,Bursa,Çim,4 Yaşlı Araplar,163000.0,0,2024-09-06
369984409,2024-09-06,Bursa,Çim,2000,331000.0,4 ve Yukarı Araplar,KV-7 /DHT,Bursa,Çim,4 ve Yukarı Araplar,331000.0,0,2024-09-06
270584601,2024-09-06,Bursa,Kum,1400,163000.0,4 ve Yukarı Araplar,Handikap 14 /DHÖW/H2,Bursa,Kum,4 ve Yukarı Araplar,163000.0,0,2024-09-06
192627238,2024-09-06,İzmir,Kum,1400,217000.0,2 Yaşlı İngilizler,Maiden /D,İzmir,Kum,2 Yaşlı İngilizler,217000.0,0,2024-09-06
198060938,2024-09-06,İzmir,Kum,1200,240000.0,2 Yaşlı İngilizler,ŞARTLI 5 /,İzmir,Kum,2 Yaşlı İngilizler,240000.0,0,2024-09-06
667891706,2024-09-06,İzmir,Çim,2400,240000.0,3 Yaşlı İngilizler,Handikap 16 /H2,İzmir,Çim,3 Yaşlı İngilizler,240000.0,0,2024-09-06
714347091,2024-09-06,İzmir,Kum,1900,240000.0,3 ve Yukarı İngilizler,ŞARTLI 5 /,İzmir,Kum,3 ve Yukarı İngilizler,240000.0,0,2024-09-06
117515087,2024-09-06,İzmir,Çim,1700,163000.0,3 ve Yukarı İngilizler,ŞARTLI 3 /D,İzmir,Çim,3 ve Yukarı İngilizler,163000.0,0,2024-09-06
358922300,2024-09-06,İzmir,Çim,1200,331000.0,3 Yaşlı Araplar,KV-7 /DHÖW,İzmir,Çim,3 Yaşlı Araplar,331000.0,0,2024-09-06
554785016,2024-09-06,İzmir,Çim,1800,163000.0,4 ve Yukarı Araplar,ŞARTLI 3 /DHÖW,İzmir,Çim,4 ve Yukarı Araplar,163000.0,0,2024-09-06
753390273,2024-09-06,İzmir,Çim,2000,163000.0,4 ve Yukarı Araplar,Handikap 14 /DHÖW/H2/D,İzmir,Çim,4 ve Yukarı Araplar,163000.0,0,2024-09-06
74791649,2024-09-07,Ankara,Çim,1300,320000.0,2 Yaşlı İngilizler,ŞARTLI 1 /D,Ankara,Çim,2 Yaşlı İngilizler,320000.0,0,2024-09-07
534239305,2024-09-07,Ankara,Çim,1300,186500.0,2 Yaşlı İngilizler,ŞARTLI 3 /,Ankara,Çim,2 Yaşlı İngilizler,186500.0,0,2024-09-07
195498150,2024-09-07,Ankara,Çim,1400,240000.0,3 Yaşlı İngilizler,ŞARTLI 19 /,Ankara,Çim,3 Yaşlı İngilizler,240000.0,0,2024-09-07
324091139,2024-09-07,Ankara,Kum,2000,186500.0,3 Yaşlı İngilizler,ŞARTLI 3 /,Ankara,Kum,3 Yaşlı İngilizler,186500.0,0,2024-09-07
220602456,2024-09-07,Ankara,Kum,1500,280000.0,3 ve Yukarı İngilizler,ŞARTLI 5 /,Ankara,Kum,3 ve Yukarı İngilizler,280000.0,0,2024-09-07
402779844,2024-09-07,Ankara,Çim,1600,313000.0,3 ve Yukarı İngilizler,Handikap 17 /H1,Ankara,Çim,3 ve Yukarı İngilizler,313000.0,0,2024-09-07
808837520,2024-09-07,Ankara,Çim,1600,390000.0,4 Yaşlı Araplar,KV-7 /DHÖW/D,Ankara,Çim,4 Yaşlı Araplar,390000.0,0,2024-09-07
370428485,2024-09-07,Ankara,Kum,2200,280000.0,4 ve Yukarı Araplar,ŞARTLI 5 /DHÖW,Ankara,Kum,4 ve Yukarı Araplar,280000.0,0,2024-09-07
941611057,2024-09-07,İstanbul,Çim,1300,240000.0,2 Yaşlı İngilizler,Maiden /,İstanbul,Çim,2 Yaşlı İngilizler,240000.0,0,2024-09-07
491260009,2024-09-07,İstanbul,Çim,1400,390000.0,2 Yaşlı İngilizler,KV-7 /D,İstanbul,Çim,2 Yaşlı İngilizler,390000.0,0,2024-09-07
689783853,2024-09-07,İstanbul,Çim,2100,240000.0,3 Yaşlı İngilizler,ŞARTLI 19 /,İstanbul,Çim,3 Yaşlı İngilizler,240000.0,0,2024-09-07
65874530,2024-09-07,İstanbul,Sentetik,1500,453000.0,3 Yaşlı İngilizler,KV-8 /D,İstanbul,Sentetik,3 Yaşlı İngilizler,453000.0,0,2024-09-07
384020019,2024-09-07,İstanbul,Sentetik,2000,1650000.0,3 ve Yukarı İngilizler,G 2 /ULS,İstanbul,Sentetik,3 ve Yukarı İngilizler,1650000.0,0,2024-09-07
459299299,2024-09-07,İstanbul,Çim,1600,3250000.0,3 ve Yukarı İngilizler,G 3 /ULS/D,İstanbul,Çim,3 ve Yukarı İngilizler,3250000.0,0,2024-09-07
37264791,2024-09-07,İstanbul,Sentetik,2100,550000.0,3 ve Yukarı Araplar,KV-9 /ULS/W/26,İstanbul,Sentetik,3 ve Yukarı Araplar,550000.0,0,2024-09-07
399292164,2024-09-07,İstanbul,Sentetik,2000,108000.0,4 ve Yukarı Araplar,KADIN AMATÖR BİNİCİ /AMATÖR K.B./DHÖW,İstanbul,Sentetik,4 ve Yukarı Araplar,108000.0,0,2024-09-07
363102251,2024-09-07,İstanbul,Çim,2400,328000.0,4 ve Yukarı Araplar,Handikap 21 /DHÖW/H1,İstanbul,Çim,4 ve Yukarı Araplar,328000.0,0,2024-09-07
655698481,2024-09-08,İstanbul,Çim,1300,320000.0,2 Yaşlı İngilizler,ŞARTLI 1 /,İstanbul,Çim,2 Yaşlı İngilizler,320000.0,0,2024-09-08
828200067,2024-09-08,İstanbul,Çim,1400,1400000.0,2 Yaşlı İngilizler,G 2 /ULS,İstanbul,Çim,2 Yaşlı İngilizler,1400000.0,0,2024-09-08
146068913,2024-09-08,İstanbul,Çim,1600,545000.0,3 Yaşlı İngilizler,KV-9 /,İstanbul,Çim,3 Yaşlı İngilizler,545000.0,0,2024-09-08
832120477,2024-09-08,İstanbul,Çim,1200,328000.0,3 Yaşlı İngilizler,KV-6 /,İstanbul,Çim,3 Yaşlı İngilizler,328000.0,0,2024-09-08
159882668,2024-09-08,İstanbul,Çim,1400,280000.0,3 Yaşlı İngilizler,Handikap 16 /H1,İstanbul,Çim,3 Yaşlı İngilizler,280000.0,0,2024-09-08
708391280,2024-09-08,İstanbul,Çim,1600,8000000.0,3 ve Yukarı İngilizler,G 3 /ULS,İstanbul,Çim,3 ve Yukarı İngilizler,8000000.0,0,2024-09-08
431685275,2024-09-08,İstanbul,Çim,2400,5200000.0,3 ve Yukarı İngilizler,G 3 /ULS,İstanbul,Çim,3 ve Yukarı İngilizler,5200000.0,0,2024-09-08
69649137,2024-09-08,İstanbul,Çim,1600,108000.0,3 ve Yukarı İngilizler,KADIN AMATÖR BİNİCİ /AMATÖR K.B.,İstanbul,Çim,3 ve Yukarı İngilizler,108000.0,0,2024-09-08
299836211,2024-09-08,İstanbul,Çim,1600,1000000.0,3 ve Yukarı Araplar,G 3 /ULS/W/26,İstanbul,Çim,3 ve Yukarı Araplar,1000000.0,0,2024-09-08
562234291,2024-09-08,Adana,Çim,1200,273000.0,2 Yaşlı İngilizler,ŞARTLI 1 /,Adana,Çim,2 Yaşlı İngilizler,273000.0,0,2024-09-08
300853160,2024-09-08,Adana,Çim,1300,163000.0,2 Yaşlı İngilizler,ŞARTLI 3 /,Adana,Çim,2 Yaşlı İngilizler,163000.0,0,2024-09-08
719348117,2024-09-08,Adana,Kum,1900,163000.0,3 Yaşlı İngilizler,Handikap 14 /H2/D,Adana,Kum,3 Yaşlı İngilizler,163000.0,0,2024-09-08
191592855,2024-09-08,Adana,Çim,1900,192000.0,3 ve Yukarı İngilizler,ŞARTLI 4 /,Adana,Çim,3 ve Yukarı İngilizler,192000.0,0,2024-09-08
189946368,2024-09-08,Adana,Kum,1300,163000.0,3 ve Yukarı İngilizler,Handikap 14 /H2,Adana,Kum,3 ve Yukarı İngilizler,163000.0,0,2024-09-08
424520291,2024-09-08,Adana,Kum,1400,192000.0,3 Yaşlı Araplar,ŞARTLI 4 /DHÖW,Adana,Kum,3 Yaşlı Araplar,192000.0,0,2024-09-08
965019627,2024-09-08,Adana,Çim,1200,240000.0,4 ve Yukarı Araplar,ŞARTLI 5 /DHÖW,Adana,Çim,4 ve Yukarı Araplar,240000.0,0,2024-09-08
815933516,2024-09-08,Adana,Kum,1900,240000.0,4 ve Yukarı Araplar,Handikap 16 /DHÖW/H2,Adana,Kum,4 ve Yukarı Araplar,240000.0,0,2024-09-08
296780549,2024-09-09,Bursa,Çim,1300,192000.0,2 Yaşlı İngilizler,ŞARTLI 4 /TR,Bursa,Çim,2 Yaşlı İngilizler,192000.0,0,2024-09-09
141433461,2024-09-09,Bursa,Kum,1400,192000.0,3 Yaşlı İngilizler,ŞARTLI 4 /,Bursa,Kum,3 Yaşlı İngilizler,192000.0,0,2024-09-09
921652543,2024-09-09,Bursa,Kum,1800,192000.0,3 ve Yukarı İngilizler,ŞARTLI 4 /Y-1/D,Bursa,Kum,3 ve Yukarı İngilizler,192000.0,0,2024-09-09
224082025,2024-09-09,Bursa,Çim,1800,240000.0,3 ve Yukarı İngilizler,Handikap 16 /H2,Bursa,Çim,3 ve Yukarı İngilizler,240000.0,0,2024-09-09
428570687,2024-09-09,Bursa,Çim,1500,217000.0,3 Yaşlı Araplar,Maiden /DHÖ,Bursa,Çim,3 Yaşlı Araplar,217000.0,0,2024-09-09
602791730,2024-09-09,Bursa,Kum,2000,192000.0,4 Yaşlı Araplar,Handikap 15 /DHÖW/H2,Bursa,Kum,4 Yaşlı Araplar,192000.0,0,2024-09-09
132601114,2024-09-09,Bursa,Kum,1200,240000.0,4 ve Yukarı Araplar,ŞARTLI 5 /DHÖW,Bursa,Kum,4 ve Yukarı Araplar,240000.0,0,2024-09-09
577572651,2024-09-09,Bursa,Çim,2000,240000.0,4 ve Yukarı Araplar,Handikap 16 /DHÖW/H2,Bursa,Çim,4 ve Yukarı Araplar,240000.0,0,2024-09-09
850756246,2024-09-09,Elazığ,Kum,1500,140000.0,2 Yaşlı İngilizler,ŞARTLI 4 /D,Elazığ,Kum,2 Yaşlı İngilizler,140000.0,0,2024-09-09
41013491,2024-09-09,Elazığ,Kum,2000,140000.0,3 ve Yukarı İngilizler,ŞARTLI 4 /Y-2,Elazığ,Kum,3 ve Yukarı İngilizler,140000.0,0,2024-09-09
742060075,2024-09-09,Elazığ,Kum,1500,140000.0,3 ve Yukarı İngilizler,Handikap 15 /H3,Elazığ,Kum,3 ve Yukarı İngilizler,140000.0,0,2024-09-09
544900337,2024-09-09,Elazığ,Kum,1200,160000.0,3 Yaşlı Araplar,Maiden /DHÖW,Elazığ,Kum,3 Yaşlı Araplar,160000.0,0,2024-09-09
673681531,2024-09-09,Elazığ,Kum,1500,140000.0,3 Yaşlı Araplar,Handikap 15 /DHÖW/H3,Elazığ,Kum,3 Yaşlı Araplar,140000.0,0,2024-09-09
729134731,2024-09-09,Elazığ,Kum,1600,202000.0,4 Yaşlı Araplar,KV-6 /DHÖW,Elazığ,Kum,4 Yaşlı Araplar,202000.0,0,2024-09-09
991222423,2024-09-09,Elazığ,Kum,1600,82000.0,4 ve Yukarı Araplar,Handikap 13 /DHÖW/H3,Elazığ,Kum,4 ve Yukarı Araplar,82000.0,0,2024-09-09
612137527,2024-09-10,Ankara,Kum,1500,186500.0,2 Yaşlı İngilizler,ŞARTLI 3 /TR,Ankara,Kum,2 Yaşlı İngilizler,186500.0,0,2024-09-10
402645709,2024-09-10,Ankara,Çim,1400,186500.0,3 Yaşlı İngilizler,ŞARTLI 3 /,Ankara,Çim,3 Yaşlı İngilizler,186500.0,0,2024-09-10
884764120,2024-09-10,Ankara,Kum,1500,180000.0,3 ve Yukarı İngilizler,SATIŞ 1 /D,Ankara,Kum,3 ve Yukarı İngilizler,180000.0,0,2024-09-10
57390591,2024-09-10,Ankara,Çim,1600,240000.0,3 Yaşlı Araplar,Maiden /DHÖ,Ankara,Çim,3 Yaşlı Araplar,240000.0,0,2024-09-10
12689729,2024-09-10,Ankara,Kum,1500,236500.0,3 Yaşlı Araplar,ŞARTLI 4 /DHT,Ankara,Kum,3 Yaşlı Araplar,236500.0,0,2024-09-10
329179141,2024-09-10,Ankara,Çim,1400,236500.0,4 Yaşlı Araplar,Handikap 15 /DHÖW/H1,Ankara,Çim,4 Yaşlı Araplar,236500.0,0,2024-09-10
833367099,2024-09-10,Ankara,Çim,1400,453000.0,4 ve Yukarı Araplar,KV-8 /DHT,Ankara,Çim,4 ve Yukarı Araplar,453000.0,0,2024-09-10
674197946,2024-09-10,Ankara,Çim,1200,236500.0,4 ve Yukarı Araplar,ŞARTLI 4 /DHÖ/D,Ankara,Çim,4 ve Yukarı Araplar,236500.0,0,2024-09-10
942070239,2024-09-10,Kocaeli,Kum,1400,217000.0,2 Yaşlı İngilizler,Maiden /D,Kocaeli,Kum,2 Yaşlı İngilizler,217000.0,0,2024-09-10
197115097,2024-09-10,Kocaeli,Kum,1200,163000.0,2 Yaşlı İngilizler,ŞARTLI 3 /,Kocaeli,Kum,2 Yaşlı İngilizler,163000.0,0,2024-09-10
923687695,2024-09-10,Kocaeli,Kum,1400,163000.0,3 Yaşlı İngilizler,ŞARTLI 3 /D,Kocaeli,Kum,3 Yaşlı İngilizler,163000.0,0,2024-09-10
285917693,2024-09-10,Kocaeli,Kum,1900,163000.0,3 Yaşlı İngilizler,Handikap 14 /H2,Kocaeli,Kum,3 Yaşlı İngilizler,163000.0,0,2024-09-10
31411136,2024-09-10,Kocaeli,Kum,1900,192000.0,3 ve Yukarı İngilizler,ŞARTLI 4 /,Kocaeli,Kum,3 ve Yukarı İngilizler,192000.0,0,2024-09-10
200116164,2024-09-10,Kocaeli,Kum,1400,331000.0,3 Yaşlı Araplar,KV-7 /DHÖW,Kocaeli,Kum,3 Yaşlı Araplar,331000.0,0,2024-09-10
624545998,2024-09-10,Kocaeli,Kum,1200,153000.0,3 Yaşlı Araplar,SATIŞ 1 /DHÖW,Kocaeli,Kum,3 Yaşlı Araplar,153000.0,0,2024-09-10
246582938,2024-09-10,Kocaeli,Kum,1500,240000.0,4 ve Yukarı Araplar,ŞARTLI 5 /DHT/D,Kocaeli,Kum,4 ve Yukarı Araplar,240000.0,0,2024-09-10
118500299,2024-09-10,Kocaeli,Kum,2000,192000.0,4 ve Yukarı Araplar,Handikap 15 /DHÖW/H2,Kocaeli,Kum,4 ve Yukarı Araplar,192000.0,0,2024-09-10
715936247,2024-09-11,İstanbul,Sentetik,1200,236500.0,2 Yaşlı İngilizler,ŞARTLI 4 /,İstanbul,Sentetik,2 Yaşlı İngilizler,236500.0,0,2024-09-11
74402431,2024-09-11,İstanbul,Sentetik,1400,390000.0,3 Yaşlı İngilizler,KV-7 /,İstanbul,Sentetik,3 Yaşlı İngilizler,390000.0,0,2024-09-11
898917326,2024-09-11,İstanbul,Çim,1600,253000.0,3 ve Yukarı İngilizler,SATIŞ 3 /,İstanbul,Çim,3 ve Yukarı İngilizler,253000.0,0,2024-09-11
733440589,2024-09-11,İstanbul,Çim,1900,280000.0,3 ve Yukarı İngilizler,Handikap 16 /H1,İstanbul,Çim,3 ve Yukarı İngilizler,280000.0,0,2024-09-11
363341087,2024-09-11,İstanbul,Sentetik,1300,240000.0,3 Yaşlı Araplar,Maiden /DHÖW,İstanbul,Sentetik,3 Yaşlı Araplar,240000.0,0,2024-09-11
397410629,2024-09-11,İstanbul,Çim,1200,236500.0,3 Yaşlı Araplar,ŞARTLI 4 /DHÖ,İstanbul,Çim,3 Yaşlı Araplar,236500.0,0,2024-09-11
361486809,2024-09-11,İstanbul,Çim,1600,280000.0,4 Yaşlı Araplar,ŞARTLI 5 /DHÖW/D,İstanbul,Çim,4 Yaşlı Araplar,280000.0,0,2024-09-11
960134650,2024-09-11,İstanbul,Sentetik,1200,186500.0,4 ve Yukarı Araplar,ŞARTLI 3 /DHÖW,İstanbul,Sentetik,4 ve Yukarı Araplar,186500.0,0,2024-09-11
474848522,2024-09-11,Elazığ,Kum,1500,160000.0,2 Yaşlı İngilizler,Maiden /,Elazığ,Kum,2 Yaşlı İngilizler,160000.0,0,2024-09-11
115037628,2024-09-11,Elazığ,Kum,1700,114500.0,3 Yaşlı İngilizler,ŞARTLI 3 /,Elazığ,Kum,3 Yaşlı İngilizler,114500.0,0,2024-09-11
661002583,2024-09-11,Elazığ,Kum,1200,175000.0,3 Yaşlı İngilizler,Handikap 16 /H3,Elazığ,Kum,3 Yaşlı İngilizler,175000.0,0,2024-09-11
237948973,2024-09-11,Elazığ,Kum,1200,88000.0,3 ve Yukarı İngilizler,ŞARTLI 2 /D,Elazığ,Kum,3 ve Yukarı İngilizler,88000.0,0,2024-09-11
301625957,2024-09-11,Elazığ,Kum,1800,82000.0,3 ve Yukarı İngilizler,Handikap 13 /H3,Elazığ,Kum,3 ve Yukarı İngilizler,82000.0,0,2024-09-11
775645236,2024-09-11,Elazığ,Kum,1900,114500.0,4 Yaşlı Araplar,Handikap 14 /DHT/H3,Elazığ,Kum,4 Yaşlı Araplar,114500.0,0,2024-09-11
715186003,2024-09-11,Elazığ,Kum,1600,140000.0,4 ve Yukarı Araplar,Handikap 15 /DHÖW/H3/Y-2/D,Elazığ,Kum,4 ve Yukarı Araplar,140000.0,0,2024-09-11
268812312,2024-09-12,Ankara,Çim,1400,240000.0,2 Yaşlı İngilizler,Maiden /,Ankara,Çim,2 Yaşlı İngilizler,240000.0,0,2024-09-12
217428288,2024-09-12,Ankara,Kum,1400,453000.0,2 Yaşlı İngilizler,KV-8 /D,Ankara,Kum,2 Yaşlı İngilizler,453000.0,0,2024-09-12
172609855,2024-09-12,Ankara,Kum,1400,390000.0,3 Yaşlı İngilizler,KV-7 /D,Ankara,Kum,3 Yaşlı İngilizler,390000.0,0,2024-09-12
428896768,2024-09-12,Ankara,Çim,1200,280000.0,3 Yaşlı İngilizler,Handikap 16 /H1,Ankara,Çim,3 Yaşlı İngilizler,280000.0,0,2024-09-12
467679215,2024-09-12,Ankara,Çim,1600,453000.0,3 ve Yukarı İngilizler,KV-8 /,Ankara,Çim,3 ve Yukarı İngilizler,453000.0,0,2024-09-12
410415812,2024-09-12,Ankara,Çim,2200,216000.0,3 ve Yukarı İngilizler,SATIŞ 2 /,Ankara,Çim,3 ve Yukarı İngilizler,216000.0,0,2024-09-12
392827034,2024-09-12,Ankara,Çim,1600,236500.0,4 ve Yukarı Araplar,ŞARTLI 4 /DHT,Ankara,Çim,4 ve Yukarı Araplar,236500.0,0,2024-09-12
724626367,2024-09-12,Ankara,Çim,2400,328000.0,4 ve Yukarı Araplar,Handikap 21 /DHÖW/H1,Ankara,Çim,4 ve Yukarı Araplar,328000.0,0,2024-09-12
944382017,2024-09-12,İzmir,Kum,1600,217000.0,2 Yaşlı İngilizler,Maiden /,İzmir,Kum,2 Yaşlı İngilizler,217000.0,0,2024-09-12
10994415,2024-09-12,İzmir,Çim,1200,129000.0,2 Yaşlı İngilizler,ŞARTLI 2 /D,İzmir,Çim,2 Yaşlı İngilizler,129000.0,0,2024-09-12
983240830,2024-09-12,İzmir,Çim,2000,163000.0,3 Yaşlı İngilizler,ŞARTLI 3 /,İzmir,Çim,3 Yaşlı İngilizler,163000.0,0,2024-09-12
467869438,2024-09-12,İzmir,Çim,1900,192000.0,3 ve Yukarı İngilizler,ŞARTLI 4 /Y-2,İzmir,Çim,3 ve Yukarı İngilizler,192000.0,0,2024-09-12
689652795,2024-09-12,İzmir,Kum,1400,192000.0,3 ve Yukarı İngilizler,Handikap 15 /H2,İzmir,Kum,3 ve Yukarı İngilizler,192000.0,0,2024-09-12
490409,2024-09-12,İzmir,Kum,1600,192000.0,3 Yaşlı Araplar,Handikap 15 /DHÖW/H2,İzmir,Kum,3 Yaşlı Araplar,192000.0,0,2024-09-12
65526002,2024-09-12,İzmir,Kum,2000,163000.0,4 Yaşlı Araplar,Handikap 14 /DHÖ/H2/D,İzmir,Kum,4 Yaşlı Araplar,163000.0,0,2024-09-12
22505087,2024-09-12,İzmir,Çim,2000,384000.0,4 ve Yukarı Araplar,KV-8 /DHÖW,İzmir,Çim,4 ve Yukarı Araplar,384000.0,0,2024-09-12
144398111,2024-09-13,Bursa,Kum,1200,273000.0,2 Yaşlı İngilizler,ŞARTLI 1 /D,Bursa,Kum,2 Yaşlı İngilizler,273000.0,0,2024-09-13
459444733,2024-09-13,Bursa,Kum,1200,192000.0,2 Yaşlı İngilizler,ŞARTLI 4 /,Bursa,Kum,2 Yaşlı İngilizler,192000.0,0,2024-09-13
500043999,2024-09-13,Bursa,Çim,1700,129000.0,3 Yaşlı İngilizler,ŞARTLI 2 /,Bursa,Çim,3 Yaşlı İngilizler,129000.0,0,2024-09-13
712555108,2024-09-13,Bursa,Çim,2000,590000.0,3 ve Yukarı İngilizler,G 3 /,Bursa,Çim,3 ve Yukarı İngilizler,590000.0,0,2024-09-13
518403583,2024-09-13,Bursa,Kum,2100,192000.0,3 ve Yukarı İngilizler,ŞARTLI 4 /,Bursa,Kum,3 ve Yukarı İngilizler,192000.0,0,2024-09-13
625882182,2024-09-13,Bursa,Kum,1800,163000.0,3 ve Yukarı İngilizler,Handikap 14 /H2,Bursa,Kum,3 ve Yukarı İngilizler,163000.0,0,2024-09-13
135711437,2024-09-13,Bursa,Kum,1400,192000.0,3 Yaşlı Araplar,Handikap 15 /DHÖW/H2,Bursa,Kum,3 Yaşlı Araplar,192000.0,0,2024-09-13
969957202,2024-09-13,Bursa,Kum,1900,331000.0,4 ve Yukarı Araplar,KV-7 /DHÖW,Bursa,Kum,4 ve Yukarı Araplar,331000.0,0,2024-09-13
877954302,2024-09-13,İstanbul,Çim,1400,186500.0,2 Yaşlı İngilizler,ŞARTLI 3 /,İstanbul,Çim,2 Yaşlı İngilizler,186500.0,0,2024-09-13
171778468,2024-09-13,İstanbul,Çim,1200,216000.0,2 Yaşlı İngilizler,SATIŞ 2 /,İstanbul,Çim,2 Yaşlı İngilizler,216000.0,0,2024-09-13
171064828,2024-09-13,İstanbul,Çim,2100,313000.0,3 Yaşlı İngilizler,Handikap 17 /H1,İstanbul,Çim,3 Yaşlı İngilizler,313000.0,0,2024-09-13
466997923,2024-09-13,İstanbul,Çim,1600,328000.0,3 ve Yukarı İngilizler,KV-6 /,İstanbul,Çim,3 ve Yukarı İngilizler,328000.0,0,2024-09-13
743550102,2024-09-13,İstanbul,Çim,2400,236500.0,3 ve Yukarı İngilizler,ŞARTLI 4 /,İstanbul,Çim,3 ve Yukarı İngilizler,236500.0,0,2024-09-13
206354368,2024-09-13,İstanbul,Çim,1200,240000.0,3 Yaşlı Araplar,Maiden /DHÖW,İstanbul,Çim,3 Yaşlı Araplar,240000.0,0,2024-09-13
486489035,2024-09-13,İstanbul,Sentetik,1400,236500.0,3 Yaşlı Araplar,ŞARTLI 4 /DHÖW,İstanbul,Sentetik,3 Yaşlı Araplar,236500.0,0,2024-09-13
370355210,2024-09-13,İstanbul,Çim,1900,236500.0,4 ve Yukarı Araplar,Handikap 15 /DHÖW/H1,İstanbul,Çim,4 ve Yukarı Araplar,236500.0,0,2024-09-13
92629487,2024-09-14,Ankara,Çim,1300,320000.0,2 Yaşlı İngilizler,ŞARTLI 1 /,Ankara,Çim,2 Yaşlı İngilizler,320000.0,0,2024-09-14
743368840,2024-09-14,Ankara,Çim,1600,390000.0,2 Yaşlı İngilizler,KV-7 /,Ankara,Çim,2 Yaşlı İngilizler,390000.0,0,2024-09-14
743368840,2024-09-14,Ankara,Çim,1600,390000.0,3 Yaşlı İngilizler,KV-7 /,Ankara,Çim,3 Yaşlı İngilizler,390000.0,0,2024-09-14
582176661,2024-09-14,Ankara,Kum,2200,236500.0,3 Yaşlı İngilizler,Handikap 15 /H1,Ankara,Kum,3 Yaşlı İngilizler,236500.0,0,2024-09-14
884156967,2024-09-14,Ankara,Kum,2200,1950000.0,3 ve Yukarı İngilizler,G 1 /,Ankara,Kum,3 ve Yukarı İngilizler,1950000.0,0,2024-09-14
93132504,2024-09-14,Ankara,Çim,1900,328000.0,3 ve Yukarı İngilizler,KV-6 /D,Ankara,Çim,3 ve Yukarı İngilizler,328000.0,0,2024-09-14
650775239,2024-09-14,Ankara,Çim,1200,186500.0,3 Yaşlı Araplar,ŞARTLI 3 /DHÖW/D,Ankara,Çim,3 Yaşlı Araplar,186500.0,0,2024-09-14
274542925,2024-09-14,Ankara,Kum,1500,126000.0,3 Yaşlı Araplar,Handikap 13 /DHÖW/H2,Ankara,Kum,3 Yaşlı Araplar,126000.0,0,2024-09-14
685265835,2024-09-14,İzmir,Çim,1200,285000.0,2 Yaşlı İngilizler,KV-6 /,İzmir,Çim,2 Yaşlı İngilizler,285000.0,0,2024-09-14
330783101,2024-09-14,İzmir,Çim,1300,331000.0,3 ve Yukarı İngilizler,KV-7 /D,İzmir,Çim,3 ve Yukarı İngilizler,331000.0,0,2024-09-14
607609046,2024-09-14,İzmir,Çim,2000,163000.0,3 ve Yukarı İngilizler,Handikap 14 /H2,İzmir,Çim,3 ve Yukarı İngilizler,163000.0,0,2024-09-14
619811666,2024-09-14,İzmir,Çim,1200,217000.0,3 Yaşlı Araplar,Maiden /DHÖW,İzmir,Çim,3 Yaşlı Araplar,217000.0,0,2024-09-14
821637395,2024-09-14,İzmir,Çim,1200,163000.0,3 Yaşlı Araplar,Handikap 14 /DHÖ/H2,İzmir,Çim,3 Yaşlı Araplar,163000.0,0,2024-09-14
522591105,2024-09-14,İzmir,Çim,1200,163000.0,4 Yaşlı Araplar,Handikap 14 /DHÖW/H2,İzmir,Çim,4 Yaşlı Araplar,163000.0,0,2024-09-14
397186006,2024-09-14,İzmir,Çim,1300,192000.0,4 ve Yukarı Araplar,ŞARTLI 4 /DHÖ,İzmir,Çim,4 ve Yukarı Araplar,192000.0,0,2024-09-14
812632878,2024-09-14,İzmir,Kum,1900,274000.0,4 ve Yukarı Araplar,Handikap 17 /DHT/H2,İzmir,Kum,4 ve Yukarı Araplar,274000.0,0,2024-09-14
193530987,2024-09-14,Diyarbakır,Kum,1200,160000.0,2 Yaşlı İngilizler,ŞARTLI 19 /,Diyarbakır,Kum,2 Yaşlı İngilizler,160000.0,0,2024-09-14
373318427,2024-09-14,Diyarbakır,Kum,1800,202000.0,3 Yaşlı İngilizler,KV-6 /,Diyarbakır,Kum,3 Yaşlı İngilizler,202000.0,0,2024-09-14
666305560,2024-09-14,Diyarbakır,Kum,2000,140000.0,3 ve Yukarı İngilizler,ŞARTLI 4 /Y-1,Diyarbakır,Kum,3 ve Yukarı İngilizler,140000.0,0,2024-09-14
851492199,2024-09-14,Diyarbakır,Kum,1200,114500.0,3 Yaşlı Araplar,Handikap 14 /DHÖW/H3/TR,Diyarbakır,Kum,3 Yaşlı Araplar,114500.0,0,2024-09-14
787585242,2024-09-14,Diyarbakır,Kum,1200,140000.0,4 Yaşlı Araplar,ŞARTLI 4 /DHT,Diyarbakır,Kum,4 Yaşlı Araplar,140000.0,0,2024-09-14
339134287,2024-09-14,Diyarbakır,Kum,1800,140000.0,4 ve Yukarı Araplar,ŞARTLI 4 /DHÖW,Diyarbakır,Kum,4 ve Yukarı Araplar,140000.0,0,2024-09-14
471310219,2024-09-15,İstanbul,Çim,1400,240000.0,2 Yaşlı İngilizler,Maiden /D,İstanbul,Çim,2 Yaşlı İngilizler,240000.0,0,2024-09-15
446552332,2024-09-15,İstanbul,Çim,1600,453000.0,2 Yaşlı İngilizler,KV-8 /,İstanbul,Çim,2 Yaşlı İngilizler,453000.0,0,2024-09-15
996864234,2024-09-15,İstanbul,Sentetik,1500,240000.0,3 Yaşlı İngilizler,ŞARTLI 19 /,İstanbul,Sentetik,3 Yaşlı İngilizler,240000.0,0,2024-09-15
271468229,2024-09-15,İstanbul,Çim,2100,453000.0,3 ve Yukarı İngilizler,KV-8 /,İstanbul,Çim,3 ve Yukarı İngilizler,453000.0,0,2024-09-15
910014963,2024-09-15,İstanbul,Çim,1900,236500.0,3 ve Yukarı İngilizler,Handikap 15 /H1/D,İstanbul,Çim,3 ve Yukarı İngilizler,236500.0,0,2024-09-15
14673820,2024-09-15,İstanbul,Çim,1600,186500.0,3 Yaşlı Araplar,Handikap 14 /DHÖW/H2,İstanbul,Çim,3 Yaşlı Araplar,186500.0,0,2024-09-15
343908194,2024-09-15,İstanbul,Çim,1600,236500.0,4 ve Yukarı Araplar,ŞARTLI 4 /DHÖ,İstanbul,Çim,4 ve Yukarı Araplar,236500.0,0,2024-09-15
530025193,2024-09-15,İstanbul,Sentetik,2100,313000.0,4 ve Yukarı Araplar,Handikap 17 /DHÖW/H1,İstanbul,Sentetik,4 ve Yukarı Araplar,313000.0,0,2024-09-15
551299645,2024-09-15,Adana,Kum,1400,192000.0,2 Yaşlı İngilizler,ŞARTLI 4 /,Adana,Kum,2 Yaşlı İngilizler,192000.0,0,2024-09-15
245677076,2024-09-15,Adana,Çim,2100,163000.0,3 Yaşlı İngilizler,ŞARTLI 3 /D,Adana,Çim,3 Yaşlı İngilizler,163000.0,0,2024-09-15
217026642,2024-09-15,Adana,Çim,1200,192000.0,3 ve Yukarı İngilizler,ŞARTLI 4 /,Adana,Çim,3 ve Yukarı İngilizler,192000.0,0,2024-09-15
183210526,2024-09-15,Adana,Kum,1900,240000.0,3 ve Yukarı İngilizler,Handikap 16 /H2,Adana,Kum,3 ve Yukarı İngilizler,240000.0,0,2024-09-15
929754441,2024-09-15,Adana,Çim,1200,217000.0,3 Yaşlı Araplar,Maiden /DHÖW,Adana,Çim,3 Yaşlı Araplar,217000.0,0,2024-09-15
729416932,2024-09-15,Adana,Çim,1300,192000.0,3 Yaşlı Araplar,ŞARTLI 4 /DHÖW,Adana,Çim,3 Yaşlı Araplar,192000.0,0,2024-09-15
366442009,2024-09-15,Adana,Kum,1400,285000.0,4 ve Yukarı Araplar,KV-6 /DHT,Adana,Kum,4 ve Yukarı Araplar,285000.0,0,2024-09-15
357361112,2024-09-15,Adana,Çim,1900,192000.0,4 ve Yukarı Araplar,Handikap 15 /DHÖW/H2,Adana,Çim,4 ve Yukarı Araplar,192000.0,0,2024-09-15
724403136,2024-09-16,Bursa,Kum,1400,590000.0,2 Yaşlı İngilizler,G 3 /,Bursa,Kum,2 Yaşlı İngilizler,590000.0,0,2024-09-16
627401566,2024-09-16,Bursa,Çim,2200,285000.0,3 Yaşlı İngilizler,KV-6 /,Bursa,Çim,3 Yaşlı İngilizler,285000.0,0,2024-09-16
10717965,2024-09-16,Bursa,Çim,1500,192000.0,3 ve Yukarı İngilizler,ŞARTLI 4 /,Bursa,Çim,3 ve Yukarı İngilizler,192000.0,0,2024-09-16
323605157,2024-09-16,Bursa,Çim,1200,153000.0,3 ve Yukarı İngilizler,SATIŞ 1 /,Bursa,Çim,3 ve Yukarı İngilizler,153000.0,0,2024-09-16
588318256,2024-09-16,Bursa,Kum,1400,217000.0,3 Yaşlı Araplar,Maiden /DHÖW,Bursa,Kum,3 Yaşlı Araplar,217000.0,0,2024-09-16
734760512,2024-09-16,Bursa,Çim,1700,285000.0,4 Yaşlı Araplar,KV-6 /DHÖW,Bursa,Çim,4 Yaşlı Araplar,285000.0,0,2024-09-16
254675779,2024-09-16,Bursa,Çim,2000,192000.0,4 ve Yukarı Araplar,ŞARTLI 4 /DHÖ/D,Bursa,Çim,4 ve Yukarı Araplar,192000.0,0,2024-09-16
88006089,2024-09-16,Bursa,Çim,1500,240000.0,4 ve Yukarı Araplar,Handikap 16 /DHÖW/H2,Bursa,Çim,4 ve Yukarı Araplar,240000.0,0,2024-09-16
626076701,2024-09-16,Elazığ,Kum,1700,160000.0,3 Yaşlı İngilizler,Maiden /,Elazığ,Kum,3 Yaşlı İngilizler,160000.0,0,2024-09-16
544910391,2024-09-16,Elazığ,Kum,1900,140000.0,3 ve Yukarı İngilizler,ŞARTLI 4 /D,Elazığ,Kum,3 ve Yukarı İngilizler,140000.0,0,2024-09-16
27190543,2024-09-16,Elazığ,Kum,1700,175000.0,3 ve Yukarı İngilizler,Handikap 16 /H3/Y-2,Elazığ,Kum,3 ve Yukarı İngilizler,175000.0,0,2024-09-16
95506393,2024-09-16,Elazığ,Kum,1200,140000.0,3 Yaşlı Araplar,ŞARTLI 4 /DHÖ,Elazığ,Kum,3 Yaşlı Araplar,140000.0,0,2024-09-16
762889161,2024-09-16,Elazığ,Kum,2000,114500.0,4 Yaşlı Araplar,Handikap 14 /DHÖW/H3/D,Elazığ,Kum,4 Yaşlı Araplar,114500.0,0,2024-09-16
917971802,2024-09-16,Elazığ,Kum,2000,175000.0,4 ve Yukarı Araplar,ŞARTLI 5 /DHÖW,Elazığ,Kum,4 ve Yukarı Araplar,175000.0,0,2024-09-16
989715446,2024-09-16,Elazığ,Kum,1700,175000.0,4 ve Yukarı Araplar,Handikap 16 /DHÖ/H3,Elazığ,Kum,4 ve Yukarı Araplar,175000.0,0,2024-09-16
109102409,2024-09-17,Ankara,Kum,1400,390000.0,2 Yaşlı İngilizler,KV-7 /,Ankara,Kum,2 Yaşlı İngilizler,390000.0,0,2024-09-17
576762045,2024-09-17,Ankara,Çim,1900,236500.0,3 Yaşlı İngilizler,ŞARTLI 4 /,Ankara,Çim,3 Yaşlı İngilizler,236500.0,0,2024-09-17
937134286,2024-09-17,Ankara,Kum,1400,280000.0,3 Yaşlı İngilizler,Handikap 16 /H1,Ankara,Kum,3 Yaşlı İngilizler,280000.0,0,2024-09-17
5164797,2024-09-17,Ankara,Çim,1400,236500.0,3 ve Yukarı İngilizler,ŞARTLI 4 /,Ankara,Çim,3 ve Yukarı İngilizler,236500.0,0,2024-09-17
522862049,2024-09-17,Ankara,Çim,2200,390000.0,3 ve Yukarı İngilizler,Kısa Vade Handikap 22 /H1,Ankara,Çim,3 ve Yukarı İngilizler,390000.0,0,2024-09-17
855481806,2024-09-17,Ankara,Kum,1300,240000.0,3 Yaşlı Araplar,Maiden /DHÖW,Ankara,Kum,3 Yaşlı Araplar,240000.0,0,2024-09-17
26830215,2024-09-17,Ankara,Çim,2200,280000.0,4 ve Yukarı Araplar,ŞARTLI 5 /DHÖW,Ankara,Çim,4 ve Yukarı Araplar,280000.0,0,2024-09-17
289967860,2024-09-17,Ankara,Çim,1400,313000.0,4 ve Yukarı Araplar,Handikap 17 /DHÖW/H1,Ankara,Çim,4 ve Yukarı Araplar,313000.0,0,2024-09-17
573483848,2024-09-17,Kocaeli,Kum,1500,384000.0,2 Yaşlı İngilizler,KV-8 /,Kocaeli,Kum,2 Yaşlı İngilizler,384000.0,0,2024-09-17
182416351,2024-09-17,Kocaeli,Kum,1400,240000.0,3 Yaşlı İngilizler,Handikap 16 /H2/TR,Kocaeli,Kum,3 Yaşlı İngilizler,240000.0,0,2024-09-17
328120509,2024-09-17,Kocaeli,Kum,1400,192000.0,3 ve Yukarı İngilizler,ŞARTLI 4 /,Kocaeli,Kum,3 ve Yukarı İngilizler,192000.0,0,2024-09-17
254936247,2024-09-17,Kocaeli,Kum,1900,274000.0,3 ve Yukarı İngilizler,Handikap 17 /H2,Kocaeli,Kum,3 ve Yukarı İngilizler,274000.0,0,2024-09-17
622487877,2024-09-17,Kocaeli,Kum,1400,217000.0,3 Yaşlı Araplar,Maiden /DHÖW,Kocaeli,Kum,3 Yaşlı Araplar,217000.0,0,2024-09-17
239584333,2024-09-17,Kocaeli,Kum,1200,163000.0,3 Yaşlı Araplar,Handikap 14 /DHÖW/H2,Kocaeli,Kum,3 Yaşlı Araplar,163000.0,0,2024-09-17
16468452,2024-09-17,Kocaeli,Kum,1800,331000.0,4 ve Yukarı Araplar,KV-7 /DHÖW,Kocaeli,Kum,4 ve Yukarı Araplar,331000.0,0,2024-09-17
326205365,2024-09-17,Kocaeli,Kum,1400,163000.0,4 ve Yukarı Araplar,ŞARTLI 3 /DHÖW,Kocaeli,Kum,4 ve Yukarı Araplar,163000.0,0,2024-09-17
772517637,2024-09-18,İstanbul,Sentetik,1400,453000.0,2 Yaşlı İngilizler,KV-8 /,İstanbul,Sentetik,2 Yaşlı İngilizler,453000.0,0,2024-09-18
247830370,2024-09-18,İstanbul,Sentetik,2100,186500.0,3 Yaşlı İngilizler,ŞARTLI 3 /,İstanbul,Sentetik,3 Yaşlı İngilizler,186500.0,0,2024-09-18
913078058,2024-09-18,İstanbul,Sentetik,2000,280000.0,3 ve Yukarı İngilizler,ŞARTLI 5 /Y-2/D,İstanbul,Sentetik,3 ve Yukarı İngilizler,280000.0,0,2024-09-18
776815928,2024-09-18,İstanbul,Çim,1300,280000.0,3 ve Yukarı İngilizler,Handikap 16 /H1,İstanbul,Çim,3 ve Yukarı İngilizler,280000.0,0,2024-09-18
942108676,2024-09-18,İstanbul,Çim,1200,320000.0,3 Yaşlı Araplar,ŞARTLI 1 /DHÖW/D,İstanbul,Çim,3 Yaşlı Araplar,320000.0,0,2024-09-18
1766579,2024-09-18,İstanbul,Sentetik,1500,1400000.0,3 Yaşlı Araplar,G 2 /DHT,İstanbul,Sentetik,3 Yaşlı Araplar,1400000.0,0,2024-09-18
104925941,2024-09-18,İstanbul,Sentetik,2000,236500.0,4 Yaşlı Araplar,Handikap 15 /DHÖW/H1,İstanbul,Sentetik,4 Yaşlı Araplar,236500.0,0,2024-09-18
264860223,2024-09-18,İstanbul,Sentetik,2100,390000.0,4 ve Yukarı Araplar,KV-7 /DHÖW/D,İstanbul,Sentetik,4 ve Yukarı Araplar,390000.0,0,2024-09-18
328733748,2024-09-18,Elazığ,Kum,1900,140000.0,3 Yaşlı İngilizler,ŞARTLI 4 /D,Elazığ,Kum,3 Yaşlı İngilizler,140000.0,0,2024-09-18
958133657,2024-09-18,Elazığ,Kum,1600,175000.0,3 ve Yukarı İngilizler,ŞARTLI 5 /,Elazığ,Kum,3 ve Yukarı İngilizler,175000.0,0,2024-09-18
842142856,2024-09-18,Elazığ,Kum,1200,114500.0,3 ve Yukarı İngilizler,Handikap 14 /H3,Elazığ,Kum,3 ve Yukarı İngilizler,114500.0,0,2024-09-18
599343868,2024-09-18,Elazığ,Kum,1600,160000.0,3 Yaşlı Araplar,Maiden /DHÖW,Elazığ,Kum,3 Yaşlı Araplar,160000.0,0,2024-09-18
66093411,2024-09-18,Elazığ,Kum,1200,114500.0,3 Yaşlı Araplar,Handikap 14 /DHÖW/H3/D,Elazığ,Kum,3 Yaşlı Araplar,114500.0,0,2024-09-18
906024087,2024-09-18,Elazığ,Kum,1200,114500.0,4 Yaşlı Araplar,ŞARTLI 3 /DHÖW,Elazığ,Kum,4 Yaşlı Araplar,114500.0,0,2024-09-18
806926196,2024-09-18,Elazığ,Kum,1900,114500.0,4 ve Yukarı Araplar,Handikap 14 /DHÖ/H3,Elazığ,Kum,4 ve Yukarı Araplar,114500.0,0,2024-09-18
510297453,2024-09-19,Ankara,Kum,1200,240000.0,2 Yaşlı İngilizler,Maiden /,Ankara,Kum,2 Yaşlı İngilizler,240000.0,0,2024-09-19
310378973,2024-09-19,Ankara,Çim,1900,240000.0,3 Yaşlı İngilizler,ŞARTLI 19 /,Ankara,Çim,3 Yaşlı İngilizler,240000.0,0,2024-09-19
681527873,2024-09-19,Ankara,Kum,1400,280000.0,3 Yaşlı İngilizler,ŞARTLI 5 /,Ankara,Kum,3 Yaşlı İngilizler,280000.0,0,2024-09-19
85912447,2024-09-19,Ankara,Çim,1900,280000.0,3 ve Yukarı İngilizler,ŞARTLI 5 /,Ankara,Çim,3 ve Yukarı İngilizler,280000.0,0,2024-09-19
297199582,2024-09-19,Ankara,Çim,1900,236500.0,3 ve Yukarı İngilizler,Handikap 15 /H1/D,Ankara,Çim,3 ve Yukarı İngilizler,236500.0,0,2024-09-19
562288821,2024-09-19,Ankara,Çim,1200,390000.0,3 Yaşlı Araplar,KV-7 /DHÖW,Ankara,Çim,3 Yaşlı Araplar,390000.0,0,2024-09-19
82965124,2024-09-19,Ankara,Çim,1400,236500.0,3 Yaşlı Araplar,Handikap 15 /DHÖ/H2,Ankara,Çim,3 Yaşlı Araplar,236500.0,0,2024-09-19
697246388,2024-09-19,Ankara,Kum,1200,186500.0,4 ve Yukarı Araplar,ŞARTLI 3 /DHÖ,Ankara,Kum,4 ve Yukarı Araplar,186500.0,0,2024-09-19
713695349,2024-09-19,İzmir,Çim,1200,217000.0,2 Yaşlı İngilizler,Maiden /,İzmir,Çim,2 Yaşlı İngilizler,217000.0,0,2024-09-19
740797325,2024-09-19,İzmir,Kum,2000,163000.0,3 Yaşlı İngilizler,ŞARTLI 3 /,İzmir,Kum,3 Yaşlı İngilizler,163000.0,0,2024-09-19
827471960,2024-09-19,İzmir,Çim,1200,163000.0,3 ve Yukarı İngilizler,ŞARTLI 3 /,İzmir,Çim,3 ve Yukarı İngilizler,163000.0,0,2024-09-19
436173345,2024-09-19,İzmir,Çim,1300,285000.0,3 ve Yukarı İngilizler,Handikap 21 /H2,İzmir,Çim,3 ve Yukarı İngilizler,285000.0,0,2024-09-19
142496097,2024-09-19,İzmir,Kum,1400,384000.0,3 Yaşlı Araplar,KV-8 /DHÖW,İzmir,Kum,3 Yaşlı Araplar,384000.0,0,2024-09-19
496567974,2024-09-19,İzmir,Çim,1200,192000.0,4 Yaşlı Araplar,ŞARTLI 4 /DHÖW/D,İzmir,Çim,4 Yaşlı Araplar,192000.0,0,2024-09-19
252876498,2024-09-19,İzmir,Kum,1200,240000.0,4 ve Yukarı Araplar,ŞARTLI 5 /DHÖW,İzmir,Kum,4 ve Yukarı Araplar,240000.0,0,2024-09-19
565473700,2024-09-19,İzmir,Çim,1700,240000.0,4 ve Yukarı Araplar,Handikap 16 /DHÖW/H2,İzmir,Çim,4 ve Yukarı Araplar,240000.0,0,2024-09-19
945731789,2024-09-20,Bursa,Çim,1200,217000.0,2 Yaşlı İngilizler,Maiden /,Bursa,Çim,2 Yaşlı İngilizler,217000.0,0,2024-09-20
184094831,2024-09-20,Bursa,Kum,1900,384000.0,3 Yaşlı İngilizler,KV-8 /D,Bursa,Kum,3 Yaşlı İngilizler,384000.0,0,2024-09-20
501645842,2024-09-20,Bursa,Çim,2400,192000.0,3 ve Yukarı İngilizler,ŞARTLI 4 /,Bursa,Çim,3 ve Yukarı İngilizler,192000.0,0,2024-09-20
701065335,2024-09-20,Bursa,Kum,1400,240000.0,3 ve Yukarı İngilizler,Handikap 16 /H2,Bursa,Kum,3 ve Yukarı İngilizler,240000.0,0,2024-09-20
60122478,2024-09-20,Bursa,Çim,1400,590000.0,3 Yaşlı Araplar,G 3 /DHT,Bursa,Çim,3 Yaşlı Araplar,590000.0,0,2024-09-20
985858348,2024-09-20,Bursa,Çim,1300,240000.0,3 Yaşlı Araplar,ŞARTLI 5 /DHÖW/D,Bursa,Çim,3 Yaşlı Araplar,240000.0,0,2024-09-20
187999848,2024-09-20,Bursa,Çim,1200,192000.0,4 Yaşlı Araplar,Handikap 15 /DHÖW/H2,Bursa,Çim,4 Yaşlı Araplar,192000.0,0,2024-09-20
228786227,2024-09-20,Bursa,Çim,1800,240000.0,4 ve Yukarı Araplar,ŞARTLI 5 /DHÖW/Y-1,Bursa,Çim,4 ve Yukarı Araplar,240000.0,0,2024-09-20
785155005,2024-09-20,İstanbul,Sentetik,1200,240000.0,2 Yaşlı İngilizler,Maiden /,İstanbul,Sentetik,2 Yaşlı İngilizler,240000.0,0,2024-09-20
178641947,2024-09-20,İstanbul,Sentetik,1400,280000.0,2 Yaşlı İngilizler,ŞARTLI 5 /EBF/D,İstanbul,Sentetik,2 Yaşlı İngilizler,280000.0,0,2024-09-20
40386544,2024-09-20,İstanbul,Sentetik,1300,253000.0,3 Yaşlı İngilizler,SATIŞ 3 /,İstanbul,Sentetik,3 Yaşlı İngilizler,253000.0,0,2024-09-20
601781039,2024-09-20,İstanbul,Çim,2100,280000.0,3 Yaşlı İngilizler,Handikap 16 /H1/D,İstanbul,Çim,3 Yaşlı İngilizler,280000.0,0,2024-09-20
78127093,2024-09-20,İstanbul,Sentetik,2200,328000.0,3 ve Yukarı İngilizler,KV-6 /,İstanbul,Sentetik,3 ve Yukarı İngilizler,328000.0,0,2024-09-20
537138849,2024-09-20,İstanbul,Sentetik,1400,280000.0,3 ve Yukarı İngilizler,Handikap 16 /H1,İstanbul,Sentetik,3 ve Yukarı İngilizler,280000.0,0,2024-09-20
299269634,2024-09-20,İstanbul,Çim,1400,980000.0,3 Yaşlı Araplar,G 3 /DHT/D,İstanbul,Çim,3 Yaşlı Araplar,980000.0,0,2024-09-20
619305045,2024-09-20,İstanbul,Sentetik,1500,453000.0,4 ve Yukarı Araplar,KV-8 /DHÖW,İstanbul,Sentetik,4 ve Yukarı Araplar,453000.0,0,2024-09-20
865322886,2024-09-20,İstanbul,Çim,1600,328000.0,4 ve Yukarı Araplar,Handikap 21 /DHÖW/H1,İstanbul,Çim,4 ve Yukarı Araplar,328000.0,0,2024-09-20
61610412,2024-09-21,Ankara,Çim,1300,216000.0,2 Yaşlı İngilizler,SATIŞ 2 /,Ankara,Çim,2 Yaşlı İngilizler,216000.0,0,2024-09-21
663160649,2024-09-21,Ankara,Kum,2200,328000.0,3 Yaşlı İngilizler,KV-6 /,Ankara,Kum,3 Yaşlı İngilizler,328000.0,0,2024-09-21
870042723,2024-09-21,Ankara,Kum,1500,280000.0,3 ve Yukarı İngilizler,ŞARTLI 5 /D,Ankara,Kum,3 ve Yukarı İngilizler,280000.0,0,2024-09-21
481796839,2024-09-21,Ankara,Çim,1600,328000.0,3 ve Yukarı İngilizler,Handikap 21 /H1,Ankara,Çim,3 ve Yukarı İngilizler,328000.0,0,2024-09-21
595455604,2024-09-21,Ankara,Çim,1400,240000.0,3 Yaşlı Araplar,Maiden /DHÖW/D,Ankara,Çim,3 Yaşlı Araplar,240000.0,0,2024-09-21
135483592,2024-09-21,Ankara,Çim,1900,236500.0,4 Yaşlı Araplar,ŞARTLI 4 /DHÖ,Ankara,Çim,4 Yaşlı Araplar,236500.0,0,2024-09-21
436628258,2024-09-21,Ankara,Kum,1500,390000.0,4 ve Yukarı Araplar,KV-7 /DHÖW,Ankara,Kum,4 ve Yukarı Araplar,390000.0,0,2024-09-21
685693893,2024-09-21,Ankara,Kum,2000,280000.0,4 ve Yukarı Araplar,Handikap 16 /DHÖW/H1,Ankara,Kum,4 ve Yukarı Araplar,280000.0,0,2024-09-21
78299659,2024-09-21,İzmir,Kum,1400,331000.0,2 Yaşlı İngilizler,KV-7 /,İzmir,Kum,2 Yaşlı İngilizler,331000.0,0,2024-09-21
497539351,2024-09-21,İzmir,Çim,1300,192000.0,3 Yaşlı İngilizler,ŞARTLI 4 /,İzmir,Çim,3 Yaşlı İngilizler,192000.0,0,2024-09-21
972381189,2024-09-21,İzmir,Kum,2000,192000.0,3 Yaşlı İngilizler,Handikap 15 /H2/D,İzmir,Kum,3 Yaşlı İngilizler,192000.0,0,2024-09-21
549821641,2024-09-21,İzmir,Kum,1600,163000.0,3 ve Yukarı İngilizler,ŞARTLI 3 /,İzmir,Kum,3 ve Yukarı İngilizler,163000.0,0,2024-09-21
761616744,2024-09-21,İzmir,Kum,2100,274000.0,3 ve Yukarı İngilizler,Handikap 17 /H2,İzmir,Kum,3 ve Yukarı İngilizler,274000.0,0,2024-09-21
430973551,2024-09-21,İzmir,Kum,1600,217000.0,3 Yaşlı Araplar,Maiden /DHÖW,İzmir,Kum,3 Yaşlı Araplar,217000.0,0,2024-09-21
35340911,2024-09-21,İzmir,Kum,1400,192000.0,3 Yaşlı Araplar,ŞARTLI 4 /DHÖW/D,İzmir,Kum,3 Yaşlı Araplar,192000.0,0,2024-09-21
695855840,2024-09-21,İzmir,Çim,2000,163000.0,4 ve Yukarı Araplar,Handikap 14 /DHÖW/H2,İzmir,Çim,4 ve Yukarı Araplar,163000.0,0,2024-09-21
946369096,2024-09-21,Diyarbakır,Kum,1200,140000.0,2 Yaşlı İngilizler,ŞARTLI 4 /,Diyarbakır,Kum,2 Yaşlı İngilizler,140000.0,0,2024-09-21
489081098,2024-09-21,Diyarbakır,Kum,1200,114500.0,3 Yaşlı İngilizler,ŞARTLI 3 /,Diyarbakır,Kum,3 Yaşlı İngilizler,114500.0,0,2024-09-21
957978418,2024-09-21,Diyarbakır,Kum,1700,175000.0,3 ve Yukarı İngilizler,ŞARTLI 5 /,Diyarbakır,Kum,3 ve Yukarı İngilizler,175000.0,0,2024-09-21
922417827,2024-09-21,Diyarbakır,Kum,2000,82000.0,3 ve Yukarı İngilizler,Handikap 13 /H3,Diyarbakır,Kum,3 ve Yukarı İngilizler,82000.0,0,2024-09-21
422791637,2024-09-21,Diyarbakır,Kum,1200,160000.0,3 Yaşlı Araplar,ŞARTLI 19 /DHÖW,Diyarbakır,Kum,3 Yaşlı Araplar,160000.0,0,2024-09-21
389280264,2024-09-21,Diyarbakır,Kum,1200,114500.0,4 ve Yukarı Araplar,ŞARTLI 3 /DHÖW/D,Diyarbakır,Kum,4 ve Yukarı Araplar,114500.0,0,2024-09-21
844655543,2024-09-22,İstanbul,Çim,1600,240000.0,2 Yaşlı İngilizler,Maiden /,İstanbul,Çim,2 Yaşlı İngilizler,240000.0,0,2024-09-22
956595618,2024-09-22,İstanbul,Çim,1200,240000.0,3 Yaşlı İngilizler,ŞARTLI 19 /,İstanbul,Çim,3 Yaşlı İngilizler,240000.0,0,2024-09-22
372843216,2024-09-22,İstanbul,Sentetik,2000,545000.0,3 Yaşlı İngilizler,KV-9 /,İstanbul,Sentetik,3 Yaşlı İngilizler,545000.0,0,2024-09-22
885290935,2024-09-22,İstanbul,Çim,1600,280000.0,3 Yaşlı İngilizler,Handikap 16 /H1,İstanbul,Çim,3 Yaşlı İngilizler,280000.0,0,2024-09-22
922593123,2024-09-22,İstanbul,Çim,1900,390000.0,3 ve Yukarı İngilizler,KV-7 /D,İstanbul,Çim,3 ve Yukarı İngilizler,390000.0,0,2024-09-22
952923868,2024-09-22,İstanbul,Sentetik,2100,280000.0,3 ve Yukarı İngilizler,Handikap 16 /H1,İstanbul,Sentetik,3 ve Yukarı İngilizler,280000.0,0,2024-09-22
211426362,2024-09-22,İstanbul,Çim,2800,1950000.0,4 ve Yukarı Araplar,G 1 /DHT,İstanbul,Çim,4 ve Yukarı Araplar,1950000.0,0,2024-09-22
803480719,2024-09-22,İstanbul,Çim,2100,280000.0,4 ve Yukarı Araplar,ŞARTLI 5 /DHÖW/D,İstanbul,Çim,4 ve Yukarı Araplar,280000.0,0,2024-09-22
924213407,2024-09-22,İstanbul,Sentetik,1500,280000.0,4 ve Yukarı Araplar,Handikap 16 /DHÖW/H1,İstanbul,Sentetik,4 ve Yukarı Araplar,280000.0,0,2024-09-22
988836630,2024-09-22,Adana,Çim,1200,217000.0,2 Yaşlı İngilizler,Maiden /TR,Adana,Çim,2 Yaşlı İngilizler,217000.0,0,2024-09-22
457111596,2024-09-22,Adana,Çim,1300,192000.0,2 Yaşlı İngilizler,ŞARTLI 4 /,Adana,Çim,2 Yaşlı İngilizler,192000.0,0,2024-09-22
255509171,2024-09-22,Adana,Çim,1200,285000.0,3 Yaşlı İngilizler,KV-6 /,Adana,Çim,3 Yaşlı İngilizler,285000.0,0,2024-09-22
617828197,2024-09-22,Adana,Kum,1400,240000.0,3 ve Yukarı İngilizler,ŞARTLI 5 /D,Adana,Kum,3 ve Yukarı İngilizler,240000.0,0,2024-09-22
723789806,2024-09-22,Adana,Çim,1800,240000.0,3 ve Yukarı İngilizler,Handikap 16 /H2/Y-1,Adana,Çim,3 ve Yukarı İngilizler,240000.0,0,2024-09-22
606676634,2024-09-22,Adana,Çim,1300,192000.0,4 Yaşlı Araplar,Handikap 15 /DHÖW/H2,Adana,Çim,4 Yaşlı Araplar,192000.0,0,2024-09-22
845268056,2024-09-22,Adana,Çim,1800,384000.0,4 ve Yukarı Araplar,KV-8 /DHÖW,Adana,Çim,4 ve Yukarı Araplar,384000.0,0,2024-09-22
70889273,2024-09-22,Adana,Kum,1400,192000.0,4 ve Yukarı Araplar,Handikap 15 /DHÖW/H2,Adana,Kum,4 ve Yukarı Araplar,192000.0,0,2024-09-22
771556400,2024-09-23,Bursa,Çim,1500,177000.0,2 Yaşlı İngilizler,SATIŞ 2 /,Bursa,Çim,2 Yaşlı İngilizler,177000.0,0,2024-09-23
12306059,2024-09-23,Bursa,Çim,1800,217000.0,3 Yaşlı İngilizler,ŞARTLI 19 /,Bursa,Çim,3 Yaşlı İngilizler,217000.0,0,2024-09-23
906313613,2024-09-23,Bursa,Kum,1400,285000.0,3 ve Yukarı İngilizler,KV-6 /,Bursa,Kum,3 ve Yukarı İngilizler,285000.0,0,2024-09-23
576370267,2024-09-23,Bursa,Çim,1300,274000.0,3 ve Yukarı İngilizler,Handikap 17 /H2,Bursa,Çim,3 ve Yukarı İngilizler,274000.0,0,2024-09-23
441149796,2024-09-23,Bursa,Çim,1500,217000.0,3 Yaşlı Araplar,Maiden /DHÖW/D,Bursa,Çim,3 Yaşlı Araplar,217000.0,0,2024-09-23
811211812,2024-09-23,Bursa,Çim,2200,163000.0,4 Yaşlı Araplar,ŞARTLI 3 /DHÖW,Bursa,Çim,4 Yaşlı Araplar,163000.0,0,2024-09-23
707411897,2024-09-23,Bursa,Çim,1400,440000.0,4 ve Yukarı Araplar,KV-9 /DHÖ,Bursa,Çim,4 ve Yukarı Araplar,440000.0,0,2024-09-23
388132528,2024-09-23,Bursa,Kum,1300,274000.0,4 ve Yukarı Araplar,Handikap 17 /DHÖW/H2,Bursa,Kum,4 ve Yukarı Araplar,274000.0,0,2024-09-23
328665993,2024-09-23,Elazığ,Kum,1500,160000.0,2 Yaşlı İngilizler,Maiden /D,Elazığ,Kum,2 Yaşlı İngilizler,160000.0,0,2024-09-23
910740491,2024-09-23,Elazığ,Kum,1200,114500.0,2 Yaşlı İngilizler,Handikap 14 /H3,Elazığ,Kum,2 Yaşlı İngilizler,114500.0,0,2024-09-23
372932596,2024-09-23,Elazığ,Kum,2000,114500.0,3 Yaşlı İngilizler,Handikap 14 /H3,Elazığ,Kum,3 Yaşlı İngilizler,114500.0,0,2024-09-23
87776150,2024-09-23,Elazığ,Kum,1900,140000.0,3 ve Yukarı İngilizler,ŞARTLI 4 /,Elazığ,Kum,3 ve Yukarı İngilizler,140000.0,0,2024-09-23
968971084,2024-09-23,Elazığ,Kum,1700,114500.0,3 ve Yukarı İngilizler,Handikap 14 /H3/D,Elazığ,Kum,3 ve Yukarı İngilizler,114500.0,0,2024-09-23
889133731,2024-09-23,Elazığ,Kum,1500,88000.0,3 Yaşlı Araplar,ŞARTLI 2 /DHÖW,Elazığ,Kum,3 Yaşlı Araplar,88000.0,0,2024-09-23
193868950,2024-09-23,Elazığ,Kum,1200,277000.0,4 ve Yukarı Araplar,KV-8 /DHÖW,Elazığ,Kum,4 ve Yukarı Araplar,277000.0,0,2024-09-23
580659777,2024-09-24,Ankara,Kum,1200,320000.0,2 Yaşlı İngilizler,ŞARTLI 1 /D,Ankara,Kum,2 Yaşlı İngilizler,320000.0,0,2024-09-24
51158197,2024-09-24,Ankara,Kum,1400,143000.0,2 Yaşlı İngilizler,ŞARTLI 2 /,Ankara,Kum,2 Yaşlı İngilizler,143000.0,0,2024-09-24
259984454,2024-09-24,Ankara,Kum,2000,240000.0,3 Yaşlı İngilizler,ŞARTLI 19 /,Ankara,Kum,3 Yaşlı İngilizler,240000.0,0,2024-09-24
133626121,2024-09-24,Ankara,Çim,1900,236500.0,3 Yaşlı İngilizler,Handikap 15 /H1,Ankara,Çim,3 Yaşlı İngilizler,236500.0,0,2024-09-24
747954662,2024-09-24,Ankara,Kum,2200,236500.0,3 ve Yukarı İngilizler,ŞARTLI 4 /,Ankara,Kum,3 ve Yukarı İngilizler,236500.0,0,2024-09-24
870300783,2024-09-24,Ankara,Kum,1400,313000.0,3 ve Yukarı İngilizler,Handikap 17 /H1,Ankara,Kum,3 ve Yukarı İngilizler,313000.0,0,2024-09-24
455586285,2024-09-24,Ankara,Kum,1200,280000.0,3 Yaşlı Araplar,ŞARTLI 5 /DHÖW,Ankara,Kum,3 Yaşlı Araplar,280000.0,0,2024-09-24
271376529,2024-09-24,Ankara,Kum,1500,280000.0,4 ve Yukarı Araplar,Handikap 16 /DHÖW/H1/D,Ankara,Kum,4 ve Yukarı Araplar,280000.0,0,2024-09-24
705095489,2024-09-24,Kocaeli,Kum,1400,217000.0,2 Yaşlı İngilizler,Maiden /,Kocaeli,Kum,2 Yaşlı İngilizler,217000.0,0,2024-09-24
166929435,2024-09-24,Kocaeli,Kum,1400,192000.0,2 Yaşlı İngilizler,ŞARTLI 4 /,Kocaeli,Kum,2 Yaşlı İngilizler,192000.0,0,2024-09-24
454373349,2024-09-24,Kocaeli,Kum,1900,217000.0,3 Yaşlı İngilizler,ŞARTLI 19 /,Kocaeli,Kum,3 Yaşlı İngilizler,217000.0,0,2024-09-24
993718456,2024-09-24,Kocaeli,Kum,1400,331000.0,3 Yaşlı İngilizler,KV-7 /,Kocaeli,Kum,3 Yaşlı İngilizler,331000.0,0,2024-09-24
285977516,2024-09-24,Kocaeli,Kum,1800,192000.0,3 ve Yukarı İngilizler,Handikap 15 /H2/D,Kocaeli,Kum,3 ve Yukarı İngilizler,192000.0,0,2024-09-24
136319777,2024-09-24,Kocaeli,Kum,1500,192000.0,3 Yaşlı Araplar,ŞARTLI 4 /DHÖW,Kocaeli,Kum,3 Yaşlı Araplar,192000.0,0,2024-09-24
495541351,2024-09-24,Kocaeli,Kum,1900,240000.0,4 Yaşlı Araplar,Handikap 16 /DHÖW/H2/TR,Kocaeli,Kum,4 Yaşlı Araplar,240000.0,0,2024-09-24
33676730,2024-09-24,Kocaeli,Kum,2000,163000.0,4 ve Yukarı Araplar,ŞARTLI 3 /DHÖW/Y-1,Kocaeli,Kum,4 ve Yukarı Araplar,163000.0,0,2024-09-24
410113926,2024-09-24,Kocaeli,Kum,1200,285000.0,4 ve Yukarı Araplar,Handikap 21 /DHÖ/H2,Kocaeli,Kum,4 ve Yukarı Araplar,285000.0,0,2024-09-24
892954251,2024-09-25,İstanbul,Sentetik,1200,320000.0,2 Yaşlı İngilizler,ŞARTLI 1 /D,İstanbul,Sentetik,2 Yaşlı İngilizler,320000.0,0,2024-09-25
775649767,2024-09-25,İstanbul,Çim,1300,390000.0,3 Yaşlı İngilizler,KV-7 /D,İstanbul,Çim,3 Yaşlı İngilizler,390000.0,0,2024-09-25
84169512,2024-09-25,İstanbul,Sentetik,1500,313000.0,3 Yaşlı İngilizler,Handikap 17 /H1,İstanbul,Sentetik,3 Yaşlı İngilizler,313000.0,0,2024-09-25
931122125,2024-09-25,İstanbul,Sentetik,1400,390000.0,3 ve Yukarı İngilizler,KV-7 /,İstanbul,Sentetik,3 ve Yukarı İngilizler,390000.0,0,2024-09-25
106782461,2024-09-25,İstanbul,Çim,1400,280000.0,3 Yaşlı Araplar,ŞARTLI 5 /DHÖW,İstanbul,Çim,3 Yaşlı Araplar,280000.0,0,2024-09-25
820166257,2024-09-25,İstanbul,Çim,1200,313000.0,4 Yaşlı Araplar,Handikap 17 /DHÖ/H1,İstanbul,Çim,4 Yaşlı Araplar,313000.0,0,2024-09-25
701516158,2024-09-25,İstanbul,Çim,1900,328000.0,4 ve Yukarı Araplar,KV-6 /DHÖW,İstanbul,Çim,4 ve Yukarı Araplar,328000.0,0,2024-09-25
580241055,2024-09-25,İstanbul,Çim,1600,280000.0,4 ve Yukarı Araplar,Handikap 16 /DHÖ/H1/D,İstanbul,Çim,4 ve Yukarı Araplar,280000.0,0,2024-09-25
270041358,2024-09-25,Elazığ,Kum,1600,202000.0,2 Yaşlı İngilizler,KV-6 /,Elazığ,Kum,2 Yaşlı İngilizler,202000.0,0,2024-09-25
622771305,2024-09-25,Elazığ,Kum,2000,114500.0,3 Yaşlı İngilizler,ŞARTLI 3 /,Elazığ,Kum,3 Yaşlı İngilizler,114500.0,0,2024-09-25
637126276,2024-09-25,Elazığ,Kum,1600,140000.0,3 ve Yukarı İngilizler,Handikap 15 /H3,Elazığ,Kum,3 ve Yukarı İngilizler,140000.0,0,2024-09-25
312727094,2024-09-25,Elazığ,Kum,1500,160000.0,3 Yaşlı Araplar,Maiden /DHÖ/D,Elazığ,Kum,3 Yaşlı Araplar,160000.0,0,2024-09-25
748638553,2024-09-25,Elazığ,Kum,2000,88000.0,4 Yaşlı Araplar,ŞARTLI 2 /DHÖW,Elazığ,Kum,4 Yaşlı Araplar,88000.0,0,2024-09-25
702633453,2024-09-25,Elazığ,Kum,1600,140000.0,4 ve Yukarı Araplar,ŞARTLI 4 /DHÖW/Y-2,Elazığ,Kum,4 ve Yukarı Araplar,140000.0,0,2024-09-25
679297354,2024-09-25,Elazığ,Kum,1200,82000.0,4 ve Yukarı Araplar,Handikap 13 /DHÖW/H3,Elazığ,Kum,4 ve Yukarı Araplar,82000.0,0,2024-09-25
158771687,2024-09-26,Ankara,Çim,1200,236500.0,2 Yaşlı İngilizler,ŞARTLI 4 /TR,Ankara,Çim,2 Yaşlı İngilizler,236500.0,0,2024-09-26
228213699,2024-09-26,Ankara,Kum,1500,180000.0,3 Yaşlı İngilizler,SATIŞ 1 /,Ankara,Kum,3 Yaşlı İngilizler,180000.0,0,2024-09-26
298227270,2024-09-26,Ankara,Kum,1500,280000.0,3 Yaşlı İngilizler,Handikap 16 /H1/D,Ankara,Kum,3 Yaşlı İngilizler,280000.0,0,2024-09-26
245587191,2024-09-26,Ankara,Kum,1400,390000.0,3 ve Yukarı İngilizler,KV-7 /,Ankara,Kum,3 ve Yukarı İngilizler,390000.0,0,2024-09-26
194762968,2024-09-26,Ankara,Kum,2000,328000.0,3 ve Yukarı İngilizler,Handikap 21 /H1,Ankara,Kum,3 ve Yukarı İngilizler,328000.0,0,2024-09-26
47890022,2024-09-26,Ankara,Çim,1400,240000.0,3 Yaşlı Araplar,Maiden /DHT,Ankara,Çim,3 Yaşlı Araplar,240000.0,0,2024-09-26
699288927,2024-09-26,Ankara,Çim,1200,280000.0,4 ve Yukarı Araplar,ŞARTLI 5 /DHÖ,Ankara,Çim,4 ve Yukarı Araplar,280000.0,0,2024-09-26
232106116,2024-09-26,Ankara,Çim,2200,280000.0,4 ve Yukarı Araplar,Handikap 16 /DHÖW/H1,Ankara,Çim,4 ve Yukarı Araplar,280000.0,0,2024-09-26
630191693,2024-09-26,İzmir,Çim,1200,273000.0,2 Yaşlı İngilizler,ŞARTLI 1 /,İzmir,Çim,2 Yaşlı İngilizler,273000.0,0,2024-09-26
585272950,2024-09-26,İzmir,Kum,1600,163000.0,2 Yaşlı İngilizler,ŞARTLI 3 /,İzmir,Kum,2 Yaşlı İngilizler,163000.0,0,2024-09-26
562581065,2024-09-26,İzmir,Kum,1400,240000.0,3 Yaşlı İngilizler,Handikap 16 /H2,İzmir,Kum,3 Yaşlı İngilizler,240000.0,0,2024-09-26
384170976,2024-09-26,İzmir,Kum,1200,331000.0,3 ve Yukarı İngilizler,KV-7 /,İzmir,Kum,3 ve Yukarı İngilizler,331000.0,0,2024-09-26
3841133,2024-09-26,İzmir,Çim,2000,240000.0,3 ve Yukarı İngilizler,Handikap 16 /H2/D,İzmir,Çim,3 ve Yukarı İngilizler,240000.0,0,2024-09-26
95759894,2024-09-26,İzmir,Çim,1200,285000.0,3 Yaşlı Araplar,KV-6 /DHÖW,İzmir,Çim,3 Yaşlı Araplar,285000.0,0,2024-09-26
393035808,2024-09-26,İzmir,Çim,1900,192000.0,4 ve Yukarı Araplar,ŞARTLI 4 /DHÖW/Y-1,İzmir,Çim,4 ve Yukarı Araplar,192000.0,0,2024-09-26
805607816,2024-09-26,İzmir,Kum,1600,163000.0,4 ve Yukarı Araplar,Handikap 14 /DHÖW/H2,İzmir,Kum,4 ve Yukarı Araplar,163000.0,0,2024-09-26
282934115,2024-09-27,Bursa,Kum,1200,217000.0,2 Yaşlı İngilizler,Maiden /,Bursa,Kum,2 Yaşlı İngilizler,217000.0,0,2024-09-27
195929304,2024-09-27,Bursa,Kum,1900,285000.0,3 Yaşlı İngilizler,KV-6 /,Bursa,Kum,3 Yaşlı İngilizler,285000.0,0,2024-09-27
775715516,2024-09-27,Bursa,Kum,1200,163000.0,3 Yaşlı İngilizler,ŞARTLI 3 /,Bursa,Kum,3 Yaşlı İngilizler,163000.0,0,2024-09-27
789784940,2024-09-27,Bursa,Kum,1300,163000.0,3 ve Yukarı İngilizler,ŞARTLI 3 /D,Bursa,Kum,3 ve Yukarı İngilizler,163000.0,0,2024-09-27
138069727,2024-09-27,Bursa,Kum,1900,240000.0,3 ve Yukarı İngilizler,Handikap 16 /H2,Bursa,Kum,3 ve Yukarı İngilizler,240000.0,0,2024-09-27
592802433,2024-09-27,Bursa,Kum,1200,285000.0,3 Yaşlı Araplar,KV-6 /DHÖW,Bursa,Kum,3 Yaşlı Araplar,285000.0,0,2024-09-27
773799782,2024-09-27,Bursa,Kum,1400,240000.0,4 Yaşlı Araplar,ŞARTLI 5 /DHÖ/D,Bursa,Kum,4 Yaşlı Araplar,240000.0,0,2024-09-27
638697486,2024-09-27,Bursa,Kum,1400,163000.0,4 ve Yukarı Araplar,ŞARTLI 3 /DHÖW/Y-1,Bursa,Kum,4 ve Yukarı Araplar,163000.0,0,2024-09-27
269527752,2024-09-27,Bursa,Kum,2000,163000.0,4 ve Yukarı Araplar,Handikap 14 /DHÖW/H2,Bursa,Kum,4 ve Yukarı Araplar,163000.0,0,2024-09-27
744802561,2024-09-27,İstanbul,Çim,1400,1400000.0,2 Yaşlı İngilizler,G 2 /TR/E,İstanbul,Çim,2 Yaşlı İngilizler,1400000.0,0,2024-09-27
436407657,2024-09-27,İstanbul,Çim,1400,1400000.0,2 Yaşlı İngilizler,G 2 /TR/D,İstanbul,Çim,2 Yaşlı İngilizler,1400000.0,0,2024-09-27
94168402,2024-09-27,İstanbul,Çim,1600,253000.0,3 Yaşlı İngilizler,SATIŞ 3 /,İstanbul,Çim,3 Yaşlı İngilizler,253000.0,0,2024-09-27
873954611,2024-09-27,İstanbul,Çim,1200,280000.0,3 ve Yukarı İngilizler,ŞARTLI 5 /,İstanbul,Çim,3 ve Yukarı İngilizler,280000.0,0,2024-09-27
74774227,2024-09-27,İstanbul,Sentetik,1400,453000.0,3 ve Yukarı İngilizler,Kısa Vade Handikap 24 /H1/D,İstanbul,Sentetik,3 ve Yukarı İngilizler,453000.0,0,2024-09-27
964861517,2024-09-27,İstanbul,Çim,1600,240000.0,3 Yaşlı Araplar,Maiden /DHÖ,İstanbul,Çim,3 Yaşlı Araplar,240000.0,0,2024-09-27
667205524,2024-09-27,İstanbul,Çim,1400,236500.0,4 Yaşlı Araplar,Handikap 15 /DHÖW/H1/D,İstanbul,Çim,4 Yaşlı Araplar,236500.0,0,2024-09-27
282280419,2024-09-27,İstanbul,Çim,2200,280000.0,4 ve Yukarı Araplar,Handikap 16 /DHÖW/H1,İstanbul,Çim,4 ve Yukarı Araplar,280000.0,0,2024-09-27
513983826,2024-09-28,Ankara,Çim,1200,240000.0,2 Yaşlı İngilizler,Maiden /D,Ankara,Çim,2 Yaşlı İngilizler,240000.0,0,2024-09-28
346934298,2024-09-28,Ankara,Çim,1600,453000.0,2 Yaşlı İngilizler,KV-8 /,Ankara,Çim,2 Yaşlı İngilizler,453000.0,0,2024-09-28
716353505,2024-09-28,Ankara,Çim,2800,1950000.0,3 Yaşlı İngilizler,G 1 /TR,Ankara,Çim,3 Yaşlı İngilizler,1950000.0,0,2024-09-28
287820176,2024-09-28,Ankara,Çim,1600,236500.0,3 Yaşlı İngilizler,ŞARTLI 4 /,Ankara,Çim,3 Yaşlı İngilizler,236500.0,0,2024-09-28
890423048,2024-09-28,Ankara,Çim,1000,1950000.0,2 ve Yukarı İngilizler,G 1 /26,Ankara,Çim,2 ve Yukarı İngilizler,1950000.0,0,2024-09-28
762188326,2024-09-28,Ankara,Kum,2000,545000.0,3 ve Yukarı İngilizler,KV-9 /D,Ankara,Kum,3 ve Yukarı İngilizler,545000.0,0,2024-09-28
455515913,2024-09-28,Ankara,Kum,1400,328000.0,3 Yaşlı Araplar,KV-6 /DHÖW/D,Ankara,Kum,3 Yaşlı Araplar,328000.0,0,2024-09-28
674687601,2024-09-28,Ankara,Kum,2000,236500.0,4 ve Yukarı Araplar,ŞARTLI 4 /DHÖW,Ankara,Kum,4 ve Yukarı Araplar,236500.0,0,2024-09-28
644323687,2024-09-28,Ankara,Kum,1300,236500.0,4 ve Yukarı Araplar,Handikap 15 /DHÖW/H1,Ankara,Kum,4 ve Yukarı Araplar,236500.0,0,2024-09-28
848810536,2024-09-28,İzmir,Çim,1200,163000.0,2 Yaşlı İngilizler,ŞARTLI 3 /D,İzmir,Çim,2 Yaşlı İngilizler,163000.0,0,2024-09-28
15865687,2024-09-28,İzmir,Kum,1600,217000.0,3 Yaşlı İngilizler,ŞARTLI 19 /,İzmir,Kum,3 Yaşlı İngilizler,217000.0,0,2024-09-28
967783260,2024-09-28,İzmir,Çim,1900,192000.0,3 Yaşlı İngilizler,ŞARTLI 4 /,İzmir,Çim,3 Yaşlı İngilizler,192000.0,0,2024-09-28
614207588,2024-09-28,İzmir,Çim,1800,384000.0,3 ve Yukarı İngilizler,KV-8 /,İzmir,Çim,3 ve Yukarı İngilizler,384000.0,0,2024-09-28
244250060,2024-09-28,İzmir,Çim,1200,217000.0,3 Yaşlı Araplar,Maiden /DHÖW,İzmir,Çim,3 Yaşlı Araplar,217000.0,0,2024-09-28
982525797,2024-09-28,İzmir,Çim,1200,163000.0,3 Yaşlı Araplar,ŞARTLI 3 /DHÖW,İzmir,Çim,3 Yaşlı Araplar,163000.0,0,2024-09-28
415613880,2024-09-28,İzmir,Çim,1900,192000.0,4 Yaşlı Araplar,Handikap 15 /DHÖW/H2,İzmir,Çim,4 Yaşlı Araplar,192000.0,0,2024-09-28
284705959,2024-09-28,İzmir,Kum,2000,163000.0,4 ve Yukarı Araplar,ŞARTLI 3 /DHÖW,İzmir,Kum,4 ve Yukarı Araplar,163000.0,0,2024-09-28
36328662,2024-09-28,Diyarbakır,Kum,1200,160000.0,2 Yaşlı İngilizler,ŞARTLI 19 /D,Diyarbakır,Kum,2 Yaşlı İngilizler,160000.0,0,2024-09-28
737040856,2024-09-28,Diyarbakır,Kum,2000,330000.0,3 ve Yukarı İngilizler,KV-9 /,Diyarbakır,Kum,3 ve Yukarı İngilizler,330000.0,0,2024-09-28
175681873,2024-09-28,Diyarbakır,Kum,1700,175000.0,3 ve Yukarı İngilizler,Handikap 16 /H3,Diyarbakır,Kum,3 ve Yukarı İngilizler,175000.0,0,2024-09-28
563006720,2024-09-28,Diyarbakır,Kum,1200,140000.0,3 Yaşlı Araplar,ŞARTLI 4 /DHÖW/D,Diyarbakır,Kum,3 Yaşlı Araplar,140000.0,0,2024-09-28
671732358,2024-09-28,Diyarbakır,Kum,1200,82000.0,4 Yaşlı Araplar,Handikap 13 /DHÖW/H3,Diyarbakır,Kum,4 Yaşlı Araplar,82000.0,0,2024-09-28
863857219,2024-09-28,Diyarbakır,Kum,2000,114500.0,4 ve Yukarı Araplar,Handikap 14 /DHÖW/H3,Diyarbakır,Kum,4 ve Yukarı Araplar,114500.0,0,2024-09-28
171079974,2024-09-29,İstanbul,Çim,1300,320000.0,2 Yaşlı İngilizler,ŞARTLI 1 /,İstanbul,Çim,2 Yaşlı İngilizler,320000.0,0,2024-09-29
460520757,2024-09-29,İstanbul,Çim,1600,236500.0,2 Yaşlı İngilizler,ŞARTLI 4 /,İstanbul,Çim,2 Yaşlı İngilizler,236500.0,0,2024-09-29
227434582,2024-09-29,İstanbul,Çim,1900,453000.0,3 Yaşlı İngilizler,KV-8 /,İstanbul,Çim,3 Yaşlı İngilizler,453000.0,0,2024-09-29
849364863,2024-09-29,İstanbul,Çim,2400,2600000.0,3 ve Yukarı İngilizler,G 1 /,İstanbul,Çim,3 ve Yukarı İngilizler,2600000.0,0,2024-09-29
577138389,2024-09-29,İstanbul,Çim,1600,1400000.0,3 ve Yukarı İngilizler,G 2 /,İstanbul,Çim,3 ve Yukarı İngilizler,1400000.0,0,2024-09-29
164845378,2024-09-29,İstanbul,Çim,1900,280000.0,3 ve Yukarı İngilizler,Handikap 16 /H1,İstanbul,Çim,3 ve Yukarı İngilizler,280000.0,0,2024-09-29
13154113,2024-09-29,İstanbul,Sentetik,1300,236500.0,3 Yaşlı Araplar,ŞARTLI 4 /DHÖW/D,İstanbul,Sentetik,3 Yaşlı Araplar,236500.0,0,2024-09-29
595398485,2024-09-29,İstanbul,Çim,1900,186500.0,4 Yaşlı Araplar,ŞARTLI 3 /DHÖW/D,İstanbul,Çim,4 Yaşlı Araplar,186500.0,0,2024-09-29
326497582,2024-09-29,İstanbul,Çim,1400,236500.0,4 ve Yukarı Araplar,Handikap 15 /DHÖ/H1,İstanbul,Çim,4 ve Yukarı Araplar,236500.0,0,2024-09-29
735163457,2024-09-29,Adana,Kum,1400,217000.0,2 Yaşlı İngilizler,Maiden /,Adana,Kum,2 Yaşlı İngilizler,217000.0,0,2024-09-29
573253806,2024-09-29,Adana,Çim,1300,217000.0,3 Yaşlı İngilizler,ŞARTLI 19 /,Adana,Çim,3 Yaşlı İngilizler,217000.0,0,2024-09-29
261860011,2024-09-29,Adana,Kum,2100,163000.0,3 Yaşlı İngilizler,ŞARTLI 3 /,Adana,Kum,3 Yaşlı İngilizler,163000.0,0,2024-09-29
475077088,2024-09-29,Adana,Çim,1800,384000.0,3 ve Yukarı İngilizler,KV-8 /,Adana,Çim,3 ve Yukarı İngilizler,384000.0,0,2024-09-29
121634620,2024-09-29,Adana,Çim,1300,240000.0,3 ve Yukarı İngilizler,Handikap 16 /H2,Adana,Çim,3 ve Yukarı İngilizler,240000.0,0,2024-09-29
113771663,2024-09-29,Adana,Çim,2000,163000.0,4 Yaşlı Araplar,ŞARTLI 3 /DHÖ/D,Adana,Çim,4 Yaşlı Araplar,163000.0,0,2024-09-29
624822944,2024-09-29,Adana,Çim,1800,163000.0,4 ve Yukarı Araplar,ŞARTLI 3 /DHÖW/Y-1,Adana,Çim,4 ve Yukarı Araplar,163000.0,0,2024-09-29
745297914,2024-09-29,Adana,Çim,1300,240000.0,4 ve Yukarı Araplar,Handikap 16 /DHÖW/H2,Adana,Çim,4 ve Yukarı Araplar,240000.0,0,2024-09-29
128739987,2024-09-30,Bursa,Kum,1400,217000.0,2 Yaşlı İngilizler,Maiden /D,Bursa,Kum,2 Yaşlı İngilizler,217000.0,0,2024-09-30
681919729,2024-09-30,Bursa,Kum,1400,285000.0,2 Yaşlı İngilizler,KV-6 /,Bursa,Kum,2 Yaşlı İngilizler,285000.0,0,2024-09-30
509740882,2024-09-30,Bursa,Çim,1500,240000.0,3 Yaşlı İngilizler,ŞARTLI 5 /,Bursa,Çim,3 Yaşlı İngilizler,240000.0,0,2024-09-30
691830387,2024-09-30,Bursa,Çim,1500,192000.0,3 Yaşlı İngilizler,Handikap 15 /H2/D,Bursa,Çim,3 Yaşlı İngilizler,192000.0,0,2024-09-30
585978937,2024-09-30,Bursa,Çim,1400,384000.0,3 ve Yukarı İngilizler,KV-8 /,Bursa,Çim,3 ve Yukarı İngilizler,384000.0,0,2024-09-30
910561043,2024-09-30,Bursa,Çim,2200,274000.0,3 ve Yukarı İngilizler,Handikap 17 /H2,Bursa,Çim,3 ve Yukarı İngilizler,274000.0,0,2024-09-30
516475599,2024-09-30,Bursa,Çim,1500,163000.0,3 Yaşlı Araplar,Handikap 14 /DHÖW/H2,Bursa,Çim,3 Yaşlı Araplar,163000.0,0,2024-09-30
718310095,2024-09-30,Bursa,Kum,1200,240000.0,4 Yaşlı Araplar,ŞARTLI 5 /DHÖW,Bursa,Kum,4 Yaşlı Araplar,240000.0,0,2024-09-30
616418067,2024-09-30,Bursa,Çim,2200,240000.0,4 Yaşlı Araplar,Handikap 16 /DHÖ/H2,Bursa,Çim,4 Yaşlı Araplar,240000.0,0,2024-09-30
568623094,2024-09-30,Elazığ,Kum,1200,160000.0,2 Yaşlı İngilizler,Maiden /,Elazığ,Kum,2 Yaşlı İngilizler,160000.0,0,2024-09-30
814806845,2024-09-30,Elazığ,Kum,1200,114500.0,3 Yaşlı İngilizler,Handikap 14 /H3/D,Elazığ,Kum,3 Yaşlı İngilizler,114500.0,0,2024-09-30
74768183,2024-09-30,Elazığ,Kum,2000,114500.0,3 ve Yukarı İngilizler,Handikap 14 /H3,Elazığ,Kum,3 ve Yukarı İngilizler,114500.0,0,2024-09-30
360493954,2024-09-30,Elazığ,Kum,1600,175000.0,3 Yaşlı Araplar,ŞARTLI 5 /DHÖW,Elazığ,Kum,3 Yaşlı Araplar,175000.0,0,2024-09-30
670275325,2024-09-30,Elazığ,Kum,1200,82000.0,3 Yaşlı Araplar,Handikap 13 /DHÖW/H3,Elazığ,Kum,3 Yaşlı Araplar,82000.0,0,2024-09-30
537207433,2024-09-30,Elazığ,Kum,1600,175000.0,4 Yaşlı Araplar,ŞARTLI 5 /DHÖ,Elazığ,Kum,4 Yaşlı Araplar,175000.0,0,2024-09-30
593046268,2024-09-30,Elazığ,Kum,2000,140000.0,4 ve Yukarı Araplar,Handikap 15 /DHT/H3,Elazığ,Kum,4 ve Yukarı Araplar,140000.0,0,2024-09-30
882190040,2024-10-01,Adana,Çim,1300,163000.0,2 Yaşlı İngilizler,ŞARTLI 3 /D,Adana,Çim,2 Yaşlı İngilizler,163000.0,0,2024-10-01
81995079,2024-10-01,Adana,Çim,1900,163000.0,3 Yaşlı İngilizler,ŞARTLI 3 /,Adana,Çim,3 Yaşlı İngilizler,163000.0,0,2024-10-01
105195746,2024-10-01,Adana,Kum,1300,240000.0,3 ve Yukarı İngilizler,ŞARTLI 5 /,Adana,Kum,3 ve Yukarı İngilizler,240000.0,0,2024-10-01
359561975,2024-10-01,Adana,Çim,1900,163000.0,3 ve Yukarı İngilizler,Handikap 14 /H2,Adana,Çim,3 ve Yukarı İngilizler,163000.0,0,2024-10-01
827753720,2024-10-01,Adana,Çim,1300,217000.0,3 Yaşlı Araplar,Maiden /DHÖW,Adana,Çim,3 Yaşlı Araplar,217000.0,0,2024-10-01
421402129,2024-10-01,Adana,Kum,1900,163000.0,4 Yaşlı Araplar,ŞARTLI 3 /DHÖW,Adana,Kum,4 Yaşlı Araplar,163000.0,0,2024-10-01
827447014,2024-10-01,Adana,Çim,1300,192000.0,4 ve Yukarı Araplar,ŞARTLI 4 /DHÖW,Adana,Çim,4 ve Yukarı Araplar,192000.0,0,2024-10-01
694744459,2024-10-01,Adana,Çim,1300,192000.0,4 ve Yukarı Araplar,Handikap 15 /DHÖW/H2/D,Adana,Çim,4 ve Yukarı Araplar,192000.0,0,2024-10-01
813554391,2024-10-01,Kocaeli,Kum,1500,331000.0,2 Yaşlı İngilizler,KV-7 /D,Kocaeli,Kum,2 Yaşlı İngilizler,331000.0,0,2024-10-01
990011966,2024-10-01,Kocaeli,Kum,2000,240000.0,3 Yaşlı İngilizler,ŞARTLI 5 /D,Kocaeli,Kum,3 Yaşlı İngilizler,240000.0,0,2024-10-01
831408958,2024-10-01,Kocaeli,Kum,1700,129000.0,3 ve Yukarı İngilizler,ŞARTLI 2 /,Kocaeli,Kum,3 ve Yukarı İngilizler,129000.0,0,2024-10-01
684881590,2024-10-01,Kocaeli,Kum,1400,285000.0,3 ve Yukarı İngilizler,Handikap 21 /H2,Kocaeli,Kum,3 ve Yukarı İngilizler,285000.0,0,2024-10-01
778324964,2024-10-01,Kocaeli,Kum,1500,217000.0,3 Yaşlı Araplar,Maiden /DHÖW,Kocaeli,Kum,3 Yaşlı Araplar,217000.0,0,2024-10-01
861932071,2024-10-01,Kocaeli,Kum,1400,163000.0,3 Yaşlı Araplar,Handikap 14 /DHÖ/H2/D,Kocaeli,Kum,3 Yaşlı Araplar,163000.0,0,2024-10-01
196066541,2024-10-01,Kocaeli,Kum,1900,384000.0,4 ve Yukarı Araplar,KV-8 /DHÖW,Kocaeli,Kum,4 ve Yukarı Araplar,384000.0,0,2024-10-01
360466676,2024-10-02,İstanbul,Çim,1600,236500.0,2 Yaşlı İngilizler,ŞARTLI 4 /D,İstanbul,Çim,2 Yaşlı İngilizler,236500.0,0,2024-10-02
900327935,2024-10-02,İstanbul,Sentetik,2000,240000.0,3 Yaşlı İngilizler,ŞARTLI 19 /,İstanbul,Sentetik,3 Yaşlı İngilizler,240000.0,0,2024-10-02
137380958,2024-10-02,İstanbul,Çim,2100,390000.0,3 ve Yukarı İngilizler,KV-7 /,İstanbul,Çim,3 ve Yukarı İngilizler,390000.0,0,2024-10-02
923699774,2024-10-02,İstanbul,Çim,1400,313000.0,3 ve Yukarı İngilizler,Handikap 17 /H1,İstanbul,Çim,3 ve Yukarı İngilizler,313000.0,0,2024-10-02
450214657,2024-10-02,İstanbul,Sentetik,1400,240000.0,3 Yaşlı Araplar,Maiden /DHÖW,İstanbul,Sentetik,3 Yaşlı Araplar,240000.0,0,2024-10-02
331866884,2024-10-02,İstanbul,Sentetik,1500,280000.0,3 Yaşlı Araplar,ŞARTLI 5 /DHÖ,İstanbul,Sentetik,3 Yaşlı Araplar,280000.0,0,2024-10-02
776401709,2024-10-02,İstanbul,Çim,1600,236500.0,4 Yaşlı Araplar,ŞARTLI 4 /DHÖW,İstanbul,Çim,4 Yaşlı Araplar,236500.0,0,2024-10-02
497208572,2024-10-02,İstanbul,Sentetik,2000,280000.0,4 ve Yukarı Araplar,ŞARTLI 5 /DHÖW,İstanbul,Sentetik,4 ve Yukarı Araplar,280000.0,0,2024-10-02
749720638,2024-10-02,Elazığ,Kum,1600,82000.0,3 Yaşlı İngilizler,Handikap 13 /H3,Elazığ,Kum,3 Yaşlı İngilizler,82000.0,0,2024-10-02
944815194,2024-10-02,Elazığ,Kum,1700,114500.0,3 ve Yukarı İngilizler,ŞARTLI 3 /Y-1,Elazığ,Kum,3 ve Yukarı İngilizler,114500.0,0,2024-10-02
9120950,2024-10-02,Elazığ,Kum,2000,140000.0,3 ve Yukarı İngilizler,Handikap 15 /H3/D,Elazığ,Kum,3 ve Yukarı İngilizler,140000.0,0,2024-10-02
210255624,2024-10-02,Elazığ,Kum,1200,160000.0,3 Yaşlı Araplar,Maiden /DHÖW,Elazığ,Kum,3 Yaşlı Araplar,160000.0,0,2024-10-02
203257691,2024-10-02,Elazığ,Kum,1600,114500.0,3 Yaşlı Araplar,Handikap 14 /DHÖW/H3/D,Elazığ,Kum,3 Yaşlı Araplar,114500.0,0,2024-10-02
298409033,2024-10-02,Elazığ,Kum,1900,88000.0,4 ve Yukarı Araplar,ŞARTLI 2 /DHÖW,Elazığ,Kum,4 ve Yukarı Araplar,88000.0,0,2024-10-02
468148918,2024-10-02,Elazığ,Kum,1800,140000.0,4 ve Yukarı Araplar,Handikap 15 /DHÖW/H3/D,Elazığ,Kum,4 ve Yukarı Araplar,140000.0,0,2024-10-02
836735261,2024-10-03,Ankara,Çim,1200,240000.0,2 Yaşlı İngilizler,Maiden /,Ankara,Çim,2 Yaşlı İngilizler,240000.0,0,2024-10-03
173905843,2024-10-03,Ankara,Çim,1600,186500.0,2 Yaşlı İngilizler,ŞARTLI 3 /D,Ankara,Çim,2 Yaşlı İngilizler,186500.0,0,2024-10-03
421201438,2024-10-03,Ankara,Çim,1900,390000.0,3 Yaşlı İngilizler,KV-7 /D,Ankara,Çim,3 Yaşlı İngilizler,390000.0,0,2024-10-03
144231933,2024-10-03,Ankara,Kum,1500,313000.0,3 Yaşlı İngilizler,Handikap 17 /H1,Ankara,Kum,3 Yaşlı İngilizler,313000.0,0,2024-10-03
404232665,2024-10-03,Ankara,Kum,2000,313000.0,3 ve Yukarı İngilizler,Handikap 17 /H1/D,Ankara,Kum,3 ve Yukarı İngilizler,313000.0,0,2024-10-03
510650216,2024-10-03,Ankara,Çim,1300,236500.0,3 Yaşlı Araplar,ŞARTLI 4 /DHÖW,Ankara,Çim,3 Yaşlı Araplar,236500.0,0,2024-10-03
838188770,2024-10-03,Ankara,Kum,1300,236500.0,3 Yaşlı Araplar,Handikap 15 /DHÖ/H2,Ankara,Kum,3 Yaşlı Araplar,236500.0,0,2024-10-03
326558762,2024-10-03,Ankara,Kum,1400,236500.0,4 Yaşlı Araplar,ŞARTLI 4 /DHÖW,Ankara,Kum,4 Yaşlı Araplar,236500.0,0,2024-10-03
158430094,2024-10-03,Ankara,Çim,1900,390000.0,4 ve Yukarı Araplar,Kısa Vade Handikap 22 /DHÖW/H1,Ankara,Çim,4 ve Yukarı Araplar,390000.0,0,2024-10-03
758296413,2024-10-03,İzmir,Çim,1200,217000.0,2 Yaşlı İngilizler,Maiden /D,İzmir,Çim,2 Yaşlı İngilizler,217000.0,0,2024-10-03
410588877,2024-10-03,İzmir,Çim,1200,192000.0,2 Yaşlı İngilizler,ŞARTLI 4 /,İzmir,Çim,2 Yaşlı İngilizler,192000.0,0,2024-10-03
948879733,2024-10-03,İzmir,Çim,1900,163000.0,3 ve Yukarı İngilizler,ŞARTLI 3 /,İzmir,Çim,3 ve Yukarı İngilizler,163000.0,0,2024-10-03
594860263,2024-10-03,İzmir,Çim,1200,192000.0,3 ve Yukarı İngilizler,Handikap 15 /H2,İzmir,Çim,3 ve Yukarı İngilizler,192000.0,0,2024-10-03
626708255,2024-10-03,İzmir,Çim,1200,240000.0,3 Yaşlı Araplar,ŞARTLI 5 /DHT/D,İzmir,Çim,3 Yaşlı Araplar,240000.0,0,2024-10-03
877393252,2024-10-03,İzmir,Çim,1200,177000.0,3 Yaşlı Araplar,SATIŞ 2 /DHÖW,İzmir,Çim,3 Yaşlı Araplar,177000.0,0,2024-10-03
561453161,2024-10-03,İzmir,Kum,1900,384000.0,4 ve Yukarı Araplar,KV-8 /DHÖW,İzmir,Kum,4 ve Yukarı Araplar,384000.0,0,2024-10-03
120637776,2024-10-03,İzmir,Çim,1300,240000.0,4 ve Yukarı Araplar,Handikap 16 /DHÖW/H2/D,İzmir,Çim,4 ve Yukarı Araplar,240000.0,0,2024-10-03
691696077,2024-10-04,Bursa,Çim,1500,217000.0,2 Yaşlı İngilizler,Maiden /,Bursa,Çim,2 Yaşlı İngilizler,217000.0,0,2024-10-04
554381873,2024-10-04,Bursa,Çim,1200,285000.0,2 Yaşlı İngilizler,KV-6 /,Bursa,Çim,2 Yaşlı İngilizler,285000.0,0,2024-10-04
881054037,2024-10-04,Bursa,Çim,1300,192000.0,3 ve Yukarı İngilizler,ŞARTLI 4 /,Bursa,Çim,3 ve Yukarı İngilizler,192000.0,0,2024-10-04
34294233,2024-10-04,Bursa,Çim,1400,192000.0,3 ve Yukarı İngilizler,Handikap 15 /H2/D,Bursa,Çim,3 ve Yukarı İngilizler,192000.0,0,2024-10-04
7118867,2024-10-04,Bursa,Çim,1400,384000.0,3 Yaşlı Araplar,KV-8 /DHÖ,Bursa,Çim,3 Yaşlı Araplar,384000.0,0,2024-10-04
86506666,2024-10-04,Bursa,Kum,1800,153000.0,4 Yaşlı Araplar,SATIŞ 1 /DHÖW,Bursa,Kum,4 Yaşlı Araplar,153000.0,0,2024-10-04
491685665,2024-10-04,Bursa,Çim,1800,285000.0,4 ve Yukarı Araplar,KV-6 /DHÖW/D,Bursa,Çim,4 ve Yukarı Araplar,285000.0,0,2024-10-04
705808017,2024-10-04,Bursa,Çim,2200,274000.0,4 ve Yukarı Araplar,Handikap 17 /DHÖW/H2,Bursa,Çim,4 ve Yukarı Araplar,274000.0,0,2024-10-04
978375921,2024-10-04,İstanbul,Sentetik,1500,280000.0,2 Yaşlı İngilizler,ŞARTLI 5 /EBF,İstanbul,Sentetik,2 Yaşlı İngilizler,280000.0,0,2024-10-04
915707711,2024-10-04,İstanbul,Çim,1300,216000.0,2 Yaşlı İngilizler,SATIŞ 2 /,İstanbul,Çim,2 Yaşlı İngilizler,216000.0,0,2024-10-04
226576071,2024-10-04,İstanbul,Çim,2400,236500.0,3 Yaşlı İngilizler,ŞARTLI 4 /,İstanbul,Çim,3 Yaşlı İngilizler,236500.0,0,2024-10-04
158762132,2024-10-04,İstanbul,Çim,1600,545000.0,3 ve Yukarı İngilizler,KV-9 /,İstanbul,Çim,3 ve Yukarı İngilizler,545000.0,0,2024-10-04
663362539,2024-10-04,İstanbul,Sentetik,1200,313000.0,3 ve Yukarı İngilizler,Handikap 17 /H1,İstanbul,Sentetik,3 ve Yukarı İngilizler,313000.0,0,2024-10-04
419462330,2024-10-04,İstanbul,Çim,1200,320000.0,3 Yaşlı Araplar,ŞARTLI 1 /DHÖW,İstanbul,Çim,3 Yaşlı Araplar,320000.0,0,2024-10-04
247391716,2024-10-04,İstanbul,Çim,1900,1400000.0,4 Yaşlı Araplar,G 2 /DHT,İstanbul,Çim,4 Yaşlı Araplar,1400000.0,0,2024-10-04
658465592,2024-10-04,İstanbul,Sentetik,1500,236500.0,4 ve Yukarı Araplar,ŞARTLI 4 /DHÖW/Y-1,İstanbul,Sentetik,4 ve Yukarı Araplar,236500.0,0,2024-10-04
191857206,2024-10-05,Ankara,Çim,1400,320000.0,2 Yaşlı İngilizler,ŞARTLI 1 /,Ankara,Çim,2 Yaşlı İngilizler,320000.0,0,2024-10-05
883926421,2024-10-05,Ankara,Kum,1500,453000.0,2 Yaşlı İngilizler,KV-8 /,Ankara,Kum,2 Yaşlı İngilizler,453000.0,0,2024-10-05
533712345,2024-10-05,Ankara,Çim,1600,240000.0,3 Yaşlı İngilizler,ŞARTLI 19 /,Ankara,Çim,3 Yaşlı İngilizler,240000.0,0,2024-10-05
558046749,2024-10-05,Ankara,Kum,2000,280000.0,3 Yaşlı İngilizler,ŞARTLI 5 /D,Ankara,Kum,3 Yaşlı İngilizler,280000.0,0,2024-10-05
321546547,2024-10-05,Ankara,Çim,1400,328000.0,3 ve Yukarı İngilizler,KV-6 /,Ankara,Çim,3 ve Yukarı İngilizler,328000.0,0,2024-10-05
153137944,2024-10-05,Ankara,Çim,2200,280000.0,3 ve Yukarı İngilizler,Handikap 16 /H1,Ankara,Çim,3 ve Yukarı İngilizler,280000.0,0,2024-10-05
904651183,2024-10-05,Ankara,Çim,1600,390000.0,3 Yaşlı Araplar,KV-7 /DHÖ,Ankara,Çim,3 Yaşlı Araplar,390000.0,0,2024-10-05
122332061,2024-10-05,Ankara,Çim,1900,313000.0,4 Yaşlı Araplar,Handikap 17 /DHÖ/H1,Ankara,Çim,4 Yaşlı Araplar,313000.0,0,2024-10-05
722692511,2024-10-05,Ankara,Kum,1500,1950000.0,4 ve Yukarı Araplar,G 1 /DHT,Ankara,Kum,4 ve Yukarı Araplar,1950000.0,0,2024-10-05
472470829,2024-10-05,İzmir,Kum,1200,217000.0,2 Yaşlı İngilizler,Maiden /,İzmir,Kum,2 Yaşlı İngilizler,217000.0,0,2024-10-05
371224549,2024-10-05,İzmir,Çim,1200,384000.0,2 Yaşlı İngilizler,KV-8 /,İzmir,Çim,2 Yaşlı İngilizler,384000.0,0,2024-10-05
538932225,2024-10-05,İzmir,Çim,1700,331000.0,3 Yaşlı İngilizler,KV-7 /D,İzmir,Çim,3 Yaşlı İngilizler,331000.0,0,2024-10-05
335876036,2024-10-05,İzmir,Kum,2000,192000.0,3 ve Yukarı İngilizler,ŞARTLI 4 /Y-1,İzmir,Kum,3 ve Yukarı İngilizler,192000.0,0,2024-10-05
973489607,2024-10-05,İzmir,Çim,2400,274000.0,3 ve Yukarı İngilizler,Handikap 17 /H2,İzmir,Çim,3 ve Yukarı İngilizler,274000.0,0,2024-10-05
855410027,2024-10-05,İzmir,Kum,1400,129000.0,3 Yaşlı Araplar,ŞARTLI 2 /DHÖ,İzmir,Kum,3 Yaşlı Araplar,129000.0,0,2024-10-05
327545446,2024-10-05,İzmir,Kum,1600,192000.0,4 ve Yukarı Araplar,ŞARTLI 4 /DHÖW,İzmir,Kum,4 ve Yukarı Araplar,192000.0,0,2024-10-05
527901684,2024-10-05,İzmir,Çim,1200,192000.0,4 ve Yukarı Araplar,Handikap 15 /DHÖ/H2,İzmir,Çim,4 ve Yukarı Araplar,192000.0,0,2024-10-05
693264451,2024-10-05,Diyarbakır,Kum,1200,160000.0,2 Yaşlı İngilizler,ŞARTLI 19 /,Diyarbakır,Kum,2 Yaşlı İngilizler,160000.0,0,2024-10-05
748463216,2024-10-05,Diyarbakır,Kum,1700,114500.0,3 ve Yukarı İngilizler,ŞARTLI 3 /D,Diyarbakır,Kum,3 ve Yukarı İngilizler,114500.0,0,2024-10-05
119829920,2024-10-05,Diyarbakır,Kum,1200,175000.0,3 ve Yukarı İngilizler,Handikap 16 /H3,Diyarbakır,Kum,3 ve Yukarı İngilizler,175000.0,0,2024-10-05
578629747,2024-10-05,Diyarbakır,Kum,1200,114500.0,3 Yaşlı Araplar,ŞARTLI 3 /DHÖ,Diyarbakır,Kum,3 Yaşlı Araplar,114500.0,0,2024-10-05
89653246,2024-10-05,Diyarbakır,Kum,1700,238000.0,4 Yaşlı Araplar,KV-7 /DHÖW,Diyarbakır,Kum,4 Yaşlı Araplar,238000.0,0,2024-10-05
36479846,2024-10-05,Diyarbakır,Kum,1200,175000.0,4 ve Yukarı Araplar,ŞARTLI 5 /DHÖW,Diyarbakır,Kum,4 ve Yukarı Araplar,175000.0,0,2024-10-05
494793449,2024-10-06,İstanbul,Çim,1200,240000.0,2 Yaşlı İngilizler,Maiden /,İstanbul,Çim,2 Yaşlı İngilizler,240000.0,0,2024-10-06
688292804,2024-10-06,İstanbul,Sentetik,1400,980000.0,2 Yaşlı İngilizler,G 3 /,İstanbul,Sentetik,2 Yaşlı İngilizler,980000.0,0,2024-10-06
971675287,2024-10-06,İstanbul,Çim,1600,186500.0,3 Yaşlı İngilizler,ŞARTLI 3 /,İstanbul,Çim,3 Yaşlı İngilizler,186500.0,0,2024-10-06
345429811,2024-10-06,İstanbul,Çim,1200,313000.0,3 Yaşlı İngilizler,Handikap 17 /H1,İstanbul,Çim,3 Yaşlı İngilizler,313000.0,0,2024-10-06
345773012,2024-10-06,İstanbul,Çim,1200,186500.0,3 ve Yukarı İngilizler,ŞARTLI 3 /D,İstanbul,Çim,3 ve Yukarı İngilizler,186500.0,0,2024-10-06
132654753,2024-10-06,İstanbul,Çim,1600,2750000.0,3 Yaşlı Araplar,G 1 /DHT,İstanbul,Çim,3 Yaşlı Araplar,2750000.0,0,2024-10-06
997446107,2024-10-06,İstanbul,Sentetik,1500,280000.0,4 Yaşlı Araplar,ŞARTLI 5 /DHÖ,İstanbul,Sentetik,4 Yaşlı Araplar,280000.0,0,2024-10-06
655146580,2024-10-06,İstanbul,Çim,1400,980000.0,4 ve Yukarı Araplar,G 3 /DHT,İstanbul,Çim,4 ve Yukarı Araplar,980000.0,0,2024-10-06
24932620,2024-10-06,İstanbul,Sentetik,1300,328000.0,4 ve Yukarı Araplar,Handikap 21 /DHÖW/H1,İstanbul,Sentetik,4 ve Yukarı Araplar,328000.0,0,2024-10-06
433805012,2024-10-06,Adana,Çim,1200,192000.0,2 Yaşlı İngilizler,ŞARTLI 4 /,Adana,Çim,2 Yaşlı İngilizler,192000.0,0,2024-10-06
902684181,2024-10-06,Adana,Kum,1400,192000.0,3 Yaşlı İngilizler,ŞARTLI 4 /D,Adana,Kum,3 Yaşlı İngilizler,192000.0,0,2024-10-06
729924809,2024-10-06,Adana,Çim,2100,163000.0,3 ve Yukarı İngilizler,ŞARTLI 3 /Y-1,Adana,Çim,3 ve Yukarı İngilizler,163000.0,0,2024-10-06
383332485,2024-10-06,Adana,Kum,1400,240000.0,3 ve Yukarı İngilizler,Handikap 16 /H2,Adana,Kum,3 ve Yukarı İngilizler,240000.0,0,2024-10-06
131934617,2024-10-06,Adana,Kum,1300,217000.0,3 Yaşlı Araplar,Maiden /DHT,Adana,Kum,3 Yaşlı Araplar,217000.0,0,2024-10-06
531392857,2024-10-06,Adana,Kum,1300,240000.0,3 Yaşlı Araplar,ŞARTLI 5 /DHÖW,Adana,Kum,3 Yaşlı Araplar,240000.0,0,2024-10-06
726890801,2024-10-06,Adana,Çim,1300,384000.0,4 Yaşlı Araplar,KV-8 /DHÖW,Adana,Çim,4 Yaşlı Araplar,384000.0,0,2024-10-06
753128772,2024-10-06,Adana,Kum,1900,192000.0,4 ve Yukarı Araplar,ŞARTLI 4 /DHÖW,Adana,Kum,4 ve Yukarı Araplar,192000.0,0,2024-10-06
934176838,2024-10-07,Bursa,Çim,1500,163000.0,2 Yaşlı İngilizler,ŞARTLI 3 /,Bursa,Çim,2 Yaşlı İngilizler,163000.0,0,2024-10-07
584755054,2024-10-07,Bursa,Kum,1400,384000.0,3 Yaşlı İngilizler,KV-8 /,Bursa,Kum,3 Yaşlı İngilizler,384000.0,0,2024-10-07
739439021,2024-10-07,Bursa,Çim,2000,153000.0,3 Yaşlı İngilizler,SATIŞ 1 /,Bursa,Çim,3 Yaşlı İngilizler,153000.0,0,2024-10-07
555643961,2024-10-07,Bursa,Kum,1400,163000.0,3 ve Yukarı İngilizler,Handikap 14 /H2,Bursa,Kum,3 ve Yukarı İngilizler,163000.0,0,2024-10-07
114255896,2024-10-07,Bursa,Çim,1200,217000.0,3 Yaşlı Araplar,Maiden /DHÖW,Bursa,Çim,3 Yaşlı Araplar,217000.0,0,2024-10-07
820342245,2024-10-07,Bursa,Çim,1200,163000.0,3 Yaşlı Araplar,ŞARTLI 3 /DHÖW/TR,Bursa,Çim,3 Yaşlı Araplar,163000.0,0,2024-10-07
21029878,2024-10-07,Bursa,Çim,1400,129000.0,4 ve Yukarı Araplar,ŞARTLI 2 /DHÖW,Bursa,Çim,4 ve Yukarı Araplar,129000.0,0,2024-10-07
27948867,2024-10-07,Bursa,Çim,1700,240000.0,4 ve Yukarı Araplar,Handikap 16 /DHÖW/H2/Y-2/D,Bursa,Çim,4 ve Yukarı Araplar,240000.0,0,2024-10-07
796325010,2024-10-07,Elazığ,Kum,1200,160000.0,2 Yaşlı İngilizler,Maiden /D,Elazığ,Kum,2 Yaşlı İngilizler,160000.0,0,2024-10-07
649147850,2024-10-07,Elazığ,Kum,1200,82000.0,2 Yaşlı İngilizler,Handikap 13 /H3,Elazığ,Kum,2 Yaşlı İngilizler,82000.0,0,2024-10-07
400610801,2024-10-07,Elazığ,Kum,1200,194000.0,3 ve Yukarı İngilizler,Handikap 17 /H3,Elazığ,Kum,3 ve Yukarı İngilizler,194000.0,0,2024-10-07
46754239,2024-10-07,Elazığ,Kum,1200,114500.0,3 Yaşlı Araplar,ŞARTLI 3 /DHÖW,Elazığ,Kum,3 Yaşlı Araplar,114500.0,0,2024-10-07
844817115,2024-10-07,Elazığ,Kum,1800,140000.0,4 Yaşlı Araplar,Handikap 15 /DHÖW/H3/D,Elazığ,Kum,4 Yaşlı Araplar,140000.0,0,2024-10-07
603095655,2024-10-07,Elazığ,Kum,1900,140000.0,4 ve Yukarı Araplar,ŞARTLI 4 /DHÖW,Elazığ,Kum,4 ve Yukarı Araplar,140000.0,0,2024-10-07
663594160,2024-10-07,Elazığ,Kum,1600,175000.0,4 ve Yukarı Araplar,Handikap 16 /DHÖW/H3/Y-2,Elazığ,Kum,4 ve Yukarı Araplar,175000.0,0,2024-10-07
850022973,2024-10-08,Adana,Kum,1300,192000.0,2 Yaşlı İngilizler,ŞARTLI 4 /D,Adana,Kum,2 Yaşlı İngilizler,192000.0,0,2024-10-08
994436830,2024-10-08,Adana,Çim,1800,163000.0,3 Yaşlı İngilizler,Handikap 14 /H2,Adana,Çim,3 Yaşlı İngilizler,163000.0,0,2024-10-08
657858776,2024-10-08,Adana,Kum,2200,240000.0,3 ve Yukarı İngilizler,ŞARTLI 5 /,Adana,Kum,3 ve Yukarı İngilizler,240000.0,0,2024-10-08
875307440,2024-10-08,Adana,Çim,1300,217000.0,3 Yaşlı Araplar,Maiden /DHÖW/D,Adana,Çim,3 Yaşlı Araplar,217000.0,0,2024-10-08
561412486,2024-10-08,Adana,Çim,1300,384000.0,3 Yaşlı Araplar,KV-8 /DHÖW,Adana,Çim,3 Yaşlı Araplar,384000.0,0,2024-10-08
103957725,2024-10-08,Adana,Çim,2100,240000.0,4 Yaşlı Araplar,ŞARTLI 5 /DHÖW,Adana,Çim,4 Yaşlı Araplar,240000.0,0,2024-10-08
29165362,2024-10-08,Adana,Çim,1200,331000.0,4 ve Yukarı Araplar,KV-7 /DHÖ,Adana,Çim,4 ve Yukarı Araplar,331000.0,0,2024-10-08
252325660,2024-10-08,Adana,Çim,2000,192000.0,4 ve Yukarı Araplar,Handikap 15 /DHÖW/H2,Adana,Çim,4 ve Yukarı Araplar,192000.0,0,2024-10-08
911586061,2024-10-08,Kocaeli,Kum,1200,273000.0,2 Yaşlı İngilizler,ŞARTLI 1 /,Kocaeli,Kum,2 Yaşlı İngilizler,273000.0,0,2024-10-08
926830950,2024-10-08,Kocaeli,Kum,1200,163000.0,2 Yaşlı İngilizler,Handikap 14 /H2,Kocaeli,Kum,2 Yaşlı İngilizler,163000.0,0,2024-10-08
406228011,2024-10-08,Kocaeli,Kum,2000,192000.0,3 Yaşlı İngilizler,Handikap 15 /H2,Kocaeli,Kum,3 Yaşlı İngilizler,192000.0,0,2024-10-08
950991083,2024-10-08,Kocaeli,Kum,2000,331000.0,3 ve Yukarı İngilizler,KV-7 /,Kocaeli,Kum,3 ve Yukarı İngilizler,331000.0,0,2024-10-08
932747777,2024-10-08,Kocaeli,Kum,1500,163000.0,3 ve Yukarı İngilizler,ŞARTLI 3 /D,Kocaeli,Kum,3 ve Yukarı İngilizler,163000.0,0,2024-10-08
935892458,2024-10-08,Kocaeli,Kum,1400,192000.0,3 Yaşlı Araplar,Handikap 15 /DHT/H2,Kocaeli,Kum,3 Yaşlı Araplar,192000.0,0,2024-10-08
179440991,2024-10-08,Kocaeli,Kum,1400,240000.0,4 ve Yukarı Araplar,ŞARTLI 5 /DHÖW,Kocaeli,Kum,4 ve Yukarı Araplar,240000.0,0,2024-10-08
336680216,2024-10-08,Kocaeli,Kum,2000,240000.0,4 ve Yukarı Araplar,Handikap 16 /DHÖ/H2,Kocaeli,Kum,4 ve Yukarı Araplar,240000.0,0,2024-10-08
23474908,2024-10-09,İstanbul,Çim,1200,320000.0,2 Yaşlı İngilizler,ŞARTLI 1 /D,İstanbul,Çim,2 Yaşlı İngilizler,320000.0,0,2024-10-09
372566809,2024-10-09,İstanbul,Sentetik,1500,236500.0,3 Yaşlı İngilizler,ŞARTLI 4 /,İstanbul,Sentetik,3 Yaşlı İngilizler,236500.0,0,2024-10-09
212470939,2024-10-09,İstanbul,Çim,1900,280000.0,3 Yaşlı İngilizler,Handikap 16 /H1,İstanbul,Çim,3 Yaşlı İngilizler,280000.0,0,2024-10-09
923212679,2024-10-09,İstanbul,Sentetik,2000,280000.0,3 ve Yukarı İngilizler,ŞARTLI 5 /,İstanbul,Sentetik,3 ve Yukarı İngilizler,280000.0,0,2024-10-09
575233256,2024-10-09,İstanbul,Çim,1600,328000.0,3 ve Yukarı İngilizler,Handikap 21 /H1/D,İstanbul,Çim,3 ve Yukarı İngilizler,328000.0,0,2024-10-09
58104941,2024-10-09,İstanbul,Çim,1400,186500.0,3 Yaşlı Araplar,ŞARTLI 3 /DHÖW,İstanbul,Çim,3 Yaşlı Araplar,186500.0,0,2024-10-09
135086023,2024-10-09,İstanbul,Çim,2100,186500.0,4 Yaşlı Araplar,ŞARTLI 3 /DHÖW,İstanbul,Çim,4 Yaşlı Araplar,186500.0,0,2024-10-09
961330379,2024-10-09,İstanbul,Çim,2100,545000.0,4 ve Yukarı Araplar,KV-9 /DHÖW,İstanbul,Çim,4 ve Yukarı Araplar,545000.0,0,2024-10-09
539084231,2024-10-09,İstanbul,Çim,1200,236500.0,4 ve Yukarı Araplar,ŞARTLI 4 /DHÖW,İstanbul,Çim,4 ve Yukarı Araplar,236500.0,0,2024-10-09
763940623,2024-10-09,Elazığ,Kum,1200,140000.0,2 Yaşlı İngilizler,ŞARTLI 4 /D,Elazığ,Kum,2 Yaşlı İngilizler,140000.0,0,2024-10-09
774573017,2024-10-09,Elazığ,Kum,1600,140000.0,3 Yaşlı İngilizler,ŞARTLI 4 /,Elazığ,Kum,3 Yaşlı İngilizler,140000.0,0,2024-10-09
635553594,2024-10-09,Elazığ,Kum,1900,114500.0,3 Yaşlı İngilizler,Handikap 14 /H3,Elazığ,Kum,3 Yaşlı İngilizler,114500.0,0,2024-10-09
692676673,2024-10-09,Elazığ,Kum,1600,114500.0,3 ve Yukarı İngilizler,ŞARTLI 3 /D,Elazığ,Kum,3 ve Yukarı İngilizler,114500.0,0,2024-10-09
341499396,2024-10-09,Elazığ,Kum,1200,160000.0,3 Yaşlı Araplar,Maiden /DHÖW/D,Elazığ,Kum,3 Yaşlı Araplar,160000.0,0,2024-10-09
424282490,2024-10-09,Elazığ,Kum,1900,140000.0,4 Yaşlı Araplar,ŞARTLI 4 /DHÖW/Y-2,Elazığ,Kum,4 Yaşlı Araplar,140000.0,0,2024-10-09
445258605,2024-10-09,Elazığ,Kum,1500,175000.0,4 ve Yukarı Araplar,ŞARTLI 5 /DHT,Elazığ,Kum,4 ve Yukarı Araplar,175000.0,0,2024-10-09
633502261,2024-10-10,Ankara,Çim,1400,390000.0,2 Yaşlı İngilizler,KV-7 /D,Ankara,Çim,2 Yaşlı İngilizler,390000.0,0,2024-10-10
155690189,2024-10-10,Ankara,Kum,1400,236500.0,2 Yaşlı İngilizler,ŞARTLI 4 /,Ankara,Kum,2 Yaşlı İngilizler,236500.0,0,2024-10-10
115240809,2024-10-10,Ankara,Kum,2000,280000.0,3 Yaşlı İngilizler,Handikap 16 /H1,Ankara,Kum,3 Yaşlı İngilizler,280000.0,0,2024-10-10
544703042,2024-10-10,Ankara,Çim,2400,186500.0,3 ve Yukarı İngilizler,ŞARTLI 3 /,Ankara,Çim,3 ve Yukarı İngilizler,186500.0,0,2024-10-10
392131699,2024-10-10,Ankara,Çim,1400,236500.0,3 ve Yukarı İngilizler,Handikap 15 /H1,Ankara,Çim,3 ve Yukarı İngilizler,236500.0,0,2024-10-10
125306602,2024-10-10,Ankara,Kum,1400,240000.0,3 Yaşlı Araplar,Maiden /DHÖW,Ankara,Kum,3 Yaşlı Araplar,240000.0,0,2024-10-10
338454523,2024-10-10,Ankara,Çim,1900,236500.0,4 ve Yukarı Araplar,ŞARTLI 4 /DHÖW/Y-3,Ankara,Çim,4 ve Yukarı Araplar,236500.0,0,2024-10-10
628819645,2024-10-10,Ankara,Kum,2200,236500.0,4 ve Yukarı Araplar,Handikap 15 /DHÖW/H1,Ankara,Kum,4 ve Yukarı Araplar,236500.0,0,2024-10-10
319159575,2024-10-10,İzmir,Çim,1300,240000.0,3 Yaşlı İngilizler,Handikap 16 /H2,İzmir,Çim,3 Yaşlı İngilizler,240000.0,0,2024-10-10
451967374,2024-10-10,İzmir,Çim,1300,192000.0,3 ve Yukarı İngilizler,ŞARTLI 4 /,İzmir,Çim,3 ve Yukarı İngilizler,192000.0,0,2024-10-10
120824476,2024-10-10,İzmir,Kum,1600,240000.0,3 ve Yukarı İngilizler,Handikap 16 /H2/Y-2,İzmir,Kum,3 ve Yukarı İngilizler,240000.0,0,2024-10-10
286114290,2024-10-10,İzmir,Kum,1400,217000.0,3 Yaşlı Araplar,Maiden /DHÖW/D,İzmir,Kum,3 Yaşlı Araplar,217000.0,0,2024-10-10
516618204,2024-10-10,İzmir,Kum,1200,285000.0,3 Yaşlı Araplar,KV-6 /DHÖW,İzmir,Kum,3 Yaşlı Araplar,285000.0,0,2024-10-10
546732890,2024-10-10,İzmir,Kum,1600,192000.0,4 Yaşlı Araplar,Handikap 15 /DHT/H2,İzmir,Kum,4 Yaşlı Araplar,192000.0,0,2024-10-10
867062328,2024-10-10,İzmir,Çim,1300,240000.0,4 ve Yukarı Araplar,ŞARTLI 5 /DHT,İzmir,Çim,4 ve Yukarı Araplar,240000.0,0,2024-10-10
966927094,2024-10-10,İzmir,Kum,1900,192000.0,4 ve Yukarı Araplar,ŞARTLI 4 /DHÖW/D,İzmir,Kum,4 ve Yukarı Araplar,192000.0,0,2024-10-10
779323816,2024-10-11,Bursa,Çim,2000,163000.0,3 Yaşlı İngilizler,ŞARTLI 3 /,Bursa,Çim,3 Yaşlı İngilizler,163000.0,0,2024-10-11
983865338,2024-10-11,Bursa,Kum,1900,285000.0,3 ve Yukarı İngilizler,KV-6 /,Bursa,Kum,3 ve Yukarı İngilizler,285000.0,0,2024-10-11
801018212,2024-10-11,Bursa,Kum,1300,177000.0,3 ve Yukarı İngilizler,SATIŞ 2 /,Bursa,Kum,3 ve Yukarı İngilizler,177000.0,0,2024-10-11
345167384,2024-10-11,Bursa,Kum,1300,217000.0,3 Yaşlı Araplar,Maiden /DHÖW,Bursa,Kum,3 Yaşlı Araplar,217000.0,0,2024-10-11
326408746,2024-10-11,Bursa,Çim,1500,192000.0,3 Yaşlı Araplar,Handikap 15 /DHÖW/H2/D,Bursa,Çim,3 Yaşlı Araplar,192000.0,0,2024-10-11
565372710,2024-10-11,Bursa,Kum,1900,331000.0,4 Yaşlı Araplar,KV-7 /DHÖW,Bursa,Kum,4 Yaşlı Araplar,331000.0,0,2024-10-11
89247,2024-10-11,Bursa,Kum,1400,384000.0,4 ve Yukarı Araplar,KV-8 /DHÖW,Bursa,Kum,4 ve Yukarı Araplar,384000.0,0,2024-10-11
129473751,2024-10-11,Bursa,Çim,1400,285000.0,4 ve Yukarı Araplar,Handikap 21 /DHT/H2,Bursa,Çim,4 ve Yukarı Araplar,285000.0,0,2024-10-11
197848364,2024-10-11,İstanbul,Sentetik,1300,328000.0,2 Yaşlı İngilizler,KV-6 /D,İstanbul,Sentetik,2 Yaşlı İngilizler,328000.0,0,2024-10-11
302065010,2024-10-11,İstanbul,Sentetik,2000,280000.0,3 Yaşlı İngilizler,ŞARTLI 5 /D,İstanbul,Sentetik,3 Yaşlı İngilizler,280000.0,0,2024-10-11
973722532,2024-10-11,İstanbul,Sentetik,2000,1950000.0,3 ve Yukarı İngilizler,G 1 /,İstanbul,Sentetik,3 ve Yukarı İngilizler,1950000.0,0,2024-10-11
764439723,2024-10-11,İstanbul,Çim,1900,236500.0,3 ve Yukarı İngilizler,ŞARTLI 4 /,İstanbul,Çim,3 ve Yukarı İngilizler,236500.0,0,2024-10-11
622094680,2024-10-11,İstanbul,Çim,1400,240000.0,3 Yaşlı Araplar,Maiden /DHÖW,İstanbul,Çim,3 Yaşlı Araplar,240000.0,0,2024-10-11
784871081,2024-10-11,İstanbul,Çim,2100,216000.0,4 Yaşlı Araplar,SATIŞ 2 /DHÖW,İstanbul,Çim,4 Yaşlı Araplar,216000.0,0,2024-10-11
379937982,2024-10-11,İstanbul,Çim,1900,236500.0,4 ve Yukarı Araplar,ŞARTLI 4 /DHÖ,İstanbul,Çim,4 ve Yukarı Araplar,236500.0,0,2024-10-11
322301160,2024-10-11,İstanbul,Sentetik,2000,236500.0,4 ve Yukarı Araplar,Handikap 15 /DHÖW/H1,İstanbul,Sentetik,4 ve Yukarı Araplar,236500.0,0,2024-10-11
454789659,2024-10-12,Ankara,Çim,1600,390000.0,2 Yaşlı İngilizler,KV-7 /,Ankara,Çim,2 Yaşlı İngilizler,390000.0,0,2024-10-12
676778351,2024-10-12,Ankara,Çim,1400,186500.0,2 Yaşlı İngilizler,ŞARTLI 3 /TR,Ankara,Çim,2 Yaşlı İngilizler,186500.0,0,2024-10-12
991614962,2024-10-12,Ankara,Kum,1400,453000.0,3 Yaşlı İngilizler,KV-8 /,Ankara,Kum,3 Yaşlı İngilizler,453000.0,0,2024-10-12
841080876,2024-10-12,Ankara,Çim,1400,313000.0,3 Yaşlı İngilizler,Handikap 17 /H1,Ankara,Çim,3 Yaşlı İngilizler,313000.0,0,2024-10-12
547151406,2024-10-12,Ankara,Kum,2100,545000.0,3 ve Yukarı İngilizler,KV-9 /,Ankara,Kum,3 ve Yukarı İngilizler,545000.0,0,2024-10-12
324392713,2024-10-12,Ankara,Çim,1900,390000.0,3 ve Yukarı İngilizler,KV-7 /,Ankara,Çim,3 ve Yukarı İngilizler,390000.0,0,2024-10-12
700273208,2024-10-12,Ankara,Kum,1500,240000.0,3 Yaşlı Araplar,Maiden /DHÖW/D,Ankara,Kum,3 Yaşlı Araplar,240000.0,0,2024-10-12
130774427,2024-10-12,Ankara,Çim,1600,328000.0,4 ve Yukarı Araplar,KV-6 /DHÖW,Ankara,Çim,4 ve Yukarı Araplar,328000.0,0,2024-10-12
929061480,2024-10-12,Ankara,Çim,1400,280000.0,4 ve Yukarı Araplar,Handikap 16 /DHÖW/H1/TR,Ankara,Çim,4 ve Yukarı Araplar,280000.0,0,2024-10-12
157340780,2024-10-12,İzmir,Kum,1200,331000.0,2 Yaşlı İngilizler,KV-7 /,İzmir,Kum,2 Yaşlı İngilizler,331000.0,0,2024-10-12
948664207,2024-10-12,İzmir,Çim,1800,217000.0,3 Yaşlı İngilizler,ŞARTLI 19 /,İzmir,Çim,3 Yaşlı İngilizler,217000.0,0,2024-10-12
53421822,2024-10-12,İzmir,Çim,1300,384000.0,3 ve Yukarı İngilizler,KV-8 /,İzmir,Çim,3 ve Yukarı İngilizler,384000.0,0,2024-10-12
750492799,2024-10-12,İzmir,Kum,1900,192000.0,3 ve Yukarı İngilizler,Handikap 15 /H2,İzmir,Kum,3 ve Yukarı İngilizler,192000.0,0,2024-10-12
418527545,2024-10-12,İzmir,Çim,1200,217000.0,3 Yaşlı Araplar,Maiden /DHÖW,İzmir,Çim,3 Yaşlı Araplar,217000.0,0,2024-10-12
550325898,2024-10-12,İzmir,Kum,1600,285000.0,4 Yaşlı Araplar,KV-6 /DHÖW,İzmir,Kum,4 Yaşlı Araplar,285000.0,0,2024-10-12
705240191,2024-10-12,İzmir,Çim,1300,285000.0,4 ve Yukarı Araplar,KV-6 /DHÖW/D,İzmir,Çim,4 ve Yukarı Araplar,285000.0,0,2024-10-12
990402771,2024-10-12,İzmir,Kum,2100,192000.0,4 ve Yukarı Araplar,Handikap 15 /DHÖW/H2,İzmir,Kum,4 ve Yukarı Araplar,192000.0,0,2024-10-12
428554512,2024-10-12,Diyarbakır,Kum,1200,175000.0,2 Yaşlı İngilizler,ŞARTLI 5 /,Diyarbakır,Kum,2 Yaşlı İngilizler,175000.0,0,2024-10-12
797097227,2024-10-12,Diyarbakır,Kum,1200,140000.0,3 ve Yukarı İngilizler,ŞARTLI 4 /,Diyarbakır,Kum,3 ve Yukarı İngilizler,140000.0,0,2024-10-12
187481780,2024-10-12,Diyarbakır,Kum,1800,140000.0,3 ve Yukarı İngilizler,Handikap 15 /H3,Diyarbakır,Kum,3 ve Yukarı İngilizler,140000.0,0,2024-10-12
165927051,2024-10-12,Diyarbakır,Kum,1200,160000.0,3 Yaşlı Araplar,ŞARTLI 19 /DHÖ,Diyarbakır,Kum,3 Yaşlı Araplar,160000.0,0,2024-10-12
652210270,2024-10-12,Diyarbakır,Kum,2000,202000.0,4 ve Yukarı Araplar,KV-6 /DHÖW,Diyarbakır,Kum,4 ve Yukarı Araplar,202000.0,0,2024-10-12
693628265,2024-10-12,Diyarbakır,Kum,1200,140000.0,4 ve Yukarı Araplar,Handikap 15 /DHÖ/H3,Diyarbakır,Kum,4 ve Yukarı Araplar,140000.0,0,2024-10-12
356935700,2024-10-13,İstanbul,Sentetik,1300,240000.0,2 Yaşlı İngilizler,Maiden /D,İstanbul,Sentetik,2 Yaşlı İngilizler,240000.0,0,2024-10-13
815114200,2024-10-13,İstanbul,Çim,1600,390000.0,2 Yaşlı İngilizler,KV-7 /,İstanbul,Çim,2 Yaşlı İngilizler,390000.0,0,2024-10-13
18794795,2024-10-13,İstanbul,Sentetik,1500,453000.0,3 Yaşlı İngilizler,KV-8 /,İstanbul,Sentetik,3 Yaşlı İngilizler,453000.0,0,2024-10-13
123731111,2024-10-13,İstanbul,Çim,2100,1950000.0,3 ve Yukarı İngilizler,G 1 /D,İstanbul,Çim,3 ve Yukarı İngilizler,1950000.0,0,2024-10-13
954957912,2024-10-13,İstanbul,Çim,2100,313000.0,3 ve Yukarı İngilizler,Handikap 17 /H1,İstanbul,Çim,3 ve Yukarı İngilizler,313000.0,0,2024-10-13
788085886,2024-10-13,İstanbul,Çim,1300,390000.0,3 Yaşlı Araplar,KV-7 /DHÖW/D,İstanbul,Çim,3 Yaşlı Araplar,390000.0,0,2024-10-13
772543163,2024-10-13,İstanbul,Çim,1600,236500.0,3 Yaşlı Araplar,Handikap 15 /DHÖW/H2,İstanbul,Çim,3 Yaşlı Araplar,236500.0,0,2024-10-13
499219828,2024-10-13,İstanbul,Çim,1600,280000.0,4 ve Yukarı Araplar,Handikap 16 /DHÖW/H1,İstanbul,Çim,4 ve Yukarı Araplar,280000.0,0,2024-10-13
6900283,2024-10-13,Adana,Çim,1300,217000.0,2 Yaşlı İngilizler,Maiden /,Adana,Çim,2 Yaşlı İngilizler,217000.0,0,2024-10-13
671550906,2024-10-13,Adana,Çim,1800,384000.0,3 Yaşlı İngilizler,KV-8 /,Adana,Çim,3 Yaşlı İngilizler,384000.0,0,2024-10-13
20663562,2024-10-13,Adana,Çim,1300,163000.0,3 ve Yukarı İngilizler,ŞARTLI 3 /,Adana,Çim,3 ve Yukarı İngilizler,163000.0,0,2024-10-13
417576825,2024-10-13,Adana,Çim,1900,163000.0,3 ve Yukarı İngilizler,Handikap 14 /H2/D,Adana,Çim,3 ve Yukarı İngilizler,163000.0,0,2024-10-13
795732480,2024-10-13,Adana,Kum,1300,192000.0,3 Yaşlı Araplar,ŞARTLI 4 /DHÖW/D,Adana,Kum,3 Yaşlı Araplar,192000.0,0,2024-10-13
915295090,2024-10-13,Adana,Kum,1400,192000.0,4 Yaşlı Araplar,ŞARTLI 4 /DHT/Y-2,Adana,Kum,4 Yaşlı Araplar,192000.0,0,2024-10-13
356453817,2024-10-13,Adana,Çim,1200,163000.0,4 ve Yukarı Araplar,ŞARTLI 3 /DHT/D,Adana,Çim,4 ve Yukarı Araplar,163000.0,0,2024-10-13
446388449,2024-10-13,Adana,Çim,1300,192000.0,4 ve Yukarı Araplar,Handikap 15 /DHÖW/H2,Adana,Çim,4 ve Yukarı Araplar,192000.0,0,2024-10-13
863171070,2024-10-14,Bursa,Çim,1400,273000.0,2 Yaşlı İngilizler,ŞARTLI 1 /,Bursa,Çim,2 Yaşlı İngilizler,273000.0,0,2024-10-14
824263534,2024-10-14,Bursa,Kum,1400,217000.0,3 Yaşlı İngilizler,ŞARTLI 19 /,Bursa,Kum,3 Yaşlı İngilizler,217000.0,0,2024-10-14
22091575,2024-10-14,Bursa,Çim,1500,240000.0,3 Yaşlı İngilizler,Handikap 16 /H2,Bursa,Çim,3 Yaşlı İngilizler,240000.0,0,2024-10-14
612502219,2024-10-14,Bursa,Çim,2000,331000.0,3 ve Yukarı İngilizler,KV-7 /,Bursa,Çim,3 ve Yukarı İngilizler,331000.0,0,2024-10-14
343849631,2024-10-14,Bursa,Çim,1800,129000.0,3 ve Yukarı İngilizler,ŞARTLI 2 /,Bursa,Çim,3 ve Yukarı İngilizler,129000.0,0,2024-10-14
772331885,2024-10-14,Bursa,Kum,1400,163000.0,3 Yaşlı Araplar,ŞARTLI 3 /DHÖ,Bursa,Kum,3 Yaşlı Araplar,163000.0,0,2024-10-14
178524194,2024-10-14,Bursa,Kum,2100,240000.0,4 ve Yukarı Araplar,ŞARTLI 5 /DHÖW/Y-2,Bursa,Kum,4 ve Yukarı Araplar,240000.0,0,2024-10-14
741470973,2024-10-14,Bursa,Çim,2200,163000.0,4 ve Yukarı Araplar,ŞARTLI 3 /DHÖW,Bursa,Çim,4 ve Yukarı Araplar,163000.0,0,2024-10-14
361899373,2024-10-14,Elazığ,Kum,1200,160000.0,2 Yaşlı İngilizler,Maiden /,Elazığ,Kum,2 Yaşlı İngilizler,160000.0,0,2024-10-14
435408618,2024-10-14,Elazığ,Kum,1500,140000.0,2 Yaşlı İngilizler,ŞARTLI 4 /,Elazığ,Kum,2 Yaşlı İngilizler,140000.0,0,2024-10-14
396485334,2024-10-14,Elazığ,Kum,1200,140000.0,3 ve Yukarı İngilizler,ŞARTLI 4 /,Elazığ,Kum,3 ve Yukarı İngilizler,140000.0,0,2024-10-14
697962453,2024-10-14,Elazığ,Kum,1900,140000.0,3 ve Yukarı İngilizler,Handikap 15 /H3,Elazığ,Kum,3 ve Yukarı İngilizler,140000.0,0,2024-10-14
84163709,2024-10-14,Elazığ,Kum,1200,140000.0,3 Yaşlı Araplar,ŞARTLI 4 /DHÖW/D,Elazığ,Kum,3 Yaşlı Araplar,140000.0,0,2024-10-14
677872867,2024-10-14,Elazığ,Kum,1600,114500.0,4 ve Yukarı Araplar,ŞARTLI 3 /DHÖW,Elazığ,Kum,4 ve Yukarı Araplar,114500.0,0,2024-10-14
522960467,2024-10-14,Elazığ,Kum,1800,140000.0,4 ve Yukarı Araplar,Handikap 15 /DHÖ/H3,Elazığ,Kum,4 ve Yukarı Araplar,140000.0,0,2024-10-14
201001888,2024-10-15,Adana,Kum,1200,285000.0,2 Yaşlı İngilizler,KV-6 /,Adana,Kum,2 Yaşlı İngilizler,285000.0,0,2024-10-15
647733753,2024-10-15,Adana,Çim,1900,163000.0,3 Yaşlı İngilizler,Handikap 14 /H2/D,Adana,Çim,3 Yaşlı İngilizler,163000.0,0,2024-10-15
53134865,2024-10-15,Adana,Çim,1300,384000.0,3 ve Yukarı İngilizler,KV-8 /,Adana,Çim,3 ve Yukarı İngilizler,384000.0,0,2024-10-15
31997659,2024-10-15,Adana,Çim,2000,192000.0,3 ve Yukarı İngilizler,Handikap 15 /H2,Adana,Çim,3 ve Yukarı İngilizler,192000.0,0,2024-10-15
269561392,2024-10-15,Adana,Çim,1300,217000.0,3 Yaşlı Araplar,Maiden /DHÖW,Adana,Çim,3 Yaşlı Araplar,217000.0,0,2024-10-15
695479741,2024-10-15,Adana,Çim,1300,163000.0,3 Yaşlı Araplar,ŞARTLI 3 /DHÖW,Adana,Çim,3 Yaşlı Araplar,163000.0,0,2024-10-15
463175185,2024-10-15,Adana,Çim,1900,240000.0,4 Yaşlı Araplar,Handikap 16 /DHÖW/H2,Adana,Çim,4 Yaşlı Araplar,240000.0,0,2024-10-15
916291986,2024-10-15,Adana,Kum,1400,240000.0,4 ve Yukarı Araplar,ŞARTLI 5 /DHÖW,Adana,Kum,4 ve Yukarı Araplar,240000.0,0,2024-10-15
208607765,2024-10-15,Kocaeli,Kum,1200,217000.0,2 Yaşlı İngilizler,Maiden /,Kocaeli,Kum,2 Yaşlı İngilizler,217000.0,0,2024-10-15
976346060,2024-10-15,Kocaeli,Kum,1400,240000.0,2 Yaşlı İngilizler,ŞARTLI 5 /,Kocaeli,Kum,2 Yaşlı İngilizler,240000.0,0,2024-10-15
333068078,2024-10-15,Kocaeli,Kum,1400,217000.0,3 Yaşlı İngilizler,ŞARTLI 19 /,Kocaeli,Kum,3 Yaşlı İngilizler,217000.0,0,2024-10-15
608989270,2024-10-15,Kocaeli,Kum,1500,274000.0,3 Yaşlı İngilizler,Handikap 17 /H2,Kocaeli,Kum,3 Yaşlı İngilizler,274000.0,0,2024-10-15
986258211,2024-10-15,Kocaeli,Kum,1500,240000.0,3 ve Yukarı İngilizler,ŞARTLI 5 /Y-2,Kocaeli,Kum,3 ve Yukarı İngilizler,240000.0,0,2024-10-15
769501982,2024-10-15,Kocaeli,Kum,1900,192000.0,3 ve Yukarı İngilizler,Handikap 15 /H2,Kocaeli,Kum,3 ve Yukarı İngilizler,192000.0,0,2024-10-15
745305186,2024-10-15,Kocaeli,Kum,1900,192000.0,4 ve Yukarı Araplar,ŞARTLI 4 /DHÖW,Kocaeli,Kum,4 ve Yukarı Araplar,192000.0,0,2024-10-15
275748320,2024-10-15,Kocaeli,Kum,1500,192000.0,4 ve Yukarı Araplar,Handikap 15 /DHÖW/H2,Kocaeli,Kum,4 ve Yukarı Araplar,192000.0,0,2024-10-15
301255727,2024-10-16,İstanbul,Sentetik,1500,240000.0,2 Yaşlı İngilizler,Maiden /,İstanbul,Sentetik,2 Yaşlı İngilizler,240000.0,0,2024-10-16
913907752,2024-10-16,İstanbul,Çim,1400,186500.0,2 Yaşlı İngilizler,ŞARTLI 3 /,İstanbul,Çim,2 Yaşlı İngilizler,186500.0,0,2024-10-16
178938389,2024-10-16,İstanbul,Sentetik,2000,253000.0,3 Yaşlı İngilizler,SATIŞ 3 /,İstanbul,Sentetik,3 Yaşlı İngilizler,253000.0,0,2024-10-16
809030739,2024-10-16,İstanbul,Çim,2400,453000.0,3 ve Yukarı İngilizler,KV-8 /,İstanbul,Çim,3 ve Yukarı İngilizler,453000.0,0,2024-10-16
593448013,2024-10-16,İstanbul,Çim,1600,280000.0,3 ve Yukarı İngilizler,Handikap 16 /H1,İstanbul,Çim,3 ve Yukarı İngilizler,280000.0,0,2024-10-16
207782533,2024-10-16,İstanbul,Sentetik,1200,186500.0,3 Yaşlı Araplar,Handikap 14 /DHÖW/H2/D,İstanbul,Sentetik,3 Yaşlı Araplar,186500.0,0,2024-10-16
380721193,2024-10-16,İstanbul,Sentetik,2000,236500.0,4 Yaşlı Araplar,ŞARTLI 4 /DHÖ,İstanbul,Sentetik,4 Yaşlı Araplar,236500.0,0,2024-10-16
518909342,2024-10-16,İstanbul,Çim,1400,328000.0,4 ve Yukarı Araplar,KV-6 /DHÖW/D,İstanbul,Çim,4 ve Yukarı Araplar,328000.0,0,2024-10-16
685404126,2024-10-16,İstanbul,Sentetik,2400,453000.0,4 ve Yukarı Araplar,Kısa Vade Handikap 24 /DHÖW/H1,İstanbul,Sentetik,4 ve Yukarı Araplar,453000.0,0,2024-10-16
621055825,2024-10-16,Elazığ,Kum,2000,114500.0,3 Yaşlı İngilizler,Handikap 14 /H3/D,Elazığ,Kum,3 Yaşlı İngilizler,114500.0,0,2024-10-16
101062553,2024-10-16,Elazığ,Kum,2000,175000.0,3 ve Yukarı İngilizler,ŞARTLI 5 /,Elazığ,Kum,3 ve Yukarı İngilizler,175000.0,0,2024-10-16
164215538,2024-10-16,Elazığ,Kum,1200,114500.0,3 ve Yukarı İngilizler,Handikap 14 /H3,Elazığ,Kum,3 ve Yukarı İngilizler,114500.0,0,2024-10-16
921210335,2024-10-16,Elazığ,Kum,1700,160000.0,3 Yaşlı Araplar,Maiden /DHÖW,Elazığ,Kum,3 Yaşlı Araplar,160000.0,0,2024-10-16
579562838,2024-10-16,Elazığ,Kum,1200,140000.0,3 Yaşlı Araplar,Handikap 15 /DHÖW/H3,Elazığ,Kum,3 Yaşlı Araplar,140000.0,0,2024-10-16
976356112,2024-10-16,Elazığ,Kum,1200,175000.0,4 Yaşlı Araplar,ŞARTLI 5 /DHT,Elazığ,Kum,4 Yaşlı Araplar,175000.0,0,2024-10-16
42880446,2024-10-16,Elazığ,Kum,1900,88000.0,4 ve Yukarı Araplar,ŞARTLI 2 /DHÖW/D,Elazığ,Kum,4 ve Yukarı Araplar,88000.0,0,2024-10-16
724579828,2024-10-17,Ankara,Çim,2400,280000.0,3 Yaşlı İngilizler,Handikap 16 /H1,Ankara,Çim,3 Yaşlı İngilizler,280000.0,0,2024-10-17
410029896,2024-10-17,Ankara,Kum,2000,236500.0,3 ve Yukarı İngilizler,ŞARTLI 4 /,Ankara,Kum,3 ve Yukarı İngilizler,236500.0,0,2024-10-17
609960401,2024-10-17,Ankara,Kum,1200,236500.0,3 ve Yukarı İngilizler,Handikap 15 /H1,Ankara,Kum,3 ve Yukarı İngilizler,236500.0,0,2024-10-17
336830144,2024-10-17,Ankara,Çim,1900,280000.0,3 ve Yukarı İngilizler,Handikap 16 /H1/D,Ankara,Çim,3 ve Yukarı İngilizler,280000.0,0,2024-10-17
339577781,2024-10-17,Ankara,Çim,1300,240000.0,3 Yaşlı Araplar,Maiden /DHÖW,Ankara,Çim,3 Yaşlı Araplar,240000.0,0,2024-10-17
328292289,2024-10-17,Ankara,Kum,1200,186500.0,3 Yaşlı Araplar,ŞARTLI 3 /DHÖW,Ankara,Kum,3 Yaşlı Araplar,186500.0,0,2024-10-17
9697556,2024-10-17,Ankara,Çim,2200,328000.0,4 ve Yukarı Araplar,KV-6 /DHÖW/D,Ankara,Çim,4 ve Yukarı Araplar,328000.0,0,2024-10-17
736295811,2024-10-17,Ankara,Kum,1500,313000.0,4 ve Yukarı Araplar,Handikap 17 /DHT/H1,Ankara,Kum,4 ve Yukarı Araplar,313000.0,0,2024-10-17
973567780,2024-10-17,İzmir,Çim,1200,217000.0,2 Yaşlı İngilizler,Maiden /,İzmir,Çim,2 Yaşlı İngilizler,217000.0,0,2024-10-17
452986990,2024-10-17,İzmir,Kum,1400,163000.0,2 Yaşlı İngilizler,ŞARTLI 3 /D,İzmir,Kum,2 Yaşlı İngilizler,163000.0,0,2024-10-17
742721222,2024-10-17,İzmir,Çim,1300,331000.0,3 Yaşlı İngilizler,KV-7 /,İzmir,Çim,3 Yaşlı İngilizler,331000.0,0,2024-10-17
580433030,2024-10-17,İzmir,Çim,1800,192000.0,3 ve Yukarı İngilizler,ŞARTLI 4 /,İzmir,Çim,3 ve Yukarı İngilizler,192000.0,0,2024-10-17
118335613,2024-10-17,İzmir,Çim,1700,240000.0,3 ve Yukarı İngilizler,Handikap 16 /H2/D,İzmir,Çim,3 ve Yukarı İngilizler,240000.0,0,2024-10-17
961320493,2024-10-17,İzmir,Çim,1200,163000.0,3 Yaşlı Araplar,ŞARTLI 3 /DHÖW/TR,İzmir,Çim,3 Yaşlı Araplar,163000.0,0,2024-10-17
351458245,2024-10-17,İzmir,Çim,2000,192000.0,4 Yaşlı Araplar,ŞARTLI 4 /DHÖ,İzmir,Çim,4 Yaşlı Araplar,192000.0,0,2024-10-17
191131416,2024-10-17,İzmir,Çim,1800,192000.0,4 ve Yukarı Araplar,Handikap 15 /DHÖW/H2/Y-2,İzmir,Çim,4 ve Yukarı Araplar,192000.0,0,2024-10-17
747256966,2024-10-18,Bursa,Çim,1500,285000.0,2 Yaşlı İngilizler,KV-6 /D,Bursa,Çim,2 Yaşlı İngilizler,285000.0,0,2024-10-18
840708347,2024-10-18,Bursa,Kum,1800,163000.0,3 Yaşlı İngilizler,ŞARTLI 3 /,Bursa,Kum,3 Yaşlı İngilizler,163000.0,0,2024-10-18
185933093,2024-10-18,Bursa,Çim,1500,240000.0,3 ve Yukarı İngilizler,ŞARTLI 5 /Y-2,Bursa,Çim,3 ve Yukarı İngilizler,240000.0,0,2024-10-18
207106259,2024-10-18,Bursa,Çim,2000,240000.0,3 ve Yukarı İngilizler,Handikap 16 /H2,Bursa,Çim,3 ve Yukarı İngilizler,240000.0,0,2024-10-18
885622012,2024-10-18,Bursa,Kum,1300,217000.0,3 Yaşlı Araplar,Maiden /DHÖW/D,Bursa,Kum,3 Yaşlı Araplar,217000.0,0,2024-10-18
898783839,2024-10-18,Bursa,Çim,1500,192000.0,4 Yaşlı Araplar,ŞARTLI 4 /DHÖW,Bursa,Çim,4 Yaşlı Araplar,192000.0,0,2024-10-18
146199927,2024-10-18,Bursa,Çim,1200,240000.0,4 ve Yukarı Araplar,ŞARTLI 5 /DHT/D,Bursa,Çim,4 ve Yukarı Araplar,240000.0,0,2024-10-18
17306488,2024-10-18,Bursa,Çim,1800,240000.0,4 ve Yukarı Araplar,Handikap 16 /DHÖW/H2,Bursa,Çim,4 ve Yukarı Araplar,240000.0,0,2024-10-18
109877034,2024-10-18,İstanbul,Çim,1400,320000.0,2 Yaşlı İngilizler,ŞARTLI 1 /,İstanbul,Çim,2 Yaşlı İngilizler,320000.0,0,2024-10-18
59234193,2024-10-18,İstanbul,Çim,1200,236500.0,2 Yaşlı İngilizler,Handikap 15 /H2,İstanbul,Çim,2 Yaşlı İngilizler,236500.0,0,2024-10-18
29900893,2024-10-18,İstanbul,Sentetik,2000,313000.0,3 Yaşlı İngilizler,Handikap 17 /H1,İstanbul,Sentetik,3 Yaşlı İngilizler,313000.0,0,2024-10-18
284027024,2024-10-18,İstanbul,Çim,1400,390000.0,3 ve Yukarı İngilizler,KV-7 /,İstanbul,Çim,3 ve Yukarı İngilizler,390000.0,0,2024-10-18
546695111,2024-10-18,İstanbul,Çim,2200,313000.0,3 ve Yukarı İngilizler,Handikap 17 /H1/D,İstanbul,Çim,3 ve Yukarı İngilizler,313000.0,0,2024-10-18
86943093,2024-10-18,İstanbul,Çim,1200,453000.0,3 ve Yukarı İngilizler,Kısa Vade Handikap 24 /H1,İstanbul,Çim,3 ve Yukarı İngilizler,453000.0,0,2024-10-18
305329854,2024-10-18,İstanbul,Çim,1400,328000.0,4 Yaşlı Araplar,KV-6 /DHÖW,İstanbul,Çim,4 Yaşlı Araplar,328000.0,0,2024-10-18
774507460,2024-10-18,İstanbul,Çim,2100,253000.0,4 ve Yukarı Araplar,SATIŞ 3 /DHÖW,İstanbul,Çim,4 ve Yukarı Araplar,253000.0,0,2024-10-18
46996061,2024-10-18,İstanbul,Sentetik,2000,280000.0,4 ve Yukarı Araplar,Handikap 16 /DHÖW/H1/D,İstanbul,Sentetik,4 ve Yukarı Araplar,280000.0,0,2024-10-18
107401032,2024-10-18,Şanlıurfa,Kum,1400,140000.0,2 Yaşlı İngilizler,ŞARTLI 4,Şanlıurfa,Kum,2 Yaşlı İngilizler,140000.0,0,2024-10-18
302466412,2024-10-18,Şanlıurfa,Kum,1400,114500.0,3 Yaşlı İngilizler,Handikap 14 /H3,Şanlıurfa,Kum,3 Yaşlı İngilizler,114500.0,0,2024-10-18
782976948,2024-10-18,Şanlıurfa,Kum,2000,114500.0,3 ve Yukarı İngilizler,Handikap 14 /H3,Şanlıurfa,Kum,3 ve Yukarı İngilizler,114500.0,0,2024-10-18
941818619,2024-10-18,Şanlıurfa,Kum,1400,160000.0,3 Yaşlı Araplar,ŞARTLI 19 /DHÖW,Şanlıurfa,Kum,3 Yaşlı Araplar,160000.0,0,2024-10-18
155452732,2024-10-18,Şanlıurfa,Kum,1400,88000.0,4 Yaşlı Araplar,ŞARTLI 2 /DHÖW,Şanlıurfa,Kum,4 Yaşlı Araplar,88000.0,0,2024-10-18
239675719,2024-10-18,Şanlıurfa,Kum,2100,114500.0,4 ve Yukarı Araplar,Handikap 14 /DHÖW/H3,Şanlıurfa,Kum,4 ve Yukarı Araplar,114500.0,0,2024-10-18
111523428,2024-10-19,Ankara,Kum,1500,240000.0,2 Yaşlı İngilizler,Maiden /,Ankara,Kum,2 Yaşlı İngilizler,240000.0,0,2024-10-19
641619907,2024-10-19,Ankara,Kum,1400,328000.0,2 Yaşlı İngilizler,KV-6 /D,Ankara,Kum,2 Yaşlı İngilizler,328000.0,0,2024-10-19
815452880,2024-10-19,Ankara,Kum,1500,240000.0,3 Yaşlı İngilizler,ŞARTLI 19 /,Ankara,Kum,3 Yaşlı İngilizler,240000.0,0,2024-10-19
316239676,2024-10-19,Ankara,Kum,1300,280000.0,3 ve Yukarı İngilizler,ŞARTLI 5 /,Ankara,Kum,3 ve Yukarı İngilizler,280000.0,0,2024-10-19
129465787,2024-10-19,Ankara,Çim,1900,236500.0,3 ve Yukarı İngilizler,Handikap 15 /H1,Ankara,Çim,3 ve Yukarı İngilizler,236500.0,0,2024-10-19
621309431,2024-10-19,Ankara,Kum,1400,1950000.0,3 Yaşlı Araplar,G 1 /DHT,Ankara,Kum,3 Yaşlı Araplar,1950000.0,0,2024-10-19
946081503,2024-10-19,Ankara,Çim,1600,236500.0,3 Yaşlı Araplar,Handikap 15 /DHÖ/H2/D,Ankara,Çim,3 Yaşlı Araplar,236500.0,0,2024-10-19
389206755,2024-10-19,Ankara,Kum,1300,236500.0,4 ve Yukarı Araplar,ŞARTLI 4 /DHÖ,Ankara,Kum,4 ve Yukarı Araplar,236500.0,0,2024-10-19
210113010,2024-10-19,Ankara,Çim,2200,313000.0,4 ve Yukarı Araplar,Handikap 17 /DHÖW/H1,Ankara,Çim,4 ve Yukarı Araplar,313000.0,0,2024-10-19
704125262,2024-10-19,İzmir,Çim,1200,192000.0,2 Yaşlı İngilizler,ŞARTLI 4 /,İzmir,Çim,2 Yaşlı İngilizler,192000.0,0,2024-10-19
170314035,2024-10-19,İzmir,Çim,2000,384000.0,3 Yaşlı İngilizler,KV-8 /,İzmir,Çim,3 Yaşlı İngilizler,384000.0,0,2024-10-19
213451156,2024-10-19,İzmir,Kum,2100,192000.0,3 Yaşlı İngilizler,ŞARTLI 4 /D,İzmir,Kum,3 Yaşlı İngilizler,192000.0,0,2024-10-19
856128126,2024-10-19,İzmir,Çim,2000,192000.0,3 ve Yukarı İngilizler,Handikap 15 /H2,İzmir,Çim,3 ve Yukarı İngilizler,192000.0,0,2024-10-19
886086667,2024-10-19,İzmir,Kum,1200,217000.0,3 Yaşlı Araplar,Maiden /DHÖW,İzmir,Kum,3 Yaşlı Araplar,217000.0,0,2024-10-19
779194780,2024-10-19,İzmir,Çim,1200,384000.0,3 Yaşlı Araplar,KV-8 /DHT,İzmir,Çim,3 Yaşlı Araplar,384000.0,0,2024-10-19
900758545,2024-10-19,İzmir,Çim,1300,192000.0,4 Yaşlı Araplar,Handikap 15 /DHÖW/H2,İzmir,Çim,4 Yaşlı Araplar,192000.0,0,2024-10-19
829317524,2024-10-19,İzmir,Çim,2400,240000.0,4 ve Yukarı Araplar,ŞARTLI 5 /DHÖ,İzmir,Çim,4 ve Yukarı Araplar,240000.0,0,2024-10-19
391264527,2024-10-19,Diyarbakır,Kum,1200,160000.0,2 Yaşlı İngilizler,ŞARTLI 19 /D,Diyarbakır,Kum,2 Yaşlı İngilizler,160000.0,0,2024-10-19
298389381,2024-10-19,Diyarbakır,Kum,1200,238000.0,3 Yaşlı İngilizler,KV-7 /,Diyarbakır,Kum,3 Yaşlı İngilizler,238000.0,0,2024-10-19
495154765,2024-10-19,Diyarbakır,Kum,2000,175000.0,3 ve Yukarı İngilizler,ŞARTLI 5 /Y-2,Diyarbakır,Kum,3 ve Yukarı İngilizler,175000.0,0,2024-10-19
173011069,2024-10-19,Diyarbakır,Kum,1200,82000.0,3 ve Yukarı İngilizler,Handikap 13 /H3,Diyarbakır,Kum,3 ve Yukarı İngilizler,82000.0,0,2024-10-19
812763805,2024-10-19,Diyarbakır,Kum,1200,140000.0,3 Yaşlı Araplar,Handikap 15 /DHÖ/H3,Diyarbakır,Kum,3 Yaşlı Araplar,140000.0,0,2024-10-19
610280070,2024-10-19,Diyarbakır,Kum,1800,140000.0,4 ve Yukarı Araplar,Handikap 15 /DHÖW/H3,Diyarbakır,Kum,4 ve Yukarı Araplar,140000.0,0,2024-10-19
702293605,2024-10-20,İstanbul,Çim,1600,240000.0,2 Yaşlı İngilizler,Maiden /,İstanbul,Çim,2 Yaşlı İngilizler,240000.0,0,2024-10-20
980224554,2024-10-20,İstanbul,Sentetik,1300,236500.0,2 Yaşlı İngilizler,ŞARTLI 4 /,İstanbul,Sentetik,2 Yaşlı İngilizler,236500.0,0,2024-10-20
363799340,2024-10-20,İstanbul,Çim,1600,980000.0,3 Yaşlı İngilizler,G 3 /D,İstanbul,Çim,3 Yaşlı İngilizler,980000.0,0,2024-10-20
73825191,2024-10-20,İstanbul,Çim,1400,236500.0,3 Yaşlı İngilizler,ŞARTLI 4 /,İstanbul,Çim,3 Yaşlı İngilizler,236500.0,0,2024-10-20
998148829,2024-10-20,İstanbul,Sentetik,1400,390000.0,3 ve Yukarı İngilizler,Kısa Vade Handikap 22 /H1,İstanbul,Sentetik,3 ve Yukarı İngilizler,390000.0,0,2024-10-20
750054034,2024-10-20,İstanbul,Sentetik,1300,236500.0,3 Yaşlı Araplar,Handikap 15 /DHÖW/H2,İstanbul,Sentetik,3 Yaşlı Araplar,236500.0,0,2024-10-20
569614485,2024-10-20,İstanbul,Çim,2400,280000.0,4 Yaşlı Araplar,Handikap 16 /DHÖW/H1,İstanbul,Çim,4 Yaşlı Araplar,280000.0,0,2024-10-20
329736406,2024-10-20,İstanbul,Sentetik,1500,1950000.0,4 ve Yukarı Araplar,G 1 /DHT,İstanbul,Sentetik,4 ve Yukarı Araplar,1950000.0,0,2024-10-20
112724830,2024-10-20,İstanbul,Sentetik,1400,236500.0,4 ve Yukarı Araplar,Handikap 15 /DHÖW/H1,İstanbul,Sentetik,4 ve Yukarı Araplar,236500.0,0,2024-10-20
769315097,2024-10-20,Adana,Çim,1300,273000.0,2 Yaşlı İngilizler,ŞARTLI 1 /,Adana,Çim,2 Yaşlı İngilizler,273000.0,0,2024-10-20
53083092,2024-10-20,Adana,Çim,1200,240000.0,2 Yaşlı İngilizler,ŞARTLI 5 /D,Adana,Çim,2 Yaşlı İngilizler,240000.0,0,2024-10-20
303170270,2024-10-20,Adana,Çim,1300,192000.0,3 Yaşlı İngilizler,Handikap 15 /H2,Adana,Çim,3 Yaşlı İngilizler,192000.0,0,2024-10-20
818279709,2024-10-20,Adana,Çim,2100,192000.0,3 ve Yukarı İngilizler,ŞARTLI 4 /Y-2/D,Adana,Çim,3 ve Yukarı İngilizler,192000.0,0,2024-10-20
610827341,2024-10-20,Adana,Kum,1400,192000.0,3 Yaşlı Araplar,Handikap 15 /DHÖW/H2,Adana,Kum,3 Yaşlı Araplar,192000.0,0,2024-10-20
475324487,2024-10-20,Adana,Kum,2000,240000.0,4 Yaşlı Araplar,Handikap 16 /DHÖW/H2,Adana,Kum,4 Yaşlı Araplar,240000.0,0,2024-10-20
426879306,2024-10-20,Adana,Çim,2000,240000.0,4 ve Yukarı Araplar,ŞARTLI 5 /DHÖW,Adana,Çim,4 ve Yukarı Araplar,240000.0,0,2024-10-20
15967753,2024-10-20,Adana,Kum,1400,192000.0,4 ve Yukarı Araplar,Handikap 15 /DHÖ/H2/D,Adana,Kum,4 ve Yukarı Araplar,192000.0,0,2024-10-20
110508104,2024-10-21,Bursa,Kum,1200,384000.0,2 Yaşlı İngilizler,KV-8 /,Bursa,Kum,2 Yaşlı İngilizler,384000.0,0,2024-10-21
75740315,2024-10-21,Bursa,Kum,1400,163000.0,2 Yaşlı İngilizler,ŞARTLI 3 /TR,Bursa,Kum,2 Yaşlı İngilizler,163000.0,0,2024-10-21
969204128,2024-10-21,Bursa,Çim,2200,163000.0,3 Yaşlı İngilizler,ŞARTLI 3 /D,Bursa,Çim,3 Yaşlı İngilizler,163000.0,0,2024-10-21
753023573,2024-10-21,Bursa,Kum,1400,240000.0,3 ve Yukarı İngilizler,ŞARTLI 5 /,Bursa,Kum,3 ve Yukarı İngilizler,240000.0,0,2024-10-21
837767284,2024-10-21,Bursa,Çim,1400,192000.0,3 ve Yukarı İngilizler,Handikap 15 /H2,Bursa,Çim,3 ve Yukarı İngilizler,192000.0,0,2024-10-21
107029228,2024-10-21,Bursa,Çim,1400,217000.0,3 Yaşlı Araplar,Maiden /DHÖW,Bursa,Çim,3 Yaşlı Araplar,217000.0,0,2024-10-21
273603236,2024-10-21,Bursa,Çim,2400,240000.0,4 ve Yukarı Araplar,ŞARTLI 5 /DHÖW,Bursa,Çim,4 ve Yukarı Araplar,240000.0,0,2024-10-21
873680005,2024-10-21,Bursa,Kum,1400,240000.0,4 ve Yukarı Araplar,Handikap 16 /DHÖW/H2/Y-2,Bursa,Kum,4 ve Yukarı Araplar,240000.0,0,2024-10-21
951887203,2024-10-21,Elazığ,Kum,1600,160000.0,2 Yaşlı İngilizler,Maiden /D,Elazığ,Kum,2 Yaşlı İngilizler,160000.0,0,2024-10-21
663847864,2024-10-21,Elazığ,Kum,1500,114500.0,2 Yaşlı İngilizler,Handikap 14 /H3,Elazığ,Kum,2 Yaşlı İngilizler,114500.0,0,2024-10-21
772863781,2024-10-21,Elazığ,Kum,1900,114500.0,3 Yaşlı İngilizler,ŞARTLI 3 /,Elazığ,Kum,3 Yaşlı İngilizler,114500.0,0,2024-10-21
446427553,2024-10-21,Elazığ,Kum,1900,175000.0,3 ve Yukarı İngilizler,Handikap 16 /H3,Elazığ,Kum,3 ve Yukarı İngilizler,175000.0,0,2024-10-21
407475022,2024-10-21,Elazığ,Kum,1600,140000.0,3 Yaşlı Araplar,ŞARTLI 4 /DHÖW,Elazığ,Kum,3 Yaşlı Araplar,140000.0,0,2024-10-21
638342084,2024-10-21,Elazığ,Kum,1900,175000.0,4 ve Yukarı Araplar,ŞARTLI 5 /DHÖW/Y-1,Elazığ,Kum,4 ve Yukarı Araplar,175000.0,0,2024-10-21
875728560,2024-10-21,Elazığ,Kum,2000,82000.0,4 ve Yukarı Araplar,Handikap 13 /DHÖW/H3,Elazığ,Kum,4 ve Yukarı Araplar,82000.0,0,2024-10-21
114579714,2024-10-22,Adana,Kum,1400,217000.0,2 Yaşlı İngilizler,Maiden /,Adana,Kum,2 Yaşlı İngilizler,217000.0,0,2024-10-22
927952665,2024-10-22,Adana,Çim,1300,163000.0,3 Yaşlı İngilizler,ŞARTLI 3 /,Adana,Çim,3 Yaşlı İngilizler,163000.0,0,2024-10-22
404677961,2024-10-22,Adana,Kum,1200,240000.0,3 Yaşlı İngilizler,Handikap 16 /H2,Adana,Kum,3 Yaşlı İngilizler,240000.0,0,2024-10-22
240990535,2024-10-22,Adana,Çim,1900,240000.0,3 ve Yukarı İngilizler,ŞARTLI 5 /,Adana,Çim,3 ve Yukarı İngilizler,240000.0,0,2024-10-22
997887547,2024-10-22,Adana,Kum,2000,274000.0,3 ve Yukarı İngilizler,Handikap 17 /H2,Adana,Kum,3 ve Yukarı İngilizler,274000.0,0,2024-10-22
474096148,2024-10-22,Adana,Çim,1300,177000.0,3 Yaşlı Araplar,SATIŞ 2 /DHÖW,Adana,Çim,3 Yaşlı Araplar,177000.0,0,2024-10-22
302475319,2024-10-22,Adana,Çim,1300,163000.0,3 Yaşlı Araplar,Handikap 14 /DHÖW/H2/D,Adana,Çim,3 Yaşlı Araplar,163000.0,0,2024-10-22
252429991,2024-10-22,Adana,Kum,2200,192000.0,4 ve Yukarı Araplar,Handikap 15 /DHÖ/H2,Adana,Kum,4 ve Yukarı Araplar,192000.0,0,2024-10-22
66024383,2024-10-22,Kocaeli,Kum,1200,163000.0,2 Yaşlı İngilizler,ŞARTLI 3 /D,Kocaeli,Kum,2 Yaşlı İngilizler,163000.0,0,2024-10-22
231030165,2024-10-22,Kocaeli,Kum,2000,192000.0,3 ve Yukarı İngilizler,ŞARTLI 4 /,Kocaeli,Kum,3 ve Yukarı İngilizler,192000.0,0,2024-10-22
734840803,2024-10-22,Kocaeli,Kum,1500,192000.0,3 ve Yukarı İngilizler,Handikap 15 /H2,Kocaeli,Kum,3 ve Yukarı İngilizler,192000.0,0,2024-10-22
36017930,2024-10-22,Kocaeli,Kum,1200,217000.0,3 Yaşlı Araplar,Maiden /DHÖW,Kocaeli,Kum,3 Yaşlı Araplar,217000.0,0,2024-10-22
739127766,2024-10-22,Kocaeli,Kum,1200,240000.0,3 Yaşlı Araplar,ŞARTLI 5 /DHÖW,Kocaeli,Kum,3 Yaşlı Araplar,240000.0,0,2024-10-22
140149834,2024-10-22,Kocaeli,Kum,1800,192000.0,4 Yaşlı Araplar,ŞARTLI 4 /DHÖW/D,Kocaeli,Kum,4 Yaşlı Araplar,192000.0,0,2024-10-22
158661986,2024-10-22,Kocaeli,Kum,1500,192000.0,4 ve Yukarı Araplar,ŞARTLI 4 /DHÖW,Kocaeli,Kum,4 ve Yukarı Araplar,192000.0,0,2024-10-22
55482887,2024-10-22,Kocaeli,Kum,1900,163000.0,4 ve Yukarı Araplar,Handikap 14 /DHÖW/H2,Kocaeli,Kum,4 ve Yukarı Araplar,163000.0,0,2024-10-22
912125243,2024-10-23,İstanbul,Çim,1900,240000.0,3 Yaşlı İngilizler,ŞARTLI 19 /,İstanbul,Çim,3 Yaşlı İngilizler,240000.0,0,2024-10-23
24545779,2024-10-23,İstanbul,Çim,1400,280000.0,3 Yaşlı İngilizler,Handikap 16 /H1/D,İstanbul,Çim,3 Yaşlı İngilizler,280000.0,0,2024-10-23
661881334,2024-10-23,İstanbul,Sentetik,1500,236500.0,3 ve Yukarı İngilizler,ŞARTLI 4 /,İstanbul,Sentetik,3 ve Yukarı İngilizler,236500.0,0,2024-10-23
296654263,2024-10-23,İstanbul,Sentetik,2100,280000.0,3 ve Yukarı İngilizler,Handikap 16 /H1,İstanbul,Sentetik,3 ve Yukarı İngilizler,280000.0,0,2024-10-23
223813172,2024-10-23,İstanbul,Sentetik,1400,240000.0,3 Yaşlı Araplar,Maiden /DHÖW/D,İstanbul,Sentetik,3 Yaşlı Araplar,240000.0,0,2024-10-23
1063736,2024-10-23,İstanbul,Çim,1600,253000.0,3 Yaşlı Araplar,SATIŞ 3 /DHÖW,İstanbul,Çim,3 Yaşlı Araplar,253000.0,0,2024-10-23
959538809,2024-10-23,İstanbul,Çim,1900,390000.0,4 Yaşlı Araplar,KV-7 /DHÖ,İstanbul,Çim,4 Yaşlı Araplar,390000.0,0,2024-10-23
766868481,2024-10-23,İstanbul,Sentetik,1400,280000.0,4 ve Yukarı Araplar,ŞARTLI 5 /DHÖW,İstanbul,Sentetik,4 ve Yukarı Araplar,280000.0,0,2024-10-23
689256347,2024-10-23,Elazığ,Kum,1600,114500.0,2 Yaşlı İngilizler,ŞARTLI 3 /D,Elazığ,Kum,2 Yaşlı İngilizler,114500.0,0,2024-10-23
581341099,2024-10-23,Elazığ,Kum,1200,114500.0,3 Yaşlı İngilizler,ŞARTLI 3 /,Elazığ,Kum,3 Yaşlı İngilizler,114500.0,0,2024-10-23
620833525,2024-10-23,Elazığ,Kum,1900,114500.0,3 ve Yukarı İngilizler,ŞARTLI 3 /,Elazığ,Kum,3 ve Yukarı İngilizler,114500.0,0,2024-10-23
868978697,2024-10-23,Elazığ,Kum,1600,160000.0,3 Yaşlı Araplar,Maiden /DHÖW/D,Elazığ,Kum,3 Yaşlı Araplar,160000.0,0,2024-10-23
163268526,2024-10-23,Elazığ,Kum,1700,114500.0,4 Yaşlı Araplar,ŞARTLI 3 /DHÖ/D,Elazığ,Kum,4 Yaşlı Araplar,114500.0,0,2024-10-23
870874413,2024-10-23,Elazığ,Kum,1600,114500.0,4 ve Yukarı Araplar,Handikap 14 /DHÖW/H3,Elazığ,Kum,4 ve Yukarı Araplar,114500.0,0,2024-10-23
774342833,2024-10-24,Ankara,Çim,1400,240000.0,2 Yaşlı İngilizler,Maiden /,Ankara,Çim,2 Yaşlı İngilizler,240000.0,0,2024-10-24
433808965,2024-10-24,Ankara,Çim,1600,236500.0,2 Yaşlı İngilizler,Handikap 15 /H2,Ankara,Çim,2 Yaşlı İngilizler,236500.0,0,2024-10-24
154764298,2024-10-24,Ankara,Çim,1900,253000.0,3 Yaşlı İngilizler,SATIŞ 3 /,Ankara,Çim,3 Yaşlı İngilizler,253000.0,0,2024-10-24
436517929,2024-10-24,Ankara,Çim,1600,186500.0,3 Yaşlı İngilizler,Handikap 14 /H1,Ankara,Çim,3 Yaşlı İngilizler,186500.0,0,2024-10-24
256988237,2024-10-24,Ankara,Kum,2000,1400000.0,3 ve Yukarı İngilizler,G 2 /D,Ankara,Kum,3 ve Yukarı İngilizler,1400000.0,0,2024-10-24
734962683,2024-10-24,Ankara,Çim,1600,280000.0,3 ve Yukarı İngilizler,ŞARTLI 5 /,Ankara,Çim,3 ve Yukarı İngilizler,280000.0,0,2024-10-24
334881989,2024-10-24,Ankara,Kum,2000,280000.0,3 ve Yukarı İngilizler,Handikap 16 /H1,Ankara,Kum,3 ve Yukarı İngilizler,280000.0,0,2024-10-24
703572166,2024-10-24,Ankara,Çim,1400,280000.0,3 Yaşlı Araplar,ŞARTLI 5 /DHÖW,Ankara,Çim,3 Yaşlı Araplar,280000.0,0,2024-10-24
836447445,2024-10-24,Ankara,Çim,1900,280000.0,4 ve Yukarı Araplar,ŞARTLI 5 /DHÖW,Ankara,Çim,4 ve Yukarı Araplar,280000.0,0,2024-10-24
454022875,2024-10-24,İzmir,Çim,1200,273000.0,2 Yaşlı İngilizler,ŞARTLI 1 /,İzmir,Çim,2 Yaşlı İngilizler,273000.0,0,2024-10-24
878160207,2024-10-24,İzmir,Çim,1200,192000.0,2 Yaşlı İngilizler,Handikap 15 /H2,İzmir,Çim,2 Yaşlı İngilizler,192000.0,0,2024-10-24
374198787,2024-10-24,İzmir,Çim,1900,192000.0,3 Yaşlı İngilizler,Handikap 15 /H2,İzmir,Çim,3 Yaşlı İngilizler,192000.0,0,2024-10-24
816634389,2024-10-24,İzmir,Kum,1600,240000.0,3 ve Yukarı İngilizler,ŞARTLI 5 /,İzmir,Kum,3 ve Yukarı İngilizler,240000.0,0,2024-10-24
289081888,2024-10-24,İzmir,Kum,1200,163000.0,3 Yaşlı Araplar,Handikap 14 /DHT/H2,İzmir,Kum,3 Yaşlı Araplar,163000.0,0,2024-10-24
14287441,2024-10-24,İzmir,Çim,1900,240000.0,4 Yaşlı Araplar,Handikap 16 /DHÖW/H2/D,İzmir,Çim,4 Yaşlı Araplar,240000.0,0,2024-10-24
153941533,2024-10-24,İzmir,Kum,1400,331000.0,4 ve Yukarı Araplar,KV-7 /DHÖW,İzmir,Kum,4 ve Yukarı Araplar,331000.0,0,2024-10-24
980492509,2024-10-24,İzmir,Çim,1300,240000.0,4 ve Yukarı Araplar,Handikap 16 /DHÖW/H2,İzmir,Çim,4 ve Yukarı Araplar,240000.0,0,2024-10-24
716805687,2024-10-25,Bursa,Kum,1400,217000.0,2 Yaşlı İngilizler,Maiden /,Bursa,Kum,2 Yaşlı İngilizler,217000.0,0,2024-10-25
855052611,2024-10-25,Bursa,Çim,1300,192000.0,2 Yaşlı İngilizler,Handikap 15 /H2,Bursa,Çim,2 Yaşlı İngilizler,192000.0,0,2024-10-25
461606370,2024-10-25,Bursa,Çim,1400,217000.0,3 Yaşlı İngilizler,ŞARTLI 19 /,Bursa,Çim,3 Yaşlı İngilizler,217000.0,0,2024-10-25
548298889,2024-10-25,Bursa,Çim,1400,192000.0,3 ve Yukarı İngilizler,ŞARTLI 4 /D,Bursa,Çim,3 ve Yukarı İngilizler,192000.0,0,2024-10-25
626866090,2024-10-25,Bursa,Kum,2000,274000.0,3 ve Yukarı İngilizler,Handikap 17 /H2,Bursa,Kum,3 ve Yukarı İngilizler,274000.0,0,2024-10-25
182079796,2024-10-25,Bursa,Çim,1300,285000.0,3 Yaşlı Araplar,KV-6 /DHT,Bursa,Çim,3 Yaşlı Araplar,285000.0,0,2024-10-25
847657307,2024-10-25,Bursa,Çim,1400,192000.0,4 ve Yukarı Araplar,ŞARTLI 4 /DHÖW/Y-1,Bursa,Çim,4 ve Yukarı Araplar,192000.0,0,2024-10-25
783044924,2024-10-25,Bursa,Kum,2100,240000.0,4 ve Yukarı Araplar,Handikap 16 /DHÖW/H2,Bursa,Kum,4 ve Yukarı Araplar,240000.0,0,2024-10-25
769704047,2024-10-25,İstanbul,Sentetik,1500,545000.0,2 Yaşlı İngilizler,KV-9 /,İstanbul,Sentetik,2 Yaşlı İngilizler,545000.0,0,2024-10-25
25594092,2024-10-25,İstanbul,Çim,1600,390000.0,2 Yaşlı İngilizler,KV-7 /D,İstanbul,Çim,2 Yaşlı İngilizler,390000.0,0,2024-10-25
691200847,2024-10-25,İstanbul,Sentetik,1500,180000.0,3 ve Yukarı İngilizler,SATIŞ 1 /,İstanbul,Sentetik,3 ve Yukarı İngilizler,180000.0,0,2024-10-25
172493919,2024-10-25,İstanbul,Sentetik,2100,236500.0,3 ve Yukarı İngilizler,Handikap 15 /H1/D,İstanbul,Sentetik,3 ve Yukarı İngilizler,236500.0,0,2024-10-25
76848700,2024-10-25,İstanbul,Çim,1200,240000.0,3 Yaşlı Araplar,Maiden /DHÖW,İstanbul,Çim,3 Yaşlı Araplar,240000.0,0,2024-10-25
885672153,2024-10-25,İstanbul,Çim,1400,280000.0,3 Yaşlı Araplar,ŞARTLI 5 /DHÖW,İstanbul,Çim,3 Yaşlı Araplar,280000.0,0,2024-10-25
471444883,2024-10-25,İstanbul,Çim,1600,186500.0,4 ve Yukarı Araplar,ŞARTLI 3 /DHÖW,İstanbul,Çim,4 ve Yukarı Araplar,186500.0,0,2024-10-25
789795642,2024-10-25,İstanbul,Çim,1900,390000.0,4 ve Yukarı Araplar,Kısa Vade Handikap 22 /DHÖW/H1,İstanbul,Çim,4 ve Yukarı Araplar,390000.0,0,2024-10-25
365523785,2024-10-25,Şanlıurfa,Kum,1300,160000.0,2 Yaşlı İngilizler,ŞARTLI 19 /,Şanlıurfa,Kum,2 Yaşlı İngilizler,160000.0,0,2024-10-25
126204961,2024-10-25,Şanlıurfa,Kum,1700,88000.0,3 Yaşlı İngilizler,ŞARTLI 2 /D,Şanlıurfa,Kum,3 Yaşlı İngilizler,88000.0,0,2024-10-25
220912451,2024-10-25,Şanlıurfa,Kum,1200,140000.0,3 ve Yukarı İngilizler,Handikap 15 /H3,Şanlıurfa,Kum,3 ve Yukarı İngilizler,140000.0,0,2024-10-25
379967931,2024-10-25,Şanlıurfa,Kum,1400,140000.0,3 Yaşlı Araplar,ŞARTLI 4 /DHÖW,Şanlıurfa,Kum,3 Yaşlı Araplar,140000.0,0,2024-10-25
528171965,2024-10-25,Şanlıurfa,Kum,1300,140000.0,4 ve Yukarı Araplar,ŞARTLI 4 /DHÖW/D,Şanlıurfa,Kum,4 ve Yukarı Araplar,140000.0,0,2024-10-25
143429578,2024-10-25,Şanlıurfa,Kum,1400,140000.0,4 ve Yukarı Araplar,Handikap 15 /DHÖ/H3,Şanlıurfa,Kum,4 ve Yukarı Araplar,140000.0,0,2024-10-25
651212998,2024-10-26,Ankara,Çim,1400,240000.0,2 Yaşlı İngilizler,Maiden /D,Ankara,Çim,2 Yaşlı İngilizler,240000.0,0,2024-10-26
962116746,2024-10-26,Ankara,Kum,1500,1400000.0,2 Yaşlı İngilizler,G 2 /,Ankara,Kum,2 Yaşlı İngilizler,1400000.0,0,2024-10-26
936254850,2024-10-26,Ankara,Çim,1400,328000.0,3 Yaşlı İngilizler,KV-6 /,Ankara,Çim,3 Yaşlı İngilizler,328000.0,0,2024-10-26
872805445,2024-10-26,Ankara,Kum,1500,1950000.0,3 ve Yukarı İngilizler,G 1 /,Ankara,Kum,3 ve Yukarı İngilizler,1950000.0,0,2024-10-26
313582951,2024-10-26,Ankara,Kum,2000,236500.0,3 ve Yukarı İngilizler,ŞARTLI 4 /D,Ankara,Kum,3 ve Yukarı İngilizler,236500.0,0,2024-10-26
869084212,2024-10-26,Ankara,Çim,1400,390000.0,3 ve Yukarı İngilizler,Kısa Vade Handikap 22 /H1,Ankara,Çim,3 ve Yukarı İngilizler,390000.0,0,2024-10-26
587802417,2024-10-26,Ankara,Çim,1300,186500.0,3 Yaşlı Araplar,Handikap 14 /DHÖW/H2,Ankara,Çim,3 Yaşlı Araplar,186500.0,0,2024-10-26
732629708,2024-10-26,Ankara,Çim,1400,236500.0,4 Yaşlı Araplar,ŞARTLI 4 /DHT,Ankara,Çim,4 Yaşlı Araplar,236500.0,0,2024-10-26
511371051,2024-10-26,Ankara,Kum,2100,328000.0,4 ve Yukarı Araplar,KV-6 /DHÖW,Ankara,Kum,4 ve Yukarı Araplar,328000.0,0,2024-10-26
173226219,2024-10-26,İzmir,Çim,1200,217000.0,2 Yaşlı İngilizler,Maiden /D,İzmir,Çim,2 Yaşlı İngilizler,217000.0,0,2024-10-26
875602049,2024-10-26,İzmir,Çim,1200,331000.0,2 Yaşlı İngilizler,KV-7 /,İzmir,Çim,2 Yaşlı İngilizler,331000.0,0,2024-10-26
773639377,2024-10-26,İzmir,Kum,1400,163000.0,3 Yaşlı İngilizler,ŞARTLI 3 /,İzmir,Kum,3 Yaşlı İngilizler,163000.0,0,2024-10-26
100655941,2024-10-26,İzmir,Çim,2000,384000.0,3 ve Yukarı İngilizler,KV-8 /,İzmir,Çim,3 ve Yukarı İngilizler,384000.0,0,2024-10-26
610932101,2024-10-26,İzmir,Çim,1300,240000.0,3 ve Yukarı İngilizler,Handikap 16 /H2,İzmir,Çim,3 ve Yukarı İngilizler,240000.0,0,2024-10-26
176065743,2024-10-26,İzmir,Kum,1400,331000.0,3 Yaşlı Araplar,KV-7 /DHÖW,İzmir,Kum,3 Yaşlı Araplar,331000.0,0,2024-10-26
920491978,2024-10-26,İzmir,Kum,2100,240000.0,4 ve Yukarı Araplar,ŞARTLI 5 /DHÖW,İzmir,Kum,4 ve Yukarı Araplar,240000.0,0,2024-10-26
855443063,2024-10-26,İzmir,Kum,1600,240000.0,4 ve Yukarı Araplar,Handikap 16 /DHT/H2,İzmir,Kum,4 ve Yukarı Araplar,240000.0,0,2024-10-26
936657916,2024-10-26,Diyarbakır,Kum,1200,160000.0,2 Yaşlı İngilizler,ŞARTLI 19 /,Diyarbakır,Kum,2 Yaşlı İngilizler,160000.0,0,2024-10-26
744766163,2024-10-26,Diyarbakır,Kum,1200,140000.0,3 Yaşlı İngilizler,Handikap 15 /H3,Diyarbakır,Kum,3 Yaşlı İngilizler,140000.0,0,2024-10-26
889770253,2024-10-26,Diyarbakır,Kum,1200,114500.0,3 ve Yukarı İngilizler,ŞARTLI 3 /,Diyarbakır,Kum,3 ve Yukarı İngilizler,114500.0,0,2024-10-26
88536219,2024-10-26,Diyarbakır,Kum,1700,140000.0,4 Yaşlı Araplar,Handikap 15 /DHÖW/H3/Y-2,Diyarbakır,Kum,4 Yaşlı Araplar,140000.0,0,2024-10-26
68274296,2024-10-26,Diyarbakır,Kum,1900,435000.0,4 ve Yukarı Araplar,G 3 /DHT,Diyarbakır,Kum,4 ve Yukarı Araplar,435000.0,0,2024-10-26
775382756,2024-10-26,Diyarbakır,Kum,2000,140000.0,4 ve Yukarı Araplar,ŞARTLI 4 /DHÖW/D,Diyarbakır,Kum,4 ve Yukarı Araplar,140000.0,0,2024-10-26
184510968,2024-10-27,İstanbul,Çim,1400,240000.0,2 Yaşlı İngilizler,Maiden /D,İstanbul,Çim,2 Yaşlı İngilizler,240000.0,0,2024-10-27
401923745,2024-10-27,İstanbul,Çim,1600,2750000.0,2 Yaşlı İngilizler,G 1 /,İstanbul,Çim,2 Yaşlı İngilizler,2750000.0,0,2024-10-27
514182070,2024-10-27,İstanbul,Çim,1600,453000.0,3 Yaşlı İngilizler,KV-8 /,İstanbul,Çim,3 Yaşlı İngilizler,453000.0,0,2024-10-27
384385238,2024-10-27,İstanbul,Sentetik,2100,390000.0,3 ve Yukarı İngilizler,KV-7 /,İstanbul,Sentetik,3 ve Yukarı İngilizler,390000.0,0,2024-10-27
938794798,2024-10-27,İstanbul,Çim,2200,280000.0,3 ve Yukarı İngilizler,Handikap 16 /H1,İstanbul,Çim,3 ve Yukarı İngilizler,280000.0,0,2024-10-27
891508924,2024-10-27,İstanbul,Çim,1600,236500.0,3 Yaşlı Araplar,Handikap 15 /DHÖW/H2/D,İstanbul,Çim,3 Yaşlı Araplar,236500.0,0,2024-10-27
802085724,2024-10-27,İstanbul,Çim,1400,236500.0,4 Yaşlı Araplar,Handikap 15 /DHÖW/H1,İstanbul,Çim,4 Yaşlı Araplar,236500.0,0,2024-10-27
747444470,2024-10-27,İstanbul,Çim,2200,280000.0,4 ve Yukarı Araplar,ŞARTLI 5 /DHÖW,İstanbul,Çim,4 ve Yukarı Araplar,280000.0,0,2024-10-27
730791688,2024-10-27,Adana,Çim,1300,217000.0,2 Yaşlı İngilizler,Maiden /D,Adana,Çim,2 Yaşlı İngilizler,217000.0,0,2024-10-27
471869779,2024-10-27,Adana,Çim,1300,384000.0,2 Yaşlı İngilizler,KV-8 /,Adana,Çim,2 Yaşlı İngilizler,384000.0,0,2024-10-27
569878572,2024-10-27,Adana,Kum,1900,217000.0,3 Yaşlı İngilizler,ŞARTLI 19 /,Adana,Kum,3 Yaşlı İngilizler,217000.0,0,2024-10-27
862689366,2024-10-27,Adana,Kum,2000,192000.0,3 ve Yukarı İngilizler,ŞARTLI 4 /D,Adana,Kum,3 ve Yukarı İngilizler,192000.0,0,2024-10-27
403686825,2024-10-27,Adana,Çim,1300,240000.0,3 ve Yukarı İngilizler,Handikap 16 /H2,Adana,Çim,3 ve Yukarı İngilizler,240000.0,0,2024-10-27
7032426,2024-10-27,Adana,Kum,1400,192000.0,3 Yaşlı Araplar,ŞARTLI 4 /DHÖW/D,Adana,Kum,3 Yaşlı Araplar,192000.0,0,2024-10-27
185854047,2024-10-27,Adana,Çim,1200,240000.0,4 Yaşlı Araplar,Handikap 16 /DHT/H2,Adana,Çim,4 Yaşlı Araplar,240000.0,0,2024-10-27
935137160,2024-10-27,Adana,Kum,1400,240000.0,4 ve Yukarı Araplar,Handikap 16 /DHÖW/H2,Adana,Kum,4 ve Yukarı Araplar,240000.0,0,2024-10-27
496238151,2024-10-28,Bursa,Çim,1300,217000.0,2 Yaşlı İngilizler,Maiden /,Bursa,Çim,2 Yaşlı İngilizler,217000.0,0,2024-10-28
905218228,2024-10-28,Bursa,Kum,1900,217000.0,3 Yaşlı İngilizler,ŞARTLI 19 /,Bursa,Kum,3 Yaşlı İngilizler,217000.0,0,2024-10-28
286247215,2024-10-28,Bursa,Çim,1800,331000.0,3 Yaşlı İngilizler,KV-7 /,Bursa,Çim,3 Yaşlı İngilizler,331000.0,0,2024-10-28
786683024,2024-10-28,Bursa,Çim,2200,240000.0,3 ve Yukarı İngilizler,ŞARTLI 5 /,Bursa,Çim,3 ve Yukarı İngilizler,240000.0,0,2024-10-28
634799058,2024-10-28,Bursa,Kum,1900,192000.0,3 ve Yukarı İngilizler,Handikap 15 /H2/D,Bursa,Kum,3 ve Yukarı İngilizler,192000.0,0,2024-10-28
860017652,2024-10-28,Bursa,Kum,1400,331000.0,3 Yaşlı Araplar,KV-7 /DHÖW,Bursa,Kum,3 Yaşlı Araplar,331000.0,0,2024-10-28
679006267,2024-10-28,Bursa,Çim,1300,192000.0,3 Yaşlı Araplar,Handikap 15 /DHÖW/H2,Bursa,Çim,3 Yaşlı Araplar,192000.0,0,2024-10-28
55935712,2024-10-28,Bursa,Kum,1300,192000.0,4 ve Yukarı Araplar,ŞARTLI 4 /DHÖW,Bursa,Kum,4 ve Yukarı Araplar,192000.0,0,2024-10-28
184798658,2024-10-28,Elazığ,Kum,1500,160000.0,2 Yaşlı İngilizler,Maiden /,Elazığ,Kum,2 Yaşlı İngilizler,160000.0,0,2024-10-28
212695086,2024-10-28,Elazığ,Kum,1800,140000.0,3 Yaşlı İngilizler,Handikap 15 /H3,Elazığ,Kum,3 Yaşlı İngilizler,140000.0,0,2024-10-28
365702333,2024-10-28,Elazığ,Kum,1200,175000.0,3 ve Yukarı İngilizler,Handikap 16 /H3/D,Elazığ,Kum,3 ve Yukarı İngilizler,175000.0,0,2024-10-28
624739290,2024-10-28,Elazığ,Kum,1200,140000.0,3 Yaşlı Araplar,Handikap 15 /DHÖW/H3/D,Elazığ,Kum,3 Yaşlı Araplar,140000.0,0,2024-10-28
716171419,2024-10-28,Elazığ,Kum,1700,140000.0,4 Yaşlı Araplar,Handikap 15 /DHÖW/H3,Elazığ,Kum,4 Yaşlı Araplar,140000.0,0,2024-10-28
190476118,2024-10-28,Elazığ,Kum,1200,140000.0,4 ve Yukarı Araplar,ŞARTLI 4 /DHÖW,Elazığ,Kum,4 ve Yukarı Araplar,140000.0,0,2024-10-28
93744383,2024-10-28,Elazığ,Kum,1900,114500.0,4 ve Yukarı Araplar,Handikap 14 /DHÖW/H3/D,Elazığ,Kum,4 ve Yukarı Araplar,114500.0,0,2024-10-28
667705809,2024-10-29,Adana,Çim,1300,192000.0,2 Yaşlı İngilizler,Handikap 15 /H2,Adana,Çim,2 Yaşlı İngilizler,192000.0,0,2024-10-29
941821047,2024-10-29,Adana,Çim,1800,153000.0,3 Yaşlı İngilizler,SATIŞ 1 /,Adana,Çim,3 Yaşlı İngilizler,153000.0,0,2024-10-29
220229627,2024-10-29,Adana,Kum,1200,192000.0,3 ve Yukarı İngilizler,ŞARTLI 4 /,Adana,Kum,3 ve Yukarı İngilizler,192000.0,0,2024-10-29
987040229,2024-10-29,Adana,Çim,1200,217000.0,3 Yaşlı Araplar,Maiden /DHÖ,Adana,Çim,3 Yaşlı Araplar,217000.0,0,2024-10-29
858293974,2024-10-29,Adana,Çim,1200,192000.0,3 Yaşlı Araplar,ŞARTLI 4 /DHÖW,Adana,Çim,3 Yaşlı Araplar,192000.0,0,2024-10-29
723958278,2024-10-29,Adana,Çim,1800,192000.0,4 Yaşlı Araplar,Handikap 15 /DHÖW/H2/D,Adana,Çim,4 Yaşlı Araplar,192000.0,0,2024-10-29
405794097,2024-10-29,Adana,Çim,1300,163000.0,4 ve Yukarı Araplar,ŞARTLI 3 /DHÖ,Adana,Çim,4 ve Yukarı Araplar,163000.0,0,2024-10-29
537780301,2024-10-29,Adana,Çim,1800,274000.0,4 ve Yukarı Araplar,Handikap 17 /DHÖW/H2,Adana,Çim,4 ve Yukarı Araplar,274000.0,0,2024-10-29
393305041,2024-10-29,Kocaeli,Kum,1400,192000.0,2 Yaşlı İngilizler,Handikap 15 /H2,Kocaeli,Kum,2 Yaşlı İngilizler,192000.0,0,2024-10-29
433062943,2024-10-29,Kocaeli,Kum,1700,217000.0,3 Yaşlı İngilizler,ŞARTLI 19 /,Kocaeli,Kum,3 Yaşlı İngilizler,217000.0,0,2024-10-29
549012194,2024-10-29,Kocaeli,Kum,1500,163000.0,3 Yaşlı İngilizler,ŞARTLI 3 /,Kocaeli,Kum,3 Yaşlı İngilizler,163000.0,0,2024-10-29
768874455,2024-10-29,Kocaeli,Kum,1200,285000.0,3 ve Yukarı İngilizler,KV-6 /,Kocaeli,Kum,3 ve Yukarı İngilizler,285000.0,0,2024-10-29
723019703,2024-10-29,Kocaeli,Kum,2000,240000.0,3 ve Yukarı İngilizler,Handikap 16 /H2,Kocaeli,Kum,3 ve Yukarı İngilizler,240000.0,0,2024-10-29
928269798,2024-10-29,Kocaeli,Kum,1500,217000.0,3 Yaşlı Araplar,Maiden /DHÖW/D,Kocaeli,Kum,3 Yaşlı Araplar,217000.0,0,2024-10-29
47605312,2024-10-29,Kocaeli,Kum,1500,192000.0,3 Yaşlı Araplar,Handikap 15 /DHÖW/H2,Kocaeli,Kum,3 Yaşlı Araplar,192000.0,0,2024-10-29
310454513,2024-10-29,Kocaeli,Kum,2000,240000.0,4 ve Yukarı Araplar,ŞARTLI 5 /DHT,Kocaeli,Kum,4 ve Yukarı Araplar,240000.0,0,2024-10-29
998580306,2024-10-30,İstanbul,Sentetik,1400,320000.0,2 Yaşlı İngilizler,ŞARTLI 1 /,İstanbul,Sentetik,2 Yaşlı İngilizler,320000.0,0,2024-10-30
266881246,2024-10-30,İstanbul,Sentetik,1400,390000.0,2 Yaşlı İngilizler,KV-7 /D,İstanbul,Sentetik,2 Yaşlı İngilizler,390000.0,0,2024-10-30
962975049,2024-10-30,İstanbul,Çim,1300,280000.0,3 Yaşlı İngilizler,Handikap 16 /H1,İstanbul,Çim,3 Yaşlı İngilizler,280000.0,0,2024-10-30
902072969,2024-10-30,İstanbul,Çim,1900,280000.0,3 ve Yukarı İngilizler,ŞARTLI 5 /,İstanbul,Çim,3 ve Yukarı İngilizler,280000.0,0,2024-10-30
551666747,2024-10-30,İstanbul,Çim,2800,453000.0,3 ve Yukarı İngilizler,Kısa Vade Handikap 24 /H1,İstanbul,Çim,3 ve Yukarı İngilizler,453000.0,0,2024-10-30
844863635,2024-10-30,İstanbul,Sentetik,1300,236500.0,3 Yaşlı Araplar,ŞARTLI 4 /DHÖ,İstanbul,Sentetik,3 Yaşlı Araplar,236500.0,0,2024-10-30
113427298,2024-10-30,İstanbul,Sentetik,2000,390000.0,4 ve Yukarı Araplar,KV-7 /DHÖW,İstanbul,Sentetik,4 ve Yukarı Araplar,390000.0,0,2024-10-30
38901459,2024-10-30,İstanbul,Çim,1400,313000.0,4 ve Yukarı Araplar,Handikap 17 /DHÖW/H1,İstanbul,Çim,4 ve Yukarı Araplar,313000.0,0,2024-10-30
933352221,2024-10-30,Elazığ,Kum,1200,114500.0,2 Yaşlı İngilizler,ŞARTLI 3 /,Elazığ,Kum,2 Yaşlı İngilizler,114500.0,0,2024-10-30
72298344,2024-10-30,Elazığ,Kum,1200,114500.0,3 Yaşlı İngilizler,ŞARTLI 3 /D,Elazığ,Kum,3 Yaşlı İngilizler,114500.0,0,2024-10-30
130524081,2024-10-30,Elazığ,Kum,1700,175000.0,3 ve Yukarı İngilizler,ŞARTLI 5 /,Elazığ,Kum,3 ve Yukarı İngilizler,175000.0,0,2024-10-30
337630007,2024-10-30,Elazığ,Kum,2000,140000.0,3 ve Yukarı İngilizler,Handikap 15 /H3,Elazığ,Kum,3 ve Yukarı İngilizler,140000.0,0,2024-10-30
580286595,2024-10-30,Elazığ,Kum,1600,160000.0,3 Yaşlı Araplar,Maiden /DHÖW,Elazığ,Kum,3 Yaşlı Araplar,160000.0,0,2024-10-30
177752851,2024-10-30,Elazığ,Kum,1800,114500.0,4 Yaşlı Araplar,ŞARTLI 3 /DHÖW,Elazığ,Kum,4 Yaşlı Araplar,114500.0,0,2024-10-30
734340542,2024-10-30,Elazığ,Kum,1200,114500.0,4 Yaşlı Araplar,Handikap 14 /DHÖW/H3,Elazığ,Kum,4 Yaşlı Araplar,114500.0,0,2024-10-30
18136020,2024-10-30,Elazığ,Kum,2000,114500.0,4 ve Yukarı Araplar,Handikap 14 /DHÖW/H3,Elazığ,Kum,4 ve Yukarı Araplar,114500.0,0,2024-10-30
175440110,2024-10-31,Ankara,Çim,1300,320000.0,2 Yaşlı İngilizler,ŞARTLI 1 /,Ankara,Çim,2 Yaşlı İngilizler,320000.0,0,2024-10-31
619333114,2024-10-31,Ankara,Çim,1300,328000.0,2 Yaşlı İngilizler,KV-6 /,Ankara,Çim,2 Yaşlı İngilizler,328000.0,0,2024-10-31
238950049,2024-10-31,Ankara,Çim,2200,390000.0,3 Yaşlı İngilizler,KV-7 /,Ankara,Çim,3 Yaşlı İngilizler,390000.0,0,2024-10-31
24492509,2024-10-31,Ankara,Çim,1900,236500.0,3 ve Yukarı İngilizler,ŞARTLI 4 /,Ankara,Çim,3 ve Yukarı İngilizler,236500.0,0,2024-10-31
217915308,2024-10-31,Ankara,Çim,1300,236500.0,3 ve Yukarı İngilizler,Handikap 15 /H1,Ankara,Çim,3 ve Yukarı İngilizler,236500.0,0,2024-10-31
365659114,2024-10-31,Ankara,Çim,2400,186500.0,4 Yaşlı Araplar,ŞARTLI 3 /DHÖW,Ankara,Çim,4 Yaşlı Araplar,186500.0,0,2024-10-31
411536894,2024-10-31,Ankara,Çim,1400,236500.0,4 ve Yukarı Araplar,ŞARTLI 4 /DHÖW,Ankara,Çim,4 ve Yukarı Araplar,236500.0,0,2024-10-31
60876826,2024-10-31,Ankara,Kum,1400,280000.0,4 ve Yukarı Araplar,Handikap 16 /DHÖW/H1,Ankara,Kum,4 ve Yukarı Araplar,280000.0,0,2024-10-31
952681117,2024-10-31,İzmir,Çim,1300,217000.0,3 Yaşlı İngilizler,ŞARTLI 19 /,İzmir,Çim,3 Yaşlı İngilizler,217000.0,0,2024-10-31
942885561,2024-10-31,İzmir,Çim,1200,192000.0,3 Yaşlı İngilizler,Handikap 15 /H2/TR,İzmir,Çim,3 Yaşlı İngilizler,192000.0,0,2024-10-31
321965588,2024-10-31,İzmir,Çim,1300,331000.0,3 ve Yukarı İngilizler,KV-7 /,İzmir,Çim,3 ve Yukarı İngilizler,331000.0,0,2024-10-31
840844257,2024-10-31,İzmir,Kum,1400,192000.0,3 ve Yukarı İngilizler,ŞARTLI 4 /D,İzmir,Kum,3 ve Yukarı İngilizler,192000.0,0,2024-10-31
409240636,2024-10-31,İzmir,Çim,1200,217000.0,3 Yaşlı Araplar,Maiden /DHÖW,İzmir,Çim,3 Yaşlı Araplar,217000.0,0,2024-10-31
709892959,2024-10-31,İzmir,Çim,1200,163000.0,3 Yaşlı Araplar,Handikap 14 /DHÖW/H2,İzmir,Çim,3 Yaşlı Araplar,163000.0,0,2024-10-31
755903707,2024-10-31,İzmir,Çim,1200,240000.0,4 ve Yukarı Araplar,ŞARTLI 5 /DHÖW/D,İzmir,Çim,4 ve Yukarı Araplar,240000.0,0,2024-10-31
637684985,2024-10-31,İzmir,Çim,2000,274000.0,4 ve Yukarı Araplar,Handikap 17 /DHÖ/H2,İzmir,Çim,4 ve Yukarı Araplar,274000.0,0,2024-10-31
818683138,2024-11-01,Bursa,Çim,1400,217000.0,2 Yaşlı İngilizler,Maiden /D,Bursa,Çim,2 Yaşlı İngilizler,217000.0,0,2024-11-01
689967749,2024-11-01,Bursa,Çim,1400,384000.0,2 Yaşlı İngilizler,KV-8 /,Bursa,Çim,2 Yaşlı İngilizler,384000.0,0,2024-11-01
186763239,2024-11-01,Bursa,Kum,1900,384000.0,3 Yaşlı İngilizler,KV-8 /,Bursa,Kum,3 Yaşlı İngilizler,384000.0,0,2024-11-01
458740446,2024-11-01,Bursa,Çim,2000,192000.0,3 Yaşlı İngilizler,Handikap 15 /H2,Bursa,Çim,3 Yaşlı İngilizler,192000.0,0,2024-11-01
909041955,2024-11-01,Bursa,Çim,1400,331000.0,3 ve Yukarı İngilizler,KV-7 /,Bursa,Çim,3 ve Yukarı İngilizler,331000.0,0,2024-11-01
132240420,2024-11-01,Bursa,Çim,1800,163000.0,3 ve Yukarı İngilizler,Handikap 14 /H2/D,Bursa,Çim,3 ve Yukarı İngilizler,163000.0,0,2024-11-01
552171786,2024-11-01,Bursa,Kum,1200,163000.0,3 Yaşlı Araplar,Handikap 14 /DHÖ/H2,Bursa,Kum,3 Yaşlı Araplar,163000.0,0,2024-11-01
170470514,2024-11-01,Bursa,Çim,1200,192000.0,4 ve Yukarı Araplar,Handikap 15 /DHÖW/H2,Bursa,Çim,4 ve Yukarı Araplar,192000.0,0,2024-11-01
332484614,2024-11-01,İstanbul,Çim,1400,236500.0,2 Yaşlı İngilizler,ŞARTLI 4 /,İstanbul,Çim,2 Yaşlı İngilizler,236500.0,0,2024-11-01
63352106,2024-11-01,İstanbul,Çim,1900,236500.0,3 Yaşlı İngilizler,Handikap 15 /H1,İstanbul,Çim,3 Yaşlı İngilizler,236500.0,0,2024-11-01
841707496,2024-11-01,İstanbul,Çim,1400,390000.0,3 ve Yukarı İngilizler,KV-7 /D,İstanbul,Çim,3 ve Yukarı İngilizler,390000.0,0,2024-11-01
979530596,2024-11-01,İstanbul,Çim,1600,390000.0,3 ve Yukarı İngilizler,Kısa Vade Handikap 22 /H1,İstanbul,Çim,3 ve Yukarı İngilizler,390000.0,0,2024-11-01
442111138,2024-11-01,İstanbul,Sentetik,1500,240000.0,3 Yaşlı Araplar,Maiden /DHÖW,İstanbul,Sentetik,3 Yaşlı Araplar,240000.0,0,2024-11-01
585456485,2024-11-01,İstanbul,Çim,1600,186500.0,3 Yaşlı Araplar,ŞARTLI 3 /DHÖ,İstanbul,Çim,3 Yaşlı Araplar,186500.0,0,2024-11-01
927188761,2024-11-01,İstanbul,Çim,1600,453000.0,4 ve Yukarı Araplar,KV-8 /DHÖW,İstanbul,Çim,4 ve Yukarı Araplar,453000.0,0,2024-11-01
983581157,2024-11-01,İstanbul,Sentetik,1400,180000.0,4 ve Yukarı Araplar,SATIŞ 1 /DHÖW,İstanbul,Sentetik,4 ve Yukarı Araplar,180000.0,0,2024-11-01
502096867,2024-11-01,Şanlıurfa,Kum,1300,114500.0,2 Yaşlı İngilizler,ŞARTLI 3 /D,Şanlıurfa,Kum,2 Yaşlı İngilizler,114500.0,0,2024-11-01
310476750,2024-11-01,Şanlıurfa,Kum,1800,175000.0,3 ve Yukarı İngilizler,ŞARTLI 5 /,Şanlıurfa,Kum,3 ve Yukarı İngilizler,175000.0,0,2024-11-01
420919629,2024-11-01,Şanlıurfa,Kum,1400,114500.0,3 ve Yukarı İngilizler,Handikap 14 /H3/D,Şanlıurfa,Kum,3 ve Yukarı İngilizler,114500.0,0,2024-11-01
730056063,2024-11-01,Şanlıurfa,Kum,1200,160000.0,3 Yaşlı Araplar,ŞARTLI 19 /DHÖW,Şanlıurfa,Kum,3 Yaşlı Araplar,160000.0,0,2024-11-01
600307333,2024-11-01,Şanlıurfa,Kum,1700,140000.0,4 Yaşlı Araplar,Handikap 15 /DHÖW/H3,Şanlıurfa,Kum,4 Yaşlı Araplar,140000.0,0,2024-11-01
15647399,2024-11-01,Şanlıurfa,Kum,1800,114500.0,4 ve Yukarı Araplar,ŞARTLI 3 /DHT/Y-1,Şanlıurfa,Kum,4 ve Yukarı Araplar,114500.0,0,2024-11-01
788981456,2024-11-02,Ankara,Kum,1300,280000.0,2 Yaşlı İngilizler,ŞARTLI 5 /EBF,Ankara,Kum,2 Yaşlı İngilizler,280000.0,0,2024-11-02
387146913,2024-11-02,Ankara,Çim,1900,186500.0,3 Yaşlı İngilizler,ŞARTLI 3 /D,Ankara,Çim,3 Yaşlı İngilizler,186500.0,0,2024-11-02
694558571,2024-11-02,Ankara,Çim,2400,3600000.0,3 ve Yukarı İngilizler,G 1 /TR,Ankara,Çim,3 ve Yukarı İngilizler,3600000.0,0,2024-11-02
134966984,2024-11-02,Ankara,Çim,2200,328000.0,3 ve Yukarı İngilizler,Handikap 21 /H1,Ankara,Çim,3 ve Yukarı İngilizler,328000.0,0,2024-11-02
192163844,2024-11-02,Ankara,Çim,1400,240000.0,3 Yaşlı Araplar,Maiden /DHÖW,Ankara,Çim,3 Yaşlı Araplar,240000.0,0,2024-11-02
820435540,2024-11-02,Ankara,Çim,1600,453000.0,3 Yaşlı Araplar,KV-8 /DHT,Ankara,Çim,3 Yaşlı Araplar,453000.0,0,2024-11-02
249848926,2024-11-02,Ankara,Çim,1600,4600000.0,3 ve Yukarı Araplar,G 1 /DHT/TR/26,Ankara,Çim,3 ve Yukarı Araplar,4600000.0,0,2024-11-02
511452657,2024-11-02,Ankara,Çim,1600,328000.0,4 ve Yukarı Araplar,Handikap 21 /DHÖW/H1,Ankara,Çim,4 ve Yukarı Araplar,328000.0,0,2024-11-02
114524133,2024-11-02,İzmir,Kum,1400,217000.0,2 Yaşlı İngilizler,Maiden /,İzmir,Kum,2 Yaşlı İngilizler,217000.0,0,2024-11-02
736238639,2024-11-02,İzmir,Kum,1400,163000.0,2 Yaşlı İngilizler,Handikap 14 /H2,İzmir,Kum,2 Yaşlı İngilizler,163000.0,0,2024-11-02
615897840,2024-11-02,İzmir,Çim,2400,240000.0,3 Yaşlı İngilizler,ŞARTLI 5 /,İzmir,Çim,3 Yaşlı İngilizler,240000.0,0,2024-11-02
936669953,2024-11-02,İzmir,Kum,2000,331000.0,3 ve Yukarı İngilizler,KV-7 /,İzmir,Kum,3 ve Yukarı İngilizler,331000.0,0,2024-11-02
863664673,2024-11-02,İzmir,Çim,1700,163000.0,3 ve Yukarı İngilizler,Handikap 14 /H2,İzmir,Çim,3 ve Yukarı İngilizler,163000.0,0,2024-11-02
124869078,2024-11-02,İzmir,Çim,1200,192000.0,3 Yaşlı Araplar,ŞARTLI 4 /DHÖW,İzmir,Çim,3 Yaşlı Araplar,192000.0,0,2024-11-02
736415129,2024-11-02,İzmir,Çim,1300,192000.0,4 Yaşlı Araplar,ŞARTLI 4 /DHÖW,İzmir,Çim,4 Yaşlı Araplar,192000.0,0,2024-11-02
903680075,2024-11-02,İzmir,Çim,1800,331000.0,4 ve Yukarı Araplar,KV-7 /DHT/D,İzmir,Çim,4 ve Yukarı Araplar,331000.0,0,2024-11-02
522218845,2024-11-02,Diyarbakır,Kum,1200,114500.0,2 Yaşlı İngilizler,ŞARTLI 3 /,Diyarbakır,Kum,2 Yaşlı İngilizler,114500.0,0,2024-11-02
956857350,2024-11-02,Diyarbakır,Kum,1700,202000.0,3 ve Yukarı İngilizler,KV-6 /,Diyarbakır,Kum,3 ve Yukarı İngilizler,202000.0,0,2024-11-02
535805679,2024-11-02,Diyarbakır,Kum,1200,160000.0,3 Yaşlı Araplar,ŞARTLI 19 /DHÖW/D,Diyarbakır,Kum,3 Yaşlı Araplar,160000.0,0,2024-11-02
408524216,2024-11-02,Diyarbakır,Kum,1200,175000.0,3 Yaşlı Araplar,ŞARTLI 5 /DHT,Diyarbakır,Kum,3 Yaşlı Araplar,175000.0,0,2024-11-02
158055703,2024-11-02,Diyarbakır,Kum,2000,114500.0,4 ve Yukarı Araplar,ŞARTLI 3 /DHÖW,Diyarbakır,Kum,4 ve Yukarı Araplar,114500.0,0,2024-11-02
116511624,2024-11-02,Diyarbakır,Kum,1200,175000.0,4 ve Yukarı Araplar,Handikap 16 /DHT/H3,Diyarbakır,Kum,4 ve Yukarı Araplar,175000.0,0,2024-11-02
441355304,2024-11-03,İstanbul,Çim,1300,240000.0,2 Yaşlı İngilizler,Maiden /,İstanbul,Çim,2 Yaşlı İngilizler,240000.0,0,2024-11-03
560915044,2024-11-03,İstanbul,Çim,1600,453000.0,2 Yaşlı İngilizler,KV-8 /,İstanbul,Çim,2 Yaşlı İngilizler,453000.0,0,2024-11-03
952785759,2024-11-03,İstanbul,Çim,2100,280000.0,3 Yaşlı İngilizler,ŞARTLI 5 /D,İstanbul,Çim,3 Yaşlı İngilizler,280000.0,0,2024-11-03
651210519,2024-11-03,İstanbul,Çim,1400,236500.0,3 ve Yukarı İngilizler,ŞARTLI 4 /,İstanbul,Çim,3 ve Yukarı İngilizler,236500.0,0,2024-11-03
949594012,2024-11-03,İstanbul,Çim,1400,980000.0,3 Yaşlı Araplar,G 3 /DHT/D,İstanbul,Çim,3 Yaşlı Araplar,980000.0,0,2024-11-03
450677459,2024-11-03,İstanbul,Çim,1200,186500.0,3 Yaşlı Araplar,Handikap 14 /DHÖW/H2,İstanbul,Çim,3 Yaşlı Araplar,186500.0,0,2024-11-03
232690957,2024-11-03,İstanbul,Sentetik,1500,280000.0,4 Yaşlı Araplar,Handikap 16 /DHÖW/H1,İstanbul,Sentetik,4 Yaşlı Araplar,280000.0,0,2024-11-03
135472576,2024-11-03,İstanbul,Çim,2400,980000.0,4 ve Yukarı Araplar,G 3 /DHT,İstanbul,Çim,4 ve Yukarı Araplar,980000.0,0,2024-11-03
285559623,2024-11-03,İstanbul,Sentetik,2000,280000.0,4 ve Yukarı Araplar,Handikap 16 /DHÖW/H1,İstanbul,Sentetik,4 ve Yukarı Araplar,280000.0,0,2024-11-03
236468736,2024-11-03,Adana,Çim,1200,217000.0,2 Yaşlı İngilizler,Maiden /,Adana,Çim,2 Yaşlı İngilizler,217000.0,0,2024-11-03
477347389,2024-11-03,Adana,Kum,1400,240000.0,2 Yaşlı İngilizler,ŞARTLI 5 /,Adana,Kum,2 Yaşlı İngilizler,240000.0,0,2024-11-03
549415352,2024-11-03,Adana,Çim,2000,240000.0,3 Yaşlı İngilizler,Handikap 16 /H2,Adana,Çim,3 Yaşlı İngilizler,240000.0,0,2024-11-03
582462607,2024-11-03,Adana,Çim,1800,285000.0,3 ve Yukarı İngilizler,KV-6 /D,Adana,Çim,3 ve Yukarı İngilizler,285000.0,0,2024-11-03
961570750,2024-11-03,Adana,Çim,1300,192000.0,3 Yaşlı Araplar,Handikap 15 /DHT/H2,Adana,Çim,3 Yaşlı Araplar,192000.0,0,2024-11-03
376568861,2024-11-03,Adana,Çim,1900,192000.0,4 Yaşlı Araplar,ŞARTLI 4 /DHÖW/Y-1,Adana,Çim,4 Yaşlı Araplar,192000.0,0,2024-11-03
347373700,2024-11-03,Adana,Kum,1900,163000.0,4 ve Yukarı Araplar,ŞARTLI 3 /DHÖW/D,Adana,Kum,4 ve Yukarı Araplar,163000.0,0,2024-11-03
779154909,2024-11-03,Adana,Çim,1300,240000.0,4 ve Yukarı Araplar,Handikap 16 /DHÖW/H2,Adana,Çim,4 ve Yukarı Araplar,240000.0,0,2024-11-03
743107343,2024-11-04,Bursa,Kum,1400,240000.0,2 Yaşlı İngilizler,ŞARTLI 5 /D,Bursa,Kum,2 Yaşlı İngilizler,240000.0,0,2024-11-04
160491747,2024-11-04,Bursa,Kum,1300,192000.0,2 Yaşlı İngilizler,Handikap 15 /H2,Bursa,Kum,2 Yaşlı İngilizler,192000.0,0,2024-11-04
629142612,2024-11-04,Bursa,Kum,1400,331000.0,3 ve Yukarı İngilizler,KV-7 /D,Bursa,Kum,3 ve Yukarı İngilizler,331000.0,0,2024-11-04
112744754,2024-11-04,Bursa,Kum,1300,274000.0,3 ve Yukarı İngilizler,Handikap 17 /H2,Bursa,Kum,3 ve Yukarı İngilizler,274000.0,0,2024-11-04
565181543,2024-11-04,Bursa,Kum,1400,217000.0,3 Yaşlı Araplar,Maiden /DHÖW,Bursa,Kum,3 Yaşlı Araplar,217000.0,0,2024-11-04
625372788,2024-11-04,Bursa,Kum,1300,192000.0,4 Yaşlı Araplar,Handikap 15 /DHÖW/H2/D,Bursa,Kum,4 Yaşlı Araplar,192000.0,0,2024-11-04
729518245,2024-11-04,Bursa,Kum,2000,590000.0,4 ve Yukarı Araplar,G 3 /DHT,Bursa,Kum,4 ve Yukarı Araplar,590000.0,0,2024-11-04
190488202,2024-11-04,Bursa,Kum,1900,153000.0,4 ve Yukarı Araplar,SATIŞ 1 /DHÖW,Bursa,Kum,4 ve Yukarı Araplar,153000.0,0,2024-11-04
794447098,2024-11-04,Elazığ,Kum,1200,160000.0,2 Yaşlı İngilizler,Maiden /D,Elazığ,Kum,2 Yaşlı İngilizler,160000.0,0,2024-11-04
675612081,2024-11-04,Elazığ,Kum,2000,140000.0,3 Yaşlı İngilizler,Handikap 15 /H3,Elazığ,Kum,3 Yaşlı İngilizler,140000.0,0,2024-11-04
401233454,2024-11-04,Elazığ,Kum,2000,114500.0,3 ve Yukarı İngilizler,ŞARTLI 3 /D,Elazığ,Kum,3 ve Yukarı İngilizler,114500.0,0,2024-11-04
702143855,2024-11-04,Elazığ,Kum,1600,114500.0,3 ve Yukarı İngilizler,Handikap 14 /H3/Y-1,Elazığ,Kum,3 ve Yukarı İngilizler,114500.0,0,2024-11-04
215600840,2024-11-04,Elazığ,Kum,1700,114500.0,3 Yaşlı Araplar,Handikap 14 /DHÖ/H3,Elazığ,Kum,3 Yaşlı Araplar,114500.0,0,2024-11-04
354066925,2024-11-04,Elazığ,Kum,2000,140000.0,4 ve Yukarı Araplar,ŞARTLI 4 /DHÖW,Elazığ,Kum,4 ve Yukarı Araplar,140000.0,0,2024-11-04
669382204,2024-11-04,Elazığ,Kum,1600,175000.0,4 ve Yukarı Araplar,Handikap 16 /DHÖW/H3/D,Elazığ,Kum,4 ve Yukarı Araplar,175000.0,0,2024-11-04
731026052,2024-11-05,Adana,Çim,1300,177000.0,2 Yaşlı İngilizler,SATIŞ 2 /,Adana,Çim,2 Yaşlı İngilizler,177000.0,0,2024-11-05
116612745,2024-11-05,Adana,Çim,1300,240000.0,3 Yaşlı İngilizler,ŞARTLI 5 /D,Adana,Çim,3 Yaşlı İngilizler,240000.0,0,2024-11-05
430629826,2024-11-05,Adana,Kum,2000,192000.0,3 ve Yukarı İngilizler,ŞARTLI 4 /,Adana,Kum,3 ve Yukarı İngilizler,192000.0,0,2024-11-05
830208517,2024-11-05,Adana,Kum,1400,192000.0,3 ve Yukarı İngilizler,Handikap 15 /H2,Adana,Kum,3 ve Yukarı İngilizler,192000.0,0,2024-11-05
983302081,2024-11-05,Adana,Kum,1400,217000.0,3 Yaşlı Araplar,Maiden /DHÖW,Adana,Kum,3 Yaşlı Araplar,217000.0,0,2024-11-05
894629268,2024-11-05,Adana,Kum,1400,285000.0,3 Yaşlı Araplar,KV-6 /DHÖ,Adana,Kum,3 Yaşlı Araplar,285000.0,0,2024-11-05
132141075,2024-11-05,Adana,Kum,1400,192000.0,4 Yaşlı Araplar,ŞARTLI 4 /DHÖW/D,Adana,Kum,4 Yaşlı Araplar,192000.0,0,2024-11-05
767207548,2024-11-05,Adana,Kum,2100,240000.0,4 ve Yukarı Araplar,ŞARTLI 5 /DHÖW,Adana,Kum,4 ve Yukarı Araplar,240000.0,0,2024-11-05
187935775,2024-11-05,Kocaeli,Kum,1500,217000.0,2 Yaşlı İngilizler,Maiden /,Kocaeli,Kum,2 Yaşlı İngilizler,217000.0,0,2024-11-05
350465070,2024-11-05,Kocaeli,Kum,1200,285000.0,2 Yaşlı İngilizler,KV-6 /,Kocaeli,Kum,2 Yaşlı İngilizler,285000.0,0,2024-11-05
605533325,2024-11-05,Kocaeli,Kum,1700,192000.0,3 Yaşlı İngilizler,ŞARTLI 4 /D,Kocaeli,Kum,3 Yaşlı İngilizler,192000.0,0,2024-11-05
244636014,2024-11-05,Kocaeli,Kum,1900,240000.0,3 Yaşlı İngilizler,Handikap 16 /H2,Kocaeli,Kum,3 Yaşlı İngilizler,240000.0,0,2024-11-05
436696181,2024-11-05,Kocaeli,Kum,1800,240000.0,3 ve Yukarı İngilizler,ŞARTLI 5 /,Kocaeli,Kum,3 ve Yukarı İngilizler,240000.0,0,2024-11-05
532605457,2024-11-05,Kocaeli,Kum,1200,240000.0,3 ve Yukarı İngilizler,Handikap 16 /H2,Kocaeli,Kum,3 ve Yukarı İngilizler,240000.0,0,2024-11-05
659000599,2024-11-05,Kocaeli,Kum,1500,192000.0,3 Yaşlı Araplar,ŞARTLI 4 /DHÖW/D,Kocaeli,Kum,3 Yaşlı Araplar,192000.0,0,2024-11-05
159872750,2024-11-05,Kocaeli,Kum,1500,331000.0,4 ve Yukarı Araplar,KV-7 /DHÖW,Kocaeli,Kum,4 ve Yukarı Araplar,331000.0,0,2024-11-05
189693781,2024-11-05,Kocaeli,Kum,1400,240000.0,4 ve Yukarı Araplar,Handikap 16 /DHÖW/H2,Kocaeli,Kum,4 ve Yukarı Araplar,240000.0,0,2024-11-05
936608853,2024-11-06,İstanbul,Sentetik,1400,240000.0,2 Yaşlı İngilizler,Maiden /,İstanbul,Sentetik,2 Yaşlı İngilizler,240000.0,0,2024-11-06
215945281,2024-11-06,İstanbul,Sentetik,1300,236500.0,2 Yaşlı İngilizler,Handikap 15 /H2,İstanbul,Sentetik,2 Yaşlı İngilizler,236500.0,0,2024-11-06
854448183,2024-11-06,İstanbul,Çim,1600,240000.0,3 Yaşlı İngilizler,ŞARTLI 19 /,İstanbul,Çim,3 Yaşlı İngilizler,240000.0,0,2024-11-06
359552779,2024-11-06,İstanbul,Sentetik,1300,280000.0,3 Yaşlı İngilizler,ŞARTLI 5 /,İstanbul,Sentetik,3 Yaşlı İngilizler,280000.0,0,2024-11-06
394032680,2024-11-06,İstanbul,Çim,1900,236500.0,3 ve Yukarı İngilizler,ŞARTLI 4 /D,İstanbul,Çim,3 ve Yukarı İngilizler,236500.0,0,2024-11-06
931348337,2024-11-06,İstanbul,Sentetik,1500,236500.0,3 Yaşlı Araplar,ŞARTLI 4 /DHÖW/D,İstanbul,Sentetik,3 Yaşlı Araplar,236500.0,0,2024-11-06
507012772,2024-11-06,İstanbul,Sentetik,1500,280000.0,4 ve Yukarı Araplar,ŞARTLI 5 /DHÖW/D,İstanbul,Sentetik,4 ve Yukarı Araplar,280000.0,0,2024-11-06
456527901,2024-11-06,İstanbul,Çim,1600,236500.0,4 ve Yukarı Araplar,Handikap 15 /DHÖW/H1,İstanbul,Çim,4 ve Yukarı Araplar,236500.0,0,2024-11-06
226095442,2024-11-06,Elazığ,Kum,1500,114500.0,2 Yaşlı İngilizler,Handikap 14 /H3/D,Elazığ,Kum,2 Yaşlı İngilizler,114500.0,0,2024-11-06
42724668,2024-11-06,Elazığ,Kum,1600,114500.0,3 Yaşlı İngilizler,Handikap 14 /H3,Elazığ,Kum,3 Yaşlı İngilizler,114500.0,0,2024-11-06
682149441,2024-11-06,Elazığ,Kum,2000,140000.0,3 ve Yukarı İngilizler,ŞARTLI 4 /,Elazığ,Kum,3 ve Yukarı İngilizler,140000.0,0,2024-11-06
268272968,2024-11-06,Elazığ,Kum,1700,160000.0,3 Yaşlı Araplar,Maiden /DHÖW/D,Elazığ,Kum,3 Yaşlı Araplar,160000.0,0,2024-11-06
502335785,2024-11-06,Elazığ,Kum,1200,175000.0,3 Yaşlı Araplar,ŞARTLI 5 /DHT,Elazığ,Kum,3 Yaşlı Araplar,175000.0,0,2024-11-06
797371108,2024-11-06,Elazığ,Kum,1900,114500.0,4 Yaşlı Araplar,Handikap 14 /DHÖW/H3,Elazığ,Kum,4 Yaşlı Araplar,114500.0,0,2024-11-06
256372876,2024-11-06,Elazığ,Kum,1200,114500.0,4 ve Yukarı Araplar,ŞARTLI 3 /DHÖW/D,Elazığ,Kum,4 ve Yukarı Araplar,114500.0,0,2024-11-06
692928754,2024-11-07,Ankara,Kum,1400,240000.0,2 Yaşlı İngilizler,Maiden /D,Ankara,Kum,2 Yaşlı İngilizler,240000.0,0,2024-11-07
911903541,2024-11-07,Ankara,Çim,1900,240000.0,3 Yaşlı İngilizler,ŞARTLI 19 /,Ankara,Çim,3 Yaşlı İngilizler,240000.0,0,2024-11-07
537968402,2024-11-07,Ankara,Kum,1500,236500.0,3 Yaşlı İngilizler,Handikap 15 /H1,Ankara,Kum,3 Yaşlı İngilizler,236500.0,0,2024-11-07
578956500,2024-11-07,Ankara,Çim,1600,280000.0,3 ve Yukarı İngilizler,ŞARTLI 5 /D,Ankara,Çim,3 ve Yukarı İngilizler,280000.0,0,2024-11-07
855448919,2024-11-07,Ankara,Kum,2100,280000.0,3 ve Yukarı İngilizler,ŞARTLI 5 /,Ankara,Kum,3 ve Yukarı İngilizler,280000.0,0,2024-11-07
452781933,2024-11-07,Ankara,Kum,1500,280000.0,3 Yaşlı Araplar,ŞARTLI 5 /DHÖW,Ankara,Kum,3 Yaşlı Araplar,280000.0,0,2024-11-07
626944681,2024-11-07,Ankara,Kum,1500,328000.0,4 ve Yukarı Araplar,KV-6 /DHÖW,Ankara,Kum,4 ve Yukarı Araplar,328000.0,0,2024-11-07
458280994,2024-11-07,Ankara,Çim,1900,236500.0,4 ve Yukarı Araplar,Handikap 15 /DHÖ/H1,Ankara,Çim,4 ve Yukarı Araplar,236500.0,0,2024-11-07
989106680,2024-11-07,İzmir,Çim,1200,163000.0,2 Yaşlı İngilizler,Handikap 14 /H2,İzmir,Çim,2 Yaşlı İngilizler,163000.0,0,2024-11-07
167018191,2024-11-07,İzmir,Kum,1600,240000.0,3 Yaşlı İngilizler,ŞARTLI 5 /D,İzmir,Kum,3 Yaşlı İngilizler,240000.0,0,2024-11-07
138983514,2024-11-07,İzmir,Kum,2000,240000.0,3 ve Yukarı İngilizler,Handikap 16 /H2,İzmir,Kum,3 ve Yukarı İngilizler,240000.0,0,2024-11-07
608417451,2024-11-07,İzmir,Kum,1400,217000.0,3 Yaşlı Araplar,Maiden /DHÖW,İzmir,Kum,3 Yaşlı Araplar,217000.0,0,2024-11-07
92788626,2024-11-07,İzmir,Çim,1200,163000.0,3 Yaşlı Araplar,Handikap 14 /DHÖW/H2/D,İzmir,Çim,3 Yaşlı Araplar,163000.0,0,2024-11-07
898614361,2024-11-07,İzmir,Çim,1800,163000.0,4 Yaşlı Araplar,Handikap 14 /DHÖW/H2,İzmir,Çim,4 Yaşlı Araplar,163000.0,0,2024-11-07
259539319,2024-11-07,İzmir,Çim,1300,285000.0,4 ve Yukarı Araplar,KV-6 /DHÖW,İzmir,Çim,4 ve Yukarı Araplar,285000.0,0,2024-11-07
103193709,2024-11-07,İzmir,Kum,2000,240000.0,4 ve Yukarı Araplar,Handikap 16 /DHÖW/H2,İzmir,Kum,4 ve Yukarı Araplar,240000.0,0,2024-11-07
790108782,2024-11-08,Bursa,Çim,1500,192000.0,2 Yaşlı İngilizler,ŞARTLI 4 /,Bursa,Çim,2 Yaşlı İngilizler,192000.0,0,2024-11-08
598828193,2024-11-08,Bursa,Kum,1400,153000.0,3 Yaşlı İngilizler,SATIŞ 1 /,Bursa,Kum,3 Yaşlı İngilizler,153000.0,0,2024-11-08
182668101,2024-11-08,Bursa,Çim,2200,192000.0,3 ve Yukarı İngilizler,ŞARTLI 4 /D,Bursa,Çim,3 ve Yukarı İngilizler,192000.0,0,2024-11-08
680182727,2024-11-08,Bursa,Çim,1800,274000.0,3 ve Yukarı İngilizler,Handikap 17 /H2,Bursa,Çim,3 ve Yukarı İngilizler,274000.0,0,2024-11-08
37241360,2024-11-08,Bursa,Çim,1400,217000.0,3 Yaşlı Araplar,Maiden /DHÖW/D,Bursa,Çim,3 Yaşlı Araplar,217000.0,0,2024-11-08
200402505,2024-11-08,Bursa,Çim,1200,163000.0,4 Yaşlı Araplar,ŞARTLI 3 /DHÖW,Bursa,Çim,4 Yaşlı Araplar,163000.0,0,2024-11-08
465600389,2024-11-08,Bursa,Kum,1800,192000.0,4 ve Yukarı Araplar,ŞARTLI 4 /DHÖW,Bursa,Kum,4 ve Yukarı Araplar,192000.0,0,2024-11-08
747020813,2024-11-08,Bursa,Kum,1300,192000.0,4 ve Yukarı Araplar,Handikap 15 /DHÖW/H2,Bursa,Kum,4 ve Yukarı Araplar,192000.0,0,2024-11-08
198198671,2024-11-08,İstanbul,Sentetik,1400,216000.0,2 Yaşlı İngilizler,SATIŞ 2 /,İstanbul,Sentetik,2 Yaşlı İngilizler,216000.0,0,2024-11-08
484552057,2024-11-08,İstanbul,Sentetik,1400,280000.0,3 Yaşlı İngilizler,Handikap 16 /H1/D,İstanbul,Sentetik,3 Yaşlı İngilizler,280000.0,0,2024-11-08
402290956,2024-11-08,İstanbul,Sentetik,1500,390000.0,3 ve Yukarı İngilizler,KV-7 /,İstanbul,Sentetik,3 ve Yukarı İngilizler,390000.0,0,2024-11-08
787799502,2024-11-08,İstanbul,Sentetik,2200,236500.0,3 ve Yukarı İngilizler,Handikap 15 /H1,İstanbul,Sentetik,3 ve Yukarı İngilizler,236500.0,0,2024-11-08
970677090,2024-11-08,İstanbul,Çim,1300,240000.0,3 Yaşlı Araplar,Maiden /DHÖW/D,İstanbul,Çim,3 Yaşlı Araplar,240000.0,0,2024-11-08
615077239,2024-11-08,İstanbul,Çim,1400,390000.0,3 Yaşlı Araplar,KV-7 /DHÖW,İstanbul,Çim,3 Yaşlı Araplar,390000.0,0,2024-11-08
155430208,2024-11-08,İstanbul,Sentetik,1400,236500.0,4 ve Yukarı Araplar,ŞARTLI 4 /DHÖW,İstanbul,Sentetik,4 ve Yukarı Araplar,236500.0,0,2024-11-08
876241904,2024-11-08,İstanbul,Çim,1900,328000.0,4 ve Yukarı Araplar,Handikap 21 /DHÖW/H1/D,İstanbul,Çim,4 ve Yukarı Araplar,328000.0,0,2024-11-08
946732450,2024-11-08,Şanlıurfa,Kum,1200,160000.0,2 Yaşlı İngilizler,ŞARTLI 19 /,Şanlıurfa,Kum,2 Yaşlı İngilizler,160000.0,0,2024-11-08
200313840,2024-11-08,Şanlıurfa,Kum,1200,114500.0,2 Yaşlı İngilizler,ŞARTLI 3 /,Şanlıurfa,Kum,2 Yaşlı İngilizler,114500.0,0,2024-11-08
947310371,2024-11-08,Şanlıurfa,Kum,1400,114500.0,3 ve Yukarı İngilizler,ŞARTLI 3 /Y-2,Şanlıurfa,Kum,3 ve Yukarı İngilizler,114500.0,0,2024-11-08
473341116,2024-11-08,Şanlıurfa,Kum,1200,114500.0,3 Yaşlı Araplar,ŞARTLI 3 /DHÖWD,Şanlıurfa,Kum,3 Yaşlı Araplar,114500.0,0,2024-11-08
723004286,2024-11-08,Şanlıurfa,Kum,1300,175000.0,4 ve Yukarı Araplar,ŞARTLI 5 /DHÖW,Şanlıurfa,Kum,4 ve Yukarı Araplar,175000.0,0,2024-11-08
949664721,2024-11-08,Şanlıurfa,Kum,2000,114500.0,4 ve Yukarı Araplar,Handikap 14 /DHÖW/H3/D,Şanlıurfa,Kum,4 ve Yukarı Araplar,114500.0,0,2024-11-08
347797796,2024-11-09,Ankara,Kum,1300,390000.0,2 Yaşlı İngilizler,KV-7 /D,Ankara,Kum,2 Yaşlı İngilizler,390000.0,0,2024-11-09
831035271,2024-11-09,Ankara,Çim,1600,280000.0,3 Yaşlı İngilizler,Handikap 16 /H1/D,Ankara,Çim,3 Yaşlı İngilizler,280000.0,0,2024-11-09
682293074,2024-11-09,Ankara,Kum,1500,328000.0,3 ve Yukarı İngilizler,KV-6 /,Ankara,Kum,3 ve Yukarı İngilizler,328000.0,0,2024-11-09
862782167,2024-11-09,Ankara,Kum,2100,186500.0,3 ve Yukarı İngilizler,Handikap 14 /H1,Ankara,Kum,3 ve Yukarı İngilizler,186500.0,0,2024-11-09
864995125,2024-11-09,Ankara,Kum,1500,240000.0,3 Yaşlı Araplar,Maiden /DHÖW,Ankara,Kum,3 Yaşlı Araplar,240000.0,0,2024-11-09
760940709,2024-11-09,Ankara,Çim,1200,280000.0,3 Yaşlı Araplar,ŞARTLI 5 /DHÖW,Ankara,Çim,3 Yaşlı Araplar,280000.0,0,2024-11-09
161615127,2024-11-09,Ankara,Kum,2000,280000.0,4 ve Yukarı Araplar,ŞARTLI 5 /DHÖW/D,Ankara,Kum,4 ve Yukarı Araplar,280000.0,0,2024-11-09
363299830,2024-11-09,Ankara,Kum,2100,280000.0,4 ve Yukarı Araplar,Handikap 16 /DHÖW/H1,Ankara,Kum,4 ve Yukarı Araplar,280000.0,0,2024-11-09
384245380,2024-11-09,İzmir,Çim,1200,217000.0,2 Yaşlı İngilizler,Maiden /,İzmir,Çim,2 Yaşlı İngilizler,217000.0,0,2024-11-09
421536897,2024-11-09,İzmir,Kum,1400,384000.0,2 Yaşlı İngilizler,KV-8 /,İzmir,Kum,2 Yaşlı İngilizler,384000.0,0,2024-11-09
33695027,2024-11-09,İzmir,Kum,2200,240000.0,3 Yaşlı İngilizler,Handikap 16 /H2,İzmir,Kum,3 Yaşlı İngilizler,240000.0,0,2024-11-09
387697615,2024-11-09,İzmir,Çim,1800,331000.0,3 ve Yukarı İngilizler,KV-7 /,İzmir,Çim,3 ve Yukarı İngilizler,331000.0,0,2024-11-09
221483787,2024-11-09,İzmir,Kum,1400,240000.0,3 ve Yukarı İngilizler,Handikap 16 /H2,İzmir,Kum,3 ve Yukarı İngilizler,240000.0,0,2024-11-09
12221775,2024-11-09,İzmir,Kum,1600,192000.0,3 Yaşlı Araplar,ŞARTLI 4 /DHÖ,İzmir,Kum,3 Yaşlı Araplar,192000.0,0,2024-11-09
56315937,2024-11-09,İzmir,Kum,2200,192000.0,4 Yaşlı Araplar,Handikap 15 /DHÖW/H2,İzmir,Kum,4 Yaşlı Araplar,192000.0,0,2024-11-09
480449710,2024-11-09,İzmir,Kum,1400,192000.0,4 ve Yukarı Araplar,Handikap 15 /DHÖW/H2/Y-2/D,İzmir,Kum,4 ve Yukarı Araplar,192000.0,0,2024-11-09
711115733,2024-11-09,Diyarbakır,Kum,1200,114500.0,3 Yaşlı İngilizler,Handikap 14 /H3/D,Diyarbakır,Kum,3 Yaşlı İngilizler,114500.0,0,2024-11-09
817102069,2024-11-09,Diyarbakır,Kum,1200,140000.0,3 ve Yukarı İngilizler,ŞARTLI 4 /,Diyarbakır,Kum,3 ve Yukarı İngilizler,140000.0,0,2024-11-09
573767847,2024-11-09,Diyarbakır,Kum,2000,175000.0,3 ve Yukarı İngilizler,Handikap 16 /H3,Diyarbakır,Kum,3 ve Yukarı İngilizler,175000.0,0,2024-11-09
628575699,2024-11-09,Diyarbakır,Kum,1200,160000.0,3 Yaşlı Araplar,ŞARTLI 19 /DHÖW,Diyarbakır,Kum,3 Yaşlı Araplar,160000.0,0,2024-11-09
800020722,2024-11-09,Diyarbakır,Kum,1200,238000.0,4 ve Yukarı Araplar,KV-7 /DHÖW,Diyarbakır,Kum,4 ve Yukarı Araplar,238000.0,0,2024-11-09
943659768,2024-11-09,Diyarbakır,Kum,1900,175000.0,4 ve Yukarı Araplar,Handikap 16 /DHÖ/H3,Diyarbakır,Kum,4 ve Yukarı Araplar,175000.0,0,2024-11-09
809327203,2024-11-10,İstanbul,Çim,1400,320000.0,2 Yaşlı İngilizler,ŞARTLI 1 /,İstanbul,Çim,2 Yaşlı İngilizler,320000.0,0,2024-11-10
487658483,2024-11-10,İstanbul,Çim,1400,390000.0,2 Yaşlı İngilizler,KV-7 /D,İstanbul,Çim,2 Yaşlı İngilizler,390000.0,0,2024-11-10
361768474,2024-11-10,İstanbul,Sentetik,2000,236500.0,3 Yaşlı İngilizler,ŞARTLI 4 /,İstanbul,Sentetik,3 Yaşlı İngilizler,236500.0,0,2024-11-10
205725031,2024-11-10,İstanbul,Çim,1400,980000.0,2 ve Yukarı İngilizler,G 3 /26,İstanbul,Çim,2 ve Yukarı İngilizler,980000.0,0,2024-11-10
54564528,2024-11-10,İstanbul,Sentetik,1500,280000.0,3 ve Yukarı İngilizler,Handikap 16 /H1,İstanbul,Sentetik,3 ve Yukarı İngilizler,280000.0,0,2024-11-10
657764811,2024-11-10,İstanbul,Çim,1600,236500.0,3 Yaşlı Araplar,ŞARTLI 4 /DHÖ/D,İstanbul,Çim,3 Yaşlı Araplar,236500.0,0,2024-11-10
382127833,2024-11-10,İstanbul,Çim,1600,280000.0,4 Yaşlı Araplar,ŞARTLI 5 /DHÖW,İstanbul,Çim,4 Yaşlı Araplar,280000.0,0,2024-11-10
997634310,2024-11-10,İstanbul,Çim,1900,390000.0,4 ve Yukarı Araplar,KV-7 /DHÖW,İstanbul,Çim,4 ve Yukarı Araplar,390000.0,0,2024-11-10
181442634,2024-11-10,İstanbul,Çim,2100,280000.0,4 ve Yukarı Araplar,Handikap 16 /DHÖW/H1,İstanbul,Çim,4 ve Yukarı Araplar,280000.0,0,2024-11-10
612824226,2024-11-10,Adana,Kum,1400,217000.0,2 Yaşlı İngilizler,Maiden /D,Adana,Kum,2 Yaşlı İngilizler,217000.0,0,2024-11-10
884807949,2024-11-10,Adana,Çim,1800,217000.0,3 Yaşlı İngilizler,ŞARTLI 19 /,Adana,Çim,3 Yaşlı İngilizler,217000.0,0,2024-11-10
654280940,2024-11-10,Adana,Kum,2100,240000.0,3 Yaşlı İngilizler,Handikap 16 /H2,Adana,Kum,3 Yaşlı İngilizler,240000.0,0,2024-11-10
411887625,2024-11-10,Adana,Çim,1300,240000.0,3 ve Yukarı İngilizler,ŞARTLI 5 /,Adana,Çim,3 ve Yukarı İngilizler,240000.0,0,2024-11-10
881448445,2024-11-10,Adana,Çim,1200,192000.0,3 ve Yukarı İngilizler,Handikap 15 /H2/D,Adana,Çim,3 ve Yukarı İngilizler,192000.0,0,2024-11-10
494469363,2024-11-10,Adana,Çim,1300,240000.0,4 Yaşlı Araplar,ŞARTLI 5 /DHÖ,Adana,Çim,4 Yaşlı Araplar,240000.0,0,2024-11-10
584057522,2024-11-10,Adana,Çim,1300,331000.0,4 ve Yukarı Araplar,KV-7 /DHÖW/D,Adana,Çim,4 ve Yukarı Araplar,331000.0,0,2024-11-10
835491027,2024-11-10,Adana,Kum,1300,192000.0,4 ve Yukarı Araplar,ŞARTLI 4 /DHÖW,Adana,Kum,4 ve Yukarı Araplar,192000.0,0,2024-11-10
551595816,2024-11-11,Bursa,Çim,2000,217000.0,3 Yaşlı İngilizler,ŞARTLI 19 /,Bursa,Çim,3 Yaşlı İngilizler,217000.0,0,2024-11-11
115916853,2024-11-11,Bursa,Çim,2200,384000.0,3 ve Yukarı İngilizler,KV-8 /,Bursa,Çim,3 ve Yukarı İngilizler,384000.0,0,2024-11-11
633021359,2024-11-11,Bursa,Kum,1800,240000.0,3 ve Yukarı İngilizler,ŞARTLI 5 /,Bursa,Kum,3 ve Yukarı İngilizler,240000.0,0,2024-11-11
85073588,2024-11-11,Bursa,Çim,1500,217000.0,3 Yaşlı Araplar,Maiden /DHÖW,Bursa,Çim,3 Yaşlı Araplar,217000.0,0,2024-11-11
616622668,2024-11-11,Bursa,Kum,1400,192000.0,3 Yaşlı Araplar,ŞARTLI 4 /DHT/D,Bursa,Kum,3 Yaşlı Araplar,192000.0,0,2024-11-11
618300437,2024-11-11,Bursa,Çim,2000,240000.0,4 Yaşlı Araplar,ŞARTLI 5 /DHÖ,Bursa,Çim,4 Yaşlı Araplar,240000.0,0,2024-11-11
384635430,2024-11-11,Bursa,Çim,1500,240000.0,4 ve Yukarı Araplar,ŞARTLI 5 /DHÖW,Bursa,Çim,4 ve Yukarı Araplar,240000.0,0,2024-11-11
781362619,2024-11-11,Bursa,Çim,2000,192000.0,4 ve Yukarı Araplar,Handikap 15 /DHÖW/H2,Bursa,Çim,4 ve Yukarı Araplar,192000.0,0,2024-11-11
907160487,2024-11-11,Elazığ,Kum,1600,160000.0,2 Yaşlı İngilizler,Maiden /,Elazığ,Kum,2 Yaşlı İngilizler,160000.0,0,2024-11-11
463636652,2024-11-11,Elazığ,Kum,1200,114500.0,2 Yaşlı İngilizler,Handikap 14 /H3,Elazığ,Kum,2 Yaşlı İngilizler,114500.0,0,2024-11-11
906201496,2024-11-11,Elazığ,Kum,1900,140000.0,3 Yaşlı İngilizler,Handikap 15 /H3/D,Elazığ,Kum,3 Yaşlı İngilizler,140000.0,0,2024-11-11
774506719,2024-11-11,Elazığ,Kum,1200,175000.0,3 ve Yukarı İngilizler,Handikap 16 /H3,Elazığ,Kum,3 ve Yukarı İngilizler,175000.0,0,2024-11-11
444373327,2024-11-11,Elazığ,Kum,1600,114500.0,3 Yaşlı Araplar,ŞARTLI 3 /DHÖW/D,Elazığ,Kum,3 Yaşlı Araplar,114500.0,0,2024-11-11
881719423,2024-11-11,Elazığ,Kum,1700,140000.0,4 ve Yukarı Araplar,ŞARTLI 4 /DHÖ,Elazığ,Kum,4 ve Yukarı Araplar,140000.0,0,2024-11-11
975954956,2024-11-11,Elazığ,Kum,1600,140000.0,4 ve Yukarı Araplar,Handikap 15 /DHÖW/H3,Elazığ,Kum,4 ve Yukarı Araplar,140000.0,0,2024-11-11
95616662,2024-11-12,Adana,Çim,1300,285000.0,2 Yaşlı İngilizler,KV-6 /D,Adana,Çim,2 Yaşlı İngilizler,285000.0,0,2024-11-12
367398629,2024-11-12,Adana,Kum,1400,192000.0,3 Yaşlı İngilizler,ŞARTLI 4 /,Adana,Kum,3 Yaşlı İngilizler,192000.0,0,2024-11-12
925801391,2024-11-12,Adana,Çim,1900,274000.0,3 ve Yukarı İngilizler,Handikap 17 /H2,Adana,Çim,3 ve Yukarı İngilizler,274000.0,0,2024-11-12
315957022,2024-11-12,Adana,Çim,1300,217000.0,3 Yaşlı Araplar,Maiden /DHÖW,Adana,Çim,3 Yaşlı Araplar,217000.0,0,2024-11-12
677783815,2024-11-12,Adana,Çim,1300,240000.0,3 Yaşlı Araplar,ŞARTLI 5 /DHÖW/D,Adana,Çim,3 Yaşlı Araplar,240000.0,0,2024-11-12
774699787,2024-11-12,Adana,Çim,1800,153000.0,4 Yaşlı Araplar,SATIŞ 1 /DHÖW,Adana,Çim,4 Yaşlı Araplar,153000.0,0,2024-11-12
526459319,2024-11-12,Adana,Çim,1900,192000.0,4 ve Yukarı Araplar,ŞARTLI 4 /DHÖW/Y-2,Adana,Çim,4 ve Yukarı Araplar,192000.0,0,2024-11-12
413927832,2024-11-12,Adana,Çim,1800,163000.0,4 ve Yukarı Araplar,Handikap 14 /DHÖW/H2/D,Adana,Çim,4 ve Yukarı Araplar,163000.0,0,2024-11-12
534702397,2024-11-12,Kocaeli,Kum,1400,240000.0,2 Yaşlı İngilizler,ŞARTLI 5 /D,Kocaeli,Kum,2 Yaşlı İngilizler,240000.0,0,2024-11-12
104439626,2024-11-12,Kocaeli,Kum,2000,163000.0,3 Yaşlı İngilizler,ŞARTLI 3 /,Kocaeli,Kum,3 Yaşlı İngilizler,163000.0,0,2024-11-12
549476846,2024-11-12,Kocaeli,Kum,1900,192000.0,3 ve Yukarı İngilizler,ŞARTLI 4 /Y-2/D,Kocaeli,Kum,3 ve Yukarı İngilizler,192000.0,0,2024-11-12
810890109,2024-11-12,Kocaeli,Kum,1800,192000.0,3 ve Yukarı İngilizler,Handikap 15 /H2,Kocaeli,Kum,3 ve Yukarı İngilizler,192000.0,0,2024-11-12
652198249,2024-11-12,Kocaeli,Kum,1400,217000.0,3 Yaşlı Araplar,Maiden /DHÖW,Kocaeli,Kum,3 Yaşlı Araplar,217000.0,0,2024-11-12
894665074,2024-11-12,Kocaeli,Kum,1500,384000.0,3 Yaşlı Araplar,KV-8 /DHT,Kocaeli,Kum,3 Yaşlı Araplar,384000.0,0,2024-11-12
417657415,2024-11-12,Kocaeli,Kum,1500,192000.0,4 Yaşlı Araplar,ŞARTLI 4 /DHÖ,Kocaeli,Kum,4 Yaşlı Araplar,192000.0,0,2024-11-12
499921104,2024-11-12,Kocaeli,Kum,1800,274000.0,4 ve Yukarı Araplar,Handikap 17 /DHÖW/H2,Kocaeli,Kum,4 ve Yukarı Araplar,274000.0,0,2024-11-12
676719881,2024-11-13,İstanbul,Sentetik,1400,390000.0,2 Yaşlı İngilizler,KV-7 /,İstanbul,Sentetik,2 Yaşlı İngilizler,390000.0,0,2024-11-13
48607810,2024-11-13,İstanbul,Sentetik,1500,280000.0,3 Yaşlı İngilizler,ŞARTLI 5 /D,İstanbul,Sentetik,3 Yaşlı İngilizler,280000.0,0,2024-11-13
712774577,2024-11-13,İstanbul,Çim,1600,236500.0,3 Yaşlı İngilizler,Handikap 15 /H1,İstanbul,Çim,3 Yaşlı İngilizler,236500.0,0,2024-11-13
60072370,2024-11-13,İstanbul,Çim,2100,280000.0,3 ve Yukarı İngilizler,ŞARTLI 5 /,İstanbul,Çim,3 ve Yukarı İngilizler,280000.0,0,2024-11-13
692542339,2024-11-13,İstanbul,Sentetik,2000,453000.0,3 ve Yukarı İngilizler,Kısa Vade Handikap 24 /H1,İstanbul,Sentetik,3 ve Yukarı İngilizler,453000.0,0,2024-11-13
194453398,2024-11-13,İstanbul,Çim,1400,240000.0,3 Yaşlı Araplar,Maiden /DHÖW,İstanbul,Çim,3 Yaşlı Araplar,240000.0,0,2024-11-13
806803751,2024-11-13,İstanbul,Sentetik,1500,186500.0,3 Yaşlı Araplar,Handikap 14 /DHÖ/H2,İstanbul,Sentetik,3 Yaşlı Araplar,186500.0,0,2024-11-13
670509819,2024-11-13,İstanbul,Sentetik,2000,453000.0,4 Yaşlı Araplar,KV-8 /DHÖW/D,İstanbul,Sentetik,4 Yaşlı Araplar,453000.0,0,2024-11-13
18017217,2024-11-13,İstanbul,Sentetik,1500,313000.0,4 ve Yukarı Araplar,Handikap 17 /DHÖW/H1,İstanbul,Sentetik,4 ve Yukarı Araplar,313000.0,0,2024-11-13
787389174,2024-11-13,Elazığ,Kum,1600,175000.0,2 Yaşlı İngilizler,ŞARTLI 5 /,Elazığ,Kum,2 Yaşlı İngilizler,175000.0,0,2024-11-13
787391233,2024-11-13,Elazığ,Kum,1200,114500.0,3 ve Yukarı İngilizler,ŞARTLI 3 /,Elazığ,Kum,3 ve Yukarı İngilizler,114500.0,0,2024-11-13
296601035,2024-11-13,Elazığ,Kum,1800,175000.0,3 ve Yukarı İngilizler,Handikap 16 /H3,Elazığ,Kum,3 ve Yukarı İngilizler,175000.0,0,2024-11-13
304328232,2024-11-13,Elazığ,Kum,1200,160000.0,3 Yaşlı Araplar,Maiden /DHÖW,Elazığ,Kum,3 Yaşlı Araplar,160000.0,0,2024-11-13
949306501,2024-11-13,Elazığ,Kum,1200,140000.0,4 Yaşlı Araplar,Handikap 15 /DHÖW/H3/D,Elazığ,Kum,4 Yaşlı Araplar,140000.0,0,2024-11-13
395530892,2024-11-13,Elazığ,Kum,1200,114500.0,4 ve Yukarı Araplar,ŞARTLI 3 /DHÖW,Elazığ,Kum,4 ve Yukarı Araplar,114500.0,0,2024-11-13
503368683,2024-11-13,Elazığ,Kum,1900,175000.0,4 ve Yukarı Araplar,Handikap 16 /DHÖW/H3,Elazığ,Kum,4 ve Yukarı Araplar,175000.0,0,2024-11-13
457135347,2024-11-14,Ankara,Çim,1600,240000.0,2 Yaşlı İngilizler,Maiden /,Ankara,Çim,2 Yaşlı İngilizler,240000.0,0,2024-11-14
686178711,2024-11-14,Ankara,Çim,1600,280000.0,2 Yaşlı İngilizler,ŞARTLI 5 /,Ankara,Çim,2 Yaşlı İngilizler,280000.0,0,2024-11-14
205570185,2024-11-14,Ankara,Kum,2000,180000.0,3 Yaşlı İngilizler,SATIŞ 1 /,Ankara,Kum,3 Yaşlı İngilizler,180000.0,0,2024-11-14
481990239,2024-11-14,Ankara,Çim,1200,390000.0,3 ve Yukarı İngilizler,KV-7 /,Ankara,Çim,3 ve Yukarı İngilizler,390000.0,0,2024-11-14
654809351,2024-11-14,Ankara,Kum,1500,280000.0,3 ve Yukarı İngilizler,Handikap 16 /H1,Ankara,Kum,3 ve Yukarı İngilizler,280000.0,0,2024-11-14
320342258,2024-11-14,Ankara,Çim,1400,328000.0,3 Yaşlı Araplar,KV-6 /DHÖW/D,Ankara,Çim,3 Yaşlı Araplar,328000.0,0,2024-11-14
779867987,2024-11-14,Ankara,Çim,1600,236500.0,3 Yaşlı Araplar,Handikap 15 /DHÖW/H2/TR,Ankara,Çim,3 Yaşlı Araplar,236500.0,0,2024-11-14
540017459,2024-11-14,Ankara,Çim,2200,328000.0,4 ve Yukarı Araplar,KV-6 /DHÖ,Ankara,Çim,4 ve Yukarı Araplar,328000.0,0,2024-11-14
654005879,2024-11-14,Ankara,Çim,1900,236500.0,4 ve Yukarı Araplar,Handikap 15 /DHÖW/H1/D,Ankara,Çim,4 ve Yukarı Araplar,236500.0,0,2024-11-14
466044534,2024-11-14,İzmir,Çim,1200,331000.0,2 Yaşlı İngilizler,KV-7 /D,İzmir,Çim,2 Yaşlı İngilizler,331000.0,0,2024-11-14
915617085,2024-11-14,İzmir,Kum,1600,177000.0,2 Yaşlı İngilizler,SATIŞ 2 /,İzmir,Kum,2 Yaşlı İngilizler,177000.0,0,2024-11-14
6732776,2024-11-14,İzmir,Çim,1800,163000.0,3 Yaşlı İngilizler,ŞARTLI 3 /,İzmir,Çim,3 Yaşlı İngilizler,163000.0,0,2024-11-14
911898476,2024-11-14,İzmir,Çim,1300,192000.0,3 ve Yukarı İngilizler,ŞARTLI 4 /,İzmir,Çim,3 ve Yukarı İngilizler,192000.0,0,2024-11-14
211497116,2024-11-14,İzmir,Çim,1900,240000.0,3 ve Yukarı İngilizler,Handikap 16 /H2,İzmir,Çim,3 ve Yukarı İngilizler,240000.0,0,2024-11-14
816905211,2024-11-14,İzmir,Çim,1200,217000.0,3 Yaşlı Araplar,Maiden /DHÖ,İzmir,Çim,3 Yaşlı Araplar,217000.0,0,2024-11-14
114867469,2024-11-14,İzmir,Kum,1600,163000.0,3 Yaşlı Araplar,ŞARTLI 3 /DHÖW/D,İzmir,Kum,3 Yaşlı Araplar,163000.0,0,2024-11-14
677688420,2024-11-14,İzmir,Çim,1800,240000.0,4 ve Yukarı Araplar,ŞARTLI 5 /DHÖW,İzmir,Çim,4 ve Yukarı Araplar,240000.0,0,2024-11-14
715160824,2024-11-15,Bursa,Çim,1400,217000.0,2 Yaşlı İngilizler,Maiden /,Bursa,Çim,2 Yaşlı İngilizler,217000.0,0,2024-11-15
954516659,2024-11-15,Bursa,Çim,1200,384000.0,2 Yaşlı İngilizler,KV-8 /,Bursa,Çim,2 Yaşlı İngilizler,384000.0,0,2024-11-15
28682963,2024-11-15,Bursa,Kum,1800,440000.0,3 ve Yukarı İngilizler,KV-9 /,Bursa,Kum,3 ve Yukarı İngilizler,440000.0,0,2024-11-15
296660711,2024-11-15,Bursa,Çim,1200,240000.0,3 ve Yukarı İngilizler,Handikap 16 /H2,Bursa,Çim,3 ve Yukarı İngilizler,240000.0,0,2024-11-15
458786661,2024-11-15,Bursa,Çim,1500,192000.0,3 Yaşlı Araplar,ŞARTLI 4 /DHÖW,Bursa,Çim,3 Yaşlı Araplar,192000.0,0,2024-11-15
157368884,2024-11-15,Bursa,Çim,1400,163000.0,4 Yaşlı Araplar,ŞARTLI 3 /DHÖW/D,Bursa,Çim,4 Yaşlı Araplar,163000.0,0,2024-11-15
262313489,2024-11-15,Bursa,Çim,2000,192000.0,4 ve Yukarı Araplar,ŞARTLI 4 /DHÖ,Bursa,Çim,4 ve Yukarı Araplar,192000.0,0,2024-11-15
559119952,2024-11-15,Bursa,Çim,1400,240000.0,4 ve Yukarı Araplar,Handikap 16 /DHÖW/H2,Bursa,Çim,4 ve Yukarı Araplar,240000.0,0,2024-11-15
189189126,2024-11-15,İstanbul,Çim,1300,240000.0,2 Yaşlı İngilizler,Maiden /D,İstanbul,Çim,2 Yaşlı İngilizler,240000.0,0,2024-11-15
826186674,2024-11-15,İstanbul,Çim,1300,280000.0,2 Yaşlı İngilizler,ŞARTLI 5 /EBF,İstanbul,Çim,2 Yaşlı İngilizler,280000.0,0,2024-11-15
351810471,2024-11-15,İstanbul,Çim,1900,186500.0,3 Yaşlı İngilizler,ŞARTLI 3 /,İstanbul,Çim,3 Yaşlı İngilizler,186500.0,0,2024-11-15
370730307,2024-11-15,İstanbul,Çim,1600,453000.0,3 ve Yukarı İngilizler,KV-8 /,İstanbul,Çim,3 ve Yukarı İngilizler,453000.0,0,2024-11-15
869977160,2024-11-15,İstanbul,Çim,1900,280000.0,3 ve Yukarı İngilizler,Handikap 16 /H1,İstanbul,Çim,3 ve Yukarı İngilizler,280000.0,0,2024-11-15
33419146,2024-11-15,İstanbul,Sentetik,1500,390000.0,3 Yaşlı Araplar,KV-7 /DHÖW,İstanbul,Sentetik,3 Yaşlı Araplar,390000.0,0,2024-11-15
336283610,2024-11-15,İstanbul,Sentetik,1400,216000.0,4 Yaşlı Araplar,SATIŞ 2 /DHÖW,İstanbul,Sentetik,4 Yaşlı Araplar,216000.0,0,2024-11-15
146891271,2024-11-15,İstanbul,Sentetik,2100,236500.0,4 Yaşlı Araplar,Handikap 15 /DHÖW/H1/D,İstanbul,Sentetik,4 Yaşlı Araplar,236500.0,0,2024-11-15
423673337,2024-11-15,İstanbul,Sentetik,2200,280000.0,4 ve Yukarı Araplar,ŞARTLI 5 /DHÖ,İstanbul,Sentetik,4 ve Yukarı Araplar,280000.0,0,2024-11-15
802828426,2024-11-15,Şanlıurfa,Kum,1300,114500.0,2 Yaşlı İngilizler,Handikap 14 /H3,Şanlıurfa,Kum,2 Yaşlı İngilizler,114500.0,0,2024-11-15
775015975,2024-11-15,Şanlıurfa,Kum,1400,160000.0,3 Yaşlı İngilizler,ŞARTLI 19 /,Şanlıurfa,Kum,3 Yaşlı İngilizler,160000.0,0,2024-11-15
317339238,2024-11-15,Şanlıurfa,Kum,1900,140000.0,3 ve Yukarı İngilizler,Handikap 15 /H3,Şanlıurfa,Kum,3 ve Yukarı İngilizler,140000.0,0,2024-11-15
950456535,2024-11-15,Şanlıurfa,Kum,1300,114500.0,3 Yaşlı Araplar,Handikap 14 /DHÖ/H3,Şanlıurfa,Kum,3 Yaşlı Araplar,114500.0,0,2024-11-15
210294996,2024-11-15,Şanlıurfa,Kum,2000,114500.0,4 Yaşlı Araplar,ŞARTLI 3 /DHÖW,Şanlıurfa,Kum,4 Yaşlı Araplar,114500.0,0,2024-11-15
932768693,2024-11-15,Şanlıurfa,Kum,1900,140000.0,4 ve Yukarı Araplar,Handikap 15 /DHÖW/H3,Şanlıurfa,Kum,4 ve Yukarı Araplar,140000.0,0,2024-11-15
537055087,2024-11-16,Ankara,Çim,1400,1400000.0,2 Yaşlı İngilizler,G 2 /,Ankara,Çim,2 Yaşlı İngilizler,1400000.0,0,2024-11-16
321206521,2024-11-16,Ankara,Kum,1500,216000.0,2 Yaşlı İngilizler,SATIŞ 2 /,Ankara,Kum,2 Yaşlı İngilizler,216000.0,0,2024-11-16
849204446,2024-11-16,Ankara,Çim,1900,313000.0,3 Yaşlı İngilizler,Handikap 17 /H1,Ankara,Çim,3 Yaşlı İngilizler,313000.0,0,2024-11-16
925981098,2024-11-16,Ankara,Çim,2200,280000.0,3 ve Yukarı İngilizler,ŞARTLI 5 /,Ankara,Çim,3 ve Yukarı İngilizler,280000.0,0,2024-11-16
226101481,2024-11-16,Ankara,Çim,1600,280000.0,3 ve Yukarı İngilizler,Handikap 16 /H1,Ankara,Çim,3 ve Yukarı İngilizler,280000.0,0,2024-11-16
107663179,2024-11-16,Ankara,Çim,1600,240000.0,3 Yaşlı Araplar,Maiden /DHÖW,Ankara,Çim,3 Yaşlı Araplar,240000.0,0,2024-11-16
685177343,2024-11-16,Ankara,Çim,1600,280000.0,4 ve Yukarı Araplar,ŞARTLI 5 /DHÖW,Ankara,Çim,4 ve Yukarı Araplar,280000.0,0,2024-11-16
352394683,2024-11-16,Ankara,Çim,1200,236500.0,4 ve Yukarı Araplar,Handikap 15 /DHÖW/H1,Ankara,Çim,4 ve Yukarı Araplar,236500.0,0,2024-11-16
499816969,2024-11-16,İzmir,Çim,1200,240000.0,2 Yaşlı İngilizler,ŞARTLI 5 /,İzmir,Çim,2 Yaşlı İngilizler,240000.0,0,2024-11-16
98699470,2024-11-16,İzmir,Kum,1900,217000.0,3 Yaşlı İngilizler,ŞARTLI 19 /,İzmir,Kum,3 Yaşlı İngilizler,217000.0,0,2024-11-16
939814709,2024-11-16,İzmir,Kum,1400,384000.0,3 Yaşlı İngilizler,KV-8 /,İzmir,Kum,3 Yaşlı İngilizler,384000.0,0,2024-11-16
56352810,2024-11-16,İzmir,Çim,1200,274000.0,3 ve Yukarı İngilizler,Handikap 17 /H2,İzmir,Çim,3 ve Yukarı İngilizler,274000.0,0,2024-11-16
957146308,2024-11-16,İzmir,Çim,1200,217000.0,3 Yaşlı Araplar,Maiden /DHÖ/D,İzmir,Çim,3 Yaşlı Araplar,217000.0,0,2024-11-16
126882892,2024-11-16,İzmir,Çim,1200,240000.0,3 Yaşlı Araplar,ŞARTLI 5 /DHÖW,İzmir,Çim,3 Yaşlı Araplar,240000.0,0,2024-11-16
668220659,2024-11-16,İzmir,Kum,1600,163000.0,4 ve Yukarı Araplar,ŞARTLI 3 /DHÖ,İzmir,Kum,4 ve Yukarı Araplar,163000.0,0,2024-11-16
597156085,2024-11-16,İzmir,Çim,1900,192000.0,4 ve Yukarı Araplar,Handikap 15 /DHÖW/H2/D,İzmir,Çim,4 ve Yukarı Araplar,192000.0,0,2024-11-16
424483352,2024-11-16,Diyarbakır,Kum,1200,160000.0,2 Yaşlı İngilizler,ŞARTLI 19 /,Diyarbakır,Kum,2 Yaşlı İngilizler,160000.0,0,2024-11-16
988234760,2024-11-16,Diyarbakır,Kum,1200,114500.0,2 Yaşlı İngilizler,ŞARTLI 3 /D,Diyarbakır,Kum,2 Yaşlı İngilizler,114500.0,0,2024-11-16
36743709,2024-11-16,Diyarbakır,Kum,1900,114500.0,3 Yaşlı İngilizler,Handikap 14 /H3,Diyarbakır,Kum,3 Yaşlı İngilizler,114500.0,0,2024-11-16
142736757,2024-11-16,Diyarbakır,Kum,1900,140000.0,3 ve Yukarı İngilizler,ŞARTLI 4 /,Diyarbakır,Kum,3 ve Yukarı İngilizler,140000.0,0,2024-11-16
778071497,2024-11-16,Diyarbakır,Kum,1200,140000.0,3 ve Yukarı İngilizler,Handikap 15 /H3,Diyarbakır,Kum,3 ve Yukarı İngilizler,140000.0,0,2024-11-16
936318864,2024-11-16,Diyarbakır,Kum,1700,114500.0,3 Yaşlı Araplar,Handikap 14 /DHÖW/H3,Diyarbakır,Kum,3 Yaşlı Araplar,114500.0,0,2024-11-16
303857590,2024-11-16,Diyarbakır,Kum,1900,175000.0,4 ve Yukarı Araplar,ŞARTLI 5 /DHÖ,Diyarbakır,Kum,4 ve Yukarı Araplar,175000.0,0,2024-11-16
567316857,2024-11-17,İstanbul,Çim,1400,240000.0,2 Yaşlı İngilizler,Maiden /,İstanbul,Çim,2 Yaşlı İngilizler,240000.0,0,2024-11-17
679699863,2024-11-17,İstanbul,Çim,1800,1400000.0,2 Yaşlı İngilizler,G 2 /,İstanbul,Çim,2 Yaşlı İngilizler,1400000.0,0,2024-11-17
85886335,2024-11-17,İstanbul,Çim,1400,280000.0,3 Yaşlı İngilizler,ŞARTLI 5 /,İstanbul,Çim,3 Yaşlı İngilizler,280000.0,0,2024-11-17
371023477,2024-11-17,İstanbul,Sentetik,1500,280000.0,3 Yaşlı İngilizler,Handikap 16 /H1,İstanbul,Sentetik,3 Yaşlı İngilizler,280000.0,0,2024-11-17
423314606,2024-11-17,İstanbul,Sentetik,2000,1400000.0,3 ve Yukarı İngilizler,G 2 /D,İstanbul,Sentetik,3 ve Yukarı İngilizler,1400000.0,0,2024-11-17
896522282,2024-11-17,İstanbul,Çim,1400,280000.0,3 ve Yukarı İngilizler,Handikap 16 /H1,İstanbul,Çim,3 ve Yukarı İngilizler,280000.0,0,2024-11-17
184359443,2024-11-17,İstanbul,Çim,1900,236500.0,3 Yaşlı Araplar,Handikap 15 /DHÖW/H2,İstanbul,Çim,3 Yaşlı Araplar,236500.0,0,2024-11-17
756150370,2024-11-17,İstanbul,Sentetik,2100,313000.0,4 Yaşlı Araplar,Handikap 17 /DHÖ/H1,İstanbul,Sentetik,4 Yaşlı Araplar,313000.0,0,2024-11-17
976433445,2024-11-17,İstanbul,Çim,1600,280000.0,4 ve Yukarı Araplar,ŞARTLI 5 /DHÖW,İstanbul,Çim,4 ve Yukarı Araplar,280000.0,0,2024-11-17
20436979,2024-11-17,Adana,Çim,1300,217000.0,2 Yaşlı İngilizler,Maiden /,Adana,Çim,2 Yaşlı İngilizler,217000.0,0,2024-11-17
962777943,2024-11-17,Adana,Çim,1300,240000.0,2 Yaşlı İngilizler,ŞARTLI 5 /,Adana,Çim,2 Yaşlı İngilizler,240000.0,0,2024-11-17
964918543,2024-11-17,Adana,Çim,1900,192000.0,3 Yaşlı İngilizler,ŞARTLI 4 /,Adana,Çim,3 Yaşlı İngilizler,192000.0,0,2024-11-17
24612860,2024-11-17,Adana,Kum,1400,384000.0,3 ve Yukarı İngilizler,KV-8 /,Adana,Kum,3 ve Yukarı İngilizler,384000.0,0,2024-11-17
195194933,2024-11-17,Adana,Çim,1300,192000.0,3 ve Yukarı İngilizler,Handikap 15 /H2,Adana,Çim,3 ve Yukarı İngilizler,192000.0,0,2024-11-17
471050995,2024-11-17,Adana,Çim,1300,240000.0,3 Yaşlı Araplar,ŞARTLI 5 /DHÖW,Adana,Çim,3 Yaşlı Araplar,240000.0,0,2024-11-17
309995794,2024-11-17,Adana,Kum,1400,240000.0,4 Yaşlı Araplar,Handikap 16 /DHÖ/H2,Adana,Kum,4 Yaşlı Araplar,240000.0,0,2024-11-17
471050995,2024-11-17,Adana,Çim,1300,240000.0,4 ve Yukarı Araplar,ŞARTLI 5 /DHÖW,Adana,Çim,4 ve Yukarı Araplar,240000.0,0,2024-11-17
282100954,2024-11-18,Bursa,Kum,1400,217000.0,2 Yaşlı İngilizler,Maiden /,Bursa,Kum,2 Yaşlı İngilizler,217000.0,0,2024-11-18
207166361,2024-11-18,Bursa,Kum,1400,240000.0,2 Yaşlı İngilizler,ŞARTLI 5 /,Bursa,Kum,2 Yaşlı İngilizler,240000.0,0,2024-11-18
806642215,2024-11-18,Bursa,Kum,2100,163000.0,3 Yaşlı İngilizler,Handikap 14 /H2,Bursa,Kum,3 Yaşlı İngilizler,163000.0,0,2024-11-18
848140845,2024-11-18,Bursa,Kum,1300,285000.0,3 ve Yukarı İngilizler,KV-6 /,Bursa,Kum,3 ve Yukarı İngilizler,285000.0,0,2024-11-18
964304953,2024-11-18,Bursa,Kum,1400,192000.0,3 ve Yukarı İngilizler,Handikap 15 /H2/D,Bursa,Kum,3 ve Yukarı İngilizler,192000.0,0,2024-11-18
758774839,2024-11-18,Bursa,Kum,1400,192000.0,3 Yaşlı Araplar,ŞARTLI 4 /DHÖW,Bursa,Kum,3 Yaşlı Araplar,192000.0,0,2024-11-18
349272489,2024-11-18,Bursa,Kum,1200,192000.0,4 ve Yukarı Araplar,ŞARTLI 4 /DHÖW,Bursa,Kum,4 ve Yukarı Araplar,192000.0,0,2024-11-18
716854245,2024-11-18,Bursa,Kum,1900,192000.0,4 ve Yukarı Araplar,Handikap 15 /DHÖW/H2,Bursa,Kum,4 ve Yukarı Araplar,192000.0,0,2024-11-18
668011796,2024-11-18,Şanlıurfa,Kum,1400,114500.0,2 Yaşlı İngilizler,ŞARTLI 3 /,Şanlıurfa,Kum,2 Yaşlı İngilizler,114500.0,0,2024-11-18
875298419,2024-11-18,Şanlıurfa,Kum,1200,114500.0,3 Yaşlı İngilizler,ŞARTLI 3 /,Şanlıurfa,Kum,3 Yaşlı İngilizler,114500.0,0,2024-11-18
263959484,2024-11-18,Şanlıurfa,Kum,2100,140000.0,3 ve Yukarı İngilizler,ŞARTLI 4 /,Şanlıurfa,Kum,3 ve Yukarı İngilizler,140000.0,0,2024-11-18
850061286,2024-11-18,Şanlıurfa,Kum,1400,114500.0,3 ve Yukarı İngilizler,Handikap 14 /H3,Şanlıurfa,Kum,3 ve Yukarı İngilizler,114500.0,0,2024-11-18
142853833,2024-11-18,Şanlıurfa,Kum,1400,160000.0,3 Yaşlı Araplar,Maiden /DHÖW,Şanlıurfa,Kum,3 Yaşlı Araplar,160000.0,0,2024-11-18
540902800,2024-11-18,Şanlıurfa,Kum,1700,140000.0,4 Yaşlı Araplar,Handikap 15 /DHÖW/H3,Şanlıurfa,Kum,4 Yaşlı Araplar,140000.0,0,2024-11-18
835713093,2024-11-18,Şanlıurfa,Kum,2000,202000.0,4 ve Yukarı Araplar,KV-6 /DHT,Şanlıurfa,Kum,4 ve Yukarı Araplar,202000.0,0,2024-11-18
393022023,2024-11-19,Adana,Kum,1400,217000.0,2 Yaşlı İngilizler,Maiden /,Adana,Kum,2 Yaşlı İngilizler,217000.0,0,2024-11-19
77489768,2024-11-19,Adana,Kum,1400,163000.0,2 Yaşlı İngilizler,Handikap 14 /H2,Adana,Kum,2 Yaşlı İngilizler,163000.0,0,2024-11-19
547895425,2024-11-19,Adana,Kum,1200,163000.0,3 ve Yukarı İngilizler,Handikap 14 /H1,Adana,Kum,3 ve Yukarı İngilizler,163000.0,0,2024-11-19
248876853,2024-11-19,Adana,Kum,1400,153000.0,4 Yaşlı Araplar,SATIŞ 1 /DHÖW,Adana,Kum,4 Yaşlı Araplar,153000.0,0,2024-11-19
21085329,2024-11-19,Adana,Kum,1900,285000.0,4 ve Yukarı Araplar,KV-6 /DHÖ,Adana,Kum,4 ve Yukarı Araplar,285000.0,0,2024-11-19
978640245,2024-11-19,Adana,Kum,1400,274000.0,4 ve Yukarı Araplar,Handikap 17 /DHÖW/H1,Adana,Kum,4 ve Yukarı Araplar,274000.0,0,2024-11-19
829429536,2024-11-19,Antalya,Kum,1200,217000.0,2 Yaşlı İngilizler,Maiden /,Antalya,Kum,2 Yaşlı İngilizler,217000.0,0,2024-11-19
123153591,2024-11-19,Antalya,Sentetik,1700,240000.0,3 Yaşlı İngilizler,Handikap 16 /H1,Antalya,Sentetik,3 Yaşlı İngilizler,240000.0,0,2024-11-19
10911539,2024-11-19,Antalya,Kum,1400,384000.0,3 ve Yukarı İngilizler,KV-8 /D,Antalya,Kum,3 ve Yukarı İngilizler,384000.0,0,2024-11-19
9175623,2024-11-19,Antalya,Sentetik,1400,240000.0,3 ve Yukarı İngilizler,ŞARTLI 5 /,Antalya,Sentetik,3 ve Yukarı İngilizler,240000.0,0,2024-11-19
950914640,2024-11-19,Antalya,Sentetik,1400,192000.0,3 Yaşlı Araplar,ŞARTLI 4 /DHÖW,Antalya,Sentetik,3 Yaşlı Araplar,192000.0,0,2024-11-19
925686577,2024-11-19,Antalya,Kum,2200,331000.0,4 ve Yukarı Araplar,KV-7 /DHÖW,Antalya,Kum,4 ve Yukarı Araplar,331000.0,0,2024-11-19
960776428,2024-11-19,Antalya,Sentetik,1600,240000.0,4 ve Yukarı Araplar,Handikap 16 /DHÖW/H1,Antalya,Sentetik,4 ve Yukarı Araplar,240000.0,0,2024-11-19
726365167,2024-11-20,İstanbul,Sentetik,1500,192000.0,2 Yaşlı İngilizler,ŞARTLI 4 /D,İstanbul,Sentetik,2 Yaşlı İngilizler,192000.0,0,2024-11-20
717576415,2024-11-20,İstanbul,Sentetik,1500,192000.0,2 Yaşlı İngilizler,Handikap 15 /H2,İstanbul,Sentetik,2 Yaşlı İngilizler,192000.0,0,2024-11-20
726365167,2024-11-20,İstanbul,Sentetik,1500,192000.0,3 ve Yukarı İngilizler,ŞARTLI 4 /D,İstanbul,Sentetik,3 ve Yukarı İngilizler,192000.0,0,2024-11-20
365275731,2024-11-20,İstanbul,Sentetik,1300,217000.0,3 Yaşlı Araplar,Maiden /DHÖW,İstanbul,Sentetik,3 Yaşlı Araplar,217000.0,0,2024-11-20
217857891,2024-11-20,İstanbul,Sentetik,1500,192000.0,3 Yaşlı Araplar,ŞARTLI 4 /DHÖW,İstanbul,Sentetik,3 Yaşlı Araplar,192000.0,0,2024-11-20
139423194,2024-11-20,İstanbul,Sentetik,1500,274000.0,4 ve Yukarı Araplar,Handikap 17 /DHÖW/H1,İstanbul,Sentetik,4 ve Yukarı Araplar,274000.0,0,2024-11-20
496511724,2024-11-20,Şanlıurfa,Kum,1200,160000.0,2 Yaşlı İngilizler,Maiden /,Şanlıurfa,Kum,2 Yaşlı İngilizler,160000.0,0,2024-11-20
940995839,2024-11-20,Şanlıurfa,Kum,2000,114500.0,3 Yaşlı İngilizler,ŞARTLI 3 /,Şanlıurfa,Kum,3 Yaşlı İngilizler,114500.0,0,2024-11-20
136894440,2024-11-20,Şanlıurfa,Kum,1200,114500.0,3 ve Yukarı İngilizler,ŞARTLI 3 /,Şanlıurfa,Kum,3 ve Yukarı İngilizler,114500.0,0,2024-11-20
768694518,2024-11-20,Şanlıurfa,Kum,1900,140000.0,3 ve Yukarı İngilizler,Handikap 15 /H3/D,Şanlıurfa,Kum,3 ve Yukarı İngilizler,140000.0,0,2024-11-20
241352322,2024-11-20,Şanlıurfa,Kum,1400,114500.0,3 Yaşlı Araplar,ŞARTLI 3 /DHÖ,Şanlıurfa,Kum,3 Yaşlı Araplar,114500.0,0,2024-11-20
247244984,2024-11-20,Şanlıurfa,Kum,1400,114500.0,4 Yaşlı Araplar,ŞARTLI 3 /DHÖW/D,Şanlıurfa,Kum,4 Yaşlı Araplar,114500.0,0,2024-11-20
877526844,2024-11-20,Şanlıurfa,Kum,1200,140000.0,4 ve Yukarı Araplar,ŞARTLI 4 /DHÖ,Şanlıurfa,Kum,4 ve Yukarı Araplar,140000.0,0,2024-11-20
633599582,2024-11-20,Şanlıurfa,Kum,1400,140000.0,4 ve Yukarı Araplar,Handikap 15 /DHÖW/H3/Y-2,Şanlıurfa,Kum,4 ve Yukarı Araplar,140000.0,0,2024-11-20
132606332,2024-11-21,İzmir,Kum,1400,217000.0,2 Yaşlı İngilizler,Maiden /,İzmir,Kum,2 Yaşlı İngilizler,217000.0,0,2024-11-21
176660911,2024-11-21,İzmir,Kum,1400,192000.0,2 Yaşlı İngilizler,ŞARTLI 4 /D,İzmir,Kum,2 Yaşlı İngilizler,192000.0,0,2024-11-21
301201338,2024-11-21,İzmir,Kum,1200,384000.0,3 ve Yukarı İngilizler,KV-8 /,İzmir,Kum,3 ve Yukarı İngilizler,384000.0,0,2024-11-21
28449444,2024-11-21,İzmir,Kum,2200,240000.0,3 ve Yukarı İngilizler,Handikap 16 /H1,İzmir,Kum,3 ve Yukarı İngilizler,240000.0,0,2024-11-21
633511675,2024-11-21,İzmir,Kum,1400,192000.0,3 Yaşlı Araplar,Handikap 15 /DHÖW/H2,İzmir,Kum,3 Yaşlı Araplar,192000.0,0,2024-11-21
471993210,2024-11-21,İzmir,Kum,1400,285000.0,4 ve Yukarı Araplar,KV-6 /DHÖW,İzmir,Kum,4 ve Yukarı Araplar,285000.0,0,2024-11-21
26467719,2024-11-21,Kocaeli,Kum,1200,217000.0,2 Yaşlı İngilizler,Maiden /,Kocaeli,Kum,2 Yaşlı İngilizler,217000.0,0,2024-11-21
780931095,2024-11-21,Kocaeli,Kum,1500,129000.0,2 Yaşlı İngilizler,ŞARTLI 2 /TR,Kocaeli,Kum,2 Yaşlı İngilizler,129000.0,0,2024-11-21
795988748,2024-11-21,Kocaeli,Kum,1400,240000.0,3 Yaşlı İngilizler,Handikap 16 /H2,Kocaeli,Kum,3 Yaşlı İngilizler,240000.0,0,2024-11-21
913425833,2024-11-21,Kocaeli,Kum,1500,285000.0,3 ve Yukarı İngilizler,KV-6 /,Kocaeli,Kum,3 ve Yukarı İngilizler,285000.0,0,2024-11-21
807933279,2024-11-21,Kocaeli,Kum,1900,274000.0,3 ve Yukarı İngilizler,Handikap 17 /H2,Kocaeli,Kum,3 ve Yukarı İngilizler,274000.0,0,2024-11-21
314418696,2024-11-21,Kocaeli,Kum,1200,163000.0,3 Yaşlı Araplar,ŞARTLI 3 /DHÖ,Kocaeli,Kum,3 Yaşlı Araplar,163000.0,0,2024-11-21
281276442,2024-11-21,Kocaeli,Kum,1800,192000.0,4 ve Yukarı Araplar,ŞARTLI 4 /DHÖW,Kocaeli,Kum,4 ve Yukarı Araplar,192000.0,0,2024-11-21
365429339,2024-11-21,Kocaeli,Kum,1400,192000.0,4 ve Yukarı Araplar,Handikap 15 /DHÖW/H2,Kocaeli,Kum,4 ve Yukarı Araplar,192000.0,0,2024-11-21
321625838,2024-11-22,Antalya,Sentetik,1400,285000.0,2 Yaşlı İngilizler,KV-6 /,Antalya,Sentetik,2 Yaşlı İngilizler,285000.0,0,2024-11-22
449899720,2024-11-22,Antalya,Kum,2000,192000.0,3 Yaşlı İngilizler,ŞARTLI 4 /,Antalya,Kum,3 Yaşlı İngilizler,192000.0,0,2024-11-22
266149504,2024-11-22,Antalya,Kum,1400,240000.0,3 ve Yukarı İngilizler,ŞARTLI 5 /,Antalya,Kum,3 ve Yukarı İngilizler,240000.0,0,2024-11-22
877872954,2024-11-22,Antalya,Sentetik,2200,274000.0,3 ve Yukarı İngilizler,Handikap 17 /H1,Antalya,Sentetik,3 ve Yukarı İngilizler,274000.0,0,2024-11-22
854781858,2024-11-22,Antalya,Sentetik,1400,217000.0,3 Yaşlı Araplar,Maiden /DHÖW,Antalya,Sentetik,3 Yaşlı Araplar,217000.0,0,2024-11-22
37834978,2024-11-22,Antalya,Kum,1400,240000.0,3 Yaşlı Araplar,ŞARTLI 5 /DHT,Antalya,Kum,3 Yaşlı Araplar,240000.0,0,2024-11-22
821194370,2024-11-22,Antalya,Kum,1200,163000.0,4 ve Yukarı Araplar,Handikap 14 /DHÖ/H1,Antalya,Kum,4 ve Yukarı Araplar,163000.0,0,2024-11-22
865898852,2024-11-22,İzmir,Kum,1600,163000.0,2 Yaşlı İngilizler,ŞARTLI 3 /,İzmir,Kum,2 Yaşlı İngilizler,163000.0,0,2024-11-22
998886401,2024-11-22,İzmir,Kum,1400,153000.0,2 Yaşlı İngilizler,SATIŞ 1 /,İzmir,Kum,2 Yaşlı İngilizler,153000.0,0,2024-11-22
885932529,2024-11-22,İzmir,Kum,1400,163000.0,3 Yaşlı İngilizler,Handikap 14 /H1,İzmir,Kum,3 Yaşlı İngilizler,163000.0,0,2024-11-22
304974717,2024-11-22,İzmir,Kum,1900,331000.0,3 ve Yukarı İngilizler,KV-7 /,İzmir,Kum,3 ve Yukarı İngilizler,331000.0,0,2024-11-22
984670852,2024-11-22,İzmir,Kum,1400,192000.0,3 ve Yukarı İngilizler,ŞARTLI 4 /Y-2,İzmir,Kum,3 ve Yukarı İngilizler,192000.0,0,2024-11-22
255029817,2024-11-22,İzmir,Kum,1600,217000.0,3 Yaşlı Araplar,Maiden /DHÖW,İzmir,Kum,3 Yaşlı Araplar,217000.0,0,2024-11-22
884969832,2024-11-22,İzmir,Kum,1600,240000.0,4 ve Yukarı Araplar,Handikap 16 /DHÖW/H1,İzmir,Kum,4 ve Yukarı Araplar,240000.0,0,2024-11-22
908792136,2024-11-23,İstanbul,Sentetik,1400,217000.0,2 Yaşlı İngilizler,Maiden /,İstanbul,Sentetik,2 Yaşlı İngilizler,217000.0,0,2024-11-23
490320415,2024-11-23,İstanbul,Sentetik,1300,163000.0,2 Yaşlı İngilizler,ŞARTLI 3 /,İstanbul,Sentetik,2 Yaşlı İngilizler,163000.0,0,2024-11-23
381012602,2024-11-23,İstanbul,Sentetik,1400,192000.0,3 Yaşlı İngilizler,ŞARTLI 4 /,İstanbul,Sentetik,3 Yaşlı İngilizler,192000.0,0,2024-11-23
691695911,2024-11-23,İstanbul,Sentetik,2100,192000.0,3 ve Yukarı İngilizler,ŞARTLI 4 /Y-2,İstanbul,Sentetik,3 ve Yukarı İngilizler,192000.0,0,2024-11-23
662542608,2024-11-23,İstanbul,Sentetik,1400,192000.0,3 Yaşlı Araplar,Handikap 15 /DHÖW/H2/D,İstanbul,Sentetik,3 Yaşlı Araplar,192000.0,0,2024-11-23
310690296,2024-11-23,İstanbul,Sentetik,2000,163000.0,4 Yaşlı Araplar,ŞARTLI 3 /DHÖW,İstanbul,Sentetik,4 Yaşlı Araplar,163000.0,0,2024-11-23
659763357,2024-11-23,İstanbul,Sentetik,2000,240000.0,4 ve Yukarı Araplar,ŞARTLI 5 /DHÖW/D,İstanbul,Sentetik,4 ve Yukarı Araplar,240000.0,0,2024-11-23
9318644,2024-11-23,İstanbul,Sentetik,2000,274000.0,4 ve Yukarı Araplar,Handikap 17 /DHÖW/H1,İstanbul,Sentetik,4 ve Yukarı Araplar,274000.0,0,2024-11-23
96398025,2024-11-23,Adana,Kum,1200,273000.0,2 Yaşlı İngilizler,ŞARTLI 1 /,Adana,Kum,2 Yaşlı İngilizler,273000.0,0,2024-11-23
849211612,2024-11-23,Adana,Kum,1400,240000.0,2 Yaşlı İngilizler,ŞARTLI 5 /,Adana,Kum,2 Yaşlı İngilizler,240000.0,0,2024-11-23
128262129,2024-11-23,Adana,Kum,2000,163000.0,3 Yaşlı İngilizler,ŞARTLI 3 /,Adana,Kum,3 Yaşlı İngilizler,163000.0,0,2024-11-23
249479208,2024-11-23,Adana,Kum,2000,384000.0,3 ve Yukarı İngilizler,KV-8 /,Adana,Kum,3 ve Yukarı İngilizler,384000.0,0,2024-11-23
962643676,2024-11-23,Adana,Kum,1900,153000.0,3 ve Yukarı İngilizler,SATIŞ 1 /,Adana,Kum,3 ve Yukarı İngilizler,153000.0,0,2024-11-23
107273652,2024-11-23,Adana,Kum,1400,192000.0,3 Yaşlı Araplar,ŞARTLI 4 /DHÖW,Adana,Kum,3 Yaşlı Araplar,192000.0,0,2024-11-23
904345457,2024-11-23,Adana,Kum,1400,240000.0,4 ve Yukarı Araplar,ŞARTLI 5 /DHÖ,Adana,Kum,4 ve Yukarı Araplar,240000.0,0,2024-11-23
957565263,2024-11-23,Adana,Kum,2000,240000.0,4 ve Yukarı Araplar,Handikap 16 /DHÖW/H1,Adana,Kum,4 ve Yukarı Araplar,240000.0,0,2024-11-23
519437348,2024-11-23,Diyarbakır,Kum,1200,114500.0,2 Yaşlı İngilizler,Handikap 14 /H3,Diyarbakır,Kum,2 Yaşlı İngilizler,114500.0,0,2024-11-23
251692497,2024-11-23,Diyarbakır,Kum,2000,140000.0,3 ve Yukarı İngilizler,Handikap 15 /H3,Diyarbakır,Kum,3 ve Yukarı İngilizler,140000.0,0,2024-11-23
109071264,2024-11-23,Diyarbakır,Kum,1200,160000.0,3 Yaşlı Araplar,ŞARTLI 19 /DHÖW,Diyarbakır,Kum,3 Yaşlı Araplar,160000.0,0,2024-11-23
797791201,2024-11-23,Diyarbakır,Kum,1200,140000.0,3 Yaşlı Araplar,ŞARTLI 4 /DHÖW,Diyarbakır,Kum,3 Yaşlı Araplar,140000.0,0,2024-11-23
765250639,2024-11-23,Diyarbakır,Kum,1200,175000.0,4 ve Yukarı Araplar,ŞARTLI 5 /DHÖW,Diyarbakır,Kum,4 ve Yukarı Araplar,175000.0,0,2024-11-23
634048342,2024-11-23,Diyarbakır,Kum,1800,140000.0,4 ve Yukarı Araplar,Handikap 15 /DHÖW/H3,Diyarbakır,Kum,4 ve Yukarı Araplar,140000.0,0,2024-11-23
503573867,2024-11-24,İzmir,Kum,1400,273000.0,2 Yaşlı İngilizler,ŞARTLI 1 /,İzmir,Kum,2 Yaşlı İngilizler,273000.0,0,2024-11-24
160207719,2024-11-24,İzmir,Kum,1200,285000.0,2 Yaşlı İngilizler,KV-6 /,İzmir,Kum,2 Yaşlı İngilizler,285000.0,0,2024-11-24
593489483,2024-11-24,İzmir,Kum,1600,192000.0,3 Yaşlı İngilizler,ŞARTLI 4 /,İzmir,Kum,3 Yaşlı İngilizler,192000.0,0,2024-11-24
642457268,2024-11-24,İzmir,Kum,1400,240000.0,3 Yaşlı İngilizler,Handikap 16 /H1/D,İzmir,Kum,3 Yaşlı İngilizler,240000.0,0,2024-11-24
702076064,2024-11-24,İzmir,Kum,1900,163000.0,3 ve Yukarı İngilizler,ŞARTLI 3 /Y-1,İzmir,Kum,3 ve Yukarı İngilizler,163000.0,0,2024-11-24
797676885,2024-11-24,İzmir,Kum,1600,192000.0,3 ve Yukarı İngilizler,Handikap 15 /H1,İzmir,Kum,3 ve Yukarı İngilizler,192000.0,0,2024-11-24
718392012,2024-11-24,İzmir,Kum,1600,440000.0,3 Yaşlı Araplar,KV-9 /DHÖW,İzmir,Kum,3 Yaşlı Araplar,440000.0,0,2024-11-24
247595705,2024-11-24,İzmir,Kum,2000,192000.0,4 Yaşlı Araplar,Handikap 15 /DHÖW/H1,İzmir,Kum,4 Yaşlı Araplar,192000.0,0,2024-11-24
965458918,2024-11-24,Adana,Kum,1400,285000.0,2 Yaşlı İngilizler,KV-6 /D,Adana,Kum,2 Yaşlı İngilizler,285000.0,0,2024-11-24
477220321,2024-11-24,Adana,Kum,1900,163000.0,3 Yaşlı İngilizler,Handikap 14 /H1,Adana,Kum,3 Yaşlı İngilizler,163000.0,0,2024-11-24
288672065,2024-11-24,Adana,Kum,2100,240000.0,3 ve Yukarı İngilizler,ŞARTLI 5 /,Adana,Kum,3 ve Yukarı İngilizler,240000.0,0,2024-11-24
161015515,2024-11-24,Adana,Kum,1400,240000.0,3 ve Yukarı İngilizler,Handikap 16 /H1/D,Adana,Kum,3 ve Yukarı İngilizler,240000.0,0,2024-11-24
815818949,2024-11-24,Adana,Kum,1400,217000.0,3 Yaşlı Araplar,Maiden /DHÖW,Adana,Kum,3 Yaşlı Araplar,217000.0,0,2024-11-24
86138050,2024-11-24,Adana,Kum,1900,192000.0,4 Yaşlı Araplar,ŞARTLI 4 /DHÖW/D,Adana,Kum,4 Yaşlı Araplar,192000.0,0,2024-11-24
537946511,2024-11-25,Bursa,Kum,1400,163000.0,2 Yaşlı İngilizler,ŞARTLI 3 /D,Bursa,Kum,2 Yaşlı İngilizler,163000.0,0,2024-11-25
271300903,2024-11-25,Bursa,Kum,1200,192000.0,3 Yaşlı İngilizler,ŞARTLI 4 /,Bursa,Kum,3 Yaşlı İngilizler,192000.0,0,2024-11-25
17419029,2024-11-25,Bursa,Kum,1800,192000.0,3 ve Yukarı İngilizler,ŞARTLI 4 /,Bursa,Kum,3 ve Yukarı İngilizler,192000.0,0,2024-11-25
106649562,2024-11-25,Bursa,Kum,2100,274000.0,3 ve Yukarı İngilizler,Handikap 17 /H2,Bursa,Kum,3 ve Yukarı İngilizler,274000.0,0,2024-11-25
611496972,2024-11-25,Bursa,Kum,1300,217000.0,3 Yaşlı Araplar,Maiden /DHÖW,Bursa,Kum,3 Yaşlı Araplar,217000.0,0,2024-11-25
638286579,2024-11-25,Bursa,Kum,1900,192000.0,4 Yaşlı Araplar,Handikap 15 /DHÖW/H2,Bursa,Kum,4 Yaşlı Araplar,192000.0,0,2024-11-25
570105991,2024-11-25,Bursa,Kum,2000,192000.0,4 ve Yukarı Araplar,ŞARTLI 4 /DHÖ/Y-1,Bursa,Kum,4 ve Yukarı Araplar,192000.0,0,2024-11-25
372758048,2024-11-25,Bursa,Kum,1400,240000.0,4 ve Yukarı Araplar,Handikap 16 /DHÖ/H2,Bursa,Kum,4 ve Yukarı Araplar,240000.0,0,2024-11-25
131877786,2024-11-25,Şanlıurfa,Kum,1400,160000.0,2 Yaşlı İngilizler,Maiden /D,Şanlıurfa,Kum,2 Yaşlı İngilizler,160000.0,0,2024-11-25
829211601,2024-11-25,Şanlıurfa,Kum,1700,202000.0,3 ve Yukarı İngilizler,KV-6 /,Şanlıurfa,Kum,3 ve Yukarı İngilizler,202000.0,0,2024-11-25
129016566,2024-11-25,Şanlıurfa,Kum,1300,82000.0,3 Yaşlı Araplar,Handikap 13 /DHÖW/H3,Şanlıurfa,Kum,3 Yaşlı Araplar,82000.0,0,2024-11-25
500909,2024-11-25,Şanlıurfa,Kum,1300,114500.0,4 Yaşlı Araplar,Handikap 14 /DHÖ/H3,Şanlıurfa,Kum,4 Yaşlı Araplar,114500.0,0,2024-11-25
152675699,2024-11-25,Şanlıurfa,Kum,1800,114500.0,4 ve Yukarı Araplar,ŞARTLI 3 /DHÖW,Şanlıurfa,Kum,4 ve Yukarı Araplar,114500.0,0,2024-11-25
454281713,2024-11-25,Şanlıurfa,Kum,1200,140000.0,4 ve Yukarı Araplar,Handikap 15 /DHÖW/H3/D,Şanlıurfa,Kum,4 ve Yukarı Araplar,140000.0,0,2024-11-25
227081648,2024-11-26,Adana,Kum,1400,177000.0,2 Yaşlı İngilizler,SATIŞ 2 /,Adana,Kum,2 Yaşlı İngilizler,177000.0,0,2024-11-26
832167163,2024-11-26,Adana,Kum,1400,192000.0,3 Yaşlı İngilizler,ŞARTLI 4 /,Adana,Kum,3 Yaşlı İngilizler,192000.0,0,2024-11-26
537386503,2024-11-26,Adana,Kum,1200,192000.0,3 Yaşlı İngilizler,Handikap 15 /H1,Adana,Kum,3 Yaşlı İngilizler,192000.0,0,2024-11-26
314728714,2024-11-26,Adana,Kum,2000,192000.0,3 ve Yukarı İngilizler,ŞARTLI 4 /Y-2/D,Adana,Kum,3 ve Yukarı İngilizler,192000.0,0,2024-11-26
739243020,2024-11-26,Adana,Kum,1200,217000.0,3 Yaşlı Araplar,Maiden /DHÖW/D,Adana,Kum,3 Yaşlı Araplar,217000.0,0,2024-11-26
651659043,2024-11-26,Adana,Kum,1300,192000.0,3 Yaşlı Araplar,Handikap 15 /DHÖW/H2,Adana,Kum,3 Yaşlı Araplar,192000.0,0,2024-11-26
904354920,2024-11-26,Adana,Kum,2000,129000.0,4 Yaşlı Araplar,ŞARTLI 2 /DHÖW,Adana,Kum,4 Yaşlı Araplar,129000.0,0,2024-11-26
160504192,2024-11-26,Adana,Kum,1400,192000.0,4 ve Yukarı Araplar,Handikap 15 /DHÖW/H1,Adana,Kum,4 ve Yukarı Araplar,192000.0,0,2024-11-26
35505396,2024-11-26,Antalya,Sentetik,1400,217000.0,2 Yaşlı İngilizler,Maiden /,Antalya,Sentetik,2 Yaşlı İngilizler,217000.0,0,2024-11-26
477268021,2024-11-26,Antalya,Kum,1400,163000.0,2 Yaşlı İngilizler,ŞARTLI 3 /D,Antalya,Kum,2 Yaşlı İngilizler,163000.0,0,2024-11-26
846865495,2024-11-26,Antalya,Sentetik,1400,192000.0,3 Yaşlı İngilizler,Handikap 15 /H1/D,Antalya,Sentetik,3 Yaşlı İngilizler,192000.0,0,2024-11-26
903700774,2024-11-26,Antalya,Kum,2200,384000.0,3 ve Yukarı İngilizler,KV-8 /,Antalya,Kum,3 ve Yukarı İngilizler,384000.0,0,2024-11-26
517975510,2024-11-26,Antalya,Sentetik,1600,192000.0,3 ve Yukarı İngilizler,Handikap 15 /H1,Antalya,Sentetik,3 ve Yukarı İngilizler,192000.0,0,2024-11-26
473540897,2024-11-26,Antalya,Kum,1300,240000.0,4 ve Yukarı Araplar,ŞARTLI 5 /DHT,Antalya,Kum,4 ve Yukarı Araplar,240000.0,0,2024-11-26
332779188,2024-11-26,Antalya,Kum,2000,240000.0,4 ve Yukarı Araplar,Handikap 16 /DHÖW/H1,Antalya,Kum,4 ve Yukarı Araplar,240000.0,0,2024-11-26
68624767,2024-11-27,İstanbul,Sentetik,1500,285000.0,2 Yaşlı İngilizler,KV-6 /,İstanbul,Sentetik,2 Yaşlı İngilizler,285000.0,0,2024-11-27
235394598,2024-11-27,İstanbul,Sentetik,2000,192000.0,3 Yaşlı İngilizler,Handikap 15 /H1,İstanbul,Sentetik,3 Yaşlı İngilizler,192000.0,0,2024-11-27
359887411,2024-11-27,İstanbul,Sentetik,1200,240000.0,3 ve Yukarı İngilizler,ŞARTLI 5 /,İstanbul,Sentetik,3 ve Yukarı İngilizler,240000.0,0,2024-11-27
794098229,2024-11-27,İstanbul,Sentetik,1500,240000.0,3 ve Yukarı İngilizler,Handikap 16 /H1,İstanbul,Sentetik,3 ve Yukarı İngilizler,240000.0,0,2024-11-27
939644266,2024-11-27,İstanbul,Sentetik,1500,217000.0,3 Yaşlı Araplar,Maiden /DHÖW/D,İstanbul,Sentetik,3 Yaşlı Araplar,217000.0,0,2024-11-27
383046840,2024-11-27,İstanbul,Sentetik,1500,163000.0,3 Yaşlı Araplar,Handikap 14 /DHÖW/H2,İstanbul,Sentetik,3 Yaşlı Araplar,163000.0,0,2024-11-27
595673504,2024-11-27,İstanbul,Sentetik,1500,192000.0,4 ve Yukarı Araplar,ŞARTLI 4 /DHÖW,İstanbul,Sentetik,4 ve Yukarı Araplar,192000.0,0,2024-11-27
982324933,2024-11-27,Şanlıurfa,Kum,1300,140000.0,2 Yaşlı İngilizler,ŞARTLI 4 /D,Şanlıurfa,Kum,2 Yaşlı İngilizler,140000.0,0,2024-11-27
470115910,2024-11-27,Şanlıurfa,Kum,1400,140000.0,2 Yaşlı İngilizler,Handikap 15 /H3,Şanlıurfa,Kum,2 Yaşlı İngilizler,140000.0,0,2024-11-27
123858004,2024-11-27,Şanlıurfa,Kum,1400,140000.0,3 Yaşlı İngilizler,ŞARTLI 4 /D,Şanlıurfa,Kum,3 Yaşlı İngilizler,140000.0,0,2024-11-27
498127205,2024-11-27,Şanlıurfa,Kum,2000,175000.0,3 ve Yukarı İngilizler,Handikap 16 /H3,Şanlıurfa,Kum,3 ve Yukarı İngilizler,175000.0,0,2024-11-27
2140812,2024-11-27,Şanlıurfa,Kum,1300,160000.0,3 Yaşlı Araplar,Maiden /DHÖW/D,Şanlıurfa,Kum,3 Yaşlı Araplar,160000.0,0,2024-11-27
616858963,2024-11-27,Şanlıurfa,Kum,1200,175000.0,4 Yaşlı Araplar,ŞARTLI 5 /DHÖW,Şanlıurfa,Kum,4 Yaşlı Araplar,175000.0,0,2024-11-27
375408727,2024-11-27,Şanlıurfa,Kum,2100,114500.0,4 ve Yukarı Araplar,Handikap 14 /DHÖW/H3,Şanlıurfa,Kum,4 ve Yukarı Araplar,114500.0,0,2024-11-27
321768420,2024-11-28,İzmir,Kum,1600,217000.0,2 Yaşlı İngilizler,Maiden /D,İzmir,Kum,2 Yaşlı İngilizler,217000.0,0,2024-11-28
453449624,2024-11-28,İzmir,Kum,1400,163000.0,2 Yaşlı İngilizler,Handikap 14 /H2,İzmir,Kum,2 Yaşlı İngilizler,163000.0,0,2024-11-28
595994192,2024-11-28,İzmir,Kum,1400,285000.0,3 ve Yukarı İngilizler,Handikap 21 /H1,İzmir,Kum,3 ve Yukarı İngilizler,285000.0,0,2024-11-28
541988221,2024-11-28,İzmir,Kum,1400,129000.0,3 Yaşlı Araplar,ŞARTLI 2 /DHÖW,İzmir,Kum,3 Yaşlı Araplar,129000.0,0,2024-11-28
822867956,2024-11-28,İzmir,Kum,1900,285000.0,4 ve Yukarı Araplar,KV-6 /DHÖ,İzmir,Kum,4 ve Yukarı Araplar,285000.0,0,2024-11-28
387100966,2024-11-28,İzmir,Kum,1900,192000.0,4 ve Yukarı Araplar,Handikap 15 /DHÖW/H1/D,İzmir,Kum,4 ve Yukarı Araplar,192000.0,0,2024-11-28
756813563,2024-11-28,Kocaeli,Kum,1400,240000.0,2 Yaşlı İngilizler,ŞARTLI 5 /,Kocaeli,Kum,2 Yaşlı İngilizler,240000.0,0,2024-11-28
49593268,2024-11-28,Kocaeli,Kum,1700,192000.0,3 Yaşlı İngilizler,Handikap 15 /H2/D,Kocaeli,Kum,3 Yaşlı İngilizler,192000.0,0,2024-11-28
366028251,2024-11-28,Kocaeli,Kum,1800,192000.0,3 ve Yukarı İngilizler,ŞARTLI 4 /Y-2,Kocaeli,Kum,3 ve Yukarı İngilizler,192000.0,0,2024-11-28
182368471,2024-11-28,Kocaeli,Kum,1400,240000.0,3 ve Yukarı İngilizler,Handikap 16 /H2,Kocaeli,Kum,3 ve Yukarı İngilizler,240000.0,0,2024-11-28
333943620,2024-11-28,Kocaeli,Kum,1500,217000.0,3 Yaşlı Araplar,Maiden /DHÖW,Kocaeli,Kum,3 Yaşlı Araplar,217000.0,0,2024-11-28
970568932,2024-11-28,Kocaeli,Kum,1400,163000.0,3 Yaşlı Araplar,Handikap 14 /DHÖW/H2/D,Kocaeli,Kum,3 Yaşlı Araplar,163000.0,0,2024-11-28
27766880,2024-11-28,Kocaeli,Kum,1200,192000.0,4 ve Yukarı Araplar,ŞARTLI 4 /DHÖW,Kocaeli,Kum,4 ve Yukarı Araplar,192000.0,0,2024-11-28
455322522,2024-11-28,Kocaeli,Kum,2000,274000.0,4 ve Yukarı Araplar,Handikap 17 /DHÖW/H2,Kocaeli,Kum,4 ve Yukarı Araplar,274000.0,0,2024-11-28
698526401,2024-11-29,Antalya,Sentetik,1300,273000.0,2 Yaşlı İngilizler,ŞARTLI 1 /,Antalya,Sentetik,2 Yaşlı İngilizler,273000.0,0,2024-11-29
895641909,2024-11-29,Antalya,Kum,1400,192000.0,2 Yaşlı İngilizler,Handikap 15 /H2,Antalya,Kum,2 Yaşlı İngilizler,192000.0,0,2024-11-29
83803310,2024-11-29,Antalya,Sentetik,2100,240000.0,3 ve Yukarı İngilizler,ŞARTLI 5 /D,Antalya,Sentetik,3 ve Yukarı İngilizler,240000.0,0,2024-11-29
248185096,2024-11-29,Antalya,Kum,2000,240000.0,3 ve Yukarı İngilizler,Handikap 16 /H1,Antalya,Kum,3 ve Yukarı İngilizler,240000.0,0,2024-11-29
864316180,2024-11-29,Antalya,Kum,1200,177000.0,3 Yaşlı Araplar,SATIŞ 2 /DHÖW,Antalya,Kum,3 Yaşlı Araplar,177000.0,0,2024-11-29
225152017,2024-11-29,Antalya,Sentetik,1200,163000.0,3 Yaşlı Araplar,Handikap 14 /DHÖW/H2,Antalya,Sentetik,3 Yaşlı Araplar,163000.0,0,2024-11-29
55711812,2024-11-29,Antalya,Sentetik,1200,384000.0,4 ve Yukarı Araplar,KV-8 /DHÖW,Antalya,Sentetik,4 ve Yukarı Araplar,384000.0,0,2024-11-29
31695901,2024-11-29,Antalya,Sentetik,2100,163000.0,4 ve Yukarı Araplar,Handikap 14 /DHÖW/H1,Antalya,Sentetik,4 ve Yukarı Araplar,163000.0,0,2024-11-29
643563055,2024-11-29,İzmir,Kum,1600,217000.0,2 Yaşlı İngilizler,Maiden/Satış /,İzmir,Kum,2 Yaşlı İngilizler,217000.0,0,2024-11-29
849112798,2024-11-29,İzmir,Kum,2100,285000.0,3 Yaşlı İngilizler,KV-6 /,İzmir,Kum,3 Yaşlı İngilizler,285000.0,0,2024-11-29
505759058,2024-11-29,İzmir,Kum,2000,240000.0,3 ve Yukarı İngilizler,Handikap 16 /H1/D,İzmir,Kum,3 ve Yukarı İngilizler,240000.0,0,2024-11-29
514209355,2024-11-29,İzmir,Kum,1600,240000.0,3 Yaşlı Araplar,ŞARTLI 5 /DHÖW/D,İzmir,Kum,3 Yaşlı Araplar,240000.0,0,2024-11-29
514209355,2024-11-29,İzmir,Kum,1600,240000.0,4 Yaşlı Araplar,ŞARTLI 5 /DHÖW/D,İzmir,Kum,4 Yaşlı Araplar,240000.0,0,2024-11-29
219032600,2024-11-29,İzmir,Kum,2100,163000.0,4 ve Yukarı Araplar,ŞARTLI 3 /DHÖW,İzmir,Kum,4 ve Yukarı Araplar,163000.0,0,2024-11-29
219596452,2024-11-30,İstanbul,Sentetik,1300,273000.0,2 Yaşlı İngilizler,ŞARTLI 1 /,İstanbul,Sentetik,2 Yaşlı İngilizler,273000.0,0,2024-11-30
328523276,2024-11-30,İstanbul,Sentetik,2000,192000.0,3 Yaşlı İngilizler,ŞARTLI 4 /D,İstanbul,Sentetik,3 Yaşlı İngilizler,192000.0,0,2024-11-30
967363248,2024-11-30,İstanbul,Sentetik,1400,440000.0,3 ve Yukarı İngilizler,KV-9 /,İstanbul,Sentetik,3 ve Yukarı İngilizler,440000.0,0,2024-11-30
248091974,2024-11-30,İstanbul,Sentetik,2200,240000.0,3 ve Yukarı İngilizler,Handikap 16 /H1,İstanbul,Sentetik,3 ve Yukarı İngilizler,240000.0,0,2024-11-30
744375201,2024-11-30,İstanbul,Sentetik,1500,240000.0,3 Yaşlı Araplar,ŞARTLI 5 /DHÖW/D,İstanbul,Sentetik,3 Yaşlı Araplar,240000.0,0,2024-11-30
842535860,2024-11-30,İstanbul,Sentetik,1400,163000.0,4 Yaşlı Araplar,ŞARTLI 3 /DHÖW/D,İstanbul,Sentetik,4 Yaşlı Araplar,163000.0,0,2024-11-30
569911394,2024-11-30,İstanbul,Sentetik,2100,240000.0,4 ve Yukarı Araplar,ŞARTLI 5 /DHÖ,İstanbul,Sentetik,4 ve Yukarı Araplar,240000.0,0,2024-11-30
463557333,2024-11-30,Adana,Kum,1300,129000.0,2 Yaşlı İngilizler,ŞARTLI 2 /,Adana,Kum,2 Yaşlı İngilizler,129000.0,0,2024-11-30
865167530,2024-11-30,Adana,Kum,2000,240000.0,3 Yaşlı İngilizler,Handikap 16 /H1/D,Adana,Kum,3 Yaşlı İngilizler,240000.0,0,2024-11-30
166103227,2024-11-30,Adana,Kum,1400,240000.0,3 ve Yukarı İngilizler,ŞARTLI 5 /,Adana,Kum,3 ve Yukarı İngilizler,240000.0,0,2024-11-30
465275459,2024-11-30,Adana,Kum,1900,192000.0,3 ve Yukarı İngilizler,Handikap 15 /H1,Adana,Kum,3 ve Yukarı İngilizler,192000.0,0,2024-11-30
987830137,2024-11-30,Adana,Kum,1400,217000.0,3 Yaşlı Araplar,Maiden/Satış /DHÖW,Adana,Kum,3 Yaşlı Araplar,217000.0,0,2024-11-30
713493379,2024-11-30,Adana,Kum,1400,440000.0,3 Yaşlı Araplar,KV-9 /DHÖW,Adana,Kum,3 Yaşlı Araplar,440000.0,0,2024-11-30
47386600,2024-11-30,Adana,Kum,2000,163000.0,4 ve Yukarı Araplar,ŞARTLI 3 /DHÖW,Adana,Kum,4 ve Yukarı Araplar,163000.0,0,2024-11-30
313331350,2024-11-30,Adana,Kum,1300,192000.0,4 ve Yukarı Araplar,Handikap 15 /DHÖW/H1/D,Adana,Kum,4 ve Yukarı Araplar,192000.0,0,2024-11-30
546907260,2024-11-30,Diyarbakır,Kum,1200,160000.0,2 Yaşlı İngilizler,ŞARTLI 19 /,Diyarbakır,Kum,2 Yaşlı İngilizler,160000.0,0,2024-11-30
440890427,2024-11-30,Diyarbakır,Kum,1800,114500.0,3 Yaşlı İngilizler,Handikap 14 /H3/D,Diyarbakır,Kum,3 Yaşlı İngilizler,114500.0,0,2024-11-30
399286268,2024-11-30,Diyarbakır,Kum,1900,238000.0,3 ve Yukarı İngilizler,KV-7 /,Diyarbakır,Kum,3 ve Yukarı İngilizler,238000.0,0,2024-11-30
458781886,2024-11-30,Diyarbakır,Kum,1200,175000.0,3 ve Yukarı İngilizler,Handikap 16 /H3,Diyarbakır,Kum,3 ve Yukarı İngilizler,175000.0,0,2024-11-30
117814563,2024-11-30,Diyarbakır,Kum,2000,140000.0,4 Yaşlı Araplar,Handikap 15 /DHÖW/H3,Diyarbakır,Kum,4 Yaşlı Araplar,140000.0,0,2024-11-30
973879695,2024-11-30,Diyarbakır,Kum,1200,114500.0,4 ve Yukarı Araplar,Handikap 14 /DHÖW/H3/D,Diyarbakır,Kum,4 ve Yukarı Araplar,114500.0,0,2024-11-30
852551153,2024-12-01,İzmir,Kum,1600,163000.0,2 Yaşlı İngilizler,Handikap 14 /H2/D,İzmir,Kum,2 Yaşlı İngilizler,163000.0,0,2024-12-01
973224279,2024-12-01,İzmir,Kum,2200,240000.0,3 Yaşlı İngilizler,Handikap 16 /H1,İzmir,Kum,3 Yaşlı İngilizler,240000.0,0,2024-12-01
465418616,2024-12-01,İzmir,Kum,1600,192000.0,3 ve Yukarı İngilizler,ŞARTLI 4 /D,İzmir,Kum,3 ve Yukarı İngilizler,192000.0,0,2024-12-01
286910794,2024-12-01,İzmir,Kum,1400,217000.0,3 Yaşlı Araplar,Maiden /DHÖW/D,İzmir,Kum,3 Yaşlı Araplar,217000.0,0,2024-12-01
909844927,2024-12-01,İzmir,Kum,1200,192000.0,3 Yaşlı Araplar,ŞARTLI 4 /DHÖW,İzmir,Kum,3 Yaşlı Araplar,192000.0,0,2024-12-01
462221645,2024-12-01,İzmir,Kum,1400,192000.0,4 Yaşlı Araplar,ŞARTLI 4 /DHÖW,İzmir,Kum,4 Yaşlı Araplar,192000.0,0,2024-12-01
591354338,2024-12-01,İzmir,Kum,1600,590000.0,4 ve Yukarı Araplar,G 3 /DHT,İzmir,Kum,4 ve Yukarı Araplar,590000.0,0,2024-12-01
234046822,2024-12-01,İzmir,Kum,2000,240000.0,4 ve Yukarı Araplar,Handikap 16 /DHÖW/H1,İzmir,Kum,4 ve Yukarı Araplar,240000.0,0,2024-12-01
921279014,2024-12-01,Adana,Kum,1400,217000.0,2 Yaşlı İngilizler,Maiden /D,Adana,Kum,2 Yaşlı İngilizler,217000.0,0,2024-12-01
874225100,2024-12-01,Adana,Kum,1400,384000.0,3 Yaşlı İngilizler,KV-8 /,Adana,Kum,3 Yaşlı İngilizler,384000.0,0,2024-12-01
825757671,2024-12-01,Adana,Kum,1300,331000.0,3 ve Yukarı İngilizler,Kısa Vade Handikap 22 /H1,Adana,Kum,3 ve Yukarı İngilizler,331000.0,0,2024-12-01
758128967,2024-12-01,Adana,Kum,1400,240000.0,3 Yaşlı Araplar,ŞARTLI 5 /DHÖW/D,Adana,Kum,3 Yaşlı Araplar,240000.0,0,2024-12-01
685765758,2024-12-01,Adana,Kum,1400,240000.0,4 Yaşlı Araplar,ŞARTLI 5 /DHÖW,Adana,Kum,4 Yaşlı Araplar,240000.0,0,2024-12-01
822824445,2024-12-01,Adana,Kum,1900,163000.0,4 Yaşlı Araplar,Handikap 14 /DHÖW/H1,Adana,Kum,4 Yaşlı Araplar,163000.0,0,2024-12-01
4768440,2024-12-01,Adana,Kum,2100,192000.0,4 ve Yukarı Araplar,ŞARTLI 4 /DHÖ/D,Adana,Kum,4 ve Yukarı Araplar,192000.0,0,2024-12-01
93244055,2024-12-02,Bursa,Kum,1300,273000.0,2 Yaşlı İngilizler,ŞARTLI 1 /,Bursa,Kum,2 Yaşlı İngilizler,273000.0,0,2024-12-02
572741640,2024-12-02,Bursa,Kum,1400,192000.0,2 Yaşlı İngilizler,Handikap 15 /H2,Bursa,Kum,2 Yaşlı İngilizler,192000.0,0,2024-12-02
282579781,2024-12-02,Bursa,Kum,2000,240000.0,3 Yaşlı İngilizler,ŞARTLI 5 /,Bursa,Kum,3 Yaşlı İngilizler,240000.0,0,2024-12-02
80330567,2024-12-02,Bursa,Kum,1400,240000.0,3 ve Yukarı İngilizler,ŞARTLI 5 /Y-2,Bursa,Kum,3 ve Yukarı İngilizler,240000.0,0,2024-12-02
572741640,2024-12-02,Bursa,Kum,1400,192000.0,3 ve Yukarı İngilizler,Handikap 15 /H2,Bursa,Kum,3 ve Yukarı İngilizler,192000.0,0,2024-12-02
848392778,2024-12-02,Bursa,Kum,1300,240000.0,3 Yaşlı Araplar,ŞARTLI 5 /DHT,Bursa,Kum,3 Yaşlı Araplar,240000.0,0,2024-12-02
546398883,2024-12-02,Bursa,Kum,1400,331000.0,4 ve Yukarı Araplar,KV-7 /DHT,Bursa,Kum,4 ve Yukarı Araplar,331000.0,0,2024-12-02
860166187,2024-12-02,Bursa,Kum,1900,192000.0,4 ve Yukarı Araplar,Handikap 15 /DHÖW/H2/D,Bursa,Kum,4 ve Yukarı Araplar,192000.0,0,2024-12-02
443882441,2024-12-02,Şanlıurfa,Kum,1400,88000.0,2 Yaşlı İngilizler,ŞARTLI 2 /,Şanlıurfa,Kum,2 Yaşlı İngilizler,88000.0,0,2024-12-02
306195244,2024-12-02,Şanlıurfa,Kum,1800,140000.0,3 Yaşlı İngilizler,Handikap 15 /H3,Şanlıurfa,Kum,3 Yaşlı İngilizler,140000.0,0,2024-12-02
198987521,2024-12-02,Şanlıurfa,Kum,1200,140000.0,3 ve Yukarı İngilizler,Handikap 15 /H3,Şanlıurfa,Kum,3 ve Yukarı İngilizler,140000.0,0,2024-12-02
304336068,2024-12-02,Şanlıurfa,Kum,1200,160000.0,3 Yaşlı Araplar,Maiden /DHÖW,Şanlıurfa,Kum,3 Yaşlı Araplar,160000.0,0,2024-12-02
749581142,2024-12-02,Şanlıurfa,Kum,2100,140000.0,4 Yaşlı Araplar,ŞARTLI 4 /DHÖW/Y-2,Şanlıurfa,Kum,4 Yaşlı Araplar,140000.0,0,2024-12-02
207608767,2024-12-02,Şanlıurfa,Kum,1300,175000.0,4 ve Yukarı Araplar,ŞARTLI 5 /DHÖW,Şanlıurfa,Kum,4 ve Yukarı Araplar,175000.0,0,2024-12-02
429068518,2024-12-02,Şanlıurfa,Kum,1700,114500.0,4 ve Yukarı Araplar,Handikap 14 /DHÖW/H3/D,Şanlıurfa,Kum,4 ve Yukarı Araplar,114500.0,0,2024-12-02
49036955,2024-12-03,Adana,Kum,1300,217000.0,2 Yaşlı İngilizler,Maiden /,Adana,Kum,2 Yaşlı İngilizler,217000.0,0,2024-12-03
782271499,2024-12-03,Adana,Kum,1300,192000.0,2 Yaşlı İngilizler,Handikap 15 /H2,Adana,Kum,2 Yaşlı İngilizler,192000.0,0,2024-12-03
207743335,2024-12-03,Adana,Kum,1900,153000.0,3 Yaşlı İngilizler,SATIŞ 1 /,Adana,Kum,3 Yaşlı İngilizler,153000.0,0,2024-12-03
973562106,2024-12-03,Adana,Kum,2100,285000.0,3 ve Yukarı İngilizler,Handikap 21 /H1,Adana,Kum,3 ve Yukarı İngilizler,285000.0,0,2024-12-03
282258204,2024-12-03,Adana,Kum,1400,115000.0,3 Yaşlı Araplar,Handikap 13 /DHÖW/H2,Adana,Kum,3 Yaşlı Araplar,115000.0,0,2024-12-03
51903584,2024-12-03,Adana,Kum,1200,331000.0,4 ve Yukarı Araplar,Kısa Vade Handikap 22 /DHÖW/H1,Adana,Kum,4 ve Yukarı Araplar,331000.0,0,2024-12-03
953457778,2024-12-03,Antalya,Kum,1300,163000.0,2 Yaşlı İngilizler,ŞARTLI 3 /,Antalya,Kum,2 Yaşlı İngilizler,163000.0,0,2024-12-03
196429032,2024-12-03,Antalya,Kum,2100,192000.0,3 Yaşlı İngilizler,Handikap 15 /H1/TR,Antalya,Kum,3 Yaşlı İngilizler,192000.0,0,2024-12-03
239093632,2024-12-03,Antalya,Sentetik,1600,285000.0,3 ve Yukarı İngilizler,KV-6 /,Antalya,Sentetik,3 ve Yukarı İngilizler,285000.0,0,2024-12-03
252005925,2024-12-03,Antalya,Kum,1300,217000.0,3 Yaşlı Araplar,Maiden /DHÖW,Antalya,Kum,3 Yaşlı Araplar,217000.0,0,2024-12-03
322220796,2024-12-03,Antalya,Sentetik,1500,384000.0,3 Yaşlı Araplar,KV-8 /DHT,Antalya,Sentetik,3 Yaşlı Araplar,384000.0,0,2024-12-03
603663202,2024-12-03,Antalya,Sentetik,2100,240000.0,4 Yaşlı Araplar,ŞARTLI 5 /DHÖ,Antalya,Sentetik,4 Yaşlı Araplar,240000.0,0,2024-12-03
398982753,2024-12-03,Antalya,Sentetik,2100,163000.0,4 ve Yukarı Araplar,Handikap 14 /DHÖW/H1/D,Antalya,Sentetik,4 ve Yukarı Araplar,163000.0,0,2024-12-03
898623159,2024-12-04,İstanbul,Sentetik,1400,192000.0,2 Yaşlı İngilizler,Handikap 15 /H2/D,İstanbul,Sentetik,2 Yaşlı İngilizler,192000.0,0,2024-12-04
425596837,2024-12-04,İstanbul,Sentetik,2000,331000.0,3 ve Yukarı İngilizler,Kısa Vade Handikap 22 /H1,İstanbul,Sentetik,3 ve Yukarı İngilizler,331000.0,0,2024-12-04
233865951,2024-12-04,İstanbul,Sentetik,1500,217000.0,3 Yaşlı Araplar,Maiden /DHÖ,İstanbul,Sentetik,3 Yaşlı Araplar,217000.0,0,2024-12-04
404973928,2024-12-04,İstanbul,Sentetik,1400,163000.0,3 Yaşlı Araplar,ŞARTLI 3 /DHÖW,İstanbul,Sentetik,3 Yaşlı Araplar,163000.0,0,2024-12-04
48085153,2024-12-04,İstanbul,Sentetik,1500,192000.0,4 Yaşlı Araplar,ŞARTLI 4 /DHÖ,İstanbul,Sentetik,4 Yaşlı Araplar,192000.0,0,2024-12-04
353777418,2024-12-04,İstanbul,Sentetik,1400,384000.0,4 ve Yukarı Araplar,KV-8 /DHT,İstanbul,Sentetik,4 ve Yukarı Araplar,384000.0,0,2024-12-04
395971132,2024-12-04,İstanbul,Sentetik,1500,240000.0,4 ve Yukarı Araplar,Handikap 16 /DHÖW/H1/D,İstanbul,Sentetik,4 ve Yukarı Araplar,240000.0,0,2024-12-04
867468758,2024-12-04,Şanlıurfa,Kum,1400,160000.0,2 Yaşlı İngilizler,Maiden /,Şanlıurfa,Kum,2 Yaşlı İngilizler,160000.0,0,2024-12-04
521397050,2024-12-04,Şanlıurfa,Kum,1700,114500.0,3 Yaşlı İngilizler,ŞARTLI 3 /,Şanlıurfa,Kum,3 Yaşlı İngilizler,114500.0,0,2024-12-04
613365593,2024-12-04,Şanlıurfa,Kum,1400,114500.0,3 Yaşlı İngilizler,Handikap 14 /H3,Şanlıurfa,Kum,3 Yaşlı İngilizler,114500.0,0,2024-12-04
252768802,2024-12-04,Şanlıurfa,Kum,1800,140000.0,3 ve Yukarı İngilizler,ŞARTLI 4 /D,Şanlıurfa,Kum,3 ve Yukarı İngilizler,140000.0,0,2024-12-04
618596672,2024-12-04,Şanlıurfa,Kum,1700,114500.0,3 ve Yukarı İngilizler,Handikap 14 /H3/Y-2,Şanlıurfa,Kum,3 ve Yukarı İngilizler,114500.0,0,2024-12-04
993269618,2024-12-04,Şanlıurfa,Kum,1700,140000.0,3 Yaşlı Araplar,ŞARTLI 4 /DHÖW,Şanlıurfa,Kum,3 Yaşlı Araplar,140000.0,0,2024-12-04
408921618,2024-12-04,Şanlıurfa,Kum,1900,175000.0,4 ve Yukarı Araplar,ŞARTLI 5 /DHÖW/D,Şanlıurfa,Kum,4 ve Yukarı Araplar,175000.0,0,2024-12-04
341319798,2024-12-04,Şanlıurfa,Kum,1200,140000.0,4 ve Yukarı Araplar,Handikap 15 /DHÖW/H3,Şanlıurfa,Kum,4 ve Yukarı Araplar,140000.0,0,2024-12-04
528524244,2024-12-05,İzmir,Kum,1400,384000.0,3 Yaşlı İngilizler,KV-8 /,İzmir,Kum,3 Yaşlı İngilizler,384000.0,0,2024-12-05
423825522,2024-12-05,İzmir,Kum,2100,163000.0,3 ve Yukarı İngilizler,ŞARTLI 3 /Y-2/D,İzmir,Kum,3 ve Yukarı İngilizler,163000.0,0,2024-12-05
154023652,2024-12-05,İzmir,Kum,2000,274000.0,3 ve Yukarı İngilizler,Handikap 17 /H1,İzmir,Kum,3 ve Yukarı İngilizler,274000.0,0,2024-12-05
913502413,2024-12-05,İzmir,Kum,1200,217000.0,3 Yaşlı Araplar,Maiden/Satış /DHÖW,İzmir,Kum,3 Yaşlı Araplar,217000.0,0,2024-12-05
893204804,2024-12-05,İzmir,Kum,1600,163000.0,3 Yaşlı Araplar,Handikap 14 /DHT/H2,İzmir,Kum,3 Yaşlı Araplar,163000.0,0,2024-12-05
262380899,2024-12-05,İzmir,Kum,1200,163000.0,4 Yaşlı Araplar,Handikap 14 /DHÖW/H1,İzmir,Kum,4 Yaşlı Araplar,163000.0,0,2024-12-05
280940232,2024-12-05,İzmir,Kum,1400,192000.0,4 ve Yukarı Araplar,ŞARTLI 4 /DHÖW,İzmir,Kum,4 ve Yukarı Araplar,192000.0,0,2024-12-05
643377424,2024-12-05,Kocaeli,Kum,1400,273000.0,2 Yaşlı İngilizler,ŞARTLI 1 /,Kocaeli,Kum,2 Yaşlı İngilizler,273000.0,0,2024-12-05
607641997,2024-12-05,Kocaeli,Kum,1200,163000.0,2 Yaşlı İngilizler,ŞARTLI 3 /,Kocaeli,Kum,2 Yaşlı İngilizler,163000.0,0,2024-12-05
718294179,2024-12-05,Kocaeli,Kum,1500,192000.0,3 Yaşlı İngilizler,ŞARTLI 4 /,Kocaeli,Kum,3 Yaşlı İngilizler,192000.0,0,2024-12-05
832655158,2024-12-05,Kocaeli,Kum,1400,240000.0,3 ve Yukarı İngilizler,ŞARTLI 5 /,Kocaeli,Kum,3 ve Yukarı İngilizler,240000.0,0,2024-12-05
329265161,2024-12-05,Kocaeli,Kum,1800,192000.0,3 ve Yukarı İngilizler,Handikap 15 /H2,Kocaeli,Kum,3 ve Yukarı İngilizler,192000.0,0,2024-12-05
809734979,2024-12-05,Kocaeli,Kum,1400,285000.0,3 Yaşlı Araplar,KV-6 /DHÖW,Kocaeli,Kum,3 Yaşlı Araplar,285000.0,0,2024-12-05
797705309,2024-12-05,Kocaeli,Kum,1500,163000.0,4 ve Yukarı Araplar,ŞARTLI 3 /DHÖW/D,Kocaeli,Kum,4 ve Yukarı Araplar,163000.0,0,2024-12-05
649302225,2024-12-05,Kocaeli,Kum,1500,274000.0,4 ve Yukarı Araplar,Handikap 17 /DHÖW/H2,Kocaeli,Kum,4 ve Yukarı Araplar,274000.0,0,2024-12-05
540371313,2024-12-06,Antalya,Kum,1400,217000.0,2 Yaşlı İngilizler,Maiden /,Antalya,Kum,2 Yaşlı İngilizler,217000.0,0,2024-12-06
462611911,2024-12-06,Antalya,Sentetik,1400,163000.0,2 Yaşlı İngilizler,Handikap 14 /H2,Antalya,Sentetik,2 Yaşlı İngilizler,163000.0,0,2024-12-06
770539255,2024-12-06,Antalya,Sentetik,1400,331000.0,3 Yaşlı İngilizler,KV-7 /,Antalya,Sentetik,3 Yaşlı İngilizler,331000.0,0,2024-12-06
351204522,2024-12-06,Antalya,Sentetik,2100,192000.0,3 ve Yukarı İngilizler,ŞARTLI 4 /,Antalya,Sentetik,3 ve Yukarı İngilizler,192000.0,0,2024-12-06
691786235,2024-12-06,Antalya,Kum,1200,163000.0,3 ve Yukarı İngilizler,Handikap 14 /H1,Antalya,Kum,3 ve Yukarı İngilizler,163000.0,0,2024-12-06
808679742,2024-12-06,Antalya,Sentetik,1600,163000.0,3 Yaşlı Araplar,ŞARTLI 3 /DHÖ,Antalya,Sentetik,3 Yaşlı Araplar,163000.0,0,2024-12-06
17907909,2024-12-06,Antalya,Kum,1400,163000.0,3 Yaşlı Araplar,Handikap 14 /DHÖW/H2/D,Antalya,Kum,3 Yaşlı Araplar,163000.0,0,2024-12-06
32780550,2024-12-06,Antalya,Sentetik,2200,192000.0,4 ve Yukarı Araplar,ŞARTLI 4 /DHÖ,Antalya,Sentetik,4 ve Yukarı Araplar,192000.0,0,2024-12-06
630065290,2024-12-06,İzmir,Kum,1400,129000.0,2 Yaşlı İngilizler,ŞARTLI 2 /,İzmir,Kum,2 Yaşlı İngilizler,129000.0,0,2024-12-06
405877449,2024-12-06,İzmir,Kum,2000,192000.0,3 Yaşlı İngilizler,ŞARTLI 4 /D,İzmir,Kum,3 Yaşlı İngilizler,192000.0,0,2024-12-06
838594472,2024-12-06,İzmir,Kum,2100,384000.0,3 ve Yukarı İngilizler,KV-8 /,İzmir,Kum,3 ve Yukarı İngilizler,384000.0,0,2024-12-06
603185022,2024-12-06,İzmir,Kum,1400,217000.0,3 Yaşlı Araplar,Maiden /DHÖW,İzmir,Kum,3 Yaşlı Araplar,217000.0,0,2024-12-06
819535842,2024-12-06,İzmir,Kum,1600,153000.0,4 Yaşlı Araplar,SATIŞ 1 /DHÖW,İzmir,Kum,4 Yaşlı Araplar,153000.0,0,2024-12-06
448950224,2024-12-06,İzmir,Kum,1400,192000.0,4 ve Yukarı Araplar,ŞARTLI 4 /DHÖW/D,İzmir,Kum,4 ve Yukarı Araplar,192000.0,0,2024-12-06
686568870,2024-12-06,İzmir,Kum,1400,192000.0,4 ve Yukarı Araplar,Handikap 15 /DHÖW/H1/Y-2,İzmir,Kum,4 ve Yukarı Araplar,192000.0,0,2024-12-06
26207573,2024-12-07,İstanbul,Sentetik,1300,217000.0,2 Yaşlı İngilizler,Maiden /,İstanbul,Sentetik,2 Yaşlı İngilizler,217000.0,0,2024-12-07
333375259,2024-12-07,İstanbul,Sentetik,1400,163000.0,2 Yaşlı İngilizler,Handikap 14 /H2,İstanbul,Sentetik,2 Yaşlı İngilizler,163000.0,0,2024-12-07
240518082,2024-12-07,İstanbul,Sentetik,2100,192000.0,3 Yaşlı İngilizler,ŞARTLI 4 /,İstanbul,Sentetik,3 Yaşlı İngilizler,192000.0,0,2024-12-07
423077311,2024-12-07,İstanbul,Sentetik,2000,240000.0,3 ve Yukarı İngilizler,Handikap 16 /H1/D,İstanbul,Sentetik,3 ve Yukarı İngilizler,240000.0,0,2024-12-07
279118789,2024-12-07,İstanbul,Sentetik,1300,285000.0,3 Yaşlı Araplar,KV-6 /DHT,İstanbul,Sentetik,3 Yaşlı Araplar,285000.0,0,2024-12-07
823266981,2024-12-07,İstanbul,Sentetik,2100,153000.0,4 Yaşlı Araplar,SATIŞ 1 /DHÖW,İstanbul,Sentetik,4 Yaşlı Araplar,153000.0,0,2024-12-07
503194450,2024-12-07,İstanbul,Sentetik,2000,240000.0,4 Yaşlı Araplar,Handikap 16 /DHÖW/H1,İstanbul,Sentetik,4 Yaşlı Araplar,240000.0,0,2024-12-07
216937347,2024-12-07,İstanbul,Sentetik,1400,240000.0,4 ve Yukarı Araplar,Handikap 16 /DHÖW/H1,İstanbul,Sentetik,4 ve Yukarı Araplar,240000.0,0,2024-12-07
206591559,2024-12-07,Adana,Kum,1300,240000.0,3 Yaşlı İngilizler,ŞARTLI 5 /D,Adana,Kum,3 Yaşlı İngilizler,240000.0,0,2024-12-07
864059777,2024-12-07,Adana,Kum,1900,590000.0,3 ve Yukarı İngilizler,G 3 /,Adana,Kum,3 ve Yukarı İngilizler,590000.0,0,2024-12-07
749832993,2024-12-07,Adana,Kum,1400,153000.0,3 ve Yukarı İngilizler,SATIŞ 1 /,Adana,Kum,3 ve Yukarı İngilizler,153000.0,0,2024-12-07
542091226,2024-12-07,Adana,Kum,1400,240000.0,3 ve Yukarı İngilizler,Handikap 16 /H1/Y-2,Adana,Kum,3 ve Yukarı İngilizler,240000.0,0,2024-12-07
45701310,2024-12-07,Adana,Kum,1200,217000.0,3 Yaşlı Araplar,Maiden /DHÖ,Adana,Kum,3 Yaşlı Araplar,217000.0,0,2024-12-07
398807028,2024-12-07,Adana,Kum,1200,240000.0,4 Yaşlı Araplar,Handikap 16 /DHÖW/H1,Adana,Kum,4 Yaşlı Araplar,240000.0,0,2024-12-07
611909891,2024-12-07,Adana,Kum,1400,285000.0,4 ve Yukarı Araplar,KV-6 /DHÖW,Adana,Kum,4 ve Yukarı Araplar,285000.0,0,2024-12-07
932383433,2024-12-07,Adana,Kum,2100,274000.0,4 ve Yukarı Araplar,Handikap 17 /DHÖW/H1,Adana,Kum,4 ve Yukarı Araplar,274000.0,0,2024-12-07
56849175,2024-12-07,Diyarbakır,Kum,1200,160000.0,2 Yaşlı İngilizler,ŞARTLI 19 /D,Diyarbakır,Kum,2 Yaşlı İngilizler,160000.0,0,2024-12-07
109252967,2024-12-07,Diyarbakır,Kum,1200,175000.0,3 Yaşlı İngilizler,ŞARTLI 5 /,Diyarbakır,Kum,3 Yaşlı İngilizler,175000.0,0,2024-12-07
353845430,2024-12-07,Diyarbakır,Kum,1900,114500.0,3 ve Yukarı İngilizler,ŞARTLI 3 /Y-2,Diyarbakır,Kum,3 ve Yukarı İngilizler,114500.0,0,2024-12-07
974272324,2024-12-07,Diyarbakır,Kum,1200,114500.0,3 Yaşlı Araplar,ŞARTLI 3 /DHÖW/D,Diyarbakır,Kum,3 Yaşlı Araplar,114500.0,0,2024-12-07
596399532,2024-12-07,Diyarbakır,Kum,1700,202000.0,4 ve Yukarı Araplar,KV-6 /DHÖ,Diyarbakır,Kum,4 ve Yukarı Araplar,202000.0,0,2024-12-07
843559159,2024-12-07,Diyarbakır,Kum,1200,140000.0,4 ve Yukarı Araplar,Handikap 15 /DHÖW/H3,Diyarbakır,Kum,4 ve Yukarı Araplar,140000.0,0,2024-12-07
948517673,2024-12-08,İzmir,Kum,1600,217000.0,2 Yaşlı İngilizler,Maiden /TR,İzmir,Kum,2 Yaşlı İngilizler,217000.0,0,2024-12-08
80797925,2024-12-08,İzmir,Kum,1400,440000.0,2 Yaşlı İngilizler,KV-9 /,İzmir,Kum,2 Yaşlı İngilizler,440000.0,0,2024-12-08
903461057,2024-12-08,İzmir,Kum,1400,240000.0,3 Yaşlı İngilizler,Handikap 16 /H1,İzmir,Kum,3 Yaşlı İngilizler,240000.0,0,2024-12-08
139887911,2024-12-08,İzmir,Kum,2000,240000.0,3 ve Yukarı İngilizler,ŞARTLI 5 /D,İzmir,Kum,3 ve Yukarı İngilizler,240000.0,0,2024-12-08
19814797,2024-12-08,İzmir,Kum,1900,163000.0,3 ve Yukarı İngilizler,Handikap 14 /H1,İzmir,Kum,3 ve Yukarı İngilizler,163000.0,0,2024-12-08
736814157,2024-12-08,İzmir,Kum,1400,163000.0,3 Yaşlı Araplar,Handikap 14 /DHÖW/H2/D,İzmir,Kum,3 Yaşlı Araplar,163000.0,0,2024-12-08
384603242,2024-12-08,İzmir,Kum,2100,240000.0,4 Yaşlı Araplar,Handikap 16 /DHÖW/H1,İzmir,Kum,4 Yaşlı Araplar,240000.0,0,2024-12-08
886408670,2024-12-08,İzmir,Kum,1600,331000.0,4 ve Yukarı Araplar,Kısa Vade Handikap 22 /DHÖW/H1,İzmir,Kum,4 ve Yukarı Araplar,331000.0,0,2024-12-08
245853697,2024-12-08,Adana,Kum,1400,440000.0,2 Yaşlı İngilizler,KV-9 /,Adana,Kum,2 Yaşlı İngilizler,440000.0,0,2024-12-08
584605781,2024-12-08,Adana,Kum,1400,192000.0,2 Yaşlı İngilizler,ŞARTLI 4 /TR,Adana,Kum,2 Yaşlı İngilizler,192000.0,0,2024-12-08
829088673,2024-12-08,Adana,Kum,1900,331000.0,3 Yaşlı İngilizler,KV-7 /,Adana,Kum,3 Yaşlı İngilizler,331000.0,0,2024-12-08
432886848,2024-12-08,Adana,Kum,2000,192000.0,3 ve Yukarı İngilizler,ŞARTLI 4 /,Adana,Kum,3 ve Yukarı İngilizler,192000.0,0,2024-12-08
665900851,2024-12-08,Adana,Kum,1400,217000.0,3 Yaşlı Araplar,Maiden /DHÖW/D,Adana,Kum,3 Yaşlı Araplar,217000.0,0,2024-12-08
502956839,2024-12-08,Adana,Kum,1200,192000.0,3 Yaşlı Araplar,ŞARTLI 4 /DHÖ,Adana,Kum,3 Yaşlı Araplar,192000.0,0,2024-12-08
945335470,2024-12-08,Adana,Kum,1400,163000.0,4 Yaşlı Araplar,Handikap 14 /DHÖW/H1/D,Adana,Kum,4 Yaşlı Araplar,163000.0,0,2024-12-08
170418800,2024-12-08,Adana,Kum,1400,163000.0,4 ve Yukarı Araplar,ŞARTLI 3 /DHT,Adana,Kum,4 ve Yukarı Araplar,163000.0,0,2024-12-08
339090435,2024-12-09,Bursa,Kum,1400,285000.0,2 Yaşlı İngilizler,KV-6 /,Bursa,Kum,2 Yaşlı İngilizler,285000.0,0,2024-12-09
178964272,2024-12-09,Bursa,Kum,1800,192000.0,3 Yaşlı İngilizler,Handikap 15 /H2,Bursa,Kum,3 Yaşlı İngilizler,192000.0,0,2024-12-09
223162990,2024-12-09,Bursa,Kum,1900,331000.0,3 ve Yukarı İngilizler,KV-7 /,Bursa,Kum,3 ve Yukarı İngilizler,331000.0,0,2024-12-09
574798581,2024-12-09,Bursa,Kum,2000,240000.0,3 ve Yukarı İngilizler,Handikap 16 /H2/D,Bursa,Kum,3 ve Yukarı İngilizler,240000.0,0,2024-12-09
669773585,2024-12-09,Bursa,Kum,1200,217000.0,3 Yaşlı Araplar,Maiden /DHÖW/D,Bursa,Kum,3 Yaşlı Araplar,217000.0,0,2024-12-09
457057070,2024-12-09,Bursa,Kum,1400,192000.0,3 Yaşlı Araplar,Handikap 15 /DHÖW/H2,Bursa,Kum,3 Yaşlı Araplar,192000.0,0,2024-12-09
814011326,2024-12-09,Bursa,Kum,1400,192000.0,4 Yaşlı Araplar,ŞARTLI 4 /DHÖW,Bursa,Kum,4 Yaşlı Araplar,192000.0,0,2024-12-09
318858301,2024-12-09,Bursa,Kum,2100,240000.0,4 ve Yukarı Araplar,Handikap 16 /DHÖW/H2,Bursa,Kum,4 ve Yukarı Araplar,240000.0,0,2024-12-09
131558575,2024-12-09,Şanlıurfa,Kum,1300,160000.0,2 Yaşlı İngilizler,Maiden /D,Şanlıurfa,Kum,2 Yaşlı İngilizler,160000.0,0,2024-12-09
581852483,2024-12-09,Şanlıurfa,Kum,1800,114500.0,3 ve Yukarı İngilizler,ŞARTLI 3 /Y-1,Şanlıurfa,Kum,3 ve Yukarı İngilizler,114500.0,0,2024-12-09
503671777,2024-12-09,Şanlıurfa,Kum,1400,194000.0,3 ve Yukarı İngilizler,Handikap 17 /H3,Şanlıurfa,Kum,3 ve Yukarı İngilizler,194000.0,0,2024-12-09
248617849,2024-12-09,Şanlıurfa,Kum,1400,140000.0,3 Yaşlı Araplar,Handikap 15 /DHÖW/H3,Şanlıurfa,Kum,3 Yaşlı Araplar,140000.0,0,2024-12-09
595819628,2024-12-09,Şanlıurfa,Kum,1900,175000.0,4 ve Yukarı Araplar,ŞARTLI 5 /DHÖW,Şanlıurfa,Kum,4 ve Yukarı Araplar,175000.0,0,2024-12-09
619191785,2024-12-09,Şanlıurfa,Kum,1400,194000.0,4 ve Yukarı Araplar,Handikap 17 /DHÖW/H3,Şanlıurfa,Kum,4 ve Yukarı Araplar,194000.0,0,2024-12-09
842584608,2024-12-10,Adana,Kum,1400,217000.0,2 Yaşlı İngilizler,Maiden/Satış /,Adana,Kum,2 Yaşlı İngilizler,217000.0,0,2024-12-10
977584937,2024-12-10,Adana,Kum,1300,240000.0,2 Yaşlı İngilizler,ŞARTLI 5 /D,Adana,Kum,2 Yaşlı İngilizler,240000.0,0,2024-12-10
713028201,2024-12-10,Adana,Kum,2100,240000.0,3 Yaşlı İngilizler,Handikap 16 /H1,Adana,Kum,3 Yaşlı İngilizler,240000.0,0,2024-12-10
652604474,2024-12-10,Adana,Kum,1300,163000.0,3 ve Yukarı İngilizler,ŞARTLI 3 /D,Adana,Kum,3 ve Yukarı İngilizler,163000.0,0,2024-12-10
543942591,2024-12-10,Adana,Kum,1900,384000.0,4 ve Yukarı Araplar,KV-8 /DHÖW,Adana,Kum,4 ve Yukarı Araplar,384000.0,0,2024-12-10
873852527,2024-12-10,Adana,Kum,1900,163000.0,4 ve Yukarı Araplar,Handikap 14 /DHÖW/H1/D,Adana,Kum,4 ve Yukarı Araplar,163000.0,0,2024-12-10
742548973,2024-12-10,Antalya,Sentetik,1200,192000.0,2 Yaşlı İngilizler,ŞARTLI 4 /,Antalya,Sentetik,2 Yaşlı İngilizler,192000.0,0,2024-12-10
359563569,2024-12-10,Antalya,Kum,1400,163000.0,3 Yaşlı İngilizler,ŞARTLI 3 /,Antalya,Kum,3 Yaşlı İngilizler,163000.0,0,2024-12-10
713905186,2024-12-10,Antalya,Sentetik,1500,590000.0,3 ve Yukarı İngilizler,G 3 /,Antalya,Sentetik,3 ve Yukarı İngilizler,590000.0,0,2024-12-10
868274724,2024-12-10,Antalya,Kum,2100,192000.0,3 ve Yukarı İngilizler,ŞARTLI 4 /Y-1,Antalya,Kum,3 ve Yukarı İngilizler,192000.0,0,2024-12-10
108801887,2024-12-10,Antalya,Kum,1400,177000.0,3 ve Yukarı İngilizler,SATIŞ 2 /,Antalya,Kum,3 ve Yukarı İngilizler,177000.0,0,2024-12-10
792010556,2024-12-10,Antalya,Kum,1400,217000.0,3 Yaşlı Araplar,Maiden /DHÖW/D,Antalya,Kum,3 Yaşlı Araplar,217000.0,0,2024-12-10
461100797,2024-12-10,Antalya,Kum,2000,192000.0,4 ve Yukarı Araplar,ŞARTLI 4 /DHÖW,Antalya,Kum,4 ve Yukarı Araplar,192000.0,0,2024-12-10
779861842,2024-12-10,Antalya,Sentetik,1700,274000.0,4 ve Yukarı Araplar,Handikap 17 /DHÖW/H1,Antalya,Sentetik,4 ve Yukarı Araplar,274000.0,0,2024-12-10
787446374,2024-12-11,İstanbul,Sentetik,1200,217000.0,2 Yaşlı İngilizler,Maiden /D,İstanbul,Sentetik,2 Yaşlı İngilizler,217000.0,0,2024-12-11
515044981,2024-12-11,İstanbul,Sentetik,1500,192000.0,2 Yaşlı İngilizler,ŞARTLI 4 /,İstanbul,Sentetik,2 Yaşlı İngilizler,192000.0,0,2024-12-11
944747602,2024-12-11,İstanbul,Sentetik,1500,240000.0,3 Yaşlı İngilizler,ŞARTLI 5 /,İstanbul,Sentetik,3 Yaşlı İngilizler,240000.0,0,2024-12-11
317247185,2024-12-11,İstanbul,Sentetik,2200,240000.0,3 ve Yukarı İngilizler,ŞARTLI 5 /,İstanbul,Sentetik,3 ve Yukarı İngilizler,240000.0,0,2024-12-11
526527796,2024-12-11,İstanbul,Sentetik,1400,274000.0,3 ve Yukarı İngilizler,Handikap 17 /H1,İstanbul,Sentetik,3 ve Yukarı İngilizler,274000.0,0,2024-12-11
393309018,2024-12-11,İstanbul,Sentetik,1400,192000.0,3 Yaşlı Araplar,Handikap 15 /DHÖW/H2,İstanbul,Sentetik,3 Yaşlı Araplar,192000.0,0,2024-12-11
494715744,2024-12-11,İstanbul,Sentetik,2100,331000.0,4 ve Yukarı Araplar,Kısa Vade Handikap 22 /DHÖW/H1,İstanbul,Sentetik,4 ve Yukarı Araplar,331000.0,0,2024-12-11
411391254,2024-12-11,Şanlıurfa,Kum,1400,114500.0,2 Yaşlı İngilizler,ŞARTLI 3 /D,Şanlıurfa,Kum,2 Yaşlı İngilizler,114500.0,0,2024-12-11
316236200,2024-12-11,Şanlıurfa,Kum,1400,175000.0,3 Yaşlı İngilizler,ŞARTLI 5 /,Şanlıurfa,Kum,3 Yaşlı İngilizler,175000.0,0,2024-12-11
455973868,2024-12-11,Şanlıurfa,Kum,2100,140000.0,3 Yaşlı İngilizler,Handikap 15 /H3,Şanlıurfa,Kum,3 Yaşlı İngilizler,140000.0,0,2024-12-11
652537942,2024-12-11,Şanlıurfa,Kum,2000,277000.0,3 ve Yukarı İngilizler,KV-8 /,Şanlıurfa,Kum,3 ve Yukarı İngilizler,277000.0,0,2024-12-11
74586160,2024-12-11,Şanlıurfa,Kum,1400,160000.0,3 Yaşlı Araplar,Maiden /DHÖW/D,Şanlıurfa,Kum,3 Yaşlı Araplar,160000.0,0,2024-12-11
735540349,2024-12-11,Şanlıurfa,Kum,1200,114500.0,3 Yaşlı Araplar,ŞARTLI 3 /DHÖW,Şanlıurfa,Kum,3 Yaşlı Araplar,114500.0,0,2024-12-11
261995311,2024-12-11,Şanlıurfa,Kum,1800,140000.0,4 Yaşlı Araplar,Handikap 15 /DHÖW/H3/D,Şanlıurfa,Kum,4 Yaşlı Araplar,140000.0,0,2024-12-11
889757569,2024-12-11,Şanlıurfa,Kum,1900,140000.0,4 ve Yukarı Araplar,Handikap 15 /DHÖ/H3,Şanlıurfa,Kum,4 ve Yukarı Araplar,140000.0,0,2024-12-11
150229180,2024-12-12,İzmir,Kum,1200,217000.0,2 Yaşlı İngilizler,Maiden /D,İzmir,Kum,2 Yaşlı İngilizler,217000.0,0,2024-12-12
125911730,2024-12-12,İzmir,Kum,1600,192000.0,2 Yaşlı İngilizler,ŞARTLI 4 /,İzmir,Kum,2 Yaşlı İngilizler,192000.0,0,2024-12-12
620973956,2024-12-12,İzmir,Kum,2000,177000.0,3 Yaşlı İngilizler,SATIŞ 2 /,İzmir,Kum,3 Yaşlı İngilizler,177000.0,0,2024-12-12
52509570,2024-12-12,İzmir,Kum,1600,285000.0,3 ve Yukarı İngilizler,KV-6 /,İzmir,Kum,3 ve Yukarı İngilizler,285000.0,0,2024-12-12
601103403,2024-12-12,İzmir,Kum,1900,163000.0,4 Yaşlı Araplar,ŞARTLI 3 /DHÖ,İzmir,Kum,4 Yaşlı Araplar,163000.0,0,2024-12-12
262801959,2024-12-12,İzmir,Kum,2100,331000.0,4 ve Yukarı Araplar,Kısa Vade Handikap 22 /DHÖW/H1,İzmir,Kum,4 ve Yukarı Araplar,331000.0,0,2024-12-12
379124704,2024-12-12,Kocaeli,Kum,1400,285000.0,2 Yaşlı İngilizler,KV-6 /,Kocaeli,Kum,2 Yaşlı İngilizler,285000.0,0,2024-12-12
625910875,2024-12-12,Kocaeli,Kum,2000,240000.0,3 ve Yukarı İngilizler,ŞARTLI 5 /,Kocaeli,Kum,3 ve Yukarı İngilizler,240000.0,0,2024-12-12
113111354,2024-12-12,Kocaeli,Kum,1900,192000.0,3 ve Yukarı İngilizler,Handikap 15 /H2/D,Kocaeli,Kum,3 ve Yukarı İngilizler,192000.0,0,2024-12-12
577238539,2024-12-12,Kocaeli,Kum,1400,217000.0,3 Yaşlı Araplar,Maiden /DHÖW,Kocaeli,Kum,3 Yaşlı Araplar,217000.0,0,2024-12-12
141646481,2024-12-12,Kocaeli,Kum,1500,192000.0,3 Yaşlı Araplar,ŞARTLI 4 /DHÖW/D,Kocaeli,Kum,3 Yaşlı Araplar,192000.0,0,2024-12-12
418661527,2024-12-12,Kocaeli,Kum,1400,192000.0,4 Yaşlı Araplar,Handikap 15 /DHÖ/H2,Kocaeli,Kum,4 Yaşlı Araplar,192000.0,0,2024-12-12
649509200,2024-12-12,Kocaeli,Kum,2000,240000.0,4 ve Yukarı Araplar,ŞARTLI 5 /DHÖ/Y-1,Kocaeli,Kum,4 ve Yukarı Araplar,240000.0,0,2024-12-12
489940858,2024-12-12,Kocaeli,Kum,1900,240000.0,4 ve Yukarı Araplar,Handikap 16 /DHÖW/H2/D,Kocaeli,Kum,4 ve Yukarı Araplar,240000.0,0,2024-12-12
617115038,2024-12-13,Antalya,Sentetik,1400,590000.0,2 Yaşlı İngilizler,G 3 /,Antalya,Sentetik,2 Yaşlı İngilizler,590000.0,0,2024-12-13
526840862,2024-12-13,Antalya,Kum,1400,163000.0,2 Yaşlı İngilizler,Handikap 14 /H2/D,Antalya,Kum,2 Yaşlı İngilizler,163000.0,0,2024-12-13
800193501,2024-12-13,Antalya,Kum,2000,192000.0,3 Yaşlı İngilizler,ŞARTLI 4 /D,Antalya,Kum,3 Yaşlı İngilizler,192000.0,0,2024-12-13
175774728,2024-12-13,Antalya,Kum,1400,384000.0,3 ve Yukarı İngilizler,KV-8 /,Antalya,Kum,3 ve Yukarı İngilizler,384000.0,0,2024-12-13
843204160,2024-12-13,Antalya,Sentetik,1500,274000.0,3 ve Yukarı İngilizler,Handikap 17 /H1,Antalya,Sentetik,3 ve Yukarı İngilizler,274000.0,0,2024-12-13
845435728,2024-12-13,Antalya,Sentetik,1500,217000.0,3 Yaşlı Araplar,Maiden /DHÖ,Antalya,Sentetik,3 Yaşlı Araplar,217000.0,0,2024-12-13
769947272,2024-12-13,Antalya,Kum,1400,331000.0,3 Yaşlı Araplar,KV-7 /DHÖW,Antalya,Kum,3 Yaşlı Araplar,331000.0,0,2024-12-13
336242935,2024-12-13,Antalya,Kum,1400,240000.0,4 ve Yukarı Araplar,Handikap 16 /DHÖW/H1/Y-2,Antalya,Kum,4 ve Yukarı Araplar,240000.0,0,2024-12-13
215492313,2024-12-13,İzmir,Kum,1400,217000.0,2 Yaşlı İngilizler,Maiden/Satış /,İzmir,Kum,2 Yaşlı İngilizler,217000.0,0,2024-12-13
368403879,2024-12-13,İzmir,Kum,1400,192000.0,2 Yaşlı İngilizler,Handikap 15 /H2,İzmir,Kum,2 Yaşlı İngilizler,192000.0,0,2024-12-13
662033202,2024-12-13,İzmir,Kum,2100,192000.0,3 ve Yukarı İngilizler,ŞARTLI 4 /,İzmir,Kum,3 ve Yukarı İngilizler,192000.0,0,2024-12-13
253412313,2024-12-13,İzmir,Kum,1400,240000.0,3 ve Yukarı İngilizler,Handikap 16 /H1,İzmir,Kum,3 ve Yukarı İngilizler,240000.0,0,2024-12-13
392228468,2024-12-13,İzmir,Kum,2000,240000.0,4 ve Yukarı Araplar,ŞARTLI 5 /DHÖ/Y-2,İzmir,Kum,4 ve Yukarı Araplar,240000.0,0,2024-12-13
363938834,2024-12-13,İzmir,Kum,1400,163000.0,4 ve Yukarı Araplar,Handikap 14 /DHÖ/H1/D,İzmir,Kum,4 ve Yukarı Araplar,163000.0,0,2024-12-13
93844329,2024-12-14,İstanbul,Sentetik,1400,217000.0,2 Yaşlı İngilizler,Maiden/Satış /,İstanbul,Sentetik,2 Yaşlı İngilizler,217000.0,0,2024-12-14
829922005,2024-12-14,İstanbul,Sentetik,1300,440000.0,2 Yaşlı İngilizler,KV-9 /,İstanbul,Sentetik,2 Yaşlı İngilizler,440000.0,0,2024-12-14
183957136,2024-12-14,İstanbul,Sentetik,1500,240000.0,3 ve Yukarı İngilizler,ŞARTLI 5 /,İstanbul,Sentetik,3 ve Yukarı İngilizler,240000.0,0,2024-12-14
451460837,2024-12-14,İstanbul,Sentetik,1400,192000.0,3 ve Yukarı İngilizler,Handikap 15 /H1/D,İstanbul,Sentetik,3 ve Yukarı İngilizler,192000.0,0,2024-12-14
545790022,2024-12-14,İstanbul,Sentetik,2000,192000.0,4 ve Yukarı Araplar,ŞARTLI 4 /DHÖW/Y-1,İstanbul,Sentetik,4 ve Yukarı Araplar,192000.0,0,2024-12-14
271507213,2024-12-14,İstanbul,Sentetik,2100,192000.0,4 ve Yukarı Araplar,Handikap 15 /DHÖW/H1/D,İstanbul,Sentetik,4 ve Yukarı Araplar,192000.0,0,2024-12-14
11951031,2024-12-14,Adana,Kum,1400,273000.0,2 Yaşlı İngilizler,ŞARTLI 1 /,Adana,Kum,2 Yaşlı İngilizler,273000.0,0,2024-12-14
162023390,2024-12-14,Adana,Kum,1400,163000.0,2 Yaşlı İngilizler,Handikap 14 /H2/D,Adana,Kum,2 Yaşlı İngilizler,163000.0,0,2024-12-14
792153882,2024-12-14,Adana,Kum,1400,240000.0,3 Yaşlı İngilizler,Handikap 16 /H1,Adana,Kum,3 Yaşlı İngilizler,240000.0,0,2024-12-14
685278685,2024-12-14,Adana,Kum,1400,163000.0,3 ve Yukarı İngilizler,ŞARTLI 3 /,Adana,Kum,3 ve Yukarı İngilizler,163000.0,0,2024-12-14
138081844,2024-12-14,Adana,Kum,2000,163000.0,3 ve Yukarı İngilizler,Handikap 14 /H1,Adana,Kum,3 ve Yukarı İngilizler,163000.0,0,2024-12-14
904933536,2024-12-14,Adana,Kum,1300,192000.0,3 Yaşlı Araplar,Handikap 15 /DHT/H2,Adana,Kum,3 Yaşlı Araplar,192000.0,0,2024-12-14
248392927,2024-12-14,Adana,Kum,2000,192000.0,4 Yaşlı Araplar,ŞARTLI 4 /DHT,Adana,Kum,4 Yaşlı Araplar,192000.0,0,2024-12-14
969151343,2024-12-14,Adana,Kum,1900,177000.0,4 ve Yukarı Araplar,SATIŞ 2 /DHÖW,Adana,Kum,4 ve Yukarı Araplar,177000.0,0,2024-12-14
123531613,2024-12-14,Diyarbakır,Kum,1200,140000.0,2 Yaşlı İngilizler,ŞARTLI 4 /,Diyarbakır,Kum,2 Yaşlı İngilizler,140000.0,0,2024-12-14
297364404,2024-12-14,Diyarbakır,Kum,1200,238000.0,3 ve Yukarı İngilizler,KV-7 /,Diyarbakır,Kum,3 ve Yukarı İngilizler,238000.0,0,2024-12-14
275950281,2024-12-14,Diyarbakır,Kum,1700,114500.0,3 ve Yukarı İngilizler,Handikap 14 /H3,Diyarbakır,Kum,3 ve Yukarı İngilizler,114500.0,0,2024-12-14
667082940,2024-12-14,Diyarbakır,Kum,1700,160000.0,3 Yaşlı Araplar,ŞARTLI 19 /DHÖW,Diyarbakır,Kum,3 Yaşlı Araplar,160000.0,0,2024-12-14
209839249,2024-12-14,Diyarbakır,Kum,1200,175000.0,3 Yaşlı Araplar,ŞARTLI 5 /DHT,Diyarbakır,Kum,3 Yaşlı Araplar,175000.0,0,2024-12-14
114836500,2024-12-14,Diyarbakır,Kum,2000,175000.0,4 ve Yukarı Araplar,Handikap 16 /DHÖW/H3,Diyarbakır,Kum,4 ve Yukarı Araplar,175000.0,0,2024-12-14
424701032,2024-12-15,İzmir,Kum,1400,192000.0,2 Yaşlı İngilizler,ŞARTLI 4 /D,İzmir,Kum,2 Yaşlı İngilizler,192000.0,0,2024-12-15
870190936,2024-12-15,İzmir,Kum,1400,163000.0,3 Yaşlı İngilizler,ŞARTLI 3 /,İzmir,Kum,3 Yaşlı İngilizler,163000.0,0,2024-12-15
591123107,2024-12-15,İzmir,Kum,2000,192000.0,3 Yaşlı İngilizler,Handikap 15 /H1,İzmir,Kum,3 Yaşlı İngilizler,192000.0,0,2024-12-15
215090679,2024-12-15,İzmir,Kum,1400,192000.0,3 ve Yukarı İngilizler,Handikap 15 /H1/D,İzmir,Kum,3 ve Yukarı İngilizler,192000.0,0,2024-12-15
445056561,2024-12-15,İzmir,Kum,1200,217000.0,3 Yaşlı Araplar,Maiden /DHÖW/D,İzmir,Kum,3 Yaşlı Araplar,217000.0,0,2024-12-15
965570861,2024-12-15,İzmir,Kum,1400,440000.0,3 Yaşlı Araplar,KV-9 /DHT,İzmir,Kum,3 Yaşlı Araplar,440000.0,0,2024-12-15
212989187,2024-12-15,İzmir,Kum,1600,240000.0,4 Yaşlı Araplar,ŞARTLI 5 /DHT,İzmir,Kum,4 Yaşlı Araplar,240000.0,0,2024-12-15
873081107,2024-12-15,İzmir,Kum,1900,163000.0,4 ve Yukarı Araplar,Handikap 14 /DHÖ/H1,İzmir,Kum,4 ve Yukarı Araplar,163000.0,0,2024-12-15
793425698,2024-12-15,Adana,Kum,1400,217000.0,2 Yaşlı İngilizler,Maiden /D,Adana,Kum,2 Yaşlı İngilizler,217000.0,0,2024-12-15
467271115,2024-12-15,Adana,Kum,1200,115000.0,2 Yaşlı İngilizler,Handikap 13 /H2,Adana,Kum,2 Yaşlı İngilizler,115000.0,0,2024-12-15
678815488,2024-12-15,Adana,Kum,1400,129000.0,3 Yaşlı İngilizler,ŞARTLI 2 /,Adana,Kum,3 Yaşlı İngilizler,129000.0,0,2024-12-15
681343748,2024-12-15,Adana,Kum,1400,384000.0,3 ve Yukarı İngilizler,KV-8 /,Adana,Kum,3 ve Yukarı İngilizler,384000.0,0,2024-12-15
542734283,2024-12-15,Adana,Kum,2100,240000.0,3 ve Yukarı İngilizler,Handikap 16 /H1/D,Adana,Kum,3 ve Yukarı İngilizler,240000.0,0,2024-12-15
835700007,2024-12-15,Adana,Kum,1300,163000.0,3 Yaşlı Araplar,Handikap 14 /DHÖW/H2/D,Adana,Kum,3 Yaşlı Araplar,163000.0,0,2024-12-15
310638230,2024-12-15,Adana,Kum,2100,192000.0,4 Yaşlı Araplar,Handikap 15 /DHÖ/H1,Adana,Kum,4 Yaşlı Araplar,192000.0,0,2024-12-15
21959340,2024-12-15,Adana,Kum,2200,192000.0,4 ve Yukarı Araplar,ŞARTLI 4 /DHÖW/Y-2,Adana,Kum,4 ve Yukarı Araplar,192000.0,0,2024-12-15
510263823,2024-12-16,Bursa,Kum,1200,217000.0,2 Yaşlı İngilizler,Maiden /,Bursa,Kum,2 Yaşlı İngilizler,217000.0,0,2024-12-16
846702354,2024-12-16,Bursa,Kum,1300,192000.0,2 Yaşlı İngilizler,ŞARTLI 4 /D,Bursa,Kum,2 Yaşlı İngilizler,192000.0,0,2024-12-16
585379583,2024-12-16,Bursa,Kum,1400,192000.0,3 Yaşlı İngilizler,ŞARTLI 4 /D,Bursa,Kum,3 Yaşlı İngilizler,192000.0,0,2024-12-16
364263111,2024-12-16,Bursa,Kum,1200,192000.0,3 ve Yukarı İngilizler,ŞARTLI 4 /,Bursa,Kum,3 ve Yukarı İngilizler,192000.0,0,2024-12-16
714405810,2024-12-16,Bursa,Kum,1900,240000.0,3 ve Yukarı İngilizler,Handikap 16 /H2,Bursa,Kum,3 ve Yukarı İngilizler,240000.0,0,2024-12-16
579468495,2024-12-16,Bursa,Kum,1200,285000.0,3 Yaşlı Araplar,KV-6 /DHÖW,Bursa,Kum,3 Yaşlı Araplar,285000.0,0,2024-12-16
122698411,2024-12-16,Bursa,Kum,1400,240000.0,4 ve Yukarı Araplar,ŞARTLI 5 /DHÖW/D,Bursa,Kum,4 ve Yukarı Araplar,240000.0,0,2024-12-16
415915998,2024-12-16,Bursa,Kum,1300,274000.0,4 ve Yukarı Araplar,Handikap 17 /DHÖW/H2,Bursa,Kum,4 ve Yukarı Araplar,274000.0,0,2024-12-16
532715586,2024-12-16,Şanlıurfa,Kum,1300,140000.0,2 Yaşlı İngilizler,ŞARTLI 4 /TR,Şanlıurfa,Kum,2 Yaşlı İngilizler,140000.0,0,2024-12-16
471647008,2024-12-16,Şanlıurfa,Kum,1200,82000.0,2 Yaşlı İngilizler,Handikap 13 /H3,Şanlıurfa,Kum,2 Yaşlı İngilizler,82000.0,0,2024-12-16
874240236,2024-12-16,Şanlıurfa,Kum,1300,140000.0,3 ve Yukarı İngilizler,ŞARTLI 4 /,Şanlıurfa,Kum,3 ve Yukarı İngilizler,140000.0,0,2024-12-16
323660930,2024-12-16,Şanlıurfa,Kum,1400,114500.0,3 ve Yukarı İngilizler,Handikap 14 /H3/D,Şanlıurfa,Kum,3 ve Yukarı İngilizler,114500.0,0,2024-12-16
944360949,2024-12-16,Şanlıurfa,Kum,1700,160000.0,3 Yaşlı Araplar,Maiden /DHT,Şanlıurfa,Kum,3 Yaşlı Araplar,160000.0,0,2024-12-16
998932233,2024-12-16,Şanlıurfa,Kum,1400,114500.0,4 ve Yukarı Araplar,ŞARTLI 3 /DHÖW,Şanlıurfa,Kum,4 ve Yukarı Araplar,114500.0,0,2024-12-16
226202707,2024-12-17,Adana,Kum,1200,217000.0,2 Yaşlı İngilizler,Maiden /,Adana,Kum,2 Yaşlı İngilizler,217000.0,0,2024-12-17
493031897,2024-12-17,Adana,Kum,1400,285000.0,3 Yaşlı İngilizler,KV-6 /,Adana,Kum,3 Yaşlı İngilizler,285000.0,0,2024-12-17
675146756,2024-12-17,Adana,Kum,1200,177000.0,3 ve Yukarı İngilizler,SATIŞ 2 /,Adana,Kum,3 ve Yukarı İngilizler,177000.0,0,2024-12-17
53254729,2024-12-17,Adana,Kum,2200,240000.0,3 ve Yukarı İngilizler,Handikap 16 /H1,Adana,Kum,3 ve Yukarı İngilizler,240000.0,0,2024-12-17
613938669,2024-12-17,Adana,Kum,1300,163000.0,3 Yaşlı Araplar,ŞARTLI 3 /DHÖW/D,Adana,Kum,3 Yaşlı Araplar,163000.0,0,2024-12-17
200611321,2024-12-17,Adana,Kum,1400,240000.0,4 ve Yukarı Araplar,Handikap 16 /DHÖW/H1/Y-1,Adana,Kum,4 ve Yukarı Araplar,240000.0,0,2024-12-17
991297090,2024-12-17,Antalya,Sentetik,1500,217000.0,2 Yaşlı İngilizler,Maiden /D,Antalya,Sentetik,2 Yaşlı İngilizler,217000.0,0,2024-12-17
824954327,2024-12-17,Antalya,Kum,1400,240000.0,2 Yaşlı İngilizler,ŞARTLI 5 /,Antalya,Kum,2 Yaşlı İngilizler,240000.0,0,2024-12-17
607353619,2024-12-17,Antalya,Sentetik,1700,192000.0,3 ve Yukarı İngilizler,ŞARTLI 4 /Y-2,Antalya,Sentetik,3 ve Yukarı İngilizler,192000.0,0,2024-12-17
846059059,2024-12-17,Antalya,Kum,2000,240000.0,3 ve Yukarı İngilizler,Handikap 16 /H1/D,Antalya,Kum,3 ve Yukarı İngilizler,240000.0,0,2024-12-17
782872049,2024-12-17,Antalya,Kum,1300,163000.0,3 Yaşlı Araplar,Handikap 14 /DHÖW/H2/TR,Antalya,Kum,3 Yaşlı Araplar,163000.0,0,2024-12-17
451679906,2024-12-17,Antalya,Sentetik,2100,590000.0,4 ve Yukarı Araplar,G 3 /DHT,Antalya,Sentetik,4 ve Yukarı Araplar,590000.0,0,2024-12-17
782566551,2024-12-17,Antalya,Sentetik,1600,163000.0,4 ve Yukarı Araplar,ŞARTLI 3 /DHÖW/D,Antalya,Sentetik,4 ve Yukarı Araplar,163000.0,0,2024-12-17
399312071,2024-12-18,İstanbul,Sentetik,1300,163000.0,2 Yaşlı İngilizler,ŞARTLI 3 /D,İstanbul,Sentetik,2 Yaşlı İngilizler,163000.0,0,2024-12-18
951343538,2024-12-18,İstanbul,Sentetik,1300,240000.0,3 Yaşlı İngilizler,Handikap 16 /H1,İstanbul,Sentetik,3 Yaşlı İngilizler,240000.0,0,2024-12-18
702838553,2024-12-18,İstanbul,Sentetik,2000,192000.0,3 ve Yukarı İngilizler,Handikap 15 /H1,İstanbul,Sentetik,3 ve Yukarı İngilizler,192000.0,0,2024-12-18
317879434,2024-12-18,İstanbul,Sentetik,1400,217000.0,3 Yaşlı Araplar,Maiden /DHÖW/D,İstanbul,Sentetik,3 Yaşlı Araplar,217000.0,0,2024-12-18
433483737,2024-12-18,İstanbul,Sentetik,1200,192000.0,3 Yaşlı Araplar,ŞARTLI 4 /DHÖW,İstanbul,Sentetik,3 Yaşlı Araplar,192000.0,0,2024-12-18
130236964,2024-12-18,İstanbul,Sentetik,1400,240000.0,4 ve Yukarı Araplar,ŞARTLI 5 /DHÖ,İstanbul,Sentetik,4 ve Yukarı Araplar,240000.0,0,2024-12-18
615956533,2024-12-18,İstanbul,Sentetik,2000,240000.0,4 ve Yukarı Araplar,Handikap 16 /DHÖW/H1,İstanbul,Sentetik,4 ve Yukarı Araplar,240000.0,0,2024-12-18
830272444,2024-12-18,Şanlıurfa,Kum,1300,160000.0,2 Yaşlı İngilizler,Maiden /,Şanlıurfa,Kum,2 Yaşlı İngilizler,160000.0,0,2024-12-18
569210382,2024-12-18,Şanlıurfa,Kum,1900,114500.0,3 Yaşlı İngilizler,Handikap 14 /H3/D,Şanlıurfa,Kum,3 Yaşlı İngilizler,114500.0,0,2024-12-18
879760629,2024-12-18,Şanlıurfa,Kum,1900,140000.0,3 ve Yukarı İngilizler,Handikap 15 /H3,Şanlıurfa,Kum,3 ve Yukarı İngilizler,140000.0,0,2024-12-18
357794096,2024-12-18,Şanlıurfa,Kum,1300,140000.0,3 Yaşlı Araplar,Handikap 15 /DHÖW/H3/D,Şanlıurfa,Kum,3 Yaşlı Araplar,140000.0,0,2024-12-18
533489832,2024-12-18,Şanlıurfa,Kum,1700,114500.0,4 Yaşlı Araplar,ŞARTLI 3 /DHT,Şanlıurfa,Kum,4 Yaşlı Araplar,114500.0,0,2024-12-18
180748894,2024-12-18,Şanlıurfa,Kum,1400,140000.0,4 Yaşlı Araplar,Handikap 15 /DHÖW/H3,Şanlıurfa,Kum,4 Yaşlı Araplar,140000.0,0,2024-12-18
14300499,2024-12-18,Şanlıurfa,Kum,2100,114500.0,4 ve Yukarı Araplar,ŞARTLI 3 /DHÖW/Y-1,Şanlıurfa,Kum,4 ve Yukarı Araplar,114500.0,0,2024-12-18
828236987,2024-12-18,Şanlıurfa,Kum,2000,175000.0,4 ve Yukarı Araplar,Handikap 16 /DHÖ/H3/D,Şanlıurfa,Kum,4 ve Yukarı Araplar,175000.0,0,2024-12-18
532605146,2024-12-19,İzmir,Kum,1200,273000.0,2 Yaşlı İngilizler,ŞARTLI 1 /,İzmir,Kum,2 Yaşlı İngilizler,273000.0,0,2024-12-19
897471973,2024-12-19,İzmir,Kum,2000,240000.0,3 Yaşlı İngilizler,ŞARTLI 5 /TR,İzmir,Kum,3 Yaşlı İngilizler,240000.0,0,2024-12-19
743722989,2024-12-19,İzmir,Kum,1400,240000.0,3 ve Yukarı İngilizler,ŞARTLI 5 /D,İzmir,Kum,3 ve Yukarı İngilizler,240000.0,0,2024-12-19
414581618,2024-12-19,İzmir,Kum,1600,177000.0,3 Yaşlı Araplar,SATIŞ 2 /DHÖW,İzmir,Kum,3 Yaşlı Araplar,177000.0,0,2024-12-19
109603686,2024-12-19,İzmir,Kum,1200,163000.0,3 Yaşlı Araplar,Handikap 14 /DHÖ/H2,İzmir,Kum,3 Yaşlı Araplar,163000.0,0,2024-12-19
332762422,2024-12-19,İzmir,Kum,2100,192000.0,4 ve Yukarı Araplar,ŞARTLI 4 /DHÖW/Y-1/D,İzmir,Kum,4 ve Yukarı Araplar,192000.0,0,2024-12-19
498197933,2024-12-19,Kocaeli,Kum,1500,217000.0,2 Yaşlı İngilizler,Maiden /,Kocaeli,Kum,2 Yaşlı İngilizler,217000.0,0,2024-12-19
1727828,2024-12-19,Kocaeli,Kum,1400,163000.0,2 Yaşlı İngilizler,Handikap 14 /H2/D,Kocaeli,Kum,2 Yaşlı İngilizler,163000.0,0,2024-12-19
865324628,2024-12-19,Kocaeli,Kum,1900,240000.0,3 Yaşlı İngilizler,ŞARTLI 5 /,Kocaeli,Kum,3 Yaşlı İngilizler,240000.0,0,2024-12-19
332465137,2024-12-19,Kocaeli,Kum,1200,192000.0,3 ve Yukarı İngilizler,ŞARTLI 4 /,Kocaeli,Kum,3 ve Yukarı İngilizler,192000.0,0,2024-12-19
233994294,2024-12-19,Kocaeli,Kum,2000,240000.0,3 ve Yukarı İngilizler,Handikap 16 /H2,Kocaeli,Kum,3 ve Yukarı İngilizler,240000.0,0,2024-12-19
528374890,2024-12-19,Kocaeli,Kum,1500,192000.0,3 Yaşlı Araplar,ŞARTLI 4 /DHÖW/TR,Kocaeli,Kum,3 Yaşlı Araplar,192000.0,0,2024-12-19
42890000,2024-12-19,Kocaeli,Kum,1400,331000.0,4 ve Yukarı Araplar,KV-7 /DHT,Kocaeli,Kum,4 ve Yukarı Araplar,331000.0,0,2024-12-19
530892695,2024-12-19,Kocaeli,Kum,1500,240000.0,4 ve Yukarı Araplar,Handikap 16 /DHÖW/H2,Kocaeli,Kum,4 ve Yukarı Araplar,240000.0,0,2024-12-19
197389598,2024-12-20,Antalya,Sentetik,1500,217000.0,2 Yaşlı İngilizler,Maiden /,Antalya,Sentetik,2 Yaşlı İngilizler,217000.0,0,2024-12-20
780351462,2024-12-20,Antalya,Kum,1200,163000.0,2 Yaşlı İngilizler,Handikap 14 /H2,Antalya,Kum,2 Yaşlı İngilizler,163000.0,0,2024-12-20
450942666,2024-12-20,Antalya,Kum,1300,192000.0,3 ve Yukarı İngilizler,ŞARTLI 4 /,Antalya,Kum,3 ve Yukarı İngilizler,192000.0,0,2024-12-20
455183274,2024-12-20,Antalya,Sentetik,2100,240000.0,3 ve Yukarı İngilizler,Handikap 16 /H1,Antalya,Sentetik,3 ve Yukarı İngilizler,240000.0,0,2024-12-20
219992925,2024-12-20,Antalya,Sentetik,1600,192000.0,3 Yaşlı Araplar,ŞARTLI 4 /DHÖW/D,Antalya,Sentetik,3 Yaşlı Araplar,192000.0,0,2024-12-20
308414780,2024-12-20,Antalya,Sentetik,1500,192000.0,3 Yaşlı Araplar,Handikap 15 /DHÖW/H2,Antalya,Sentetik,3 Yaşlı Araplar,192000.0,0,2024-12-20
717010084,2024-12-20,Antalya,Kum,1400,384000.0,4 ve Yukarı Araplar,KV-8 /DHÖW,Antalya,Kum,4 ve Yukarı Araplar,384000.0,0,2024-12-20
80465721,2024-12-20,Antalya,Sentetik,2200,240000.0,4 ve Yukarı Araplar,Handikap 16 /DHÖW/H1,Antalya,Sentetik,4 ve Yukarı Araplar,240000.0,0,2024-12-20
650691111,2024-12-20,İzmir,Kum,1200,192000.0,2 Yaşlı İngilizler,Handikap 15 /H2/D,İzmir,Kum,2 Yaşlı İngilizler,192000.0,0,2024-12-20
621781887,2024-12-20,İzmir,Kum,1200,240000.0,3 Yaşlı İngilizler,ŞARTLI 5 /,İzmir,Kum,3 Yaşlı İngilizler,240000.0,0,2024-12-20
517748503,2024-12-20,İzmir,Kum,1400,177000.0,3 ve Yukarı İngilizler,SATIŞ 2 /,İzmir,Kum,3 ve Yukarı İngilizler,177000.0,0,2024-12-20
941610967,2024-12-20,İzmir,Kum,2100,331000.0,3 ve Yukarı İngilizler,Kısa Vade Handikap 22 /H1,İzmir,Kum,3 ve Yukarı İngilizler,331000.0,0,2024-12-20
713050747,2024-12-20,İzmir,Kum,1600,217000.0,3 Yaşlı Araplar,Maiden /DHÖW,İzmir,Kum,3 Yaşlı Araplar,217000.0,0,2024-12-20
115637832,2024-12-20,İzmir,Kum,1600,240000.0,3 Yaşlı Araplar,ŞARTLI 5 /DHÖW,İzmir,Kum,3 Yaşlı Araplar,240000.0,0,2024-12-20
472205068,2024-12-21,İstanbul,Sentetik,1500,217000.0,2 Yaşlı İngilizler,Maiden /,İstanbul,Sentetik,2 Yaşlı İngilizler,217000.0,0,2024-12-21
422194176,2024-12-21,İstanbul,Sentetik,1200,192000.0,2 Yaşlı İngilizler,Handikap 15 /H2/TR,İstanbul,Sentetik,2 Yaşlı İngilizler,192000.0,0,2024-12-21
781159816,2024-12-21,İstanbul,Sentetik,1500,192000.0,3 Yaşlı İngilizler,Handikap 15 /H1/D,İstanbul,Sentetik,3 Yaşlı İngilizler,192000.0,0,2024-12-21
201291789,2024-12-21,İstanbul,Sentetik,2000,440000.0,3 ve Yukarı İngilizler,KV-9 /,İstanbul,Sentetik,3 ve Yukarı İngilizler,440000.0,0,2024-12-21
538127994,2024-12-21,İstanbul,Sentetik,2100,177000.0,3 ve Yukarı İngilizler,SATIŞ 2 /,İstanbul,Sentetik,3 ve Yukarı İngilizler,177000.0,0,2024-12-21
32771913,2024-12-21,İstanbul,Sentetik,1400,384000.0,3 Yaşlı Araplar,KV-8 /DHÖW,İstanbul,Sentetik,3 Yaşlı Araplar,384000.0,0,2024-12-21
507210764,2024-12-21,İstanbul,Sentetik,1400,192000.0,4 ve Yukarı Araplar,ŞARTLI 4 /DHÖW/D,İstanbul,Sentetik,4 ve Yukarı Araplar,192000.0,0,2024-12-21
91228447,2024-12-21,İstanbul,Sentetik,1200,274000.0,4 ve Yukarı Araplar,Handikap 17 /DHT/H1,İstanbul,Sentetik,4 ve Yukarı Araplar,274000.0,0,2024-12-21
400054609,2024-12-21,Adana,Kum,1400,192000.0,2 Yaşlı İngilizler,Handikap 15 /H2,Adana,Kum,2 Yaşlı İngilizler,192000.0,0,2024-12-21
774798696,2024-12-21,Adana,Kum,1900,285000.0,3 ve Yukarı İngilizler,KV-6 /D,Adana,Kum,3 ve Yukarı İngilizler,285000.0,0,2024-12-21
867163828,2024-12-21,Adana,Kum,1400,274000.0,3 ve Yukarı İngilizler,Handikap 17 /H1,Adana,Kum,3 ve Yukarı İngilizler,274000.0,0,2024-12-21
294093710,2024-12-21,Adana,Kum,1400,217000.0,3 Yaşlı Araplar,Maiden /DHÖW,Adana,Kum,3 Yaşlı Araplar,217000.0,0,2024-12-21
591308897,2024-12-21,Adana,Kum,1400,440000.0,3 Yaşlı Araplar,KV-9 /DHT,Adana,Kum,3 Yaşlı Araplar,440000.0,0,2024-12-21
980984030,2024-12-21,Adana,Kum,1400,163000.0,4 Yaşlı Araplar,Handikap 14 /DHÖW/H1,Adana,Kum,4 Yaşlı Araplar,163000.0,0,2024-12-21
677159270,2024-12-21,Adana,Kum,1400,240000.0,4 ve Yukarı Araplar,ŞARTLI 5 /DHÖW/Y-1/D,Adana,Kum,4 ve Yukarı Araplar,240000.0,0,2024-12-21
416523000,2024-12-21,Adana,Kum,1900,192000.0,4 ve Yukarı Araplar,Handikap 15 /DHÖW/H1,Adana,Kum,4 ve Yukarı Araplar,192000.0,0,2024-12-21
762265444,2024-12-21,Diyarbakır,Kum,1200,160000.0,2 Yaşlı İngilizler,ŞARTLI 19 /,Diyarbakır,Kum,2 Yaşlı İngilizler,160000.0,0,2024-12-21
321293085,2024-12-21,Diyarbakır,Kum,1700,175000.0,3 Yaşlı İngilizler,Handikap 16 /H3/TR,Diyarbakır,Kum,3 Yaşlı İngilizler,175000.0,0,2024-12-21
120774205,2024-12-21,Diyarbakır,Kum,2000,175000.0,3 ve Yukarı İngilizler,ŞARTLI 5 /,Diyarbakır,Kum,3 ve Yukarı İngilizler,175000.0,0,2024-12-21
295530969,2024-12-21,Diyarbakır,Kum,1200,140000.0,3 ve Yukarı İngilizler,Handikap 15 /H3/D,Diyarbakır,Kum,3 ve Yukarı İngilizler,140000.0,0,2024-12-21
99846164,2024-12-21,Diyarbakır,Kum,1200,140000.0,4 Yaşlı Araplar,ŞARTLI 4 /DHÖW,Diyarbakır,Kum,4 Yaşlı Araplar,140000.0,0,2024-12-21
473692390,2024-12-21,Diyarbakır,Kum,1900,140000.0,4 ve Yukarı Araplar,ŞARTLI 4 /DHÖW/Y-1,Diyarbakır,Kum,4 ve Yukarı Araplar,140000.0,0,2024-12-21
76908123,2024-12-22,İzmir,Kum,1200,217000.0,2 Yaşlı İngilizler,Maiden /,İzmir,Kum,2 Yaşlı İngilizler,217000.0,0,2024-12-22
809869341,2024-12-22,İzmir,Kum,2100,129000.0,3 Yaşlı İngilizler,ŞARTLI 2 /,İzmir,Kum,3 Yaşlı İngilizler,129000.0,0,2024-12-22
182571167,2024-12-22,İzmir,Kum,1600,192000.0,3 Yaşlı İngilizler,Handikap 15 /H1,İzmir,Kum,3 Yaşlı İngilizler,192000.0,0,2024-12-22
940395925,2024-12-22,İzmir,Kum,2000,590000.0,3 ve Yukarı İngilizler,G 3 /,İzmir,Kum,3 ve Yukarı İngilizler,590000.0,0,2024-12-22
493417618,2024-12-22,İzmir,Kum,1600,192000.0,3 ve Yukarı İngilizler,ŞARTLI 4 /,İzmir,Kum,3 ve Yukarı İngilizler,192000.0,0,2024-12-22
552647373,2024-12-22,İzmir,Kum,1400,192000.0,3 Yaşlı Araplar,ŞARTLI 4 /DHÖ/D,İzmir,Kum,3 Yaşlı Araplar,192000.0,0,2024-12-22
386653260,2024-12-22,İzmir,Kum,1200,331000.0,4 ve Yukarı Araplar,KV-7 /DHÖW,İzmir,Kum,4 ve Yukarı Araplar,331000.0,0,2024-12-22
143093997,2024-12-22,İzmir,Kum,1400,240000.0,4 ve Yukarı Araplar,Handikap 16 /DHÖW/H1,İzmir,Kum,4 ve Yukarı Araplar,240000.0,0,2024-12-22
779524858,2024-12-22,Adana,Kum,1400,163000.0,2 Yaşlı İngilizler,ŞARTLI 3 /,Adana,Kum,2 Yaşlı İngilizler,163000.0,0,2024-12-22
443792880,2024-12-22,Adana,Kum,2100,240000.0,3 Yaşlı İngilizler,ŞARTLI 5 /,Adana,Kum,3 Yaşlı İngilizler,240000.0,0,2024-12-22
185566448,2024-12-22,Adana,Kum,1400,192000.0,3 Yaşlı İngilizler,Handikap 15 /H1/D,Adana,Kum,3 Yaşlı İngilizler,192000.0,0,2024-12-22
875590998,2024-12-22,Adana,Kum,1900,331000.0,3 ve Yukarı İngilizler,KV-7 /,Adana,Kum,3 ve Yukarı İngilizler,331000.0,0,2024-12-22
688599579,2024-12-22,Adana,Kum,1900,217000.0,3 Yaşlı Araplar,Maiden /DHÖW,Adana,Kum,3 Yaşlı Araplar,217000.0,0,2024-12-22
48697471,2024-12-22,Adana,Kum,1400,240000.0,3 Yaşlı Araplar,ŞARTLI 5 /DHÖW/TR,Adana,Kum,3 Yaşlı Araplar,240000.0,0,2024-12-22
506706470,2024-12-22,Adana,Kum,1200,192000.0,4 ve Yukarı Araplar,ŞARTLI 4 /DHÖW,Adana,Kum,4 ve Yukarı Araplar,192000.0,0,2024-12-22
850646386,2024-12-23,Bursa,Kum,1300,192000.0,2 Yaşlı İngilizler,ŞARTLI 4 /,Bursa,Kum,2 Yaşlı İngilizler,192000.0,0,2024-12-23
893870903,2024-12-23,Bursa,Kum,1200,163000.0,2 Yaşlı İngilizler,Handikap 14 /H2,Bursa,Kum,2 Yaşlı İngilizler,163000.0,0,2024-12-23
790043449,2024-12-23,Bursa,Kum,1800,163000.0,3 Yaşlı İngilizler,ŞARTLI 3 /TR,Bursa,Kum,3 Yaşlı İngilizler,163000.0,0,2024-12-23
921431692,2024-12-23,Bursa,Kum,2000,240000.0,3 ve Yukarı İngilizler,ŞARTLI 5 /,Bursa,Kum,3 ve Yukarı İngilizler,240000.0,0,2024-12-23
891437226,2024-12-23,Bursa,Kum,1400,274000.0,3 ve Yukarı İngilizler,Handikap 17 /H2,Bursa,Kum,3 ve Yukarı İngilizler,274000.0,0,2024-12-23
342293906,2024-12-23,Bursa,Kum,1400,217000.0,3 Yaşlı Araplar,Maiden /DHÖ,Bursa,Kum,3 Yaşlı Araplar,217000.0,0,2024-12-23
484480467,2024-12-23,Bursa,Kum,1400,163000.0,3 Yaşlı Araplar,ŞARTLI 3 /DHÖW,Bursa,Kum,3 Yaşlı Araplar,163000.0,0,2024-12-23
994015917,2024-12-23,Bursa,Kum,1900,285000.0,4 ve Yukarı Araplar,KV-6 /DHÖW,Bursa,Kum,4 ve Yukarı Araplar,285000.0,0,2024-12-23
443773785,2024-12-23,Şanlıurfa,Kum,1900,175000.0,3 Yaşlı İngilizler,ŞARTLI 5 /,Şanlıurfa,Kum,3 Yaşlı İngilizler,175000.0,0,2024-12-23
443773785,2024-12-23,Şanlıurfa,Kum,1900,175000.0,3 ve Yukarı İngilizler,ŞARTLI 5 /,Şanlıurfa,Kum,3 ve Yukarı İngilizler,175000.0,0,2024-12-23
215356199,2024-12-23,Şanlıurfa,Kum,1400,160000.0,3 Yaşlı Araplar,Maiden /DHÖW/D,Şanlıurfa,Kum,3 Yaşlı Araplar,160000.0,0,2024-12-23
55334670,2024-12-23,Şanlıurfa,Kum,2000,175000.0,4 Yaşlı Araplar,Handikap 16 /DHÖW/H3,Şanlıurfa,Kum,4 Yaşlı Araplar,175000.0,0,2024-12-23
115809563,2024-12-23,Şanlıurfa,Kum,1400,114500.0,4 ve Yukarı Araplar,ŞARTLI 3 /DHÖW/D,Şanlıurfa,Kum,4 ve Yukarı Araplar,114500.0,0,2024-12-23
512323777,2024-12-23,Şanlıurfa,Kum,1700,114500.0,4 ve Yukarı Araplar,Handikap 14 /DHÖW/H3/TR,Şanlıurfa,Kum,4 ve Yukarı Araplar,114500.0,0,2024-12-23
434018130,2024-12-24,Adana,Kum,2000,192000.0,3 Yaşlı İngilizler,Handikap 15 /H1,Adana,Kum,3 Yaşlı İngilizler,192000.0,0,2024-12-24
571393562,2024-12-24,Adana,Kum,1400,163000.0,3 ve Yukarı İngilizler,Handikap 14 /H1,Adana,Kum,3 ve Yukarı İngilizler,163000.0,0,2024-12-24
595582934,2024-12-24,Adana,Kum,1400,217000.0,3 Yaşlı Araplar,Maiden /DHÖW/D,Adana,Kum,3 Yaşlı Araplar,217000.0,0,2024-12-24
708844433,2024-12-24,Adana,Kum,1400,163000.0,4 Yaşlı Araplar,ŞARTLI 3 /DHÖ/Y-1,Adana,Kum,4 Yaşlı Araplar,163000.0,0,2024-12-24
232134292,2024-12-24,Adana,Kum,1400,590000.0,4 ve Yukarı Araplar,G 3 /DHT,Adana,Kum,4 ve Yukarı Araplar,590000.0,0,2024-12-24
664397819,2024-12-24,Adana,Kum,1400,153000.0,4 ve Yukarı Araplar,SATIŞ 1 /DHÖW,Adana,Kum,4 ve Yukarı Araplar,153000.0,0,2024-12-24
136716476,2024-12-24,Antalya,Kum,1300,217000.0,2 Yaşlı İngilizler,Maiden /,Antalya,Kum,2 Yaşlı İngilizler,217000.0,0,2024-12-24
914850642,2024-12-24,Antalya,Sentetik,1500,331000.0,2 Yaşlı İngilizler,KV-7 /D,Antalya,Sentetik,2 Yaşlı İngilizler,331000.0,0,2024-12-24
340158854,2024-12-24,Antalya,Kum,1400,240000.0,3 Yaşlı İngilizler,Handikap 16 /H1,Antalya,Kum,3 Yaşlı İngilizler,240000.0,0,2024-12-24
323106672,2024-12-24,Antalya,Sentetik,2200,163000.0,3 ve Yukarı İngilizler,ŞARTLI 3 /,Antalya,Sentetik,3 ve Yukarı İngilizler,163000.0,0,2024-12-24
486273568,2024-12-24,Antalya,Kum,2100,192000.0,3 ve Yukarı İngilizler,Handikap 15 /H1,Antalya,Kum,3 ve Yukarı İngilizler,192000.0,0,2024-12-24
982947817,2024-12-24,Antalya,Sentetik,1400,285000.0,3 Yaşlı Araplar,KV-6 /DHÖW,Antalya,Sentetik,3 Yaşlı Araplar,285000.0,0,2024-12-24
193989698,2024-12-24,Antalya,Sentetik,1500,192000.0,4 ve Yukarı Araplar,ŞARTLI 4 /DHÖW,Antalya,Sentetik,4 ve Yukarı Araplar,192000.0,0,2024-12-24
378023017,2024-12-24,Antalya,Kum,2100,192000.0,4 ve Yukarı Araplar,Handikap 15 /DHÖW/H1,Antalya,Kum,4 ve Yukarı Araplar,192000.0,0,2024-12-24
533648734,2024-12-25,İstanbul,Sentetik,1400,240000.0,2 Yaşlı İngilizler,ŞARTLI 5 /,İstanbul,Sentetik,2 Yaşlı İngilizler,240000.0,0,2024-12-25
256145260,2024-12-25,İstanbul,Sentetik,1400,177000.0,3 Yaşlı İngilizler,SATIŞ 2 /,İstanbul,Sentetik,3 Yaşlı İngilizler,177000.0,0,2024-12-25
719500883,2024-12-25,İstanbul,Sentetik,2100,240000.0,3 ve Yukarı İngilizler,ŞARTLI 5 /,İstanbul,Sentetik,3 ve Yukarı İngilizler,240000.0,0,2024-12-25
335971019,2024-12-25,İstanbul,Sentetik,1500,331000.0,3 ve Yukarı İngilizler,Kısa Vade Handikap 22 /H1,İstanbul,Sentetik,3 ve Yukarı İngilizler,331000.0,0,2024-12-25
59326409,2024-12-25,İstanbul,Sentetik,1400,217000.0,3 Yaşlı Araplar,Maiden /DHT,İstanbul,Sentetik,3 Yaşlı Araplar,217000.0,0,2024-12-25
121022800,2024-12-25,İstanbul,Sentetik,1400,274000.0,4 Yaşlı Araplar,Handikap 17 /DHÖW/H1,İstanbul,Sentetik,4 Yaşlı Araplar,274000.0,0,2024-12-25
454950985,2024-12-25,İstanbul,Sentetik,1500,192000.0,4 ve Yukarı Araplar,Handikap 15 /DHÖW/H1,İstanbul,Sentetik,4 ve Yukarı Araplar,192000.0,0,2024-12-25
93173174,2024-12-25,Şanlıurfa,Kum,1700,114500.0,2 Yaşlı İngilizler,Handikap 14 /H3,Şanlıurfa,Kum,2 Yaşlı İngilizler,114500.0,0,2024-12-25
237536124,2024-12-25,Şanlıurfa,Kum,1400,175000.0,3 ve Yukarı İngilizler,ŞARTLI 5 /,Şanlıurfa,Kum,3 ve Yukarı İngilizler,175000.0,0,2024-12-25
762498891,2024-12-25,Şanlıurfa,Kum,1300,175000.0,3 ve Yukarı İngilizler,Handikap 16 /H3,Şanlıurfa,Kum,3 ve Yukarı İngilizler,175000.0,0,2024-12-25
344933927,2024-12-25,Şanlıurfa,Kum,1300,160000.0,3 Yaşlı Araplar,Maiden /DHÖW,Şanlıurfa,Kum,3 Yaşlı Araplar,160000.0,0,2024-12-25
85988271,2024-12-25,Şanlıurfa,Kum,1700,114500.0,3 Yaşlı Araplar,Handikap 14 /DHÖ/H3,Şanlıurfa,Kum,3 Yaşlı Araplar,114500.0,0,2024-12-25
79983547,2024-12-25,Şanlıurfa,Kum,1700,277000.0,4 ve Yukarı Araplar,KV-8 /DHÖW,Şanlıurfa,Kum,4 ve Yukarı Araplar,277000.0,0,2024-12-25
387879005,2024-12-25,Şanlıurfa,Kum,1900,175000.0,4 ve Yukarı Araplar,Handikap 16 /DHÖW/H3,Şanlıurfa,Kum,4 ve Yukarı Araplar,175000.0,0,2024-12-25
269941614,2024-12-26,İzmir,Kum,1400,217000.0,2 Yaşlı İngilizler,Maiden /D,İzmir,Kum,2 Yaşlı İngilizler,217000.0,0,2024-12-26
801592715,2024-12-26,İzmir,Kum,1200,240000.0,2 Yaşlı İngilizler,ŞARTLI 5 /,İzmir,Kum,2 Yaşlı İngilizler,240000.0,0,2024-12-26
793771561,2024-12-26,İzmir,Kum,1400,331000.0,3 ve Yukarı İngilizler,KV-7 /,İzmir,Kum,3 ve Yukarı İngilizler,331000.0,0,2024-12-26
817033776,2024-12-26,İzmir,Kum,2000,192000.0,3 ve Yukarı İngilizler,Handikap 15 /H1,İzmir,Kum,3 ve Yukarı İngilizler,192000.0,0,2024-12-26
369418003,2024-12-26,İzmir,Kum,1600,163000.0,4 ve Yukarı Araplar,ŞARTLI 3 /DHÖW/TR,İzmir,Kum,4 ve Yukarı Araplar,163000.0,0,2024-12-26
152209511,2024-12-26,İzmir,Kum,1900,274000.0,4 ve Yukarı Araplar,Handikap 17 /DHÖW/H1,İzmir,Kum,4 ve Yukarı Araplar,274000.0,0,2024-12-26
701183409,2024-12-26,Kocaeli,Kum,1500,192000.0,2 Yaşlı İngilizler,ŞARTLI 4 /D,Kocaeli,Kum,2 Yaşlı İngilizler,192000.0,0,2024-12-26
803918724,2024-12-26,Kocaeli,Kum,1200,192000.0,2 Yaşlı İngilizler,Handikap 15 /H2,Kocaeli,Kum,2 Yaşlı İngilizler,192000.0,0,2024-12-26
297217988,2024-12-26,Kocaeli,Kum,1900,331000.0,3 ve Yukarı İngilizler,KV-7 /,Kocaeli,Kum,3 ve Yukarı İngilizler,331000.0,0,2024-12-26
645928749,2024-12-26,Kocaeli,Kum,1400,274000.0,3 ve Yukarı İngilizler,Handikap 17 /H2,Kocaeli,Kum,3 ve Yukarı İngilizler,274000.0,0,2024-12-26
942405754,2024-12-26,Kocaeli,Kum,1200,217000.0,3 Yaşlı Araplar,Maiden /DHÖW,Kocaeli,Kum,3 Yaşlı Araplar,217000.0,0,2024-12-26
934057598,2024-12-26,Kocaeli,Kum,1500,192000.0,3 Yaşlı Araplar,Handikap 15 /DHT/H2,Kocaeli,Kum,3 Yaşlı Araplar,192000.0,0,2024-12-26
641158657,2024-12-26,Kocaeli,Kum,2000,163000.0,4 Yaşlı Araplar,ŞARTLI 3 /DHÖW,Kocaeli,Kum,4 Yaşlı Araplar,163000.0,0,2024-12-26
673138472,2024-12-26,Kocaeli,Kum,1900,192000.0,4 ve Yukarı Araplar,Handikap 15 /DHÖW/H2,Kocaeli,Kum,4 ve Yukarı Araplar,192000.0,0,2024-12-26
956883502,2024-12-27,Antalya,Sentetik,1500,240000.0,2 Yaşlı İngilizler,ŞARTLI 5 /,Antalya,Sentetik,2 Yaşlı İngilizler,240000.0,0,2024-12-27
878755505,2024-12-27,Antalya,Sentetik,2100,240000.0,3 Yaşlı İngilizler,ŞARTLI 5 /,Antalya,Sentetik,3 Yaşlı İngilizler,240000.0,0,2024-12-27
63030518,2024-12-27,Antalya,Sentetik,2100,384000.0,3 ve Yukarı İngilizler,KV-8 /,Antalya,Sentetik,3 ve Yukarı İngilizler,384000.0,0,2024-12-27
340585969,2024-12-27,Antalya,Sentetik,1600,163000.0,3 ve Yukarı İngilizler,Handikap 14 /H1/D,Antalya,Sentetik,3 ve Yukarı İngilizler,163000.0,0,2024-12-27
850646104,2024-12-27,Antalya,Kum,1400,217000.0,3 Yaşlı Araplar,Maiden /DHÖW,Antalya,Kum,3 Yaşlı Araplar,217000.0,0,2024-12-27
281877315,2024-12-27,Antalya,Kum,1400,240000.0,4 Yaşlı Araplar,Handikap 16 /DHÖW/H1,Antalya,Kum,4 Yaşlı Araplar,240000.0,0,2024-12-27
920169884,2024-12-27,Antalya,Kum,2000,285000.0,4 ve Yukarı Araplar,KV-6 /DHÖW/D,Antalya,Kum,4 ve Yukarı Araplar,285000.0,0,2024-12-27
208926175,2024-12-27,Antalya,Sentetik,1400,192000.0,4 ve Yukarı Araplar,Handikap 15 /DHÖW/H1,Antalya,Sentetik,4 ve Yukarı Araplar,192000.0,0,2024-12-27
750513701,2024-12-27,İzmir,Kum,1600,192000.0,2 Yaşlı İngilizler,Handikap 15 /H2,İzmir,Kum,2 Yaşlı İngilizler,192000.0,0,2024-12-27
667247868,2024-12-27,İzmir,Kum,1600,163000.0,3 Yaşlı İngilizler,ŞARTLI 3 /D,İzmir,Kum,3 Yaşlı İngilizler,163000.0,0,2024-12-27
902100069,2024-12-27,İzmir,Kum,2000,240000.0,3 ve Yukarı İngilizler,ŞARTLI 5 /,İzmir,Kum,3 ve Yukarı İngilizler,240000.0,0,2024-12-27
476213386,2024-12-27,İzmir,Kum,2000,192000.0,4 Yaşlı Araplar,Handikap 15 /DHÖW/H1/D,İzmir,Kum,4 Yaşlı Araplar,192000.0,0,2024-12-27
814441409,2024-12-27,İzmir,Kum,2000,384000.0,4 ve Yukarı Araplar,KV-8 /DHT,İzmir,Kum,4 ve Yukarı Araplar,384000.0,0,2024-12-27
943195304,2024-12-27,İzmir,Kum,1900,153000.0,4 ve Yukarı Araplar,SATIŞ 1 /DHÖW,İzmir,Kum,4 ve Yukarı Araplar,153000.0,0,2024-12-27
280646514,2024-12-28,İstanbul,Sentetik,1400,217000.0,2 Yaşlı İngilizler,Maiden /D,İstanbul,Sentetik,2 Yaşlı İngilizler,217000.0,0,2024-12-28
23695777,2024-12-28,İstanbul,Sentetik,2000,240000.0,3 Yaşlı İngilizler,ŞARTLI 5 /,İstanbul,Sentetik,3 Yaşlı İngilizler,240000.0,0,2024-12-28
424123028,2024-12-28,İstanbul,Sentetik,1300,192000.0,3 ve Yukarı İngilizler,ŞARTLI 4 /,İstanbul,Sentetik,3 ve Yukarı İngilizler,192000.0,0,2024-12-28
28682889,2024-12-28,İstanbul,Sentetik,2100,274000.0,3 ve Yukarı İngilizler,Handikap 17 /H1,İstanbul,Sentetik,3 ve Yukarı İngilizler,274000.0,0,2024-12-28
931336952,2024-12-28,İstanbul,Sentetik,1500,192000.0,3 Yaşlı Araplar,Handikap 15 /DHÖW/H2/TR,İstanbul,Sentetik,3 Yaşlı Araplar,192000.0,0,2024-12-28
316825284,2024-12-28,İstanbul,Sentetik,2000,285000.0,4 ve Yukarı Araplar,KV-6 /DHÖW,İstanbul,Sentetik,4 ve Yukarı Araplar,285000.0,0,2024-12-28
952916878,2024-12-28,İstanbul,Sentetik,1300,192000.0,4 ve Yukarı Araplar,ŞARTLI 4 /DHÖW,İstanbul,Sentetik,4 ve Yukarı Araplar,192000.0,0,2024-12-28
372620022,2024-12-28,Adana,Kum,1400,440000.0,2 Yaşlı İngilizler,KV-9 /,Adana,Kum,2 Yaşlı İngilizler,440000.0,0,2024-12-28
825456497,2024-12-28,Adana,Kum,1400,192000.0,2 Yaşlı İngilizler,ŞARTLI 4 /D,Adana,Kum,2 Yaşlı İngilizler,192000.0,0,2024-12-28
445257190,2024-12-28,Adana,Kum,1300,240000.0,3 Yaşlı İngilizler,Handikap 16 /H1,Adana,Kum,3 Yaşlı İngilizler,240000.0,0,2024-12-28
573183279,2024-12-28,Adana,Kum,1900,163000.0,3 ve Yukarı İngilizler,ŞARTLI 3 /Y-1,Adana,Kum,3 ve Yukarı İngilizler,163000.0,0,2024-12-28
106382254,2024-12-28,Adana,Kum,1300,217000.0,3 Yaşlı Araplar,Maiden/Satış /DHÖW,Adana,Kum,3 Yaşlı Araplar,217000.0,0,2024-12-28
78981525,2024-12-28,Adana,Kum,1400,163000.0,3 Yaşlı Araplar,Handikap 14 /DHÖW/H2,Adana,Kum,3 Yaşlı Araplar,163000.0,0,2024-12-28
909338518,2024-12-28,Adana,Kum,1300,192000.0,4 Yaşlı Araplar,ŞARTLI 4 /DHÖW/D,Adana,Kum,4 Yaşlı Araplar,192000.0,0,2024-12-28
620599669,2024-12-28,Adana,Kum,1900,331000.0,4 ve Yukarı Araplar,Kısa Vade Handikap 22 /DHÖW/H1,Adana,Kum,4 ve Yukarı Araplar,331000.0,0,2024-12-28
341594831,2024-12-28,Diyarbakır,Kum,1200,175000.0,2 Yaşlı İngilizler,ŞARTLI 5 /,Diyarbakır,Kum,2 Yaşlı İngilizler,175000.0,0,2024-12-28
809485746,2024-12-28,Diyarbakır,Kum,1200,114500.0,3 ve Yukarı İngilizler,ŞARTLI 3 /,Diyarbakır,Kum,3 ve Yukarı İngilizler,114500.0,0,2024-12-28
554790541,2024-12-28,Diyarbakır,Kum,1800,175000.0,3 ve Yukarı İngilizler,Handikap 16 /H3,Diyarbakır,Kum,3 ve Yukarı İngilizler,175000.0,0,2024-12-28
900325048,2024-12-28,Diyarbakır,Kum,1200,160000.0,3 Yaşlı Araplar,ŞARTLI 19 /DHÖ,Diyarbakır,Kum,3 Yaşlı Araplar,160000.0,0,2024-12-28
843268655,2024-12-28,Diyarbakır,Kum,1700,140000.0,3 Yaşlı Araplar,Handikap 15 /DHÖW/H3/TR,Diyarbakır,Kum,3 Yaşlı Araplar,140000.0,0,2024-12-28
299906927,2024-12-28,Diyarbakır,Kum,1200,140000.0,4 ve Yukarı Araplar,ŞARTLI 4 /DHT/D,Diyarbakır,Kum,4 ve Yukarı Araplar,140000.0,0,2024-12-28
790010772,2024-12-28,Diyarbakır,Kum,1700,114500.0,4 ve Yukarı Araplar,Handikap 14 /DHÖW/H3,Diyarbakır,Kum,4 ve Yukarı Araplar,114500.0,0,2024-12-28
874884847,2024-12-29,İzmir,Kum,1600,440000.0,2 Yaşlı İngilizler,KV-9 /,İzmir,Kum,2 Yaşlı İngilizler,440000.0,0,2024-12-29
54986672,2024-12-29,İzmir,Kum,1600,331000.0,3 Yaşlı İngilizler,KV-7 /,İzmir,Kum,3 Yaşlı İngilizler,331000.0,0,2024-12-29
509951045,2024-12-29,İzmir,Kum,1600,274000.0,3 ve Yukarı İngilizler,Handikap 17 /H1,İzmir,Kum,3 ve Yukarı İngilizler,274000.0,0,2024-12-29
241842282,2024-12-29,İzmir,Kum,1600,217000.0,3 Yaşlı Araplar,Maiden /DHÖW/D,İzmir,Kum,3 Yaşlı Araplar,217000.0,0,2024-12-29
38459732,2024-12-29,İzmir,Kum,2000,192000.0,4 Yaşlı Araplar,ŞARTLI 4 /DHÖW/Y-1,İzmir,Kum,4 Yaşlı Araplar,192000.0,0,2024-12-29
513503535,2024-12-29,İzmir,Kum,1600,240000.0,4 ve Yukarı Araplar,ŞARTLI 5 /DHÖW/D,İzmir,Kum,4 ve Yukarı Araplar,240000.0,0,2024-12-29
157076861,2024-12-29,İzmir,Kum,2100,192000.0,4 ve Yukarı Araplar,Handikap 15 /DHÖW/H1,İzmir,Kum,4 ve Yukarı Araplar,192000.0,0,2024-12-29
396158474,2024-12-29,Adana,Kum,1300,217000.0,2 Yaşlı İngilizler,Maiden /D,Adana,Kum,2 Yaşlı İngilizler,217000.0,0,2024-12-29
259327241,2024-12-29,Adana,Kum,1300,240000.0,2 Yaşlı İngilizler,ŞARTLI 5 /,Adana,Kum,2 Yaşlı İngilizler,240000.0,0,2024-12-29
46645167,2024-12-29,Adana,Kum,1900,192000.0,3 Yaşlı İngilizler,ŞARTLI 4 /D,Adana,Kum,3 Yaşlı İngilizler,192000.0,0,2024-12-29
747611160,2024-12-29,Adana,Kum,1200,331000.0,3 ve Yukarı İngilizler,KV-7 /,Adana,Kum,3 ve Yukarı İngilizler,331000.0,0,2024-12-29
543235105,2024-12-29,Adana,Kum,1400,331000.0,4 ve Yukarı Araplar,KV-7 /DHÖW,Adana,Kum,4 ve Yukarı Araplar,331000.0,0,2024-12-29
433522266,2024-12-29,Adana,Kum,2000,240000.0,4 ve Yukarı Araplar,Handikap 16 /DHÖW/H1/D,Adana,Kum,4 ve Yukarı Araplar,240000.0,0,2024-12-29
772220206,2024-12-30,Bursa,Kum,1400,217000.0,2 Yaşlı İngilizler,Maiden /,Bursa,Kum,2 Yaşlı İngilizler,217000.0,0,2024-12-30
20183475,2024-12-30,Bursa,Kum,1400,240000.0,3 Yaşlı İngilizler,Handikap 16 /H2,Bursa,Kum,3 Yaşlı İngilizler,240000.0,0,2024-12-30
188418334,2024-12-30,Bursa,Kum,1400,384000.0,3 ve Yukarı İngilizler,KV-8 /,Bursa,Kum,3 ve Yukarı İngilizler,384000.0,0,2024-12-30
930116506,2024-12-30,Bursa,Kum,1300,163000.0,3 ve Yukarı İngilizler,ŞARTLI 3 /D,Bursa,Kum,3 ve Yukarı İngilizler,163000.0,0,2024-12-30
825283978,2024-12-30,Bursa,Kum,1400,240000.0,3 Yaşlı Araplar,ŞARTLI 5 /DHÖW/D,Bursa,Kum,3 Yaşlı Araplar,240000.0,0,2024-12-30
804495194,2024-12-30,Bursa,Kum,1300,163000.0,3 Yaşlı Araplar,Handikap 14 /DHÖW/H2/TR,Bursa,Kum,3 Yaşlı Araplar,163000.0,0,2024-12-30
543998360,2024-12-30,Bursa,Kum,1400,240000.0,4 ve Yukarı Araplar,ŞARTLI 5 /DHÖW,Bursa,Kum,4 ve Yukarı Araplar,240000.0,0,2024-12-30
601168547,2024-12-30,Bursa,Kum,1800,240000.0,4 ve Yukarı Araplar,Handikap 16 /DHÖW/H2,Bursa,Kum,4 ve Yukarı Araplar,240000.0,0,2024-12-30
605108367,2024-12-30,Şanlıurfa,Kum,1700,160000.0,2 Yaşlı İngilizler,Maiden /,Şanlıurfa,Kum,2 Yaşlı İngilizler,160000.0,0,2024-12-30
43895490,2024-12-30,Şanlıurfa,Kum,1400,175000.0,2 Yaşlı İngilizler,ŞARTLI 5 /,Şanlıurfa,Kum,2 Yaşlı İngilizler,175000.0,0,2024-12-30
399120753,2024-12-30,Şanlıurfa,Kum,1700,175000.0,3 Yaşlı İngilizler,Handikap 16 /H3,Şanlıurfa,Kum,3 Yaşlı İngilizler,175000.0,0,2024-12-30
901370147,2024-12-30,Şanlıurfa,Kum,1300,140000.0,3 ve Yukarı İngilizler,ŞARTLI 4 /D,Şanlıurfa,Kum,3 ve Yukarı İngilizler,140000.0,0,2024-12-30
842959573,2024-12-30,Şanlıurfa,Kum,1300,175000.0,3 Yaşlı Araplar,ŞARTLI 5 /DHÖW,Şanlıurfa,Kum,3 Yaşlı Araplar,175000.0,0,2024-12-30
664529733,2024-12-30,Şanlıurfa,Kum,2000,140000.0,4 ve Yukarı Araplar,ŞARTLI 4 /DHÖW,Şanlıurfa,Kum,4 ve Yukarı Araplar,140000.0,0,2024-12-30
82864085,2024-12-30,Şanlıurfa,Kum,1300,175000.0,4 ve Yukarı Araplar,Handikap 16 /DHT/H3,Şanlıurfa,Kum,4 ve Yukarı Araplar,175000.0,0,2024-12-30
102323664,2024-12-31,Adana,Kum,1400,217000.0,2 Yaşlı İngilizler,Maiden /,Adana,Kum,2 Yaşlı İngilizler,217000.0,0,2024-12-31
934979510,2024-12-31,Adana,Kum,1200,163000.0,2 Yaşlı İngilizler,Handikap 14 /H2/D,Adana,Kum,2 Yaşlı İngilizler,163000.0,0,2024-12-31
769493757,2024-12-31,Adana,Kum,1400,177000.0,3 Yaşlı İngilizler,SATIŞ 2 /,Adana,Kum,3 Yaşlı İngilizler,177000.0,0,2024-12-31
32963755,2024-12-31,Adana,Kum,1400,240000.0,3 ve Yukarı İngilizler,ŞARTLI 5 /D,Adana,Kum,3 ve Yukarı İngilizler,240000.0,0,2024-12-31
37233158,2024-12-31,Adana,Kum,1900,192000.0,3 ve Yukarı İngilizler,Handikap 15 /H1,Adana,Kum,3 ve Yukarı İngilizler,192000.0,0,2024-12-31
44652556,2024-12-31,Adana,Kum,2000,240000.0,4 ve Yukarı Araplar,ŞARTLI 5 /DHÖW/TR,Adana,Kum,4 ve Yukarı Araplar,240000.0,0,2024-12-31
33958739,2024-12-31,Adana,Kum,1300,240000.0,4 ve Yukarı Araplar,Handikap 16 /DHÖ/H1,Adana,Kum,4 ve Yukarı Araplar,240000.0,0,2024-12-31
15156706,2024-12-31,Antalya,Kum,1400,384000.0,2 Yaşlı İngilizler,KV-8 /,Antalya,Kum,2 Yaşlı İngilizler,384000.0,0,2024-12-31
622199176,2024-12-31,Antalya,Sentetik,1600,192000.0,2 Yaşlı İngilizler,Handikap 15 /H2,Antalya,Sentetik,2 Yaşlı İngilizler,192000.0,0,2024-12-31
55166812,2024-12-31,Antalya,Kum,2000,240000.0,3 ve Yukarı İngilizler,ŞARTLI 5 /,Antalya,Kum,3 ve Yukarı İngilizler,240000.0,0,2024-12-31
818633692,2024-12-31,Antalya,Kum,1400,285000.0,3 ve Yukarı İngilizler,Handikap 21 /H1,Antalya,Kum,3 ve Yukarı İngilizler,285000.0,0,2024-12-31
605079509,2024-12-31,Antalya,Sentetik,1700,217000.0,3 Yaşlı Araplar,Maiden /DHÖW,Antalya,Sentetik,3 Yaşlı Araplar,217000.0,0,2024-12-31
409064602,2024-12-31,Antalya,Kum,1400,192000.0,4 Yaşlı Araplar,ŞARTLI 4 /DHÖW/D,Antalya,Kum,4 Yaşlı Araplar,192000.0,0,2024-12-31
548865575,2024-12-31,Antalya,Sentetik,2100,240000.0,4 ve Yukarı Araplar,ŞARTLI 5 /DHÖW/Y-1,Antalya,Sentetik,4 ve Yukarı Araplar,240000.0,0,2024-12-31
455524712,2024-12-31,Antalya,Kum,1400,274000.0,4 ve Yukarı Araplar,Handikap 17 /DHÖW/H1,Antalya,Kum,4 ve Yukarı Araplar,274000.0,0,2024-12-31
